level,max_velocity,name,type,id,lat,lon,tags.highway,tags.railway,tags.traffic_signals,tags.barrier,tags.junction,tags.name,tags.note,tags.addr:street,tags.addr:housenumber,tags.operator,tags.name:vi,tags.access,nodes,tags.addr:city,tags.addr:district,tags.name:en,tags.ref,tags.addr:subdistrict,tags.service,tags.oneway,tags.old_name,tags.surface,tags.name:zh,tags.maxspeed,tags.foot,tags.bicycle,tags.layer,tags.bridge_name,tags.bridge_name:en,tags.bridge,tags.motorcar,tags.motorcycle:oneway,tags.bicycle:oneway,tags.horse,tags.lanes,tags.motorroad,tags.construction,tags.int_ref,tags.alt_name,tags.amenity,tags.crossing,tags.oneway:bicycle,tags.oneway:motorcar,tags.oneway:motorcycle,tags.motorcycle,tags.cycleway,members,tags.hour_off,tags.hour_on,tags.type,tags.except,tags.restriction,tags.network,tags.public_transport,tags.bench,tags.shelter,tags.building,tags.bridge:name,tags.bridge:name:en,tags.int_name,tags.lit,tags.motor_vehicle,tags.tourism,tags.car,tags.hgv,tags.area,tags.tactile_paving,tags.crossing_ref,tags.source,tags.name:de,tags.bus,tags.ski,tags.snowmobile,tags.wheelchair,tags.entrance,tags.religion,tags.name:ru,tags.noexit,tags.cuisine,tags.diet:vegetarian,tags.diet:vegan,tags.sidewalk,tags.motorcar:backward,tags.old_name:vi,tags.old_name:fr,tags.shop,tags.leisure,tags.name:vi-hani,tags.old_name:zh,tags.addr:province,tags.old_name:en,tags.addr:housename,tags.addr:postcode,tags.highway_1,tags.name:es,tags.width,tags.supervised,tags.name:pt,tags.description,tags.source:maxspeed,tags.fee,tags.parking,tags.tunnel,tags.proposed,tags.button_operated,tags.traffic_signals:sound,tags.level,tags.bicycle:forward,tags.ele,tags.addr:street:name,tags.maxheight,tags.stop,tags.minspeed,tags.maxweight,tags.phone,tags.website,tags.name:ja,tags.name:th,tags.fixme,tags.lay,tags.addr:place,tags.information,tags.ferry,tags.covered,tags.motorcar:forward,tags.footway
4,,Nguyễn Văn Bá,tertiary,0,,,tertiary,,,,,Nguyễn Văn Bá,,,,,,,"[366450125, 5627450801, 3376089936, 3376089932, 366439221, 366380944, 366428456, 366416066, 366423483, 366450784]",,,Nguyen Van Ba Street,,,,,,,阮文伯路,,,,,,,,,,,,,,,,,,,,,,,,,,,,,,,,,,,,,,,,,,,,,,,,,,,,,,,,,,,,,,,,,,,,,,,,,,,,,,,,,,,,,,,,,,,,,,,,,,,,,,,
3,,Đường số 5,secondary,1,,,secondary,,,,,Đường số 5,,,,,,,"[366469460, 3792257828, 3792257831, 366463672, 3792257838, 366384239, 5755039428, 5755038392, 5753492074, 366458287, 5753492033, 5753492029, 5753492079, 5753492027, 3117088701, 366412402, 2951390230, 366403668, 5755066033]",,,,,,,,,,,,,,,,,,,,,,,,,,,,,,,,,,,,,,,,,,,,,,,,,,,,,,,,,,,,,,,,,,,,,,,,,,,,,,,,,,,,,,,,,,,,,,,,,,,,,,,,,,,,,,,,,
3,40.0,Châu Văn Liêm,secondary,2,,,secondary,,,,,Châu Văn Liêm,,,,,,,"[1996655233, 5816921541, 4614188871]",,,,,,,yes,,,,40,yes,yes,,,,,,,,no,,,,,,,,,,,,,,,,,,,,,,,,,,,,designated,,,,,,,,,,,,,,,,,,,,,,,,,,,,,,,,,,,,,,,,,,,,,,,,,,,,,,,,,,,,,,,,
4,,Lê Văn Thịnh,unclassified,3,,,unclassified,,,,,Lê Văn Thịnh,,,,,,,"[366441747, 5738173336, 5738173335, 366443557, 366384640, 3178488394, 5738009492, 366379430, 5738009784, 366387752, 366459285, 3132376473, 366413703, 5738009792, 5738009463, 1834115934, 3132377806, 1834115957, 366379323, 1834116012, 366429522, 366437501, 366374275, 5738009472, 366391073, 5738009436, 4947228847, 5738009815, 4947228892, 3178488395, 5742400014, 5742400015, 5742400013, 5742399954, 5742930978, 5742930981, 5743072788, 5742400016, 5738009486]",,,,,,,,,,,,,,,,,,,,,,,,,,,,,,,,,,,,,,,,,,,,,,,,,,,,,,,,,,,,,,,,,,,,,,,,,,,,,,,,,,,,,,,,,,,,,,,,,,,,,,,,,,,,,,,,,
3,,Tân Phú,primary_link,4,,,primary_link,,,,,Tân Phú,,,,,,,"[1894608446, 3202462314, 2351843539, 3202462315, 3202462316, 3202462317, 3202462318, 3202462319, 2344021182, 2344021186, 2345121528]",,,,,,,yes,,,,,,,,,,,,,,,,,,,,,,,,,,,,,,,,,,,,,,,,,,,,,,,,,,,,,,,,,,,,,,,,,,,,,,,,,,,,,,,,,,,,,,,,,,,,,,,,,,,,,,,,,,
4,,Lê Minh Xuân,tertiary,5,,,tertiary,,,,,Lê Minh Xuân,,,,,,,"[5769406271, 4638968132, 4638968130, 2299416638, 4639027499, 4639027501, 5772608672, 366430703, 5772608671, 3011828036]",,,,,,,,,,,,,,,,,,,,,,,,,,,,,,,,,,,,,,,,,,,,,,,,,,,,,,,,,,,,,,,,,,,,,,,,,,,,,,,,,,,,,,,,,,,,,,,,,,,,,,,,,,,,,,,,,
4,,Phú Hòa,unclassified,6,,,unclassified,,,,,Phú Hòa,,,,,,,"[5769406267, 366410141, 366448126, 366471682, 2299416634, 366458681, 5092125129, 5772608673, 2289930264, 2289930268, 5772608664, 2233730987]",,,Phu Hoa,,,,,,,,,,,,,,,,,,,,,,,,,,,,,,,,,,,,,,,,,,,,,,,,,,,,,,,,,,,,,,,,,,,,,,,,,,,,,,,,,,,,,,,,,,,,,,,,,,,,,,,,,,,,,,
3,,Lê Văn Lương,secondary,7,,,secondary,,,,,Lê Văn Lương,,,,,,,"[366422378, 5802629829, 366433066, 5802629803, 366458143, 366393555, 5802629840, 366402184, 5802629852, 366468672, 366371573, 366445679, 366388871, 3702562245, 366441227, 3702562253, 366397907, 366440080, 366397092, 3702562261, 3702562266, 2153156491, 3702562272, 3702562273, 373515972]",,,,,,,,,,,,,,,,,,,,,,,,,,,,,,,,,,,,,,,,,,,,,,,,,,,,,,,,,,,,,,,,,,,,,,,,,,,,,,,,,,,,,,,,,,,,,,,,,,,,,,,,,,,,,,,,,
4,,Nguyễn Khoái,tertiary,8,,,tertiary,,,,,Nguyễn Khoái,,,,,,yes,"[2380787693, 571360922, 2027430774, 1588330159, 1767169484, 1779408275, 2027431006, 5811504011, 1588330158, 1780010929, 1780010853, 366422916, 366445426]",,,Nguyen Khoai,,,,no,,,,,,,,,,,,,,,,,,,,,,,,,,,,,,,,,,,,,,,,,,yes,,,,,,,,,,,,,,,,,,,,,,,,,,,,,,,,,,,,,,,,,,,,,,,,,,,,,,,,,,,,,,,,
4,,Nguyễn Văn Lượng,unclassified,9,,,unclassified,,,,,Nguyễn Văn Lượng,,,,,,,"[5151366694, 5151366692, 3174416228, 5360400688, 5751100724, 3242682808, 5716655824, 5751100726, 5716655822, 366459518, 5360400694, 5151366713, 5716917501]",,,,,,,yes,,,,,,,,,,,,,,,,,,,,,,,,,,,,,,,,,,,,,,,,,,,,,,,,,,,,,,,,,,,,,,,,,,,,,,,,,,,,,,,,,,,,,,,,,,,,,,,,,,,,,,,,,,
4,,Trương Quốc Dung,unclassified,10,,,unclassified,,,,,Trương Quốc Dung,,,,,,,"[727568351, 1672907094, 1706528933, 366448695]",,,,,,alley,,,,,,,,,,,,,,,,,,,,,,,,,,,,,,,,,,,,,,,,,,,,,,,,,,,,,,,,,,,,,,,,,,,,,,,,,,,,,,,,,,,,,,,,,,,,,,,,,,,,,,,,,,,
4,,Tản Đà,tertiary,11,,,tertiary,,,,,Tản Đà,,,,,Tản Đà,,"[366449673, 4979973980, 4589132514, 366433158, 5816931407, 4589132512]",,,Tan Da,,,,,,,,,,,,,,,,,,,,,,,,,,,,,,,,,,,,,,,,,,,,,,,,,,,,,,,,,,,,,,,,,,,,,,,,,,,,,,,,,,,,,,,,,,,,,,,,,,,,,,,,,,,,,,
4,,Đường số 7,tertiary,12,,,tertiary,,,,,Đường số 7,,,,,,,"[5797643308, 5797643307, 5075576716, 5075577021, 5075577027, 5075577025, 2430257155, 4984435625, 5811666190, 2389075913, 366424989, 5811552460, 4984435621, 2439978585, 4984435623, 1802527676, 366432834]",Ho Chi Minh,Binh Tan,Road No.7,7,An Lac A,,yes,,,,,,,,,,,,,,,,,,,,,,,,,,,,,,,,,,,,,,,,,,,,,,,,,,,,,,,,,,,,,,,,,,,,,,,,,,,,,,,,,,,,,,,,,,,,,,,,,,,,,,,,,,
4,,Nguyễn Hồng Đào,tertiary,13,,,tertiary,,,,,Nguyễn Hồng Đào,,,,,,,"[2409410633, 4871947798, 3771486738, 366479279, 3771486740, 2084678169, 3771485041, 366450180, 5767053336, 5767053338, 3178335372, 3771485022, 3771485019, 3771485027, 3771486745, 3771485025, 2084678175, 366403969, 366384461, 366450557, 2930599204, 366439908, 2495745975, 3178335371, 366463782, 2495747992, 5769329867, 366372400, 3771444886, 366427031, 366390601, 366379315, 366442969, 366378823, 366421480, 2084678252, 366371936, 2084678211, 366385241, 366406127]",,,Nguyen Hong Dao,,,,,,,,,,,,,,,,,,,,,,,,,,,,,,,,,,,,,,,,,,,,,,,,,,,,,,,,,,,,,,,,,,,,,,,,,,,,,,,,,,,,,,,,,,,,,,,,,,,,,,,,,,,,,,
4,,Trường Sa,tertiary,14,,,tertiary,,,,,Trường Sa,,,,,,,"[2366457793, 4950034788, 4950034787, 5764899744, 2344107979, 2291062342, 3717158224, 3717176330, 366453184, 3717158223, 366447253, 3734437532, 3717158222, 2291045534, 366452079, 2214315488, 411918997, 411918998, 411918995, 411918996, 411918992, 411918993, 411918991, 411918990, 411918988, 411918986, 411918985, 3717158217, 411918983, 411918982, 411918980, 411918979, 3761199054, 411918978, 411918977, 3761199055, 411918975, 411918974, 411918973, 411918971, 411918970, 411919020, 411919021, 411919017, 411919018, 411919019, 411919014, 411919015, 411919016, 3761199052, 411919012, 411919013, 3761199053, 411919010, 411919011, 411919008, 411919007, 411919009, 411919004, 3178235965]",,,,,,,no,,,,,,,,,,,,,,,,,,,,,,,,,,,,,,,,,,,,,,,,,,,,,,,,,,,,,,,,,,,,,,,,,,,,,,,,,,,,,,,,,,,,,,,,,,,,,,,,,,,,,,,,,,
3,,Trần Não,secondary,15,,,secondary,,,,,Trần Não,,,,,,,"[5740364700, 1497312721, 1497312722, 3187126778, 5116957298, 2495941224, 1497312723, 1497312724, 1497312725, 3191421708, 1497312726, 3187128369, 1497312728, 1497312730, 1497312731, 5738429843, 3235938322, 1497312732, 1497312735, 3187126786, 1497312738, 1497312743, 1497312750, 1497312755, 1497312762, 1497312854, 5735415569, 5735415570]",,,Tran Nao,,,,yes,,,,,,,,,,,,,,,,,,,,,,,,,,,,,,,,,,,,,,,,,,,,,,,,,,,,,,,,,,,,,,,,,,,,,,,,,,,,,,,,,,,,,,,,,,,,,,,,,,,,,,,,,,
4,,Phạm Đăng Giảng,tertiary,16,,,tertiary,,,,,Phạm Đăng Giảng,,,,,,,"[5738534982, 5738538640, 5738535005, 4943402286, 3382829566, 3382829560, 5737827281, 3382829581, 5740194878, 5740194880, 3382829584, 5737781358, 366400431, 5025883618, 3382829588, 366472408, 5737781346, 2621185483, 366386837, 366476320, 5025519425, 366388711, 5025519401, 4943402276, 2394646417, 5025883601, 5735304974]",,,,,,,,,,,,,,,,,,,,,,,,,,,,,,,,,,,,,,,,,,,,,,,,,,,,,,,,,,,,,,,,,,,,,,,,,,,,,,,,,,,,,,,,,,,,,,,,,,,,,,,,,,,,,,,,,
4,,Đại Lộ III,tertiary,17,,,tertiary,,,,,Đại Lộ III,,,,,,,"[366390663, 2445304739, 366451635, 2445304301, 366428312, 2445304737, 366474871, 366428240, 366446446, 366473153, 366402588, 366446860]",,,,,,,yes,,,,,,,,,,,,,,,,,,,,,,,,,,,,,,,,,,,,,,,,,,,,,,,,,,,,,,,,,,,,,,,,,,,,,,,,,,,,,,,,,,,,,,,,,,,,,,,,,,,,,,,,,,
4,,Dương Thị Mười,tertiary,18,,,tertiary,,,,,Dương Thị Mười,,,,,,,"[5769332108, 5769341683, 366446071, 5764995230, 366421198, 366427594, 5764995219, 5764995246, 5764995200, 5044255851, 366473474, 5764995144, 5764995143, 5764995129, 5765040332, 366458116, 5762703469, 5762703470, 5765040345, 5762701848, 5762703464, 5762703461, 5762701823, 5762703515, 366452051, 5762703454, 366423123, 5762725623, 5762725629, 5762703511, 366445840, 5166719164, 366444152, 366427917, 5762725487, 366479343, 366424612, 5762725656, 5762725655, 366402345, 5757535341, 5757535102, 5757535337, 5757535321, 2191957228, 5757535110, 5757535324, 2191957231]",,,,,,,,Tân Chánh Hiệp 21,,,,,,,,,,,,,,,,,,,,,,,,,,,,,,,,,,,,,,,,,,,,,,,,,,,,,,,,,,,,,,,,,,,,,,,,,,,,,,,,,,,,,,,,,,,,,,,,,,,,,,,,,
4,,,tertiary,19,,,tertiary,,,,,,,,,,,,"[366444984, 5735452041, 366443905, 5735452021, 366461102, 366410160, 366442996, 366441338, 5735415579, 378299077]",,,,,,,yes,,,,,,,,,,,,,,,,,,,,,,,,,,,,,,,,,,,,,,,,,,,,,,,,,,,,,,,,,,,,,,,,,,,,,,,,,,,,,,,,,,,,,,,,,,,,,,,,,,,,,,,,,,
4,,Thích Quảng Đức,tertiary,20,,,tertiary,,,,,Thích Quảng Đức,,,,,,,"[366379655, 5719731384, 3758592298, 366431662, 366475297, 3654066975, 366462375, 3758592297, 366444532, 3654067013, 366465197, 2487526100, 3654066941, 3654066942, 1410810108, 5719731383, 366478352, 737167478, 1694204639, 1675384219, 3654067028, 366453564, 1675384214, 3654066952, 1408031706, 366446926, 5778872990, 3654067005, 5778872989, 5763293916, 3654066932, 710640671, 5763160800, 3239047771, 5763160801, 366381386]",,,Thich Quang Duc,,,,no,,,,,,,,,,,,,,,,,,,,,,no,yes,no,,,,,,,,,,,,,,,,,,,,,,,,,,,,,,,,,,,,,,,,,,,,,,,,,,,,,,,,,,,,,,,,,,,,,,,,,,,,,,,,,,
4,,Tân Thuận,unclassified,21,,,unclassified,,,,,Tân Thuận,,,,,,,"[366436931, 2993499702, 2993488900, 366450057, 2993499725, 2993505761, 366412216, 366468061]",,,,,,,,,,,,,,,,,,,,,,,,,,,,,,,,,,,,,,,,,,,,,,,,,,,,,,,,,,,,,,,,,,,,,,,,,,,,,,,,,,,,,,,,,,,,,,,,,,,,,,,,,,,,,,,,,
4,,Tam Bình,tertiary,22,,,tertiary,,,,,Tam Bình,,,,,,,"[366442274, 5757800720, 5757504170, 5757727772, 5757504173, 366388641, 5757727775, 5757727777, 5757800641, 5757721473, 366382396, 5757727784, 5757721465, 366411675, 3216188882, 3216188887, 3216188897, 366459049, 5757727786, 366427385, 3108021386, 366372665, 5757727788, 5757721441, 366476484, 5757721493, 5757800699, 366412598, 5762744068, 5762743746, 366373553, 5762744176, 366471734, 366414050, 5762744116, 3108021427, 5762744182, 366401589, 5762744100, 5762744156, 5762744162, 5769333449, 366408650, 5762744102, 5762743743, 3108021437, 366458715, 5762744077, 366408615, 5762744081, 366378637]",,,,,,,,,,,,,,,,,,,,,,,,,,,,,,,,,,,,,,,,,,,,,,,,,,,,,,,,,,,,,,,,,,,,,,,,,,,,,,,,,,,,,,,,,,,,,,,,,,,,,,,,,,,,,,,,,
3,,Vĩnh Lộc,secondary,23,,,secondary,,,,,Vĩnh Lộc,,,,,,,"[366433785, 4865522547, 5735473439, 366424528, 3378947121, 5733384286, 5733258187, 5733252228, 5733252123, 366456243, 5733252146, 5733252244, 5733252222, 5733252271, 366463242, 5733029087, 5733252213, 5733029058, 5733078281, 5733029055, 5732964198, 5733029120, 5733078276, 5733102408, 5733029118, 5733102394, 5733029115, 5733078277, 5732964164, 5733078645, 3378126459, 366461418, 5733078657, 5733078532, 5733078530, 366464423, 5733078319, 366476136, 5733078682, 366388256, 5800532443, 5800532440, 5800532447, 3378081371, 5800532446, 366389427, 366414021, 5802582693, 366466701, 3378126392, 5802582691, 5802582698, 5802582699, 5802582689, 3378126350, 3378126318, 3378126301, 5802734312, 3378126295, 3378126276, 366454805, 3378126270, 5802734314, 366417947, 3378126266, 3378126263, 3378126259, 366445961, 5802734318, 5802734349, 5802734315, 5802734325, 3378126244, 5802947481, 3378126234, 366459655, 3378126228, 366400174, 5802992628, 366418667, 5802958061, 5802992856, 5802992618, 366418087, 5802947548, 366461907, 5802992857, 366380145, 5805644399, 5806361043, 5805644373, 366384626, 366411710, 366411795, 3378126208, 366479078, 3378126205, 366398524, 5805644429, 366417588, 3378126204, 366426923, 5805817989, 5805818007, 5805817995, 5748475323, 366414166]",,,Vinh Loc Road,,,,,,,,,,,,,,,,,,,,,,,,,,,,,,,,,,,,,,,,,,,,,,,,,,,,,,,,,,,,,,,,,,,,,,,,,,,,,,,,,,,,,,,,,,,,,,,,,,,,,,,,,,,,,,
4,,Tôn Thất Hiệp,tertiary,24,,,tertiary,,,,,Tôn Thất Hiệp,,,,,,,"[366445888, 2434647895, 4929127560, 366388735, 366474637, 5778485990, 366465994, 366418153, 5778485984, 366413450, 366474075, 4932516665, 366448103, 366429352, 4924631882, 366426405, 4924631894, 366424295, 366457256, 366371762, 4924631875, 366374703, 366428610, 4537174049, 366439980, 4537174048, 366402755, 4537174047, 366370132, 366467835, 366425707, 4929793672, 366455637, 4929793668, 366409572, 4927819032, 366401937, 366388860, 4979973933, 4979973934]",,,,,,,,,,,,,,,,,,,,,,,,,,,,,,,,,,,,,,,,,,,,,,,,,,,,,,,,,,,,,,,,,,,,,,,,,,,,,,,,,,,,,,,,,,,,,,,,,,,,,,,,,,,,,,,,,
4,,Trần Văn Giàu,tertiary,25,,,tertiary,,,,,Trần Văn Giàu,,,,,,,"[2386053882, 5797894423, 366416086, 5797894414, 4066803780]",,,,10B,,,yes,,,,,,,,,,,,,,,,,,,,,,,,,,,,,,,,,,,,,,,,,,,,,,,,,,,,,,,,,,,,,,,,,,,,,,,,,,,,,,,,,,,,,,,,,,,,,,,,,,,,,,,,,,
4,,,unclassified,26,,,unclassified,,,,,,,,,,,,"[5762721239, 5762721229, 5762723907, 5762723886, 366477697, 2954706295, 366451919, 2954706550]",,,,,,,yes,,,,,,,,,,,,,,,,,,,,,,,,,,,,,,,,,,,,,,,,,,,,,,,,,,,,,,,,,,,,,,,,,,,,,,,,,,,,,,,,,,,,,,,,,,,,,,,,,,,,,,,,,,
4,,Hẻm 373 Lý Thường Kiệt,unclassified,27,,,unclassified,,,,,Hẻm 373 Lý Thường Kiệt,,,,,,,"[5772194293, 5772301804, 5772301805, 5772301806, 6015476024, 5772301807, 5772301808, 5772301809, 5772301810, 1606180456, 366430963, 5772301811, 5772301812, 3789045824, 5772301813, 3789045827, 3789057863, 3789057869, 5772301814, 3727819086, 5772301816, 3735830662, 5772301815]",,,,,,,,,,,,,,,,,,,,,,,,,,,,,,,,,,,,,,,,,,,,,,,,,,,,,,,,,,,,,,,,,,,,,,,,,,,,,,,,,,,,,,,,,,,,,,,,,,,,,,,,,,,,,,,,,
4,,Lê Khôi,tertiary,28,,,tertiary,,,,,Lê Khôi,,,,,,,"[5093747408, 5778236991, 366422231, 366381246, 3168362863, 2500257354, 366472429, 366437921, 366418294, 366402395, 366440992, 3168362862, 4547949542]",,,,,,,,,,,,,,,,,,,,,,,,,,,,,,,,,,,,,,,,,,,,,,,,,,,,,,,,,,,,,,,,,,,,,,,,,,,,,,,,,,,,,,,,,,,,,,,,,,,,,,,,,,,,,,,,,
4,,Linh Đông,tertiary,29,,,tertiary,,,,,Linh Đông,,,,,,,"[366387255, 2326571646, 3349966179, 5769474431, 5762874793, 2326571678, 2326571680, 366429255, 366406712, 5762874807, 3890515523, 5762775772, 366372563, 5757986987, 3108021397, 5758041317, 5757987006, 366392450, 5757826016, 5757827539, 5757827524, 5757992436, 366426587, 5757986968, 5758012006, 2952826337, 366459749, 3727386719, 5752825325, 5752825348, 4068001740, 366439618, 1516645308, 4068001738, 722546423, 4068001739, 4068001741, 1516645294, 4068001742, 722546424, 4068001736, 4068001735, 5750623148]",,,,,,,,,,,,,,,,,,,,,,,,,,,,,,,,,,,,,,,,,,,,,,,,,,,,,,,,,,,,,,,,,,,,,,,,,,,,,,,,,,,,,,,,,,,,,,,,,,,,,,,,,,,,,,,,,
4,,,tertiary,30,,,tertiary,,,,,,,,,,,,"[366378637, 366376109]",,,,,,,,,,,,,,1,,,yes,,,,,,,,,,,,,,,,,,,,,,,,,,,,,,,,,,,,,,,,,,,,,,,,,,,,,,,,,,,,,,,,,,,,,,,,,,,,,,,,,,,,,,,,,,,,,,,,
4,,Gò Dưa,tertiary,31,,,tertiary,,,,,Gò Dưa,,,,,,,"[4720214181, 366368730, 5767715230, 2968017234, 366458730, 5767715260, 366407749, 2968017239, 3217666095, 3217666096, 5767420562, 2968017251, 5767639435, 366381991, 366370840, 5767420529, 737199297, 5767600867, 4031006190, 5767601357, 5767600871, 366476127, 366436977, 5767601368, 5767639430, 5767601360, 366454364, 366456025, 366469717, 366443806, 366382032, 2968017262, 366441452, 2968017263, 366371371, 5772493654, 366397808]",,,,,,,,,,,,,,,,,,,,,,,,,,,,,,,,,,,,,,,,,,,,,,,,,,,,,,,,,,,,,,,,,,,,,,,,,,,,,,,,,,,,,,,,,,,,,,,,,,,,,,,,,,,,,,,,,
4,,Kha Vạn Cân,tertiary,32,,,tertiary,,,,,Kha Vạn Cân,,,,,,,"[366377850, 366416677, 3141558631, 366368454, 366444451, 2964346522, 2418527119, 366388058, 366413436, 366382389, 3141558632, 366376119, 366410090, 366408398, 2964936882, 366465432, 366452505]",,,,,,,,,,,,,,,,,,,,,,,,,,,,,,,,,,,,,,,,,,,,,,,,,,,,,,,,,,,,,,,,,,,,,,,,,,,,,,,,,,,,,,,,,,,,,,,,,,,,,,,,,,,,,,,,,
4,,Tân Xuân 1,unclassified,33,,,unclassified,,,,,Tân Xuân 1,,,,,,,"[366419867, 366423254, 366411339, 366429348, 366408995, 366477878, 5740046922, 366474728, 366402504, 366436485, 366375910, 5740046865, 5740046913, 366369121, 366435235, 5740046921, 366444568, 366444771, 5740046931, 366373001, 5740046821, 366444820, 366397936, 366455991, 5740046938, 5740046936, 5740046846, 366461857, 5740046937, 366466083, 366469287, 366375483, 366435176, 366476554, 366400275, 5740111253, 366457030, 366403955, 366445225, 5740106090, 366453427]",,,,,,,,,,,,,,,,,,,,,,,,,,,,,,,,,,,,,,,,,,,,,,,,,,,,,,,,,,,,,,,,,,,,,,,,,,,,,,,,,,,,,,,,,,,,,,,,,,,,,,,,,,,,,,,,,
4,,Phổ Quang,tertiary,34,,,tertiary,,,,,Phổ Quang,,,,,,,"[366426004, 4541470630, 3167034797, 4619358332, 698217149]",Ho Chi Minh,Tan Binh;Phu Nhuan,,,,,,,,,,,,,,,,,,,,,,,,,,,,,,,,,,,,,,,,,,,,,,,,,,,,,,,,,,,,,,,,,,,,,,,,,,,,,,,,,,,,,,,,,,,,,,,,,,,,,,,,,,,,,,,
4,,Huỳnh Mẫn Đạt,tertiary,35,,,tertiary,,,,,Huỳnh Mẫn Đạt,,,,,,,"[5813867127, 706286111, 5813867373, 4109567455, 1997154735, 5813867374, 5794854822, 5794854823]",Hồ Chí Minh,5,Huynh Man Dat,,,,,,,,,,,,,,,,,,,,,,,,,,,,,,,,,,,,,,,,,,,,,,,,,,,,,,,,,,,,,,,,,,,,,,,,,,,,,,,,,,,,,,,,,,,,,,,,,,,,,,,,,,,,,,
2,,Nguyễn Tri Phương,primary,36,,,primary,,,,,Nguyễn Tri Phương,,,,,,,"[734894535, 3150110710, 366466460, 366403515, 4620534189, 4620515587, 3160545657, 4631390892, 5802993758, 5802993759]",,,Nguyen Tri Phuong,,,,yes,,,,,,,,,,,,,,,,,,,,,,,,,,,,,,,,,,,,,,,,,,,,,,,,,,,,,,,,,,,,,,,,,,,,,,,,,,,,,,,,,,,,,,,,,,,,,,,,,,,,,,,,,,
3,,Nguyễn Tri Phương,secondary,37,,,secondary,,,,,Nguyễn Tri Phương,,,,,,,"[4629703848, 4629359728, 366473501, 366475341, 2841256319, 366405533, 2841256321, 366463743, 5057827203, 2934006870, 5057828137, 5817378547, 5780574569, 3150110708, 4623078287, 5050082271, 366392714, 5050082265, 3150110709, 366439630, 5050082316, 2934006860]",,,,,,,yes,,,,,,,,,,,,,,,,,,,,,,,,,,,,,,,,,,,,,,,,,,,,,,,,,,,,,,,,,,,,,,,,,,,,,,,,,,,,,,,,,,,,,,,,,,,,,,,,,,,,,,,,,,
4,,Thành Thái,tertiary,38,,,tertiary,,,,,Thành Thái,,,,,,,"[1349033432, 2498079025, 5772557724, 5772557748, 2498079023, 1552973905, 5772606547, 366388518, 2233616175, 2498079017, 5772606969]",,,,,,,yes,,,,,,,,,,,,,,,,,,,,,,,,,,,,,,,,,,,,,,,,,,,,,,,,,,,,,,,,,,,,,,,,,,,,,,,,,,,,,,,,,,,,,,,,,,,,,,,,,,,,,,,,,,
2,,Xô Viết Nghệ Tĩnh,primary,39,,,primary,,,,,Xô Viết Nghệ Tĩnh,,,,,,,"[728690562, 366389762]",,,Xo Viet Nghe Tinh Road,,,,yes,,,乂静苏维埃路,,,,,,,,,,,,,,,,,,,,,,,,,,,,,,,,,,,,,,,,,,,,,,,,,,,,,,,,,,,,,,,,,,,,,,,,,,,,,,,,,,,,,,,,,,,,,,,,,,,,,,,
4,,Trịnh Đình Trọng,tertiary,40,,,tertiary,,,,,Trịnh Đình Trọng,,,,,,,"[5092219867, 366474973, 2438302654, 5772108054, 3830454347, 3081292119, 5772107338, 5772107337, 3088578158, 5772107343, 5772107342, 3081292122, 5001799212, 5772107341, 5772107340, 3081292123, 3081292124, 5772107339, 5093747241, 5093747238, 3081292109, 3771444850, 366474730, 6025186480, 6025186483, 3088578136, 6025186479, 3088578135, 5772157725, 5772157700, 5772157726, 6025186494, 3771444826, 3088578137, 5769332800, 5769332799, 5772679835, 6025186474, 5772679834, 3088578138, 3771420438, 3088578140, 3088578141, 3088578142, 6025186476, 6025186470, 3771420435, 3718634733, 3718634732, 5769332804, 5769332792, 5769395318, 5769332791, 3771420443, 5765416822, 5765416823, 3771444859, 5765416824, 5765416825, 5765416826, 5765416827, 5765416828, 5765416829, 5765416830, 6025186404, 5765416831, 4652695602, 6025186381, 2495812593, 2495812588, 5765416832]",,,,,,,,,,,,,,,,,,,,,,,,,,,,,,,,,,,,,,,,,,,,,,,,,,,,,,,,,,,,,,,,,,,,,,,,,,,,,,,,,,,,,,,,,,,,,,,,,,,,,,,,,,,,,,,,,
4,,An Phú Đông,unclassified,41,,,unclassified,,,,,An Phú Đông,,,,,,,"[5769332110, 2340079039, 5653129387, 5653126109, 2340079034, 5771983568, 5771983565, 2340079031, 5771983570, 5769850602]",,,,,,,,,,,,,,,,,,,,,,,,,,,,,,,,,,,,,,,,,,,,,,,,,,,,,,,,,,,,,,,,,,,,,,,,,,,,,,,,,,,,,,,,,,,,,,,,,,,,,,,,,,,,,,,,,
3,,,primary_link,42,,,primary_link,,,,,,,,,,,,"[366466460, 4620515991]",,,,,,,,,,,,,,,,,,,,,,,,,,,,,,,,,,,,,,,,,,,,,,,,,,,,,,,,,,,,,,,,,,,,,,,,,,,,,,,,,,,,,,,,,,,,,,,,,,,,,,,,,,,,,,,,,
4,,Tây Hòa,tertiary,43,,,tertiary,,,,,Tây Hòa,,,,,,,"[366386467, 366421217, 5740297938, 5740297939, 2445364958, 366392824, 366446395, 366446239, 366386569, 366417185, 366434074, 5740165665, 5740227944]",,,,,,,,,,,,,,,,,,,,,,,,,,,,,,,,,,,,,,,,,,,,,,,,,,,,,,,,,,,,,,,,,,,,,,,,,,,,,,,,,,,,,,,,,,,,,,,,,,,,,,,,,,,,,,,,,
2,,Nguyễn Kiệm,primary,44,,,primary,,,,,Nguyễn Kiệm,,,,,,,"[3700550788, 5763141586, 5763141607, 3167052566, 5763141581, 5763141608, 2408538254, 3452350835, 366459973, 5763141598, 3167052565, 5763141614, 5763141592, 2408538256, 5763141600, 5763141594, 366405489, 1396608611, 1396608617, 5213699015, 1408031702, 5213699012, 3167052564, 5755399611, 366431746, 2321473662, 1394527837, 2814728046, 366419576]",,,,,,,yes,,,,,,,,,,,,,,,,,,,,,,,,,,,,,,,,,,,,,,,,,,,,,,,,,,,,,,,,,,,,,,,,,,,,,,,,,,,,,,,,,,,,,,,,,,,,,,,,,,,,,,,,,,
2,,Nguyễn Oanh,primary,45,,,primary,,,,,Nguyễn Oanh,,,,,,,"[370818158, 5737952610, 893089466, 3168057765, 3217665977, 893089415, 5737952604, 366459733, 5939097328, 893089515, 3168057763, 5939097350, 366462103, 5939097359, 5939097361, 3129476042]",,,,,,,yes,,,,,,,,,,,,,,,,,,,,,,,,,,,,,,,,,,,,,,,,,,,,,,,,,,,,,,,,,,,,,,,,,,,,,,,,,,,,,,,,,,,,,,,,,,,,,,,,,,,,,,,,,,
4,,Đường số 9,unclassified,46,,,unclassified,,,,,Đường số 9,,,,,,,"[5769559520, 2970556404, 366451056, 2970556411, 2970556413, 366436742, 3717885582, 2970556423, 2970556424, 366416925, 3717885586, 3216188957, 366415007, 3717885588, 366371142, 366477406, 366430967, 366438508, 366420539, 366370994, 366438257, 5772601883, 366423488, 5772511393, 5772601900, 366422855, 3349899954, 4783066733, 3349899956, 366443281, 5772083746, 366375049, 366436520, 5772089081, 366368855, 5772089080, 5772089071, 366471766, 5772089143, 366440125, 366461901, 366385956, 366434641, 366413022, 366478608]",Ho Chi Minh,Thu Duc,,,Linh Tay,,,,,,,,,,,,,,,,,,,,,,,,,,,,,,,,,,,,,,,,,,,,,,,,,,,,,,,,,,,,,,,,,,,,,,,,,,,,,,,,,,,,,,,,,,,,,,,,,,,,,,,,,,,,
4,,,unclassified,47,,,unclassified,,,,,,,,,,,,"[366413913, 5753305814, 5762724109, 366368275, 5753359989, 366456336, 5753360008, 5753222748, 366471587, 5753360010, 5753222751, 366381308, 366463843, 366471184, 366409749, 366372879, 366386215, 366423284, 366449037, 5753222760, 366413716, 366369989, 5753360123, 5753222755, 366419270, 366434078, 5753305819, 5753306221, 366422739, 3117088700, 3117088703, 5753222782, 5753222784, 366436265, 5753360129, 3099108257, 5753360130, 5753220415, 366434365, 366417359, 5748797219, 366472232]",,,,,,,,,,,,,,,,,,,,,,,,,,,,,,,,,,,,,,,,,,,,,,,,,,,,,,,,,,,,,,,,,,,,,,,,,,,,,,,,,,,,,,,,,,,,,,,,,,,,,,,,,,,,,,,,,
4,,Nguyễn Văn Bá,tertiary,48,,,tertiary,,,,,Nguyễn Văn Bá,,,,,,,"[2028465678, 5748471655, 2697217617, 366436117, 366440329, 366450125]",,,,,,,no,,,,,,,,,,,,,,,,,,,,,,,,,,,,,,,,,,,,,,,,,,,,,,,,,,,,,,,,,,,,,,,,,,,,,,,,,,,,,,,,,,,,,,,,,,,,,,,,,,,,,,,,,,
4,,Tân Chánh Hiệp 39,tertiary,49,,,tertiary,,,,,Tân Chánh Hiệp 39,,,,,,,"[3246715972, 366431733, 5753412920, 3246715971, 366462793, 5753413593, 366476429, 5753413524, 366373000, 5753413597, 366426790, 5753413534, 366442853, 366433812, 5753413538, 366391534, 366476015, 5753412909, 366474610, 366432358, 5753412865, 366385557, 5753412868, 366475360, 5753466522, 5753461069, 366392616, 5757503389, 5753461064, 5753461065, 5757466343, 5753461066, 5757466409, 2922944240, 5753461112, 5755038628, 2922944218]",,,,,,,,,,,,,,,,,,,,,,,,,,,,,,,,,,,,,,,,,,,,,,,,,,,,,,,,,,,,,,,,,,,,,,,,,,,,,,,,,,,,,,,,,,,,,,,,,,,,,,,,,,,,,,,,,
4,,THOI TAM THÔN 5,unclassified,50,,,unclassified,,,,,THOI TAM THÔN 5,,,,,,,"[366428316, 5738491100, 366439454, 366449338, 366450757, 4069505890, 366446985, 366437910, 366369124, 5735589501, 5735589487, 5735589635, 366461545, 5735589454, 366414492, 366476940, 5735636838, 366447804, 366420549, 4069505889, 4069505888, 366403994]",,,,,,,,,,,,,,,,,,,,,,,,,,,,,,,,,,,,,,,,,,,,,,,,,,,,,,,,,,,,,,,,,,,,,,,,,,,,,,,,,,,,,,,,,,,,,,,,,,,,,,,,,,,,,,,,,
2,,Dương Bá Trạc,primary,51,,,primary,,,,,Dương Bá Trạc,,,,,,,"[366476538, 5762770776, 2154852271, 2468456184, 4594841793, 2154852108, 4594841791, 4594841781, 4594841786, 366412903, 4594841783, 737167456, 4594841782, 2468452120]",,,,,,,yes,,asphalt,,,,,,,,,,,,,,,,,,,,,,,,,,,,,,,,,,,,,,,,,,,,,,,,,,,,,,,,,,,,,,,,,,,,,,,,,,,,,,,,,,,,,,,,,,,,,,,,,,,,,,,,
4,,Kinh Trung ương,tertiary,52,,,tertiary,,,,,Kinh Trung ương,,,,,,,"[366384626, 5805644377, 5806361042, 5806362059, 5802992865, 5802992887, 5802992622, 5802992890, 5802992892, 366438262, 3378126237, 5802992907, 366446705, 366438952, 5802992911, 3378126246, 366451302, 3378126252, 5802845135, 3378126255, 5802846476, 5802846454, 3378126271, 3378126279, 366461739, 366428284, 5802711132, 5802711086, 366474031, 5802711125, 366434144, 5802711101, 3378126368, 3378126379, 3378126388, 5802711080, 366419474, 5800640125, 366446652, 5800640136, 366418593, 366445835, 366448048, 366443974, 366429152, 366402557, 5800154837, 366404774, 5732950093, 366463630, 5733030829, 5732950059, 366473857, 366408734, 5733029517, 5732950321, 366427065, 5733029444, 5732950328, 366472195, 5733029490, 366400395, 366390348, 5733044725, 366468199, 5732964013, 366474634, 5732964557, 366422903, 5732964411, 5733044016, 366403954, 366474867, 5738009597, 5732950415, 5737925571, 366470963, 5737886896, 366466912, 5737926347, 5737926338, 366458333, 5740098010, 366427124, 366401008, 366384657, 5740098139, 5740098066, 366374308, 5740098128, 5740602158, 5740600500, 5740561113, 366426288, 5740602154, 5740602127, 5740602142, 5740602140, 5740098152, 5750592036]",,,,,,,,,,,,,,,,,,,,,,,,,,,,,,,,,,,,,,,,,,,,,,,,,,,,,,,,,,,,,,,,,,,,,,,,,,,,,,,,,,,,,,,,,,,,,,,,,,,,,,,,,,,,,,,,,
4,,Tăng Nhơn Phú,tertiary,53,,,tertiary,,,,,Tăng Nhơn Phú,,,,,,,"[366400855, 366393471, 366421842, 366383838, 2776784764, 366413920, 5748332615, 5748273099, 5748332758, 5748332725, 366410705, 366469455, 366412582, 366472806, 5748272018, 366421247, 366397861, 366400967, 366443438, 5742943347, 5085195918, 5742943349, 3110290337, 366478599, 366387290, 366421495, 366391326, 3110285828, 3110285825, 5742943356, 5742943354, 366442400, 5087781581, 5742968251, 5085226966, 366409133, 366433600, 3110285806, 5085048504, 5087680448, 366397244, 5740165633, 366434472, 366455233, 5740165650, 5740165654, 366418158, 5740227314, 5087541026, 366446987, 366385544, 5740165674, 2445370087, 5748826309, 3110640323, 5057958837, 5057958849, 2445372836, 2445372842, 2445372855]",,,,,,,,,,,,,,,,,,,,,,,,,,,,,,,,,,,,,,,,,,,,,,,,,,,,,,,,,,,,,,,,,,,,,,,,,,,,,,,,,,,,,,,,,,,,,,,,,,,,,,,,,,,,,,,,,
4,,Hồng Lạc,tertiary,54,,,tertiary,,,,,Hồng Lạc,,,,,,,"[5769343967, 5769343961, 5769343960, 5769343959, 5769343962, 5769343958, 5769343532, 5769343957, 5769343525, 5769343956, 5769343955, 5769343543, 5769343954, 5769343953, 5769343552, 3095384125, 5769343551, 5778117623, 5769343550, 5778117605, 5778117604, 5778117603, 5778117602, 5769343549, 5778117601, 5778117600, 5778117599, 5778117598, 5778117610, 5769343548, 5769343547, 5772608663, 5769343546]",,,Hong Lac,,,,,,,,,,,,,,,,,,,,,,,,,,,,,,,,,,,,,,,,,,,,,,,,,,,,,,,,,,,,,,,,,,,,,,,,,,,,,,,,,,,,,,,,,,,,,,,,,,,,,,,,,,,,,,
2,,Phan Đình Giót,primary,55,,,primary,,,,,Phan Đình Giót,,,,,,,"[366443652, 2613196712, 869875570, 5762825867, 5721685973, 1774952214, 5721685974, 5721685975]",,,,,,,yes,,,,,,,,,,,,,,,,,,,,,,,,,,,,,,,,,,,,,,,,,,,,,,,,,,,,,,,,,,,,,,,,,,,,,,,,,,,,,,,,,,,,,,,,,,,,,,,,,,,,,,,,,,
4,,Nghĩa Phát,tertiary,56,,,tertiary,,,,,Nghĩa Phát,,,,,,,"[1525911386, 2299409156]",,,,,,,,,,,,,,,,,,,,,,,,,,,,,,,,,,,,,,,,,,,,,,,,,,,,,,,,,,,,,,,,,,,,,,,,,,,,,,,,,,,,,,,,,,,,,,,,,,,,,,,,,,,,,,,,,
4,,Lãnh Binh Thăng,tertiary,57,,,tertiary,,,,,Lãnh Binh Thăng,,,,,,,"[5758065181, 5778381573, 5778381569, 5778381659, 5778405468, 5001800279, 4073379471, 3168349829, 4924631902, 5044256053, 366407272, 3168349828, 5038427227, 5038427226, 5778405455, 4530357212, 5778405439, 5778381658]",,,,,,,,,,,,,,,,,,,,,,,,,,,,,,,,,,,,,,,,,,,,,,,,,,,,,,,,,,,,,,,,,,,,,,,,,,,,,,,,,,,,,,,,,,,,,,,,,,,,,,,,,,,,,,,,,
4,,Phú Thọ,tertiary,58,,,tertiary,,,,,Phú Thọ,,,,,,,"[5772562992, 5772562990, 5772562989, 366420316, 6138423157, 6138423153, 6169690254, 6169690249, 5772562988, 6138423137, 5772562987, 6169690242, 4950067574, 366388046, 5802582080, 5772562986, 5772562985, 5802614988, 5772562984, 5772562983, 6169690230, 6110250990, 6110250985, 5813728945, 5813728867, 5772562982]",Ho Chi Minh,11,Phu Tho,,,,,,,,,,,,,,,,,,,,,,,,,,,,,,,,,,,,,,,,,,,,,,,,,,,,,,,,,,,,,,,,,,,,,,,,,,,,,,,,,,,,,,,,,,,,,,,,,,,,,,,,,,,,,,
4,,Phú Châu,tertiary,59,,,tertiary,,,,,Phú Châu,,,,,,,"[366374908, 3216188991, 366454280, 5772027869, 5772027847, 3216189007, 2952824771, 5772027846, 2952824772, 5772027839, 2952824774, 2952824775, 2952824776, 2952824777, 5767302216, 5767302217, 5767302218, 5767303600, 5767303642, 2952824830, 5767303806, 366423024, 2952824779, 5767303756, 366398320, 2952824778, 5767303802, 5767302245, 3761761993, 5767302244, 5767303807, 2940857407, 366425121, 5767639415, 5767599122, 3761761994, 5767601288, 5767601287, 5767601272, 5767601263, 2952826161, 366388213, 5767639424, 366407073, 5767601231, 366436676, 5880324065, 5772493653, 366460693]",,,Phu Chau,,,,,,,,,,,,,,,,,,,,,,,,,,,,,,,,,,,,,,,,,,,,,,,,,,,,,,,,,,,,,,,,,,,,,,,,,,,,,,,,,,,,,,,,,,,,,,,,,,,,,,,,,,,,,,
4,,Thiên Phước,tertiary,60,,,tertiary,,,,,Thiên Phước,,,,,,,"[2233808761, 5772301817, 5092125062, 1606180418, 1606180402, 366470058, 5092125037, 5765289872, 5765289873, 5765289874, 366368702, 5092125044, 5765289906]",,,,,,,,,,,,,,,,,,,,,,,,,,,,,,,,,,,,,,,,,,,,,,,,,,,,,,,,,,,,,,,,,,,,,,,,,,,,,,,,,,,,,,,,,,,,,,,,,,,,,,,,,,,,,,,,,
4,,Nam Hoà,tertiary,61,,,tertiary,,,,,Nam Hoà,,,,,,,"[5748689993, 3110640466, 366422996, 3112826305, 366428671, 366426181, 366388779, 2445372839, 5748690431, 366468017, 366427556, 5740296600, 366469594, 366379258, 366442733, 366452224, 366403007, 366461787, 2445361076, 366439776, 366479128, 2445361084, 5740296589, 366449430, 2445361097, 366370857, 2445361104, 366418785, 366418829, 5735458467, 5735458462, 366455987, 5735458450, 366384168]",,,,,,,,,,,,,,,,,,,,,,,,,,,,,,,,,,,,,,,,,,,,,,,,,,,,,,,,,,,,,,,,,,,,,,,,,,,,,,,,,,,,,,,,,,,,,,,,,,,,,,,,,,,,,,,,,
4,,Nguyễn Kim,tertiary,62,,,tertiary,,,,,Nguyễn Kim,,,,,,,"[4629359725, 5778688813, 5778688812, 5778688811, 5778688810, 5778688809, 5778688808, 5778688807, 5778688806, 5778688805, 5778688803, 5778688804, 5778688802, 5778688801, 5778688800, 5778688799, 5778688798, 5778688797, 5778688796, 5778688795, 5788740512, 5778688794, 5778688792, 5778688791, 366452532, 366383685, 4616029240]",,,,,,,,,,,,,,,,,,,,,,,,,,,,,,,,,,,,,,,,,,,,,,,,,,,,,,,,,,,,,,,,,,,,,,,,,,,,,,,,,,,,,,,,,,,,,,,,,,,,,,,,,,,,,,,,,
4,40.0,Chợ Lớn,tertiary,63,,,tertiary,,,,,Chợ Lớn,,,,,,,"[3339874754, 3339874757, 5765322029, 3144008565, 3144008566, 5681323787, 3144008567, 3144008568, 3338165644, 3144008569, 5681323784, 3144008570, 3144008571, 5502531466, 366421835, 3338165647, 3338165653, 366373217, 3144008574, 4107441966, 4195198451, 5681323773, 366440893, 366438377, 4195198462, 4195198464, 366457112, 4195198457, 4195198455, 366419816, 4984435282, 366458750]",,,,,,,,,paved,,40,,,,,,,,,,no,2,,,,,,,,,,,,,,,,,,,,,,,,,,,,,,,,,,,,,,,,,,,,,,,,,,,,,,,,,,,,,,,,,,,,,,,,,,,,,,,,,,,,,,,,,,,
4,,Trương Công Định,tertiary,64,,,tertiary,,,,,Trương Công Định,,,,,,,"[2409410634, 366413223, 5762622703, 2084677860, 4074580573, 5767298914, 2084678065, 3771486750, 3771486755, 366405690, 366447742, 3771486759, 366478073, 2930599202, 3771486763, 366474550, 366428976, 2084678037, 366468991, 2084677995, 2084678049, 366442095, 366463142, 366426661, 4102230928]",,,Truong Cong Dinh,,,,,,,,,,,,,,,,,,,,,,,,,,,,,,,,,,,,,,,,,,,,,,,,,,,,,,,,,,,,,,,,,,,,,,,,,,,,,,,,,,,,,,,,,,,,,,,,,,,,,,,,,,,,,,
4,,Chu Văn An,unclassified,65,,,unclassified,,,,,Chu Văn An,,,,,,,"[366469312, 5733213075, 366369911, 5733217750, 5733213077, 5733217751, 366382210, 5768658306, 366407827, 366443396, 5733213102, 5769514774, 366475288, 5769514784, 366422269, 5769514779, 5733213088, 3631205814, 366450138, 5768658271, 366440482, 5768556275, 5768658274, 366460312, 366428483, 5337055552, 366433576, 2925962352, 366477443, 366389118, 366431307, 5337055560, 366467358, 366378465, 2925962353, 370818172]",,,Chu Van An,,,,,,,,,,,,,,,,,,,,,,,,,,,,,,,,,,,,,,,,,,,,,,,,,,,,,,,,,,,,,,,,,,,,,,,,,,,,,,,,,,,,,,,,,,,,,,,,,,,,,,,,,,,,,,
4,,Bình Lợi,tertiary,66,,,tertiary,,,,,Bình Lợi,,,,,,,"[366398419, 5772155164, 5742463959, 5742464020, 366442302, 3216187614, 366421681, 366415381, 3137343109, 3137343118, 3137343123, 3137351430, 5742544373, 366386658, 366438398, 366441624, 366448264, 366474212, 3137351454, 366386668, 3137351463, 366461874, 3137351485, 366384555, 366373816, 366412614, 366402608, 366450425, 366477232]",,,,,,,,,,,,,,,,,,,,,,,,,,,,,,,,,,,,,,,,,,,,,,,,,,,,,,,,,,,,,,,,,,,,,,,,,,,,,,,,,,,,,,,,,,,,,,,,,,,,,,,,,,,,,,,,,
4,,Bình Thới,tertiary,67,,,tertiary,,,,,Bình Thới,,,,,,,"[5765289875, 5778381657, 5778381655, 5778381656, 366462295, 366421693, 366382187, 3168349824, 5758065196, 5001799156, 5757532661, 5001799199, 4594381212, 6022345399, 6022345412, 6022345418, 4217006555, 366457992, 5001799137, 5778381587, 5778381592, 5778381602, 5778381661, 5778381662, 5758065181, 4932651973, 5778381560, 4932651979, 5778252044, 366451597, 366401876, 366371269, 4932651988, 5778381660, 5044255971, 5044255972, 5778252051, 366423133, 5778270003, 5778252026, 3700972437, 4929861361, 4929861363, 3700972436, 5778252030, 366477419, 5778252031, 5778252032, 3700972430, 3700972429, 3700972431, 5772562981]",,,,,,,,,,,,,,,,,,,,,,,,,,,,,,,,,,,,,,,,,,,,,,,,,,,,,,,,,,,,,,,,,,,,,,,,,,,,,,,,,,,,,,,,,,,,,,,,,,,,,,,,,,,,,,,,,
3,,Trường Sơn,secondary,68,,,secondary,,,,,Trường Sơn,,,,,,,"[759599258, 4948841957, 2072605346]",,,,,,,yes,,,,,,,,,,,,,,,,,,,,,,,,,,,,,,,,,,,,,,,,,,,,,,,,,,,,,,,,,,,,,,,,,,,,,,,,,,,,,,,,,,,,,,,,,,,,,,,,,,,,,,,,,,
4,,Tây Thạnh,tertiary,69,,,tertiary,,,,,Tây Thạnh,,,,,,,"[5735459344, 2048466359, 2728343951, 3156007496, 4225472861, 4974488952, 4974488970, 5735459342]",,,Tay Thanh,,,,yes,,,,,,,,,,,,,,,,,,,,,,,,,,,,,,,,,,,,,,,,,,,,,,,,,,,,,,,,,,,,,,,,,,,,,,,,,,,,,,,,,,,,,,,,,,,,,,,,,,,,,,,,,,
4,,Trần Phú,tertiary,70,,,tertiary,,,,,Trần Phú,,,,,,,"[366416137, 3150110712, 746617455, 4631738599, 1997154435, 366413446]",,,,,,,yes,,,,,,,,,,,,,,,,,,,,,,,,,,,,,,,,,,,,,,,,,,,,,,,,,,,,,,,,,,,,,,,,,,,,,,,,,,,,,,,,,,,,,,,,,,,,,,,,,,,,,,,,,,
4,,Đường số 10,tertiary,71,,,tertiary,,,,,Đường số 10,,,,,,,"[2153453219, 5780792976, 2154852071]",,,Road No. 10,,,,,,,,,,,,,,,,,,,,,,,,,,,,,,,,,,,,,,,,,,,,,,,,,,,,,,,,,,,,,,,,,,,,,,,,,,,,,,,,,,,,,,,,,,,,,,,,,,,,,,,,,,,,,,
4,,Hồ Văn Huê,tertiary,72,,,tertiary,,,,,Hồ Văn Huê,,,,,,,"[5755399608, 366383760, 1409433809, 3167034803, 3654066951, 3654067036, 1409433796, 3654067000, 3654066950, 1409433790, 3654562873, 366408245, 3167034804, 366397928, 1409433751, 3654066949, 712140237, 366369819, 3654066948, 3758592299, 3167034805, 2293477506]",,,,,,,yes,,,,,,,,,,,,,,,,,,,,,,,,,,,,,,,,,,,,,,,,,,,,,,,,,,,,,,,,,,,,,,,,,,,,,,,,,,,,,,,,,,,,,,,,,,,,,,,,,,,,,,,,,,
4,,Đường Số 10,unclassified,73,,,unclassified,,,,,Đường Số 10,,,,,,,"[5738265714, 366390127, 366388758, 366398722, 366450822, 366397224, 366429555, 366422213, 366368291, 366415149, 366377079, 366375626, 5738267344, 366462486, 366447677, 366393021, 366453532, 5748269211, 366431932, 366452107, 1834116089, 1834116090, 366390745, 366450317, 1834116133, 366441273, 366476204, 366456577, 5738173000, 5738267285, 5738267284]",,,,,,,,,,,,,,,,,,,,,,,,,,,,,,,,,,,,,,,,,,,,,,,,,,,,,,,,,,,,,,,,,,,,,,,,,,,,,,,,,,,,,,,,,,,,,,,,,,,,,,,,,,,,,,,,,
4,,Tân Quý,unclassified,74,,,unclassified,,,,,Tân Quý,,,,,,,"[5722292372, 5109568399, 5109568394, 5109568383, 366468952, 2620586926, 2500251278, 5767240951, 5767241057, 5109568324, 5767261264, 2049210173]",,,,,,,,,,,,,,,,,,,,,,,,,,,,,,,,,,,,,,,,,,,,,,,,,,,,,,,,,,,,,,,,,,,,,,,,,,,,,,,,,,,,,,,,,,,,,,,,,,,,,,,,,,,,,,,,,
4,,Lê Đại Hành,tertiary,75,,,tertiary,,,,,Lê Đại Hành,,,,,,,"[366404948, 5802717064, 5802717065, 5802717066, 5802717067, 5802717068, 366392112, 5802717069, 4979972014, 366442628, 5788740504, 5552685847, 366369675, 5788625768, 5788625769, 5788625751]",,,,,,,yes,,,,,,,,,,,,,,,,,,,,,,,,,,,,,,,,,,,,,,,,,,,,,,,,,,,,,,,,,,,,,,,,,,,,,,,,,,,,,,,,,,,,,,,,,,,,,,,,,,,,,,,,,,
4,,Đào Trinh Nhất,tertiary,76,,,tertiary,,,,,Đào Trinh Nhất,,,,,,,"[5767184416, 3084820288, 4447240194, 4447240193, 5772136749, 366398308, 4447240195, 2970556471, 4447240196, 5772083748, 3349899965, 3349899966, 366398876, 5772137763, 366475006, 5772096769, 5772137762, 5772096767, 366398701, 2496976458, 5767390038, 366381293, 5767390028, 5767349695, 366398499, 5767349730, 5767349726, 5767349697, 5767349717, 366442135, 5767349699, 5767349713, 366371665, 5762601974, 366466617, 2953644109, 5762601977, 366445482, 5762601984, 366429736, 5762601971, 366407751, 366380089, 366437727]",,,,,,,,,,,,,,,,,,,,,,,,,,,,,,,,,,,,,,,,,,,,,,,,,,,,,,,,,,,,,,,,,,,,,,,,,,,,,,,,,,,,,,,,,,,,,,,,,,,,,,,,,,,,,,,,,
4,,Ung Văn Khiêm,tertiary,77,,,tertiary,,,,,Ung Văn Khiêm,,,,,,,"[366417938, 366433938, 5733035584, 366414641, 3184843003, 366403657, 3631245426, 5778236316, 366444649, 5733035592, 5733035596, 366405348, 5733055230, 366405379, 5733055248, 1276696904, 366401717, 366404527, 366376129, 366420858, 5110361178, 5778236310, 366368684, 366414118, 366404239, 366434825, 366368543, 366453914, 5778236307, 366464985, 5778236296, 366421729, 5778236289, 5110358419, 366367285, 366435146, 366457096, 366416151, 366386258, 366431796, 5778236281, 366423832, 366433880, 366433763, 3631274357, 366421019, 366412536, 728705748, 728690586]",,,Ung Van Khiem,,,,no,,,,,,,,,,,,,,,,,,,,,,,,,,,,,,,,,,,,,,,,,,,,,,,,,,,,,,,,,,,,,,,,,,,,,,,,,,,,,,,,,,,,,,,,,,,,,,,,,,,,,,,,,,
2,,Pham Ngũ Lão,primary,78,,,primary,,,,,Pham Ngũ Lão,,,,,,,"[2496916468, 1393358762, 1393358769, 366466390, 5789199777, 5789199771, 5719227253, 3167044465, 366403186, 5742713537, 5719227249, 5799069538, 5786142614, 5799069530, 5207877506, 5786142620, 5799069524, 5742675388, 5799069519, 1393358848, 4903025807, 4898569717, 5207877510, 3167044466, 4903025801, 4903025793, 3806430108, 701670583]",Ho Chi Minh,Go Vap,Pham Ngu Lao,,,,yes,,,,,,,,,,,,,,,,,,,,,,,,,,,,,,,,,,,,,,,,,,,,,,,,,,,,,,,,,,,,,,,,,,,,,,,,,,,,,,,,,,,,,,,,,,,,,,,,,,,,,,,,,,
4,,Phan Thúc Duyện,unclassified,79,,,unclassified,,,,,Phan Thúc Duyện,,,,,,,"[4658246893, 2078950780, 2078950549, 366403199, 366381886, 2078950893, 366445720, 366431110]",,,,,,,,,,,,,,,,,,,,,,,,,,,,,,,,,,,,,,,,,,,,,,,,,,,,,,,,,,,,,,,,,,,,,,,,,,,,,,,,,,,,,,,,,,,,,,,,,,,,,,,,,,,,,,,,,
4,,Tô Hiệu,tertiary,80,,,tertiary,,,,,Tô Hiệu,,,,,,,"[5772202806, 366479221, 4535968535, 366467985, 3168358148, 4932651959, 3168358149, 366368699, 4932651966, 366464554, 2620587183, 5769482794, 366382672, 366478021, 366393293, 3168358150, 2620587155, 2620587147]",,,,,,,,,,,,,,,,,,,,,,,,,,,,,,,,,,,,,,,,,,,,,,,,,,,,,,,,,,,,,,,,,,,,,,,,,,,,,,,,,,,,,,,,,,,,,,,,,,,,,,,,,,,,,,,,,
2,,Xuân Hồng,primary,81,,,primary,,,,,Xuân Hồng,,,,,,,"[366380463, 3116883001, 366457879, 2409408738]",,,,,,,yes,,,,,,,,,,,,,,,,,,,,,,,,,,,,,,,,,,,,,,,,,,,,,,,,,,,,,,,,,,,,,,,,,,,,,,,,,,,,,,,,,,,,,,,,,,,,,,,,,,,,,,,,,,
4,,Đặng Văn Ngữ,tertiary,82,,,tertiary,,,,,Đặng Văn Ngữ,,,,,,,"[366421704, 5765073605, 366464678, 4905853977, 4958074311, 2115199006, 4958074310, 366370597, 366466697, 2822144419, 3463112625, 3463112632, 2332691252, 366388389, 366398005, 2332691248, 1500936175, 2332691253, 366367996]",,,Dang Van Ngu,,,,,,,,,,,,,,,,,,,,,,,,,,,,,,,,,,,,,,,,,,,,,,,,,,,,,,,,,,,,,,,,,,,,,,,,,,,,,,,,,,,,,,,,,,,,,,,,,,,,,,,,,,,,,,
4,,Đặng Văn Ngữ,tertiary,83,,,tertiary,,,,,Đặng Văn Ngữ,,,,,,,"[366443898, 5765073764, 366444983, 2822144478, 366370636, 1706523346, 366458702, 2822144465, 366435208, 366457453, 366421704]",,Quan Phu Nhuan,,,,,,,,,,,,,,,,,,,,,,,,,,,,,,,,,,,,,,,,,,,,,,,,,,,,,,,,,,,,,,,,,,,,,,,,,,,,,,,,,,,,,,,,,,,,,,,,,,,,,,,,,,,,,,,
4,,Tên Lửa,tertiary,84,,,tertiary,,,,,Tên Lửa,,,,,,,"[366425086, 5797841739, 366475041, 366380822, 366398290, 366368092, 5794865391, 4582788098, 5762752517, 5795159624, 366477091, 1802527538, 4582788099, 4850908499, 366414397, 3178358961, 366419375, 5762752509, 366433798, 4550471206, 4582794486, 1802527677, 1802527501, 1802527897, 1802527807, 4582794487, 366448948, 1802527693, 3234380968, 3234380967, 1802527480, 366443320, 1802527681, 3178358962, 1802527812, 1802527504, 366380404, 366406191, 1802527492, 4537244586, 4537244581, 366403507]",,,,,,,yes,,,,,,,,,,,,,,,,,,,,,,,,,,,,,,,,,,,,,,,,,,,,,,,,,,,,,,,,,,,,,,,,,,,,,,,,,,,,,,,,,,,,,,,,,,,,,,,,,,,,,,,,,,
3,,Trần Quốc Hoàn,secondary,85,,,secondary,,,,,Trần Quốc Hoàn,,,,,,,"[366406232, 2077773646, 2077773917]",,,,,,,yes,,,,,,,,,,,,,,,,,,,,,,,,,,,,,,,,,,,,,,,,,,,,,,,,,,,,,,,,,,,,,,,,,,,,,,,,,,,,,,,,,,,,,,,,,,,,,,,,,,,,,,,,,,
4,,Nguyễn Văn Luông,tertiary,86,,,tertiary,,,,,Nguyễn Văn Luông,,,,,,,"[4984435304, 366421855, 366427033, 366404920, 3164038607, 3339874471, 3339874486, 366399367, 366460019, 4607612149, 3339874640, 4607612150, 5765003838, 366432368, 4607612108, 4607612151, 4607612152, 3339715629, 4607612153, 3339715660, 4607616532, 366423391, 366401338, 4607616533, 5001123470, 366409530, 366403698, 366458750, 4195198468, 3186149639, 4943487558, 3339195245, 366405313]",,,,,,,yes,,,,,,,,,,,,,,,,,,,,,,,,,,,,,,,,,,,,,,,,,,,,,,,,,,,,,,,,,,,,,,,,,,,,,,,,,,,,,,,,,,,,,,,,,,,,,,,,,,,,,,,,,,
4,,Phó Cơ Điều,tertiary,87,,,tertiary,,,,,Phó Cơ Điều,,,,,Phó Cơ Điều,,"[5788625750, 5788625749, 5788625748, 4979973937, 4979973953, 4979973958, 4979973959, 3170025871, 366460317, 5778381614, 6022611594, 6174054742, 746617471, 4929793645, 5802861323]",Ho Chi Minh,11,Pho Co Đieu,,,,,,,,,,,,,,,,,,,,,,,,,,,,,,,,,,,,,,,,,,,,,,,,,,,,,,,,,,,,,,,,,,,,,,,,,,,,,,,,,,,,,,,,,,,,,,,,,,,,,,,,,,,,,,
4,,Trần Văn Kiểu,unclassified,88,,,unclassified,,,,,Trần Văn Kiểu,,,,,,,"[366383455, 4195198453, 366421835, 3338165621, 366428066, 5765234476, 5765234472, 5765234471, 366390757, 366413194, 366437191, 3144008599, 3144008602, 3144008587, 366468642, 5765286193, 3339874613, 3339712070, 3186138782, 366451684, 3339712065, 5755784309, 366456148, 366378413, 366418687, 5755548669, 366477814, 5755548667, 5755548665, 366429914, 1929546632, 366478804, 5755786421, 5755548633, 1929546341, 4193312382, 1929544946, 1929546819, 5755183100, 5755784319, 1929546644, 3186138783, 1929545004, 5755784303, 4275282788, 5416576534, 1929546339]",,,,,,,,,,,,,,,,,,,,,,,,,,,,,,,,,,,,,,,,,,,,,,,,,,,,,,,,,,,,,,,,,,,,,,,,,,,,,,,,,,,,,,,,,,,,,,,,,,,,,,,,,,,,,,,,,
4,,Lữ Gia,tertiary,89,,,tertiary,,,,,Lữ Gia,,,,,,,"[5765289879, 5765384642, 2901496210, 3150112490, 4538876167, 2495826723, 2901496213, 3088859031, 366439907, 4537175215, 5765289905, 4537175204, 4537175201, 4537175214, 4537175219, 5044255782, 366473797, 5130142259, 3088859027, 3150112489, 5044255790, 366435242, 4655963176]",,,,,,,,,,,,,,,,,,,,,,,,,,,,,,,,,,,,,,,,,,,,,,,,,,,,,,,,,,,,,,,,,,,,,,,,,,,,,,,,,,,,,,,,,,,,,,,,,,,,,,,,,,,,,,,,,
4,,Thế Lữ,tertiary,90,,,tertiary,,,,,Thế Lữ,,,,,,,"[366472256, 366427503, 366383416, 366414114, 366457500, 5039369087, 366450428, 366433719, 366407216, 366374202, 5028987710, 366451807]",,,,,,,,,,,,,,,,,,,,,,,,,,,,,,,,,,,,,,,,,,,,,,,,,,,,,,,,,,,,,,,,,,,,,,,,,,,,,,,,,,,,,,,,,,,,,,,,,,,,,,,,,,,,,,,,,
4,,Nguyễn Đình Chiểu,tertiary,91,,,tertiary,,,,,Nguyễn Đình Chiểu,,,,,,,"[366426413, 752218079, 1694204607, 1694204605, 1396608613, 1396608610, 366405489]",,,,,,,,,,,,,,,,,,,,,,,,,,,,,,,,,,,,,,,,,,,,,,,,,,,,,,,,,,,,,,,,,,,,,,,,,,,,,,,,,,,,,,,,,,,,,,,,,,,,,,,,,,,,,,,,,
4,,Trần Nhân Tôn,tertiary,92,,,tertiary,,,,,Trần Nhân Tôn,,,,,,,"[5794771156, 5794771155, 5794771157, 5794884010, 5794883985, 5794884009, 5794771158, 5794771159, 5045657080, 5794771163, 5045657132, 5794771162, 5045657083, 5794771164, 5045657035, 5045657134, 5045657029, 5045657109, 5045657022, 5045657127, 5045657111, 5045657000, 5045657123, 5794771165, 5794771166, 366445936, 5045756517, 5045756722, 366390755]",,,,,,,,,,,,,,,,,,,,,,,,,,Trần Nhân Tông,,,,,,,,,,,,,,,,,,,,,,,,,,,,,,,,,,,,,,,,,,,,,,,,,,,,,,,,,,,,,,,,,,,,,,,,,,,,,,,,,,,,,,,
2,,Nguyễn Tất Thành,primary,93,,,primary,,,,,Nguyễn Tất Thành,,,,,,,"[366453421, 4597496397, 2370077638, 366402497, 2370077637, 2343994265, 2370077648, 3168949057, 366434313, 5772599065, 366404353, 3168949059, 5778148575, 2366592582, 5772598972, 5772599007, 2295490637, 5778148710, 2295490652, 5778148580, 1769456910, 5778148655, 5772633621, 366383749, 2211350097]",,,Nguyen Tat Thanh Road,,,,yes,,,阮必诚路,,,,,,,,,,,,,,,,,,,,,,,,,,,,,,,,,,,,,,,,,,,,,,,,,,,,,,,,,,,,,,,,,,,,,,,,,,,,,,,,,,,,,,,,,,,,,,,,,,,,,,,
2,,Lý Thái Tổ,primary,94,,,primary,,,,,Lý Thái Tổ,,,,,,,"[2233126178, 2498090057, 3150775224, 5003306411, 5058499837, 2498090051, 2498090048, 3150775222, 2498090058, 2289929129, 4629703851]",,,,,,,yes,,,,,,,,,,,,,,,,,,,,,,,,,,,,,,,,,,,,,,,,,,,,,,,,,,,,,,,,,,,,,,,,,,,,,,,,,,,,,,,,,,,,,,,,,,,,,,,,,,,,,,,,,,
4,,Đường số 13,tertiary,95,,,tertiary,,,,,Đường số 13,,,,,,,"[2946995092, 2946995091, 2946995090, 5772165251, 366431406, 5772165230, 366418167, 5772165245, 5772165247, 5772165268, 366450208, 366402514, 366389883, 5772192583, 366380757]",,,,,,,,,,,,,,,,,,,,,,,,,,,,,,,,,,,,,,,,,,,,,,,,,,,,,,,,,,,,,,,,,,,,,,,,,,,,,,,,,,,,,,,,,,,,,,,,,,,,,,,,,,,,,,,,,
2,,Đinh Tiên Hoàng,primary,96,,,primary,,,,,Đinh Tiên Hoàng,,,,,,,"[411925963, 3175085973, 2231244282, 366440881, 377143137]",,,Dinh Tien Hoang,,,,,,,,,,,,,,,,,,,,,,,,,,,,,,,,,,,,,,,,,,,,,,,,,,,,,,Dinh Tien Hoang,,,,,,,,,,,,,,,,,,,,,,,,,,,,,,,,,,,,,,,,,,,,,,,,,,,,,,,,
4,,Hoàng Sĩ Khải,unclassified,97,,,unclassified,,,,,Hoàng Sĩ Khải,,,,,,,"[5755342633, 366404053, 366453170, 366412329, 366384749, 366474320, 366438488, 3066269091, 3066269088, 366435154, 366452461, 366441944]",,,,,,,,,,,,,,,,,,,,,,,,,,,,,,,,,,,,,,,,,,,,,,,,,,,,,,,,,,,,,,,,,,,,,,,,,,,,,,,,,,,,,,,,,,,,,,,,,,,,,,,,,,,,,,,,,
4,,Ngô Chí Quốc,tertiary,98,,,tertiary,,,,,Ngô Chí Quốc,,,,,,,"[366404766, 366458360, 5757826378, 366466133, 5757826409, 366402732, 366462952, 366419584, 366459572, 366370659, 366425005, 366400104, 366411451, 4936959396, 4936959397, 5757826358, 366475092, 366459387, 366398456, 5757826399, 366415973, 366411683, 5757826401, 5757885338, 366368515, 5757757123, 366424098, 5757756783, 5757756785, 366464646, 5757763475, 5757756811, 5757757151, 5757756784, 5757756772, 5757757147, 5757756819, 5755432451, 366465275, 5757756812, 5755432453, 366465955, 4936959384, 5755432514, 366449798, 4936959385, 5755432519, 5755433522, 5755433558, 5748255066, 3656167777, 4936959426, 5755433523, 366424814, 5755432501, 3744096192, 366385861, 4936959445]",,,,,,,,,,,,,,,,,,,,,,,,,,,,,,,,,,,,,,,,,,,,,,,,,,,,,,,,,,,,,,,,,,,,,,,,,,,,,,,,,,,,,,,,,,,,,,,,,,,,,,,,,,,,,,,,,
4,,Tống Văn Trân,unclassified,99,,,unclassified,,,,,Tống Văn Trân,,,,,,,"[366384813, 4948304955, 5769327051, 4948304960, 6116136040, 366437375, 366471592, 5757501743, 4217007648, 3081272770]",,,,,,,,,,,,,,,,,,,,,,,,,,,,,,,,,,,,,,,,,,,,,,,,,,,,,,,,,,,,,,,,,,,,,,,,,,,,,,,,,,,,,,,,,,,,,,,,,,,,,,,,,,,,,,,,,
4,,Hẻm 341 Khuông Việt,unclassified,100,,,unclassified,,,,,Hẻm 341 Khuông Việt,,,,,,,"[5769345566, 366455636, 6175904584, 4931113072, 5769345434, 5769345569, 5769345568, 5769345567, 3771444835, 5674570418, 6175905304, 5674570420, 3771444836, 5674570622, 5674570626, 3718634727, 5674570628, 3718634728, 6175905305, 5674570630, 3771444830, 5674570632, 6036632845, 5674570634, 5769328354, 6116136047, 6116136049, 6116136045, 5769328353, 6116136043, 5769327052, 5769395322, 366384813]",,,,,,,,,,,,,,,,,,,,,,,,,,,,,,,,,,,,,,,,,,,,,,,,,,,,,,,,,,,,,,,,,,,,,,,,,,,,,,,,,,,,,,,,,,,,,,,,,,,,,,,,,,,,,,,,,
4,,Lê Hoàng Phái,unclassified,101,,,unclassified,,,,,Lê Hoàng Phái,,,,,,,"[366388112, 5939201346, 5939201343, 5755183872, 5939201348, 5755049015, 2247671552, 5755049147, 3129476121, 366458218, 5940794175, 5940794184, 2247671553, 4950373163, 5753314605, 5753314603]",,,,,,,,,,,,,,,,,,,,,,,,,,,,,,,,,,,,,,,,,,,,,,,,,,,,,,,,,,,,,,,,,,,,,,,,,,,,,,,,,,,,,,,,,,,,,,,,,,,,,,,,,,,,,,,,,
4,,,unclassified,102,,,unclassified,,,,,,,,,,,,"[366415984, 5767600931, 366462364, 5767601216, 5767600933, 5767601322, 5767601222, 5767601318, 366449018, 5767601228, 366440525, 5767600855, 366403106, 366422559, 5772027857, 5772027776, 366453032, 5772027859, 366458637, 5772027909, 5772027856, 366405624, 366460570, 366370929, 366479167, 366475002, 366371627, 366436711, 5772027770, 366462125, 5772027868, 366437821, 2326566436, 3316038912, 5772027869]",,,,,,,,,,,,,,,,,,,,,,,,,,,,,,,,,,,,,,,,,,,,,,,,,,,,,,,,,,,,,,,,,,,,,,,,,,,,,,,,,,,,,,,,,,,,,,,,,,,,,,,,,,,,,,,,,
4,,Hẻm 1129 Lạc Long Quân,tertiary,103,,,tertiary,,,,,Hẻm 1129 Lạc Long Quân,,,,,,,"[366368670, 366418543, 366385187]",,,,,,,,,,,,,,,,,,,,,,,,,,,,,,,,,,,,,,,,,,,,,,,,,,,,,,,,,,,,,,,,,,,,,,,,,,,,,,,,,,,,,,,,,,,,,,,,,,,,,,,,,,,,,,,,,
4,,Đường số 14,tertiary,104,,,tertiary,,,,,Đường số 14,,,,,,,"[366399268, 3169809340, 366416771, 366406468, 366460033, 2955347908]",,,,,,,,,,,,,,,,,,,,,,,,,,,,,,,,,,,,,,,,,,,,,,,,,,,,,,,,,,,,,,,,,,,,,,,,,,,,,,,,,,,,,,,,,,,,,,,,,,,,,,,,,,,,,,,,,
1,50.0,Cầu Sài Gòn 1,trunk,105,,,trunk,,,,,Cầu Sài Gòn 1,,,,,,,"[2028465964, 3057506129, 4066355291, 4066355188, 4066363894, 366448616]",,,,,,,yes,,,,50,,no,2,,,yes,,,,,2,,,,,,,,,,,,,,,,,,,,,,,,,,,,,,,,,,,,,,,,,,,,,,,,,,,,,,,,,,,,,,,,,,,,,,,,,,,,,,,,,,,,,,,,,,,
4,,Phạm Văn Chiêu,tertiary,106,,,tertiary,,,,,Phạm Văn Chiêu,,,,,,,"[366376094, 5894559843, 366445362, 3342343843, 3169702457, 4423136078, 366378871, 5894559837, 5894559811, 366460541, 5894559838, 5894559813, 5894559820, 5894559540, 5894559582, 5735781187, 3342343820, 5735781199, 3169702456, 5735781183, 5908190204, 3342343777, 3342343770, 5894559525, 366371730, 5735624046, 366407154, 5894559521, 366390881, 366390486, 3342343752, 366418494, 5735624042, 5735605651, 5736013584, 4632272910, 4632223993, 5736013567, 5902183233, 5902183230, 5763224861, 4962943024, 5736013568, 5902183219, 5735456614, 4423129687, 366408371, 5740105164, 5740105179, 3169702453, 366469708, 5736013570, 4962942809, 366475527, 5740105175, 4962942802, 366430701, 5740061210, 5740105208, 5740105199, 5740061215, 5758101435, 5902182541, 2871641652, 5740061182, 5740105159, 4962942789, 5740061209, 5902077677, 5740105182, 5740105157, 5902077675, 5740105153, 5740169684, 5740246831, 5740246826, 5740169671, 5740105191, 366385231, 5750493406, 4978544565, 5750493411, 5750492699, 5740246821, 5740246825, 366388479, 5740246520, 5750493414, 4978544566, 4631562561, 2871641655, 5750493428, 5758101434, 5750432694, 5818202675, 5750493349, 5902077604, 5750493353, 5748699828, 3169702452, 366472342, 5898691930, 5898691925, 5898691934, 5758101433, 5758101432, 5758254030, 5758101431]",,,,,,,,,,,,,,,,,,,,,,,,,,,,,,,,,,,,,,,,,,,,,,,,,,,,,,,,,,,,,,,,,,,,,,,,,,,,,,,,,,,,,,,,,,,,,,,,,,,,,,,,,,,,,,,,,
4,,Hoà Hưng,tertiary,107,,,tertiary,,,,,Hoà Hưng,,,,,,,"[5778115401, 4611507136, 5063701334, 5063701326, 5059499586, 5063701336, 5063701342, 3734437594, 5059499584, 366388492, 5059499581, 366401260, 5063701263, 5063701259, 5063701248, 366401737, 5059499574, 5063701241, 5063701235, 5778141551, 5059499568, 5059499523, 5059499537, 5063700712, 5063700709, 5063700706, 5059499533, 5063701544, 5063701541, 5778164527]",,,Hoa Hung Street,,,,,,,和兴路,,,,,,,,,,,,,,,,,,,,,,,,,,,,,,,,,,,,,,,,,,,,,,,,,,,,,,,,,,,,,,,,,,,,,,,,,,,,,,,,,,,,,,,,,,,,,,,,,,,,,,,
4,,Thoại Ngọc Hầu,tertiary,108,,,tertiary,,,,,Thoại Ngọc Hầu,,,,,,,"[5769575452, 5769575755, 5769575451, 5769575448, 4381836289, 5769575447, 5769575438, 4381855475, 4381855630, 5006804367, 5772015300, 5769482809, 5769482828, 366466571, 5769482818, 5769482799, 5772015298, 5769482798, 366400448, 4988383950, 5772015296, 4988383956, 4988383958, 2620587146, 366398748, 366401354, 366474089, 366460841, 5552685861, 4932652047, 4988383931, 4988383720, 5772040034, 4988383925, 366408242, 366390286, 4924631905, 4988383926, 4988383929, 366452119, 5772040031, 3830454323, 3830454332, 5772107328, 5772107329, 4932652042, 5778163063, 5093747300, 5093741191, 5093741199, 5778163155, 4661299259, 5772108074, 5778163156, 5778163134, 366386493, 4929831430, 366445046, 366468463, 5778163173, 5778163104, 4213562662, 366404473, 5778163193, 4213562792, 366404501, 4213562796, 5093747265, 366454444, 5778136946, 4974590003, 5093747283, 3081292117, 5778136906, 4102230924, 5769329442]",,,Thoai Ngoc Hau,,,,,,,,,,,,,,,,,,,,,,,,,,,,,,,,,,,,,,,,,,,,,,,,,,,,,,,,,,,,,,,,,,,,,,,,,,,,,,,,,,,,,,,,,,,,,,,,,,,,,,,,,,,,,,
4,,Nguyễn Ngọc Lộc,tertiary,109,,,tertiary,,,,,Nguyễn Ngọc Lộc,,,,,,,"[5780574623, 2433653225]",,,Nguyen Ngoc Loc,,,,,,,,,,,,,,,,,,,,,,,,,,,,,,,,,,,,,,,,,,,,,,,,,,,,,,,,,,,,,,,,,,,,,,,,,,,,,,,,,,,,,,,,,,,,,,,,,,,,,,,,,,,,,,
4,,Nguyễn Văn Khối,tertiary,110,,,tertiary,,,,,Nguyễn Văn Khối,,,,,,,"[4631562561, 5818202691, 5750493431, 2470745108, 5818202696, 5750493363, 2470745114, 5818202700, 5750493346, 2471791320, 2470745112, 5750492705, 2471791317, 5818202702, 366465474, 5763943803, 2470745111, 4792986986, 4792986985, 5763943805, 2470745113, 5750613464, 5750526697, 3290274462, 5750526674, 2470745109, 3290358411, 366424501, 5763943830, 4792986984, 5750526703, 5844253813, 4792986983, 2471790653, 366444523, 5844253829, 2470745102, 5751286528, 2471792502, 2470745103, 5844253843, 2471792503, 2470745110, 5753558004, 2471782020, 5753557996, 5755079618, 5755079616, 366421277, 5762619761, 5755079601, 2686060549, 2686060545, 366478075, 4631562560, 366432007]",,,,,,,,Cây Trâm,,,,,,,,,,,,,,,,,,,,,,,,,,,,,,,,,,,,,,,,,,,,,,,,,,,,,,,,,,,,,,,,,,,,,,,,,,,,,,,,,,,,,,,,,,,,,,,,,,,,,,,,,
4,,Dồng Tâm,unclassified,111,,,unclassified,,,,,Dồng Tâm,,,,,,,"[366441789, 366416430]",,,,,,,,,,,,,,,,,,,,,,,,,,,,,,,,,,,,,,,,,,,,,,,,,,,,,,,,,,,,,,,,,,,,,,,,,,,,,,,,,,,,,,,,,,,,,,,,,,,,,,,,,,,,,,,,,
4,,Lý Chiêu Hoàng,tertiary,112,,,tertiary,,,,,Lý Chiêu Hoàng,,,,,,,"[366421855, 4984435302, 366429259, 5755548644, 366435732, 5755548642, 366477466, 5001123698, 366399118, 3164038606, 5755548648, 3339874409, 3339712050, 5755548657, 366466741, 366437709, 366444241, 366378413]",,,,,,,,,,,,,,,,,,,,,,,,,,,,,,,,,,,,,,,,,,,,,,,,,,,,,,,,,,,,,,,,,,,,,,,,,,,,,,,,,,,,,,,,,,,,,,,,,,,,,,,,,,,,,,,,,
4,,Vườn Lài,tertiary,113,,,tertiary,,,,,Vườn Lài,,,,,,,"[366445476, 366373630, 5767567228, 5003306333, 5003306330, 366435614, 5003306327, 5003306328, 5003306325, 5003306323, 366405261, 5003306321, 3158936120, 2620587033, 366466351, 4616376150, 366402197, 366417329, 5767567205, 3771486808, 366421226, 5112594875, 5767567195, 5767567194, 3771486813, 5767567193, 3158936121, 4976736754, 366380857, 5767645844, 5767645843, 5767646459, 5767645842, 3158936122, 5767645841, 366371524, 366432863, 3830454294, 5769301526, 3158936123, 5769301527, 366471495, 5769301528, 5769301529]",,,,,,,,,,,,,,,,,,,,,,,,,,,,,,,,,,,,,,,,,,,,,,,,,,,,,,,,,,,,,,,,,,,,,,,,,,,,,,,,,,,,,,,,,,,,,,,,,,,,,,,,,,,,,,,,,
2,,Cầu Bình Triệu 1,primary,114,,,primary,,,,,Cầu Bình Triệu 1,,,,,,,"[366465187, 4068007615, 366459139]",,,Binh Trieu Bridge,13,,,yes,,,,,,,1,,,yes,,,,,,,,,,,,,,,,,,,,,,,,,,,,,,,,,,,,,,,,,,,,,,,,,,,,,,,,,,,,,,,,,,,,,,,,,,,,,,,,,,,,,,,,,,,,,,,,
2,,Quốc lộ 13,primary,115,,,primary,,,,,Quốc lộ 13,,,,,,,"[378248411, 366403093, 3108021421, 366423950, 2418512689, 5762703172, 1797562620, 366455657, 366425765, 3137352085, 3137352091, 366406433, 3164006421, 366445472, 3217666018, 2418512683, 3137352096, 366374860, 3137352097, 366418897, 5769305524, 366428762, 366418059, 5769895769, 3164006419, 366413518, 3217666031, 1797562621, 2418512686, 4068481160, 366445885, 3217666039, 366438757, 366448837, 2418512688, 4068481161, 4068481162, 5769614207, 366451711, 5769614224, 2418512680, 5769614211, 4068481164]",,,,13,,,yes,,,,,,,,,,,,,,,,,,,,,,,,,,,,,,,,,,,,,,,,,,,,,,,,,,,,,,,,,,,,,,,,,,,,,,,,,,,,,,,,,,,,,,,,,,,,,,,,,,,,,,,,,,
3,,Huỳnh Tấn Phát,secondary,116,,,secondary,,,,,Huỳnh Tấn Phát,,,,,,,"[5806323052, 366420500, 5806324061, 366379764, 5806323042, 366428415, 366446744, 366417697, 366436102, 5806378066, 366457604, 5811473912, 366445176, 5806324083, 2609809420, 3149148217, 366478112, 5806324094, 5806324088, 3149148218, 366436292, 5811473935, 366399956, 5806324096, 5806229328, 366457323, 366421464, 5806229334, 366463976, 366472415, 5811615663, 2609818004, 366389115, 5811615708, 366439973, 2609818024, 5811615682, 366418970, 5811615658, 5811649267, 366384601, 2609818032, 366446519, 366372968, 366430301, 5166975836, 366467460, 366444837, 5811863980, 366465162, 366442600, 366430547, 5811960485, 366389424, 366457073, 2609809647, 366445809, 5811960480, 366440284, 2609809701, 366405222, 366387280, 5813791230, 5813791166, 366471145, 366429455, 5813822214, 366474204, 366424896, 5813822222, 5813822221]",,,Huynh Tan Phat,,,,,,asphalt,,,,,,,,,,,,,,,,,,,,,,,,,,,,,,,,,,,,,,,,,,,,,,,,,,,,,,,,,,,,,,,,,,,,,,,,,,,,,,,,,,,,,,,,,,,,,,,,,,,,,,,,
4,,Vườn Lài,tertiary,117,,,tertiary,,,,,Vườn Lài,,,,,,,"[2340079042, 5752790987, 5753314580, 5753172764, 5753314576, 2340079044, 5753172785, 5716587704, 5716588239, 2340079035, 5753172781, 5753152931, 5716587710, 2340079036, 2663390814, 5753077441, 5753152605, 2340079041, 5753077429, 5753152959, 5753152604, 5753152946, 5753152941, 5753152617, 5753152943, 5753152606, 5753152954, 2340079030, 5753077516, 4971877380, 366471216, 366473568, 4971877376, 366375700, 366383797, 5737825707, 366382113, 366438060, 4971877372, 366473737, 366423552, 5738555106, 366384257, 366404542]",,,,,,,no,,,,,,,,,,,,,,,,,,,,,,,,,,,,,,,,,,,,,,,,,,,,,,,,,,,,,,,,,,,,,,,,,,,,,,,,,,,,,,,,,,,,,,,,,,,,,,,,,,,,,,,,,,
3,,,trunk_link,118,,,trunk_link,,,,,,,,,,,,"[1834117016, 1834117007, 1834117003, 1834116963, 1834116957, 1834116935, 1834116905, 366386176]",,,,,,,yes,,,,,,,,,,,,,,,,yes,,,,,,,,,,,,,,,,,,,,,,,,,,,,,,,,,,,,,,,,,,,,,,,,,,,,,,,,,,,,,,,,,,,,,,,,,,,,,,,,,,,,,,,,,,
4,,Tân Quý,unclassified,119,,,unclassified,,,,,Tân Quý,,,,,,,"[366471882, 3158933737, 5767261255, 5767261273, 2620587082, 2620587080, 5767240939, 366449943, 5767512140, 3158933738, 366409626]",,,,,,,,,,,,,,,,,,,,,,,,,,,,,,,,,,,,,,,,,,,,,,,,,,,,,,,,,,,,,,,,,,,,,,,,,,,,,,,,,,,,,,,,,,,,,,,,,,,,,,,,,,,,,,,,,
4,,Lê Văn Qưới,tertiary,120,,,tertiary,,,,,Lê Văn Qưới,,,,,,,"[366460919, 4952170647, 4952170646, 366413945, 4952170644, 4952170642, 366372609, 4952170640, 4952170657, 5021688531, 4952170687, 5762760934, 4952170685, 366389754, 4952170161, 5011011872, 5762760946, 4952170688, 5762760930, 4952170690, 4952170692, 5762760932, 4952170219, 4952170216, 366436199, 5006654177, 4952170672, 4952170668, 4952170675, 4952170679, 4952170622, 5755652479, 5755652477]",,,,,,,yes,,,,,,,,,,,,,,,,,,,,,,,,,,,,,,,,,,,,,,,,,,,,,,,,,,,,,,,,,,,,,,,,,,,,,,,,,,,,,,,,,,,,,,,,,,,,,,,,,,,,,,,,,,
4,,Lưu Hữu Phước,tertiary,121,,,tertiary,,,,,Lưu Hữu Phước,,,,,,,"[4813033932, 4813033933, 366439466, 366472677, 366436761, 366403114, 366385371, 4813033934, 5748645912, 366382201, 5748645907, 5748645900, 366431862, 366404467, 366426046, 366413890, 4813033935, 4813033936, 5750857572, 5750857570, 366377032, 5750857547, 5750857545, 366367476, 366438174, 5750857543, 366369672, 5750820574, 366412471, 366419512, 366430000, 366400390, 5750820593, 366459034, 366400600, 366426356, 366433283, 366433918, 366435760, 366439178, 366415781]",,,,,,,,,,,,,,,,,,,,,,,,,,,,,,,,,,,,,,,,,,,,,,,,,,,,,,,,,,,,,,,,,,,,,,,,,,,,,,,,,,,,,,,,,,,,,,,,,,,,,,,,,,,,,,,,,
4,,Võ Văn Ngân,tertiary,122,,,tertiary,,,,,Võ Văn Ngân,,,,,,,"[2332788978, 5758041267, 5758041268, 5758041260, 5758041266, 5758041265, 5758041261, 5758041252, 5758041269, 5758041253, 5758041264, 5142365645, 5758041279, 366413263, 5762874783, 5758041262, 5763147358, 5758041263, 5758041259, 3116282960, 5758041258]",,,Vo Van Ngan,,,,,,,,,,,,,,,,,,,,,,,,,,,,,,,,,,,,,,,,,,,,,,,,,,,,,,,,,,,,,,,,,,,,,,,,,,,,,,,,,,,,,,,,,,,,,,,,,,,,,,,,,,,,,,
3,,Nguyễn Văn Tăng,secondary,123,,,secondary,,,,,Nguyễn Văn Tăng,,,,,,,"[366388157, 366457253, 366422950, 5755050717, 366405910, 3395192818, 2955855312, 2955855311, 366469479, 2955855310, 366412838, 2955855309, 2955855308, 5755051167, 3029272226, 366456317, 366458976, 3395192819, 2955855307, 366427112, 366420716, 5755051122, 5755051121, 366403936, 366459686, 2956123391, 366404596, 2955855306, 366468161, 2955855305, 2955855304, 366473718, 2956123390, 5753514288, 366453287, 366474942, 3395192864, 5753513890, 5753514299, 5755024168, 366377412, 5753513879, 2955855303, 2955855302, 2956123399, 5753514315, 2955855301, 2955855300, 366370443, 2956123387, 366473118, 2956123352, 5416650863, 2956123405, 366388064, 366404347, 2956123408, 2956123411, 5755237881, 5755237637, 2956123413, 366408655]",,,,,,,,,,,,,,,,,,,,,,,,,,,,,,,,,,,,,,,,,,,,,,,,,,,,,,,,,,,,,,,,,,,,,,,,,,,,,,,,,,,,,,,,,,,,,,,,,,,,,,,,,,,,,,,,,
4,,Nguyễn Thái Bình,tertiary,124,,,tertiary,,,,,Nguyễn Thái Bình,,,,,,,"[366418858, 2409408737, 2491883775, 366471427, 366375122, 2078951003, 366445008, 2078950650, 2078950784, 5108956860, 366452900, 2078950680, 366377084, 366368733, 5765334906, 366436618, 366388170, 5721820862, 366402730, 366441125, 366437658, 366447529, 366445567, 2078950850, 2078950541, 2078950642, 366463359, 2078950525, 366453790, 366445868, 5762697889, 366461711, 2078950415, 366397859, 5998453340, 366412850]",,,,,,,,,,,,,,,,,,,,,,,,,,,,,,,,,,,,,,,,,,,,,,,,,,,,,,,,,,,,,,,,,,,,,,,,,,,,,,,,,,,,,,,,,,,,,,,,,,,,,,,,,,,,,,,,,
3,,Quốc lộ 1,trunk_link,125,,,trunk_link,,,,,Quốc lộ 1,,,,,,,"[366443014, 5772493649, 1958801756, 366441405, 366458482, 1958801734, 1958801729, 4068085477, 1958801752, 1958801766]",,,,,,,yes,,,,,,,,,,,,,,,,,,,,,,,,,,,,,,,,,,,,,,,,,,,,,,,,,,,,,,,,,,,,,,,,,,,,,,,,,,,,,,,,,,,,,,,,,,,,,,,,,,,,,,,,,,
4,,Bến Bình Đông,tertiary,126,,,tertiary,,,,,Bến Bình Đông,,,,,Bến Bình Đông,,"[1996745814, 1996654708, 1996745279, 366449572, 5814352048, 366454686, 366435368, 366378791, 5800355539, 1996654008, 366450867, 366387544, 4611681468, 366462030, 366422912, 4202267608, 2040317219, 366431415]",,,Ben Binh Dong,,,,,,,,,,,,,,,,,,,,,,,,,,,,,,,,,,,,,,,,,,,,,,,,,,,,,,,,,,,,,,,,,,,,,,,,,,,,,,,,,,,,,,,,,,,,,,,,,,,,,,,,,,,,,,
4,,Phạm Hữu Lầu,tertiary,127,,,tertiary,,,,,Phạm Hữu Lầu,,,,,,,"[2153156644, 5811875312, 366384110, 2159584348, 2159584309, 366416234, 366434338, 2153156635, 366447546, 366426823, 714567039, 366397697, 366452782, 2153156619, 714567090, 366383786]",,,,,,,no,,,,,,,,,,,,,,,,,,,,,,,,,,,,,,,,,,,,,,,,,,,,,,,,,,,,,,,,,,,,,,,,,,,,,,,,,,,,,,,,,,,,,,,,,,,,,,,,,,,,,,,,,,
4,,Bến Cát,unclassified,128,,,unclassified,,,,,Bến Cát,,,,,,,"[366389775, 366432372, 366415275, 366412916, 5772478040]",,,,,,,,,,,,,,,,,,,,,,,,,,,,,,,,,,,,,,,,,,,,,,,,,,,,,,,,,,,,,,,,,,,,,,,,,,,,,,,,,,,,,,,,,,,,,,,,,,,,,,,,,,,,,,,,,
3,,Cầu vượt Ngã tư Gò Dưa,secondary,129,,,secondary,,,,,Cầu vượt Ngã tư Gò Dưa,,,,,,,"[4068478179, 2326562001, 5767756912, 366421901, 4068481121, 4068481124, 366423181]",,,,TL 43,,,yes,,,,,,,,,,,,,,,,,,,,,,,,,,,,,,,,,,,,,,,,,,,,,,,,,,,,,,,,,,,,,,,,,,,,,,,,,,,,,,,,,,,,,,,,,,,,,,,,,,,,,,,,,,
4,,Minh Phụng,tertiary,130,,,tertiary,,,,,Minh Phụng,,,,,,,"[5813728969, 5813728968, 5772562960, 5772562961, 4088944089, 5813728966, 4595643018, 5813728965, 4595643000, 5813728920, 4932516777, 4933675377, 6169690394, 4933675375, 366417158, 5802614979, 4594381214, 6169690395, 366444551, 366410064, 4932516743, 366370087, 4932516740, 366424990, 3172030508, 4927819085, 366450315, 4929132428, 366448740, 366374497, 4932651995, 366473899, 5788294516, 366438826, 366447739, 366371563, 5044255983, 5766180799, 5788268545, 3172030509, 366368010, 4929861374, 4929861365, 366446193, 5778381660]",,,,,,,yes,,,,,,,,,,,,,,,,,,,,,,,,,,,,,,,,,,,,,,,,,,,,,,,,,,,,,,,,,,,,,,,,,,,,,,,,,,,,,,,,,,,,,,,,,,,,,,,,,,,,,,,,,,
4,,Nguyễn Văn Lạc,tertiary,131,,,tertiary,,,,,Nguyễn Văn Lạc,,,,,,,"[366368125, 5671815958, 366397886, 873513376, 5757778742, 5775221751, 5757778741, 5775221750, 5757778740, 5757778739, 5757778738, 925249834, 2022548955, 5757778737]",,,Nguyen Van Lac,,,,,,,,,,,,,,,,,,,,,,,,,,,,,,,,,,,,,,,,,,,,,,,,,,,,,,,,,,,,,,,,,,,,,,,,,,,,,,,,,,,,,,,,,,,,,,,,,,,,,,,,,,,,,,
4,,Âu Dương Lân,tertiary,132,,,tertiary,,,,,Âu Dương Lân,,,,,,,"[366383949, 2044487078, 2044487010, 2044487060, 2044486732, 2044486473, 5800683748, 5800683751, 5800683723, 5800683724, 3628501750, 366467631, 5668712850, 5800683722, 5762880566, 5762878328, 5762878311, 5762880557, 5762787758]",,,,,,,,,,,,,,,,,,,,,,,,,,,,,,,,,,,,,,,,,,,,,,,,,,,,,,,,,,,,,,,,,,,,,,,,,,,,,,,,,,,,,,,,,,,,,,,,,,,,,,,,,,,,,,,,,
4,,Phan Văn Trị,tertiary,133,,,tertiary,,,,,Phan Văn Trị,,,,,,,"[5755149891, 5773399949, 5755149892, 5768658370, 5755149856, 5755149893, 5773400731, 5755150121, 5755149894, 5463799687, 5755149879, 5773400741, 5773400744, 5768658329, 5773400747, 5773400754, 366425805, 5768658319, 5733213028, 5773400771, 5773400774, 5733213027, 366476912]",Ho Chi Minh,Binh Thanh,Phan Van Tri,,,,,,,,,,,,,,,,,,,,,,,,,,,,,,,,,,,,,,,,,,,,,,,,,,,,,,,,,,,,,,,,,,,,,,,,,,,,,,,,,,,,,,,,,,,,,,,,,,,,,,,,,,,,,,
4,,Đất Thánh,tertiary,134,,,tertiary,,,,,Đất Thánh,,,,,,,"[366459493, 366409605, 4599617361, 366375474, 4608562274, 2930594549, 5295492420, 5772478571, 366419588, 5295492410, 4608562277, 4608562278, 366449169, 366440484, 366473378, 366469192, 366422630, 366461271, 366416518, 366449867, 4903697613, 4903697614, 4903697615]",,,Dat Thanh,,,,,,,,,,,,,,,,,,,,,,,,,,,,,,,,,,,,,,,,,,,,,,,,,,,,,,,,,,,,,,,,,,,,,,,,,,,,,,,,,,,,,,,,,,,,,,,,,,,,,,,,,,,,,,
4,,Số 7,tertiary,135,,,tertiary,,,,,Số 7,,,,,,,"[4943408399, 5737782039, 366441959, 5738451110, 2394643801, 5738451116, 5738451066, 5738451115, 5738451114, 5738451070, 3378081800, 366427253, 5738451113, 5738451112, 5738451111, 366404643, 5738378342, 5738378328, 5738378326, 5738378330, 5738378336]",,,,,,,yes,,,,,,,,,,,,,,,,,,,,,,,,,,,,,,,,,,,,,,,,,,,,,,,,,,,,,,,,,,,,,,,,,,,,,,,,,,,,,,,,,,,,,,,,,,,,,,,,,,,,,,,,,,
2,,Quang Trung,primary,136,,,primary,,,,,Quang Trung,,,,,,,"[4672043489, 5742675400, 4672043388, 366422145, 2487522978, 4672043387, 2353065952, 3175110462, 2487522977, 366457013, 4433894786, 3640176428, 2210912782, 366436008, 5719227256, 2353065949, 5719227254, 2487522984, 5743078027, 366370127, 366368118, 4441523959, 3169694166, 366462367, 3640190319, 5743078025, 5724654565, 3640190320, 366390294, 5888387598, 4441523969, 366418456, 5719110616, 5748077477, 860316979, 366433769, 5886777965, 366399647, 5458416706, 5455593142, 366452490, 5886778495, 4905117722, 366434737, 5458418452, 3640190412, 366464926, 5458427023, 366459665, 5886778530, 4556716397, 4447332019, 366450167, 4441525400, 5458426813, 366369712, 5750742190, 3169694168, 2210912775, 2353073457, 5750742164, 2269044436, 366397299, 3283299615, 2353073474, 5750716467, 3283299616, 5891955534, 366405666, 2353073504, 5750699239, 2353078011, 2353078006]",Ho Chi Minh,Go Vap,Quang Trung,,,,yes,,,,,,,,,,,,,,,,,,,,,,,,,,,,,,,,,,,,,,,,,,,,,,,,,,,,,,,,,,,,,,,,,,,,,,,,,,,,,,,,,,,,,,,,,,,,,,,,,,,,,,,,,,
4,,Đồng Đen,tertiary,137,,,tertiary,,,,,Đồng Đen,,,,,,,"[2409410636, 5765346224, 366404655, 3771486660, 5765346244, 3771486662, 5765346246, 3771485056, 4461977630, 3771485053, 3771485049, 3771485048, 3771485054, 3771485032, 366446583, 366472852, 3186191726, 2930599203, 5769329891, 5769329889, 5769329890, 5769329888, 5769329871, 3771420286, 3771444887, 5769329887, 366463324, 5769329886, 5769329885]",,,Dong Den,,,,,,,,,,,,,,,,,,,,,,,,,,,,,,,,,,,,,,,,,,,,,,,,,,,,,,,,,,,,,,,,,,,,,,,,,,,,,,,,,,,,,,,,,,,,,,,,,,,,,,,,,,,,,,
4,20.0,Hẻm 86 Ông Ích Khiêm,unclassified,138,,,unclassified,,,,,Hẻm 86 Ông Ích Khiêm,,,,,,,"[5758065177, 4217006549, 4217006557, 4217006568, 366441325, 4217006588, 4217007510, 4217007513, 366469338, 4217007547, 4217007550, 366416238, 366454776, 6175932025, 6022345397, 366440319, 366461361, 4217007625, 6175932032, 5765404726, 5765404725, 5765404724]",,,,,,,,,concrete,,20,,,,,,,,,,,,,,,,,,,,,,,,,,,,,,,,,,,,,,no,,,,,,,,,,,,,,,,,,,,,,,,,,,,,,,,,,,,,,,,,,,,,,,,,,,,,,,,,,,,,,,,
4,,Nguyễn Nhược Thị,unclassified,139,,,unclassified,,,,,Nguyễn Nhược Thị,,,,,,,"[3066269084, 3066269086, 3066269087, 3066269083, 3066269089, 366429785, 366429273, 5755342455, 366399615, 366461640]",,,,,,,,,,,,,,,,,,,,,,,,,,,,,,,,,,,,,,,,,,,,,,,,,,,,,,,,,,,,,,,,,,,,,,,,,,,,,,,,,,,,,,,,,,,,,,,,,,,,,,,,,,,,,,,,,
4,,Nguyễn Thị Đặng,tertiary,140,,,tertiary,,,,,Nguyễn Thị Đặng,,,,,,,"[5765420786, 2243684854, 366381870, 5769401764, 2243684864, 366458219, 5769401836, 366402775, 5769401833, 5769401879, 366386201, 1502878844, 5769401827, 1502878845, 5769401478, 1502878846, 5769401860, 366445170, 5765040460, 366468764, 5765040472, 5765040519, 366448171, 5166719134, 3865003960, 5765040525, 5166719137, 5765040550, 366467228, 3865026740, 5762826901, 5044255870, 366384160, 3865027260, 3865027261, 3865026756, 3865026754, 3865027267, 5762747166, 366459803, 5757535098]",,,,,,,,,,,,,,,,,,,,,,,,,,,,,,,,,,,,,,,,,,,,,,,,,,,,,,,,,,,,,,,,,,,,,,,,,,,,,,,,,,,,,,,,,,,,,,,,,,,,,,,,,,,,,,,,,
3,,Nguyễn Hữu Trí,secondary,141,,,secondary,,,,,Nguyễn Hữu Trí,,,,,,,"[366425020, 5028987644, 366473133, 5028987634, 5767087944, 5767087711, 2294255311, 4943522029, 3283298547, 4943522031, 5767087945, 5767087946, 366428205, 5755083708, 5755083711, 5755083713, 366450035, 5755083682, 5755083701, 5755083714, 5755083703, 5755083717, 5755083704, 366398297, 5767087951, 366402833, 5755083690, 5755083686, 366403538]",,,,,,,yes,,,,,,,,,,,,,,,,,,,,,,,,,,,,,,,,,,,,,,,,,,,,,,,,,,,,,,,,,,,,,,,,,,,,,,,,,,,,,,,,,,,,,,,,,,,,,,,,,,,,,,,,,,
4,,Nguyễn Hậu,unclassified,142,,,unclassified,,,,,Nguyễn Hậu,,,,,,,"[366371524, 3830454308, 3830454307, 3830454306, 3830454305, 366381305, 3771486791, 4415719598, 366450290, 5769301536, 3771486784, 366427470, 366457532, 366427428, 366447499, 3771486777, 2438305448, 2438307028, 5767074388]",,,,,,,,Gioan,,,,,,,,,,,,,,,,,,,,,,,,,,,,,,,,,,,,,,,,,,,,,,,,,,,,,,,,,,,,,,,,,,,,,,,,,,,,,,,,,,,,,,,,,,,,,,,,,,,,,,,,,
4,,Số 12,unclassified,143,,,unclassified,,,,,Số 12,,,,,,,"[2496976458, 2496976465, 5767269693, 2496976462, 366467777, 366427133, 366406898, 366462301, 5772165166, 366400860, 5767129040, 366474745, 366453443, 366405718, 5772165164, 5772165200, 5767129007, 5767129009, 5767129000, 3349969405, 366391744, 366434869, 5767184409]",,,,,,,,,,,,,,,,,,,,,,,,,,,,,,,,,,,,,,,,,,,,,,,,,,,,,,,,,,,,,,,,,,,,,,,,,,,,,,,,,,,,,,,,,,,,,,,,,,,,,,,,,,,,,,,,,
4,,Đường Số 15,unclassified,144,,,unclassified,,,,,Đường Số 15,,,,,,,"[366450868, 366463084, 2636591513, 366413441, 366466358, 366477404, 366474831, 366469151, 366432328, 366428573, 3806429597, 366432466, 2299276700, 366411844]",,,,,,,,,,,,,,,,,,,,,,,,,,,,,,,,,,,,,,,,,,,,,,,,,,,,,,,,,,,,,,,,,,,,,,,,,,,,,,,,,,,,,,,,,,,,,,,,,,,,,,,,,,,,,,,,,
4,,Nguyễn Sơn,tertiary,145,,,tertiary,,,,,Nguyễn Sơn,,,,,,,"[2500252752, 5778303421, 5778303422, 2500255257, 5778303423, 2500252796, 5778303424, 5778303425, 5778270833, 3168362865, 366444904, 5778270835, 5778270836, 2500252783, 5778270832, 4547949559, 5778270831, 366401190, 5778270830, 3168362864, 5778236988, 5778236991, 5778236990, 5778236987, 5778236986, 5778236985, 5778236984, 5772040037, 5778236982, 4924631904, 366383235, 5772040002, 3830454313, 5772107328]",,,,,,,yes,,,,,,,,,,,,,,,,,,,,,,,,,,,,,,,,,,,,,,,,,,,,,,,,,,,,,,,,,,,,,,,,,,,,,,,,,,,,,,,,,,,,,,,,,,,,,,,,,,,,,,,,,,
4,,Sư Vạn Hạnh,tertiary,146,,,tertiary,,,,,Sư Vạn Hạnh,,,,,,,"[5772606964, 2690659787, 3160542982, 3718387359, 698217136, 5518776424, 3160542983, 366428890, 5764945075, 366385881, 5764945097, 5764945090, 366454460, 3829419881, 5060404738, 3829419885, 366463831, 2690659915, 1524373649, 1524484228, 4658215963, 1524484245, 1524484193, 3160542984, 1524373635, 1738852193, 5060404731, 5060403011, 3160542985, 1524489324, 3301809364]",Hồ Chí Minh,10,Su Van Hanh,,,,,,,,,,,,,,,,no,no,,,,,,,,,,,,,,,,,,,,,,,,,,,,,,,,,,,,,,,,,,,,,,,,,,,,,,,,,,,,,,,,,,,,,,,,,,,,,,,,,,,,,,,,,,,,,
2,,Phan Thúc Duyện,primary,147,,,primary,,,,,Phan Thúc Duyện,,,,,,,"[5721685975, 366419947, 366437635]",,,,,,,yes,,,,,,,,,,,,,,,,,,,,,,,,,,,,,,,,,,,,,,,,,,,,,,,,,,,,,,,,,,,,,,,,,,,,,,,,,,,,,,,,,,,,,,,,,,,,,,,,,,,,,,,,,,
4,,Đường B1,unclassified,148,,,unclassified,,,,,Đường B1,,,,,,,"[2079964070, 366398253]",,,,,,,,,,,,,,,,,,,,,,,,,,,,,,,,,,,,,,,,,,,,,,,,,,,,,,,,,,,,,,,,,,,,,,,,,,,,,,,,,,,,,,,,,,,,,,,,,,,,,,,,,,,,,,,,,
4,,Hoàng Hoa Thám,unclassified,149,,,unclassified,,,,,Hoàng Hoa Thám,,,,,,,"[366373991, 2409408742, 2079964268, 2078950811, 2079964484, 2078950921, 2079964793, 2079964342, 5762689226, 2079964245, 2079964557, 366409261, 2078950617, 5762689232, 366467129, 2146838339]",Ho Chi Minh,Tan Binh,,,,,,,,,,,,,,,,,,,,,,,,,,,,,,,,,,,,,,,,,,,,,,,,,,,,,,,,,,,,,,,,,,,,,,,,,,,,,,,,,,,,,,,,,,,,,,,,,,,,,,,,,,,,,,,
4,,,unclassified,150,,,unclassified,,,,,,,,,,,,"[366451248, 5751069633, 366403639, 5751069429, 366454306, 5751069432, 5751069434, 5751069435, 366444275, 5748339543, 5751069498, 366369587, 5751069499, 5751069459, 5751069456, 5751069463, 5751069467, 366467245, 5751069480, 5748777194, 5748777188, 366449421, 5748777186, 5750430712, 366477490, 366450739, 5750431071, 366431376, 5750431094, 5748339168, 2386042601, 5748339563, 3379525628, 3379525634, 5742794823, 3379525644, 3379525646, 3379525652, 3379525654, 3379525655, 366399295, 5742719759, 366418795, 366446182, 366460652, 366403774, 366422786, 366420572, 366475108, 366460251]",,,,,,,,,,,,,,,,,,,,,,,,,,,,,,,,,,,,,,,,,,,,,,,,,,,,,,,,,,,,,,,,,,,,,,,,,,,,,,,,,,,,,,,,,,,,,,,,,,,,,,,,,,,,,,,,,
2,60.0,Nguyễn Văn Linh,primary,151,,,primary,,,,,Nguyễn Văn Linh,,,,,,,"[373515989, 5367395115, 1894607909, 5789152242, 5367380331, 2288703781, 3168971479, 2934154437, 1768347226, 2934599698, 1628403446]",,,,,,,yes,,,,60,,,,,,,,,,,,,,,,,,,,,,,,,,,,,,,,,,,,,,,,,,,,,,,,,,,,,,,,,,,,,,,,,,,,,,,,,,,,,,,,,,,,,,,,,,,,,,,,,,,,,,
4,,Ngô Gia Tự,tertiary,152,,,tertiary,,,,,Ngô Gia Tự,,,,,,,"[4616051257, 4616051265, 1996654032, 366469330, 3151254801, 4045610077, 5788957680]",,,,,,,yes,,,,,yes,yes,,,,,no,,,no,,,,,,,,,,,designated,,,,,,,,,,,,,,,,,,,,,,,,,,,,,,,,,,,,,,,,,,,,,,,,,,,,,,,,,,,,,,,,,,,,,,,,,,,,,,,,,
4,,Trần Văn Quang,unclassified,153,,,unclassified,,,,,Trần Văn Quang,,,,,,,"[366370884, 3718634740, 3718634741, 3718634742, 3718634743, 366409955, 3771420353, 5772170144, 366424751, 5772170132, 3771420362, 366466560, 5772170130, 5772170131, 366399313, 3718634744, 366409007, 5092124984, 366392930, 366430927, 2495738891, 5772194292]",,,,,,,,,,,,,,,,,,,,,,,,,,,,,,,,,,,,,,,,,,,,,,,,,,,,,,,,,,,,,,,,,,,,,,,,,,,,,,,,,,,,,,,,,,,,,,,,,,,,,,,,,,,,,,,,,
4,,Đường số 8,tertiary,154,,,tertiary,,,,,Đường số 8,,,,,,,"[5151366671, 5151366673, 366415700, 5458426807, 366369377, 5891954860, 366435643, 5750742153, 5151366683, 366461845, 5716927892, 3242682804, 5891955554, 366369386, 5151366689, 366413603, 5891955486, 366455710, 5890230616, 366445188, 4967492369, 5755098113, 5755098111, 5755098117, 366419518, 366469526, 5890201263, 5755098835, 5890201261, 2470745106, 5890201269, 3174416232, 5751286568, 366441718, 5890201274, 366436010, 5750804446, 366400073, 366408602, 366378980, 5751080904, 5890111230, 5751081831, 366401436, 5890201216, 3174416233, 5890201210, 5751081767, 5751081809, 5751081770, 5751081772, 5890201198, 2470756525, 5890111187, 366445420, 5751081744, 5890111195, 366403341, 5890111255, 5751080909, 5890111259, 5750733932, 5750640225, 5890111253, 5890111250, 5750640221, 5890111208, 5750639018, 5750733929, 4962944392, 5890111247, 366400415]",Ho Chi Minh,Go Vap,Road No.8,,11,,,,,,,,,,,,,,,,,,,,,,,,,,,,,,,,,,,,,,,,,,,,,,,,,,,,,,,,,,,,,,,,,,,,,,,,,,,,,,,,,,,,,,,,,,,,,,,,,,,,,,,,,,,,
4,,Đường số 17,unclassified,155,,,unclassified,,,,,Đường số 17,,,,,,,"[366415087, 5772493554, 3117088448, 1958801561, 5772276199, 5772276192, 366404421, 3117088308, 3117088299, 366413804, 5772276180, 366422920, 3117088250, 2946995132, 5778217285, 3117088236, 1958801421, 5778217286, 366372847, 5778217287, 4505459987, 366385818, 366406530, 4505459986, 5778217288, 366427902, 1958801336, 5778217289, 1958801317, 1958801311, 5772269443, 366472520, 5772269442, 4505459985, 366376362, 5778217290, 5772269441, 5778217293, 1958801301, 5778217291, 5778217292, 5772269444, 1958801296, 5778217294, 3117088090, 1958801298, 5778217298, 5778271889, 4501735859]",,,,,,,no,,,,,,,,,,,,,,,,,,,,,,,,,,,,,,,,,,,,,,,,,,,,,,,,,,,,,,,,,,,,,,,,,,,,,,,,,,,,,,,,,,,,,,,,,,,,,,,,,,,,,,,,,,
2,,Phan Đăng Lưu,primary,156,,,primary,,,,,Phan Đăng Lưu,,,,,,,"[366417290, 3141309629, 1671468573, 5350664362, 4989081992, 4989081995, 4989081996, 4989081999, 4989081997, 4989082000, 4989082001, 4989082002, 4989082004, 366423565]",,Binh Thanh,Bach Dang,,,,yes,,,,,,,,,,,,,,,,,,,,,,,,,,,,,,,,,,,,,,,,,,,,,,,,,,,,,,,,,,,,,,,,,,,,,,,,,,,,,,,,,,,,,,,,,,,,,,,,,,,,,,,,,,
2,,Nguyễn Văn Cừ,primary,157,,,primary,,,,,Nguyễn Văn Cừ,,,,,,,"[5762610076, 5780758070, 1765166515, 2469697627, 2469697625, 1765166516, 2469697628, 366462922]",,,,,,,yes,,asphalt,,,,,,,,,,,,,6,,,,,,,,,,,,,,,,,,,,,,,,,,,,,,,,,,,,,,,,,,,,,,,,,,,,,,,,,,,,,,,,,,,,,,,,,,,,,,,,,,,,,,,,,,,
4,,Bàu Cát,tertiary,158,,,tertiary,,,,,Bàu Cát,,,,,,,"[5769329892, 5769329891, 366416456, 2495745977, 366439908, 2495745974, 366474550]",,,Bau Cat,,,,yes,,,,,,,,,,,,,,,,,,,,,,,,,,,,,,,,,,,,,,,,,,,,,,,,,,,,,,,,,,,,,,,,,,,,,,,,,,,,,,,,,,,,,,,,,,,,,,,,,,,,,,,,,,
4,,Cây Bàng,tertiary,159,,,tertiary,,,,,Cây Bàng,,,,,,,"[5748270176, 366445802, 366399887, 5748270173, 366411557, 366378222, 366372910, 366461366, 366422591, 366453156, 5735775194, 366409801, 366468954, 366426154, 5735775198, 366417787, 5735777725, 366460917, 366426022, 366477415, 5735775192, 366456276, 5738255293, 5738255304, 366453293, 5738255294, 1852795966, 1852795967, 5748430364]",,,,,,,,,,,,,,,,,,,,,,,,,,,,,,,,,,,,,,,,,,,,,,,,,,,,,,,,,,,,,,,,,,,,,,,,,,,,,,,,,,,,,,,,,,,,,,,,,,,,,,,,,,,,,,,,,
4,,Ni Sư Huỳnh Liên,tertiary,160,,,tertiary,,,,,Ni Sư Huỳnh Liên,,,,,,,"[366432089, 2495738894, 5778117565, 2495738881, 2495738902, 2325185446, 5778117633, 2495738885, 366477181, 2325185441, 5778117445, 366442074, 5778117444, 5778117443, 366422319, 2495737095, 366447469, 2325193861, 2325193863, 2325193864, 5772508128]",,,,,,,,,,,,,,,,,,,,,,,,,,,,,,,,,,,,,,,,,,,,,,,,,,,,,,,,,,,,,,,,,,,,,,,,,,,,,,,,,,,,,,,,,,,,,,,,,,,,,,,,,,,,,,,,,
4,,Hiệp Bình,tertiary,161,,,tertiary,,,,,Hiệp Bình,,,,,,,"[3726299024, 4068001346, 4068001372, 3099101635, 366464035]",,,Hiep Binh,,,,,,,,,,,,,,,,,,,,,,,,,,,,,,,,,,,,,,,,,,,,,,,,,,,,,,,,,,,,,,,,,,,,,,,,,,,,,,,,,,,,,,,,,,,,,,,,,,,,,,,,,,,,,,
4,,Hiền Vương,tertiary,162,,,tertiary,,,,,Hiền Vương,,,,,,,"[5006804382, 366407277, 366467308, 5778270827, 366451497, 366385280, 2500257348, 366400160, 366472429, 366404110]",,,,,,,yes,,,,,,,,,,,,,,,,,,,,,,,,,,,,,,,,,,,,,,,,,,,,,,,,,,,,,,,,,,,,,,,,,,,,,,,,,,,,,,,,,,,,,,,,,,,,,,,,,,,,,,,,,,
4,,Nguyễn Biểu,tertiary,163,,,tertiary,,,,,Nguyễn Biểu,,,,,,,"[5806004698, 5806004417, 3186264463, 5806004682, 366386119, 4315295144, 1657521915, 5806004395, 5806004391, 5806004446, 5806004392, 5806004443, 366451156]",,,,,,,,,,,,,,,,,,,,,,,,,,,,,,,,,,,,,,,,,,,,,,,,,,,,,,,,,,,,,,,,,,,,,,,,,,,,,,,,,,,,,,,,,,,,,,,,,,,,,,,,,,,,,,,,,
2,,Lý Thường Kiệt,primary,164,,,primary,,,,,Lý Thường Kiệt,,,,,Ly Thuong Kiet,,"[2414259537, 366407693, 366446418, 3220146662, 366439891, 3220146454, 366398123, 366439469, 366440783, 3220146437, 366379959, 366371983, 366437750, 1422247370, 5738080770, 366466170, 5755254399, 366438581]",,,,9,,,,,,,,,,,,,,,,,,,,,,,,,,,,,,,,,,,,,,,,,,,,,,,,,,,,,,,,,,,,,,,,,,,,,,,,,,,,,,,,,,,,,,,,,,,,,,,,,,,,,,,,,,,,,
4,,,unclassified,165,,,unclassified,,,,,,,,,,,,"[366425644, 366451518, 2684989011]",,,,,,,,,,,,,,,,,,,,,,,,,,,,,,,,,,,,,,,,,,,,,,,,,,,,,,,,,,,,,,,,,,,,,,,,,,,,,,,,,,,,,,,,,,,,,,,,,,,,,,,,,,,,,,,,,
4,,Lê Hồng Phong,tertiary,166,,,tertiary,,,,,Lê Hồng Phong,,,,,,,"[4614090210, 366456825, 5045656715, 5045657014, 3116339943, 366436124, 5045657003, 5045657098, 5045656934, 366446516, 5045657031, 5045656990, 5045657040, 4646884397, 5045657050, 366446521]",,,,,,,no,,,,,,,,,,,,,,,,,,,,,,,,,,,,,,,,,,,,,,,,,,,,,,,,,,,,,,,,,,,,,,,,,,,,,,,,,,,,,,,,,,,,,,,,,,,,,,,,,,,,,,,,,,
4,,Nguyễn Tuyển,unclassified,167,,,unclassified,,,,,Nguyễn Tuyển,,,,,,,"[366387719, 5738173013, 1834116255, 5738173015, 1834116258, 5738173017, 1834116261, 5728549258, 1834116283, 1834881032, 1834116361, 366418585, 366462999, 5728549264, 366372316, 366447140, 366398727]",,,,,,,,,,,,,,,,,,,,,,,,,,,,,,,,,,,,,,,,,,,,,,,,,,,,,,,,,,,,,,,,,,,,,,,,,,,,,,,,,,,,,,,,,,,,,,,,,,,,,,,,,,,,,,,,,
4,,Lê Thị Hà,unclassified,168,,,unclassified,,,,,Lê Thị Hà,,,,,,,"[366408561, 366379996, 3220146441, 366466954, 366473510, 366469006, 366466946, 3220146412, 2414261824, 5738377330, 366477532, 5738377372, 5735927809, 5738377433, 5735927808]",,,Le Thi Ha,,,,,,,,,,,,,,,,,,,,,,,,,,,,,,,,,,,,,,,,,,,,,,,,,,,,,,,,,,,,,,,,,,,,,,,,,,,,,,,,,,,,,,,,,,,,,,,,,,,,,,,,,,,,,,
4,,Tân Xuân 2,unclassified,169,,,unclassified,,,,,Tân Xuân 2,,,,,,,"[366439454, 5735589452, 4069505891, 5738491115, 366379855, 3700589661, 5738491102, 5738491119, 737199250, 5738491113, 366418712, 366372553, 366442232, 366411486, 366408945, 5738538331, 366386653, 5738538367, 5738538333, 366445159, 366417540, 366377137, 5740046620, 366433865, 366422883]",,,Tan Xuan 2,,,,,,,,,,,,,,,,,,,,,,,,,,,,,,,,,,,,,,,,,,,,,,,,,,,,,,,,,,,,,,,,,,,,,,,,,,,,,,,,,,,,,,,,,,,,,,,,,,,,,,,,,,,,,,
4,,Ngô Nhân Tịnh,tertiary,170,,,tertiary,,,,,Ngô Nhân Tịnh,,,,,,,"[5800355518, 5800355517, 5800355519, 5800355522, 5800355516, 5800355521, 5800355520, 5800355515, 5800355523, 4658499310, 4583475971]",,,,,,,,,,,,,,,,,,,,,,,,,,,,,,,,,,,,,,,,,,,,,,,,,,,,,,,,,,,,,,,,,,,,,,,,,,,,,,,,,,,,,,,,,,,,,,,,,,,,,,,,,,,,,,,,,
4,,Bùi Hữu Nghĩa,tertiary,171,,,tertiary,,,,,Bùi Hữu Nghĩa,,,,,Bùi Hữu Nghĩa,,"[5794854817, 1997154808, 1997154148, 366426543, 366448311]",,Quan 5,Bui Huu Nghia,,,,,,,,,,,,,,,,,,,,,,,,,,,,,,,,,,,,,,,,,,,,,,,,,,,,,,,,,,,,,,,,,,,,,,,,,,,,,,,,,,,,,,,,,,,,,,,,,,,,,,,,,,,,,,
2,,Phan Đăng Lưu,primary,172,,,primary,,,,,Phan Đăng Lưu,,,,,,,"[2351201590, 4989081991, 4989081990, 4989081988, 5350664363, 5764779794, 4989081989, 5764779769, 5778872969, 366456000, 366469145, 366435365]",Ho Chi Minh,Bình Thạnh,Phan Đang Luu,,,,yes,,,,,,,,,,,,,,,,,,,,,,,,,,,,,,,,,,,,,,,,,,,,,,,,,,,,,,,,,,,,,,,,,,,,,,,,,,,,,,,,,,,,,,,,,,,,,,,,,,,,,,,,,,
4,,Cầu Chữ Y,tertiary,173,,,tertiary,,,,,Cầu Chữ Y,,,,,,,"[366383389, 4614323729, 383552889, 5800683733]",,,,,,,,,asphalt,,,,,5,,,yes,,,,,2,,,,,,,,,,,,,,,,,,,,,,,,,,,,,,,,,,,,,,,,,,,,,,,,,,,,,,,,,,,,,,,,,,,,,,,,,,,,,,,,,,,,,,,,,,,
2,,Nguyễn Thái Sơn,primary,174,,,primary,,,,,Nguyễn Thái Sơn,,,,,,,"[2469693281, 4851135951, 2496916474]",,,,,,,yes,,,,,,,,,,,,no,no,,,,,,,,,,,,,,,,,,,,,,,,,,,,,,,,,,,,,,,,,,,,,,,,,,,,,,,,,,,,,,,,,,,,,,,,,,,,,,,,,,,,,,,,,,,,,
3,,Bạch Đằng,secondary,175,,,secondary,,,,,Bạch Đằng,,,,,,,"[4672023664, 5737956404, 5737956405, 366449378, 366465101, 4851135950, 366445533, 5719227266, 5719227265, 5719227264, 2366630516, 4896345056, 2366630520, 4001743973, 366467118, 5737817884, 366384230, 4440166374, 4936385097, 366422667, 4440166372, 366370841, 366367847, 4440166378, 366423903, 3169684692, 741845249]",P.2,Tan Binh,,,,,yes,,,,,,,,,,,,,,,,,,,,,,,,,,,,,,,,,,,,,,,,,,,,,,,,,,,,,,,,,,,,,,,,,,,,,,,,,,,,,,,,,,,,,,,,,,,,,,,,,,,,,,,,,,
4,,Phạm Thế Hiển,tertiary,176,,,tertiary,,,,,Phạm Thế Hiển,,,,,,,"[2040317322, 2040317337, 2040317210, 2040317317, 2040317146, 366475120]",,,,,,,yes,,,,,,,,,,,,,,,,,,,,,,,,,,,,,,,,,,,,,,,,,,,,,,,,,,,,,,,,,,,,,,,,,,,,,,,,,,,,,,,,,,,,,,,,,,,,,,,,,,,,,,,,,,
2,,Quang Trung,primary,177,,,primary,,,,,Quang Trung,,,,,,,"[2414259516, 366407505, 3220146695, 366452024, 366398556, 366368737, 366441972, 366370214, 366408561, 3700589844, 3700589843, 366443748, 2414261827, 3220146677, 366415814, 366469200, 3220146675, 366435000, 366412821, 366435264]",,,To Ky,9,,,,,,,,,,,,,,,,,,,,,,,,,,,,,,,,,,,,,,,,,,,,,,,,,,,,,,,,,,,,,,,,,,,,,,,,,,,,,,,,,,,,,,,,,,,,,,,,,,,,,,,,,,,,,
4,,Đào Duy Anh,tertiary,178,,,tertiary,,,,,Đào Duy Anh,,,,,,,"[366409374, 3167034801, 709848788, 4936464064, 366479148, 710640664, 710640675, 710640672, 3654996591, 3198136315, 710640651, 5755401023, 3167034802, 5755401030, 5755401028, 5755399607, 1394527830, 1394527829, 366409274, 5721608389]",,,,,,,yes,,,,,,,,,,,,,,,,,,,,,,,,,,,,,,,,,,,,,,,,,,,,,,,,,,,,,,,,,,,,,,,,,,,,,,,,,,,,,,,,,,,,,,,,,,,,,,,,,,,,,,,,,,
4,,Tô Hiến Thành,tertiary,179,,,tertiary,,,,,Tô Hiến Thành,,,,,,,"[4655963176, 5240704523, 2302073725, 3118842029, 5757673280, 4666695460, 366383168, 5243849435, 3088844994, 3088844993, 3118842030, 4662998247, 6013212713, 5073779377, 366469100, 1552973814, 5765019259, 5760300651, 3118842031, 5772606969, 5772606968, 5772606970, 366438638, 5772606972, 366370938, 366419772, 5772606965, 2690659780, 4927867379, 2690659782, 5772606964, 5063701502, 5352824737, 2690659778, 366385591, 3718387345, 3718387349, 366377012, 2930534049, 5074798778, 5063701495, 4120151674, 366403850, 366464770, 366434727, 3718387279, 5063701433, 3718387319, 5063701425, 5063701430, 3718387308, 5063701421, 5074798961, 5063701411, 4875861250]",,,To Hien Thanh Street,,,,,,,,,,,,,,,,,,,,,,,,,,,,,,,,,,,,,,,,,,,,,,,,,,,,,,,,,,,,,,,,,,,,,,,,,,,,,,,,,,,,,,,,,,,,,,,,,,,,,,,,,,,,,,
4,,Xô Viết Nghệ Tĩnh,tertiary,180,,,tertiary,,,,,Xô Viết Nghệ Tĩnh,,,,,,,"[366417938, 2030638652, 5737933073, 2030639573, 2030639511, 5737933035]",,,,,,,no,,,,,,,,,,,,,,,,,,,,,,,,,,,,,,,,,,,,,,,,,,,,,,,,,,,,,,,,,,,,,,,,,,,,,,,,,,,,,,,,,,,,,,,,,,,,,,,,,,,,,,,,,,
4,,Trần Quý,tertiary,181,,,tertiary,,,,,Trần Quý,,,,,,,"[5778381640, 3171996450, 4988324823, 6174054691, 6174054695, 366370396, 6174054716, 6022610281, 5778381619, 5552685838, 5778381618, 5778381617, 5778381616, 5802861312, 366407151, 4932651968, 4932651972, 5778381615, 5778381614, 5778381613, 5778381612, 5778381611, 5802717070, 6174054747, 6174054749, 5802717069]",,,,,,,,,,,,,,,,,,,,,,,,,,,,,,,,,,,,,,,,,,,,,,,,,,,,,,,,,,,,,,,,,,,,,,,,,,,,,,,,,,,,,,,,,,,,,,,,,,,,,,,,,,,,,,,,,
4,,Nguyễn Văn Đậu,tertiary,182,,,tertiary,,,,,Nguyễn Văn Đậu,,,,,,,"[366385378, 366446463, 5733213064, 3631190535, 366409992, 5768416941, 5733217763, 366442970, 5768416935, 366401530, 5733213096, 5772099194, 366404491, 366419743, 5768556187, 366437457, 5721505890, 366386761, 366400198]",,,,,,,no,,,,,,,,,,,,no,no,,,,,,,,,,,,,,,,,,,,,,,,,,,,,,,,,,,,,,,,,,,,,,,,,,,,,,,,,,,,,,,,,,,,,,,,,,,,,,,,,,,,,,,,,,,,,
4,,Nguyễn Thị Nhỏ,tertiary,183,,,tertiary,,,,,Nguyễn Thị Nhỏ,,,,,,,"[366420778, 366468340, 3160543547, 366371126, 366368264]",,,,,,,,,,,,,,,,,,,,,,,,,,,,,,,,,,,,,,,,,,,,,,,,,,,,,,,,,,,,,,,,,,,,,,,,,,,,,,,,,,,,,,,,,,,,,,,,,,,,,,,,,,,,,,,,,
4,,Trần Văn Mười,tertiary,184,,,tertiary,,,,,Trần Văn Mười,,,,,,,"[366384568, 5753316917, 5753317105, 5753317087, 366463442, 5753316920, 3220145977, 366438743, 3220145998, 366400948, 3220146006, 366384543, 366469836, 5753317047, 3220146036, 366448909, 366435298, 5753346888, 366377334, 3220146077, 366442467, 5755027992, 5753506635, 366417833, 5755027994, 366401957, 366475340, 5755027999, 3220146143, 366370544, 5755027928, 366391991, 4865562374, 5753506680, 3220146187, 5755027996, 366463090, 5755027998, 5755027924, 5751186784, 366413383, 366387812, 5751186786, 366381960, 5751186788, 5751186774, 366454596, 366393306, 5751186791, 366377267, 5751186793, 366414558, 366375439, 366381887, 366372518, 5751225897, 366473865, 366403910, 5751186800, 5748739045, 3220146308, 5748707947, 5748739077, 3220146335, 366435587, 366367370, 366404415, 366468548, 4865562429, 4865562428, 4865562430, 4865562431, 366466530, 4865562426, 4865562432, 366436058, 366419695, 366475490, 366471544, 4464058133, 366468912, 366441705, 5740640320, 4865562433, 366399879, 5740581596, 3220146365, 5740641342, 366380580, 5740581589, 5748074610, 366428351, 5740641332, 366405393, 5740641340, 366455128, 366400358, 366463891, 5748074831, 5748074608, 5740581528, 366463555, 5748074789, 366432728, 5748074741, 5740180440, 5740180438, 5740180428, 366428308, 3700589498, 5740180437, 5755254579, 5740180436, 5156614480, 5740180435]",,,,,,,,,,,,,,,,,,,,,,,,,,,,,,,,,,,,,,,,,,,,,,,,,,,,,,,,,,,,,,,,,,,,,,,,,,,,,,,,,,,,,,,,,,,,,,,,,,,,,,,,,,,,,,,,,
2,,Hùng Vương,primary,185,,,primary,,,,,Hùng Vương,,,,,,,"[5762610081, 5780641549, 5780641548, 5780641547, 5780641546, 5780641545, 5780641544, 366446521]",Ho Chi Minh City,10,,,,,yes,,,,,,,,,,,,,,,,,,,,,,,,,,,,,,,,,,,,,,,,,,,,,,,,,,,,,,,,,,,,,,,,,,,,,,,,,,,,,,,,,,,,,,,,,,,,,,,,,,,,,,,,,,
4,,Tân Sơn Nhì,unclassified,186,,,unclassified,,,,,Tân Sơn Nhì,,,,,,,"[2409402335, 366422642, 2049210191, 5097414410, 5109567398, 366455150, 366466453, 5003306371, 2049210145, 4974589992, 5758081969, 366458412, 5758082010, 5721938906, 5758082016, 5109567392, 3830454074, 3771499610, 366441305, 4974589991, 3830454111, 3771499611, 3830454123, 3830454105, 3830454115, 5767088728, 5778872967, 366377198, 3095291591, 5767088698, 3158928455, 5109568284, 366413923, 5767088726, 366373742]",,,Tan Son Nhi,,,,,,,,,,,,,,,,,,,,,,,,,,,,,,,,,,,,,,,,,,,,,,,,,,,,,,,,,,,,,,,,,,,,,,,,,,,,,,,,,,,,,,,,,,,,,,,,,,,,,,,,,,,,,,
2,,Cách Mạng Tháng Tám,primary,187,,,primary,,,,,Cách Mạng Tháng Tám,,,,,,,"[4646769645, 5778212556, 3160535889, 411921991, 5778164489, 2690659691, 2690659695, 2690659611, 2690659614, 411925883]",,Quận 10,,,,,no,,,,,,,,,,,,,,,,,,,,,,,,,,,,,,,,,,,,,,,,,,,,,,,,,,,,,,,,,,,,,,,,,,,,,,,,,,,,,,,,,,,,,,,,,,,,,,,,,,,,,,,,,,
4,,Bùi Hữu Nghĩa,tertiary,188,,,tertiary,,,,,Bùi Hữu Nghĩa,,,,,,,"[5757535101, 5767156750, 366426897]",,Binh Thanh,Bui Huu Nghia,,,,yes,,,,,,,,,,,,,,,,,,,,,,,,,,,,,,,,,,,,,,,,,,,,,,,,,,,,,,,,,,,,,,,,,,,,,,,,,,,,,,,,,,,,,,,,,,,,,,,,,,,,,,,,,,
4,,,unclassified,189,,,unclassified,,,,,,,,,,,,"[5772608660, 5772478043, 5772478042, 5772478041, 5772478040]",,,,,,,,,,,,,,,,,,,,,,,,,,,,,,,,,,,,,,,,,,,,,,,,,,,,,,,,,,,,,,,,,,,,,,,,,,,,,,,,,,,,,,,,,,,,,,,,,,,,,,,,,,,,,,,,,
3,,Tỉnh lộ 43,secondary,190,,,secondary,,,,,Tỉnh lộ 43,,,,,,,"[366377815, 366455944, 366462224, 5755329096, 366478852, 366419211, 5755329082, 366416772, 366433298, 366441488, 366420023, 366398710, 366477375, 3744097937, 366386582, 366392830, 5755319711, 366391914, 4936959382, 366377672, 366379789, 3744097928, 366416514, 366414359, 3744097312, 366379524, 3744097926, 366374902]",,,,TL 43,,,,,,,,,,,,,,,,,,,,,,,,,,,,,,,,,,,,,,,,,,,,,,,,,,,,,,,,,,,,,,,,,,,,,,,,,,,,,,,,,,,,,,,,,,,,,,,,,,,,,,,,,,,,,
4,,Huỳnh Thiện Lộc,unclassified,191,,,unclassified,,,,,Huỳnh Thiện Lộc,,,,,,,"[5772108075, 5093741207, 3830454348, 3830454344, 5001800238, 3830454354, 5001800236, 366414017, 3830454350, 4213562607, 4213562606, 5772157709]",,,,,,,,,,,,,,,,,,,,,,,,,,,,,,,,,,,,,,,,,,,,,,,,,,,,,,,,,,,,,,,,,,,,,,,,,,,,,,,,,,,,,,,,,,,,,,,,,,,,,,,,,,,,,,,,,
4,,Lương Định Của,tertiary,192,,,tertiary,,,,,Lương Định Của,,,,,Lương Định Của,,"[366419842, 366402301, 2967989454, 366474868, 2965462047, 2965462048, 366466932, 366423004, 366413045, 5740547411, 366463508, 5740547530, 5740547529, 5740547528, 5740547527, 5740547526, 5740547525, 5740547524, 5740547521, 5740547523, 366443967, 383589549]",,,Luong Dinh Cua,,,,,,,,,,,,,,,,,,,,,,,,,,,,,,,,,,,,,,,,,,,,,,,,,,,,,,,,,,,,,,,,,,,,,,,,,,,,,,,,,,,,,,,,,,,,,,,,,,,,,,,,,,,,,,
4,,Bành Văn Trân,tertiary,193,,,tertiary,,,,,Bành Văn Trân,,,,,,,"[366451136, 366465265, 5293846864, 366449839, 5293846906, 366421768, 5769437317, 366436401, 366426340, 366460683, 5778752799, 366445199]",,,,,,,,,,,,,,,,,,,,,,,,,,,,,,,,,,,,,,,,,,,,,,,,,,,,,,,,,,,,,,,,,,,,,,,,,,,,,,,,,,,,,,,,,,,,,,,,,,,,,,,,,,,,,,,,,
4,,Tô Ngọc Vân,tertiary,194,,,tertiary,,,,,Tô Ngọc Vân,,,,,,,"[5772464363, 366418823, 2952826196, 2326572832, 366391391, 366420385, 2952826246, 5769474298, 2326571629, 2952826267, 2326571687, 5769474415, 2952826281, 2326571654, 2326571668, 366387255, 366383433, 366412989, 3178503261, 5769474289, 366404561, 5769474295, 5769474255, 366469999, 2326571644, 366374638, 2952826370, 2952826371, 366416856, 849260063, 3349899914, 3349899913, 366429140, 2929925882, 2929925883, 366383242, 366369871, 5763193249, 366448154, 366448720, 5764780958, 366444178, 4465902083, 5764780955, 5762874805, 366465183, 3053462714, 2326571617, 2332788955]",,,,,,,no,,,苏玉云路,,,,,,,,,no,no,,,,,,,,,,,,,,,,,,,,,,,,,,,,,,,,,,,,,,,,,,,,,,,,,,,,,,,,,,,,,,,,,,,,,,,,,,,,,,,,,,,,,,,,,,,,,
4,,Thống Nhất,tertiary,195,,,tertiary,,,,,Thống Nhất,,,,,,,"[5751081825, 5920728790, 5751101929, 5751081822, 5751081824, 5751081817, 5920728793, 5920728798, 5751081823, 5751101960, 5751081759, 2822232620, 5751101932, 5762619769, 366436956, 5755098101, 5762619772, 5762619771, 5920982569, 5755168810, 5762619770, 5920982553, 5890201405, 5755168786, 5920982550, 5762619775, 5762619782, 5762619774, 3174416231, 5891954877, 5755168796, 5151366702, 5151366707, 5750808992, 5750808994, 5750808995, 5750809011, 5750808997, 5151366671, 5151366672, 5750809006, 5892018089, 4440176371, 5750809017, 5750809002, 5750809005, 3181109001, 5750809004]",,,,,,,no,,,,,,,,,,,,,,,,,,,,,,,,,,,,,,,,,,,,,,,,,,,,,,,,,,,,,,,,,,,,,,,,,,,,,,,,,,,,,,,,,,,,,,,,,,,,,,,,,,,,,,,,,,
1,60.0,Cầu vượt An Sương,trunk,196,,,trunk,,,,,Cầu vượt An Sương,,,,,,,"[1611021922, 4069480186, 4069486268]",,,,1A,,,yes,,,,60,,,1,,,yes,,,,,,,,,,,,,,,,,,,,,,,,,,,,,,,,,,,,,,,,,,,,,,,,,,,,,,,,,,,,,,,,,,,,,,,,,,,,,,,,,,,,,,,,,,,,,,,,
1,60.0,Xa Lộ Hà Nội,trunk,197,,,trunk,,,,,Xa Lộ Hà Nội,,,,,,,"[366377467, 5778615999, 1958801427, 366435039, 366387792, 366425001]",,,,QL.52,,,yes,,,,60,,,,,,,,,,,,yes,,,,,,,,,,,,,,,,,,,,,,,,,,,,,,,,,,,,,,,,,,,,,,,,,,,,,,,,,,,,,,,,,,,,,,,,,,,,,,,,,,,,,,,,,,
4,,Lê Văn Chí,tertiary,198,,,tertiary,,,,,Lê Văn Chí,,,,,,,"[366439444, 5772276417, 5772276219, 366442459, 3117088315, 5772276421, 366455980, 5772276426, 2946995148, 5772276446, 5778258728, 366398236, 5778258719, 5778258855, 366370943, 5778258683, 5778166604, 3117088092, 366478954, 5769586909, 2946995118, 366403600, 5769586942, 3116773933, 366445340, 366470835, 2946995117, 2946995116, 2946995115, 366468492, 3116773931, 366423015, 5769586957, 366409318, 2946995110, 2946995111, 366461120, 2946995112, 2985593691, 2946995114, 5755653743, 366469481, 366402940, 5764780974, 5755653744, 366402243, 5763160586, 3107514189, 5763160587, 366474627, 5763160575, 5755653746, 5764780976, 5755653745, 5764780975, 5755653747, 366445750, 366462552, 5755653749, 366434311, 5755653753]",,,,,,,,,,,,,,,,,,,,,,,,,,,,,,,,,,,,,,,,,,,,,,,,,,,,,,,,,,,,,,,,,,,,,,,,,,,,,,,,,,,,,,,,,,,,,,,,,,,,,,,,,,,,,,,,,
3,,Nguyễn Xiển,secondary,199,,,secondary,,,,,Nguyễn Xiển,,,,,,,"[370523240, 366462094, 5763302705, 366405836, 5764797157, 366404323, 366430543, 1503067732, 366400569, 5764796833, 366424137, 5764797173, 366403209, 5764797172, 5764796819, 366380193, 1503067661, 366433808, 5778320486, 5778320480, 366420019, 366458108, 366462231, 5778320474, 366435232, 1503067567, 1503067560, 366405497, 5778320458, 5771967809, 366368966, 366418760, 366451428, 5771967787, 366443763, 5771967799, 366399347, 366419127, 5765244082, 5765244121, 5765332996, 5765244084, 366468228, 366455942, 5765244136, 5765332919, 5765332967, 1503067365, 5765244133, 5765332128, 5765332129, 5765332964, 1503067346, 5765332127, 1503067311, 366452476, 366408719, 366428306, 1503067242, 5765004581, 366460995, 5765004644, 5765004597, 5765004583, 1503067180, 366417222, 5765003541, 1503067155, 5765004595, 366441754, 1605338352, 5755150719, 366463573, 1605338289, 1605338301, 5755150706, 366455142, 366416534, 5755150646, 4886880292, 366425557, 4886880300, 5755150640, 366406754, 5755150623, 366436590, 5755150669, 5755050716, 366422664, 366371032, 366450819, 366417238, 366438490, 5755160635, 366388157]",,,,,,,,,,,,,,,,,,,,,,,,,,,,,,,,,,,,,,,,,,,,,,,,,,,,,,,,,,,,,,,,,,,,,,,,,,,,,,,,,,,,,,,,,,,,,,,,,,,,,,,,,,,,,,,,,
1,80.0,Cầu Rạch Chiếc 2,trunk,200,,,trunk,,,,,Cầu Rạch Chiếc 2,,,,,,,"[745747096, 4066314182, 370523257, 366407208, 4066314181, 366478534, 366435623, 4066314179, 366418476]",,,,QL.52,,,yes,,,,80,,no,1,,,yes,,,,,,yes,,,,,,,,,,,,,,,,,,,,,,,,,,,,,,,,,,,,,,,,,,,,,,,,,,,,,,,,,,,,,,,,,,,,,,,,,,,,,,,,,,,,,,,,,,
1,60.0,Xa lộ Hà Nội,trunk,201,,,trunk,,,,,Xa lộ Hà Nội,,,,,,,"[370523229, 3148967606, 1958801272, 4447270629, 366456574, 366449374, 5455981832, 366446455, 366421898, 366385024, 5778630681, 5455972577, 2024973204, 366420632, 4066470697, 4066459094, 2024973142]",,,,QL.52,,,yes,,,,60,,,,,,,,,,,,yes,,,,,,,,,,,,,,,,,,,,,,,,,,,,,,,,,,,,,,,,,,,,,,,,,,,,,,,,,,,,,,,,,,,,,,,,,,,,,,,,,,,,,,,,,,
4,,,tertiary,202,,,tertiary,,,,,,,,,,,,"[366376109, 5762744119, 366453634, 5762744103, 3108021452, 5769333737, 5769333942, 5769333742, 3108021454, 5769333928, 3108021455, 366372123]",,,,,,,,,,,,,,,,,,,,,,,,,,,,,,,,,,,,,,,,,,,,,,,,,,,,,,,,,,,,,,,,,,,,,,,,,,,,,,,,,,,,,,,,,,,,,,,,,,,,,,,,,,,,,,,,,
2,60.0,Quốc lộ 22,primary,203,,,primary,,,,,Quốc lộ 22,,,,,,,"[1611021940, 4069486257, 366412117, 4069486256, 2210872180]",,,,,,,yes,,,,60,,,,,,,,,,,,,,AH1,Xuyên Á,,,,,,,,,,,,,,,,,,,,,,,,,,,,,,,,,,,,,,,,,,,,,,,,,,,,,,,,,,,,,,,,,,,,,,,,,,,,,,,,,,,,,,,
4,,Kha Vạn Cân,tertiary,204,,,tertiary,,,,,Kha Vạn Cân,,,,,,,"[2947068296, 366422614, 5752859480, 5752938608, 3216188849, 5752860633, 5752938610, 3216188852, 366373335, 5758041304, 366440747, 5758161623, 5758161289, 5758161299, 366468474, 366453322, 5758041296, 2947068442]",,,,,,,,,,,,,,,,,,,,,,,,,,,,,,,,,,,,,,,,,,,,,,,,,,,,,,,,,,,,,,,,,,,,,,,,,,,,,,,,,,,,,,,,,,,,,,,,,,,,,,,,,,,,,,,,,
2,,Cầu Ông Dầu,primary,205,,,primary,,,,,Cầu Ông Dầu,,,,,,,"[370818097, 370818095]",,,,13,,,yes,,,,,,,1,,,yes,,,,,,,,,,,,,,,,,,,,,,,,,,,,,,,,,,,,,,,,,,,,,,,,,,,,,,,,,,,,,,,,,,,,,,,,,,,,,,,,,,,,,,,,,,,,,,,,
2,,Cầu vượt Ngã Tư Ga,primary,206,,,primary,,,,,Cầu vượt Ngã Tư Ga,,,,,,,"[370818128, 4069450032, 4069450028, 4069450029, 370818130]",,,,,,,yes,,,,,,,1,,,yes,,,,,,,,,,,,,,,,,,,,,,,,,,,,,,,,,,,,,,,,,,,,,,,,,,,,,,,,,,,,,,,,,,,,,,,,,,,,,,,,,,,,,,,,,,,,,,,,
3,,Cầu cụt,secondary,207,,,secondary,,,,,Cầu cụt,,,,,,,"[370818132, 5736013564, 5736013563]",,,,,,,,,,,,,,1,,,yes,,,,,,,,,,,,,,,,,,,,,,,,,,,,,,,,,,,,,,,,,,,,,,,,,,,,,,,,,,,,,,,,,,,,,,,,,,,,,,,,,,,,,,,,,,,,,,,,
4,,Lê Đức Thọ,tertiary,208,,,tertiary,,,,,Lê Đức Thọ,,,,,,,"[5736013561, 5765425771, 5737774822, 3169702455, 3342343879, 5894008716, 3342343850, 5894558879, 3342343838, 3342343829, 3342343816, 3342343800, 5735781183, 5735781182, 3226575478, 3342343761, 5908190222, 5894559587, 3226575465, 5894559596, 3342343727, 3342343703, 5894559884, 3342343491, 4632222677, 4423145834, 5906595907, 5738169984, 5906595912, 5920728593, 5738169987, 5920728604, 4109114262, 5738169995, 3226575466, 5920728625, 4403655214, 4109044949, 5906742203, 3226575470, 5738236487, 5738169981, 3242683103, 5920859394, 5920859397, 3226575464, 5738169971, 5738236474, 3242683102, 3226575476, 5738088285, 5738088319, 5752824400, 5752826001, 5752826000, 5920859452, 5752785697, 5752785696, 5752826144, 3226575471, 5752785685, 3226575475, 5906742804, 4632222676, 3226575461, 5752824372, 3226575467, 3226575477, 5752825929, 3226575463, 5752785675, 3242683080, 5752826156, 5939201340, 3226575468, 366388112, 5752825954, 3226575473, 5939200766, 4447328623, 4461950367, 4631526263, 4461950366]",,,,,,,,,,,,,,,,,,,,,,,,,,,,,,,,,,,,,,,,,,,,,,,,,,,,,,,,,,,,,,,,,,,,,,,,,,,,,,,,,,,,,,,,,,,,,,,,,,,,,,,,,,,,,,,,,
3,,Cầu Trường Đai,secondary,209,,,secondary,,,,,Cầu Trường Đai,,,,,,,"[5765428382, 5765428383, 370818144]",,,,,,,yes,,,,,,,1,,,yes,,,,,,,,,,,,,,,,,,,,,,,,,,,,,,,,,,,,,,,,,,,,,,,,,,,,,,,,,,,,,,,,,,,,,,,,,,,,,,,,,,,,,,,,,,,,,,,,
3,,Lê Đức Thọ,secondary,210,,,secondary,,,,,Lê Đức Thọ,,,,,,,"[370818144, 4498779593, 5769490301, 3169702460, 4498793889, 5769524927, 5769487988, 366478514]",,,,,,,yes,,,,,,,,,,,,,,,,,,,,,,,,,,,,,,,,,,,,,,,,,,,,,,,,,,,,,,,,,,,,,,,,,,,,,,,,,,,,,,,,,,,,,,,,,,,,,,,,,,,,,,,,,,
2,,Hà Huy Giáp,primary,211,,,primary,,,,,Hà Huy Giáp,,,,,,,"[893089443, 2466118952, 5655529397, 2466118985, 366397002, 5769821094, 3168057769, 5769821098, 366438681, 5769821069, 2466122063, 5737813135, 366403436, 5737813163, 3168057767, 5737813186, 5737813145, 5737807715, 370818155]",,,,,,,yes,,,,,,,,,,,,,,,,,,,,,,,,,,,,,,,,,,,,,,,,,,,,,,,,,,,,,,,,,,,,,,,,,,,,,,,,,,,,,,,,,,,,,,,,,,,,,,,,,,,,,,,,,,
4,,Cầu Băng Ky,tertiary,212,,,tertiary,,,,,Cầu Băng Ky,,,,,,,"[370818168, 366421652]",,,,,,,no,,,,,,,1,,,yes,,,,,,,,,,,,,,,,,,,,,,,,,,,,,,,,,,,,,,,,,,,,,,,,,,,,,,,,,,,,,,,,,,,,,,,,,,,,,,,,,,,,,,,,,,,,,,,,
2,,Quốc lộ 13,primary,213,,,primary,,,,,Quốc lộ 13,,,,,,,"[366459139, 4226120126, 5742410687, 366397954, 3641987810]",,,,13,,,yes,,,,,,,,,,,,,,,,,,,,,,,,,,,,,,,,,,,,,,,,,,,,,,,,,,,,,,,,,,,,,,,,,,,,,,,,,,,,,,,,,,,,,,,,,,,,,,,,,,,,,,,,,,
2,80.0,Cầu Thầy Tiêu,primary,214,,,primary,,,,,Cầu Thầy Tiêu,,,,,,,"[373515986, 2301023479, 373515989]",,,,,,,yes,,,,80,,no,1,Cầu Thầy Tiêu,Thay Tieu Bridge,yes,,,,,,,,,,,,,,,,,,,,,,,,,,,,,,,,,,,,,,,,,,,,,,,,,,,,,,,,,,,,,,,,,,,,,,,,,,,,,,,,,,,,,,,,,,,,,,,,
3,20.0,Lũy Bán Bích,secondary,215,,,secondary,,,,,Lũy Bán Bích,,,,,,,"[5772563016, 373543890, 366464462, 4575306475, 366386025, 366380782, 5786544046, 366424187, 366404576, 366400292, 366412438, 366468646, 366434698, 366384569, 5786544083, 366430903, 366386054, 5786544096, 4931113101, 366440503, 366382177, 366429637, 5778120313, 366388786, 366468057, 4541174203, 366439913, 5778120321, 366450142, 5778120348, 5778124554, 5778124560, 3806809916, 366468188, 5778124564, 366433178, 3806809954, 4528272987, 366405884, 366462559, 366446385, 3806810098, 6044253426, 5769421760, 4535195842, 5769421761, 366407977, 5769421637, 5769421762, 366396966, 366401489, 4535968541, 366445264, 5769421763, 5769421764, 5001800268, 366392381, 5769421765, 5769421652, 5769421766, 5769421767, 366438601, 366476634, 5769345437, 366474973, 366379329, 5772108073, 5772108064, 366427462, 3830454340, 366414024, 5772108066, 5772108079, 5772108078, 5772108077, 5772108067, 5772108070, 3830454324, 5772108076, 5772108075, 5772107332, 5772108074, 5778163160, 4616376145, 5778163161, 5778163162, 5778163163, 5778163105, 5778163164, 4616376143, 5092219871, 5769301529, 5769301530, 366436127, 5108957207, 366436013, 3771486792, 366405193, 1334401411, 366427527, 366426155, 366420919, 366410121, 2438305444, 2438307031, 5767074392, 5767074381]",,,Luy Ban Bich,,,,yes,,,,20,,,,,,,,,,,,,,,,,,,,,,,,,,,,,,,,,,,,,,,,,,,,,,,,,,,,,,,,,,,,,,,,,,,,,,,,,,,,,,,,,,,,,,,,,,,,,,,,,,,,,,
2,,Cầu Sơn,primary,216,,,primary,,,,,Cầu Sơn,,,,,,,"[373544294, 373544277]",,,,,,,yes,,,,,,,1,,,yes,,,,,,,,,,,,,,,,,,,,,,,,,,,,,,,,,,,,,,,,,,,,,,,,,,,,,,,,,,,,,,,,,,,,,,,,,,,,,,,,,,,,,,,,,,,,,,,,
2,,Xô Viết Nghệ Tĩnh,primary,217,,,primary,,,,,Xô Viết Nghệ Tĩnh,,,,,,,"[373544277, 3141309632, 4667530610, 2030639438, 760844034, 366438352, 366418537, 366438817, 5778363053, 1797562617, 5778362643, 366478842, 5778362640, 366372479, 366410718]",,,Xo Viet Nghe Tinh,,,,yes,,,,,,,,,,,,,,,,,,,,,,,,,,,,,,,,,,,,,,,,,,,,,,,,,,,,,,,,,,,,,,,,,,,,,,,,,,,,,,,,,,,,,,,,,,,,,,,,,,,,,,,,,,
4,,Cầu Đen 2,tertiary,218,,,tertiary,,,,,Cầu Đen 2,,,,,,,"[373544359, 373544352]",,,,,,,yes,,,,,,,1,,,yes,,,,,,,,,,,,,,,,,,,,,,,,,,,,,,,,,,,,,,,,,,,,,,,,,,,,,,,,,,,,,,,,,,,,,,,,,,,,,,,,,,,,,,,,,,,,,,,,
1,50.0,Cầu Văn Thánh,trunk,219,,,trunk,,,,,Cầu Văn Thánh,,,,,,,"[373544381, 373544408]",,,Dien Bien Phu,,,,yes,,,,50,,,1,,,yes,,,,,,,,,,,,,,,,,,,,,,,,,,,,,,,,,,,,,,,,,,,,,,,,,,,,,,,,,,,,,,,,,,,,,,,,,,,,,,,,,,,,,,,,,,,,,,,,
4,,Cầu Kênh B,tertiary,220,,,tertiary,,,,,Cầu Kênh B,,,,,,,"[5038653883, 366387500, 5028119556, 366374440]",,,,,,,,,,,,,,1,,,yes,,,,,,,,,,,,,,,,,,,,,,,,,,,,,,,,,,,,,,,,,,,,,,,,,,,,,,,,,,,,,,,,,,,,,,,,,,,,,,,,,,,,,,,,,,,,,,,,
2,,Hà Huy Giáp,primary,221,,,primary,,,,,Hà Huy Giáp,,,,,,,"[5758077339, 5755216314, 366408949, 5758075914, 5758077340, 5758077408, 366411377, 366476608, 366383837, 5758077386, 5758077341, 366449794, 366474169, 366370822, 5758077411, 5758077415, 5758077338, 5758077391, 5762626788, 366437686, 5758077337, 5763267823, 5758077361, 366451445, 5758077336, 5763268916, 366434529, 5763267837, 5758077335, 5763268921, 366473340, 5655390729, 5763268925, 5655390712, 378248006]",,,Ha Huy Giap,,,,,,,,,,,,,,,,,,,,,,,,,,,,,,,,,,,,,,,,,,,,,,,,,,,,,,,,,,,,,,,,,,,,,,,,,,,,,,,,,,,,,,,,,,,,,,,,,,,,,,,,,,,,,,
2,,Cầu Bông,primary,222,,,primary,,,,,Cầu Bông,,,,,,,"[377143137, 2332679548, 2024446240, 5764793095]",,,Bông bridge,,,,,,asphalt,,,,,1,,,yes,,,,,4,,,,,,,,,,,,,,,,,,,,,,,,,,,,,,,,,,,,,,,,,,,,,,,both,,,,,,,,,,,,,,,,,,,,,,,,,,,,,,,,,,,,,,,,,,,,
2,,Đinh Tiên Hoàng,primary,223,,,primary,,,,,Đinh Tiên Hoàng,,,,,,,"[5764793095, 5764999044, 2230557619, 1998235321, 3861856291, 5767156693, 5764793097, 5767156718, 366413598, 5764793105, 3116339955, 366450163, 5767156688, 5767156417, 5764779820, 5350664450, 3116339956, 1497260864, 5767156678, 5721574893, 3761201988, 4685468416, 3116339957, 4989081992]",,Quan Binh Thanh,Dinh Tien Hoang,,,,yes,,,,,,,,,,,,,,,3,,,,,,,,,,,,,,,,,,,,,,,,,,,,,,,,,,,,,,,,,,,,,,,,,,,,,,,,,,,,,,,,,,,,,,,,,,,,,,,,,,,,,,,,,,,
2,,Cầu vượt Quang Trung,primary,224,,,primary,,,,,Cầu vượt Quang Trung,,,,,,,"[378247852, 2408541286, 366440046, 366375005, 366428663, 3636153297, 3636153299, 366384540]",,,,,,,-1,,,,,,,3,,,yes,,,,,,,,,,,,,,,,,,,,,,,,,,,,,,,,,,,,,,,,,,,,,,,,,,,,,,,,,,,,,,,,,,,,,,,,,,,,,,,,,,,,,,,,,,,,,,,,
2,80.0,Cầu Tham Lương,primary,225,,,primary,,,,,Cầu Tham Lương,,,,,,,"[366421621, 366398319]",,,,,,,yes,,,,80,,,1,,,yes,,,,,,,,,,,,,,,,,,,,,,,,,,,,,,,,,,,,,,,,,,,,,,,,,,,,,,,,,,,,,,,,,,,,,,,,,,,,,,,,,,,,,,,,,,,,,,,,
4,,Phan Huy ích,tertiary,226,,,tertiary,,,,,Phan Huy ích,,,,,,,"[378247898, 5748260087, 5717115937, 5719078420, 366427516, 3180450072, 5717115932, 5717115934, 2871641920, 5717115983, 5748260114, 366478512, 5748260121, 5748260078, 5894592773, 5748260077, 5893932269, 5750487894, 5750488128, 5894592776, 366451209, 5750488125, 5894592779, 5717115954, 5750488137, 5750590442, 5750488140, 3180450073, 366456938, 5894593188, 366450302, 366392045, 5894593195, 5750590525, 366442591, 2353089967, 5893002991, 366402185, 5753230622, 5894593205, 5717116018, 5894593211, 366372327, 3180450074, 5753230621, 2942889544, 5753230520, 366465960, 5893002338, 3679661815, 366465289, 5753230488, 5753230441, 366412605, 3180450075, 5898691869, 5748699219, 5748772359, 5748772356, 366471007, 5758101431]",,,Phan Huy ich,,,,,,,,,,,,,,,,,,,,,,,,,,,,,,,,,,,,,,,,,,,,,,,,,,,,,,,,,,,,,,,,,,,,,,,,,,,,,,,,,,,,,,,,,,,,,,,,,,,,,,,,,,,,,,
2,,Cầu Chợ Cầu 1,primary,227,,,primary,,,,,Cầu Chợ Cầu 1,,,,,,,"[378247979, 2366455815, 2366455810, 378247925]",,,,,,,yes,,,,,,,1,,,yes,,,,,,,,,,,,,,,,,,,,,,,,,,,,,,,,,,,,,,,,,,,,,,,,,,,,,,,,,,,,,,,,,,,,,,,,,,,,,,,,,,,,,,,,,,,,,,,,
2,,Quang Trung,primary,228,,,primary,,,,,Quang Trung,,,,,,,"[366399671, 5758254030, 366426832, 3638268556, 5748772368, 3638268557, 5893002287, 5750432680, 5753383567, 366398293, 3638268558, 366409675, 5893003072, 366436494, 5753384123, 3638272454, 5717004668, 366469166, 2907885961, 3169694175, 366445161, 2269043909, 3638271147, 2353079400]",Ho Chi Minh,Go vap,Quang Trung,,,,yes,,,,,,,,,,,,,,,,,,,,,,,,,,,,,,,,,,,,,,,,,,,,,,,,,,,,,,,,,,,,,,,,,,,,,,,,,,,,,,,,,,,,,,,,,,,,,,,,,,,,,,,,,,
4,,Cầu Phước Long,tertiary,229,,,tertiary,,,,,Cầu Phước Long,,,,,,,"[366383786, 366475621]",,,,,,,,,,,,,,1,,,yes,,,,,,,,,,,,,,,,,,,,,,,,,,,,,,,,,,,,,,,,,,,,,,,,,,,,,,,,,,,,,,,,,,,,,,,,,,,,,,,,,,,,,,,,,,,,,,,,
4,,Lê Văn Lương,tertiary,230,,,tertiary,,,,,Lê Văn Lương,,,,,,,"[366388361, 3171493703, 2252411666, 2154852764, 2154852758, 2300537371, 366441812, 2159588266, 366444423, 2154852708, 2154852582, 2154852569, 3171493704, 366405053, 2159587639, 2154852460, 2159587406, 5778755614, 734894511, 3171493705, 2154852294, 5780725230, 2154852262, 2154852206, 5780725205, 2154852105, 5780725356, 5780725232, 5780725384, 2303342946, 5781118716, 3171496161, 2154852006, 2304882869, 2304882873, 2154851984, 2154851899, 2154851852, 5781118713, 383516687]",,,Le Van Luong,,,,,,asphalt,,,,,,,,,,,,,,,,,,,,,,,,,,,,,,,,,,,,,,,,,,,,,,,,,,,,,,,,,,,,,,,,,,,,,,,,,,,,,,,,,,,,,,,,,,,,,,,,,,,,,,,,
2,,Cầu Chánh Hưng,primary,231,,,primary,,,,,Cầu Chánh Hưng,,,,,,,"[383552880, 2042473310, 2042473581, 3664144783, 383552881, 2042473703]",,,,,,,yes,,,,,,,1,,,yes,,,,,,,,,,,,,,,,,,,,,,,,,,,,,,,,,,,,,,,,,,,,,,,,,,,,,,,,,,,,,,,,,,,,,,,,,,,,,,,,,,,,,,,,,,,,,,,,
4,,Cầu Hiệp Ân 2,tertiary,232,,,tertiary,,,,,Cầu Hiệp Ân 2,,,,,,,"[383552882, 366403171, 383552883]",,,,,,,,,,,,,,1,,,yes,,,,,,,,,,,,,,,,,,,,,,,,,,,,,,,,,,,,,,,,,,,,,,,,,,,,,,,,,,,,,,,,,,,,,,,,,,,,,,,,,,,,,,,,,,,,,,,,
4,,Nguyễn Duy,tertiary,233,,,tertiary,,,,,Nguyễn Duy,,,,,,,"[383552883, 2042473327, 366437300, 366410231, 2042473404, 366373030, 2042473455, 366391039, 5816764348, 366421270, 5763168343, 5763168340, 5763168305, 366455756, 5816976741, 1996745207, 1996745163, 1996745140, 1996745638, 1996745116, 2042473315, 2042473882, 1996745234, 5816976971, 2042473748, 366468910, 746617464, 2042473727, 366441194, 746617461, 366463956, 366405000, 2042473319, 5802711064, 5802711063, 5417269146, 5417269145, 366392602, 2042473539]",,,,,,,,,,,,,,,,,,,,,,,,,,,,,,,,,,,,,,,,,,,,,,,,,,,,,,,,,,,,,,,,,,,,,,,,,,,,,,,,,,,,,,,,,,,,,,,,,,,,,,,,,,,,,,,,,
4,50.0,Phạm Thế Hiển,tertiary,234,,,tertiary,,,,,Phạm Thế Hiển,,,,,,,"[383552885, 5763380634, 3171528318, 5763272396, 2685998253, 5763168339, 5763254676, 366463658, 5763168326, 3171528317, 2146838311, 366426213, 5763168286, 4102101990, 3171528316, 366417857, 5762952954, 366455249, 366431772, 5762952956, 366471405, 5762952958, 366383763, 5762952961, 3171528315, 366458425, 5762951248, 5762951250, 366398983, 5762951252, 366413460, 5762951242, 366389914, 5762951245, 366405283, 5762951238, 5762951240, 5658101123, 5762951233, 366370816, 473364333, 5802590355]",,,Pham The Hien,,,,,,,,50,,,,,,,,,,no,2,,,,,,,,,,,,,,,,,,,,,,,,,,,,,,,,,,,,,,,,,,,,,,,,,,,,,,,,,,,,,,,,,,,,,,,,,,,,,,,,,,,,,,,,,,,
4,,Phạm Thế Hiển,tertiary,235,,,tertiary,,,,,Phạm Thế Hiển,,,,,,,"[2044486696, 366462549, 5674570762, 3171528313, 5800683738, 5800683736, 366417525, 2692556720, 2044486424, 5813779751, 1598911243, 366466472, 5813691643, 2044486312, 2044486965, 1987338775, 2692556738, 4594841780, 4594841779, 2692556733]",,,,,,,,,,,,,,,,,,,,,,,,,,,,,,,,,,,,,,,,,,,,,,,,,,,,,,,,,,,,,,,,,,,,,,,,,,,,,,,,,,,,,,,,,,,,,,,,,,,,,,,,,,,,,,,,,
4,,Cầu Chữ Y,tertiary,236,,,tertiary,,,,,Cầu Chữ Y,,,,,,,"[734894528, 366383389]",,,,,,,,,,,,,,5,,,yes,,,,,,,,,,,,,,,,,,,,,,,,,,,,,,,,,,,,,,,,,,,,,,,,,,,,,,,,,,,,,,,,,,,,,,,,,,,,,,,,,,,,,,,,,,,,,,,,
4,,Bến Vân Đồn,tertiary,237,,,tertiary,,,,,Bến Vân Đồn,,,,,,yes,"[366401128, 1997154636, 5814168151, 4594687681, 4594877894, 366470099, 4594687683, 4594687682, 1767160329, 5811504005, 366400454, 1987338421, 1987339219, 1987338562, 5811358227, 1987338686, 1987339155, 571360922, 1987339119, 2027431054, 2027431064, 2027431058, 1768828014, 1767234521]",,,,,,,yes,,asphalt,云敦路,,yes,,,,,,,,,,3,,,,,,,,,,,,,,,,,,,,,,,,,,,yes,,,,,,,,,,,,,,,,,,,,,,,,,,,,,,,,,,,,,,,,,,,,,,,,,,,,,,,,,,,,,,,,
2,,Cầu Nguyễn Văn Cừ,primary,238,,,primary,,,,,Cầu Nguyễn Văn Cừ,,,,,,,"[2468452119, 1998235300, 1767760271, 5462422179, 4419663831, 4594811180, 1998235281, 1998235268, 1998235317, 2289920288, 1767760220]",,,,,,,yes,,,,,,,2,,,yes,,,,,,,,,,,,,,,,,,,,,,,,,,,,,,,,,,,,,,,,,,,,,,,,,,,,,,,,,,,,,,,,,,,,,,,,,,,,,,,,,,,,,,,,,,,,,,,,
2,,Cầu vượt Nguyễn Hữu Cảnh,primary,239,,,primary,,,,,Cầu vượt Nguyễn Hữu Cảnh,,,,,,,"[366467040, 1497312793, 1497312791, 2036083368, 366456111, 366404240, 2635012301, 2891262185, 366441638, 728690582, 1497312797, 1497312795, 2891262186, 2036083320, 728690583, 1497312786, 1497312764, 728690581, 2891262187, 728690577]",,,,,,,yes,,,,,,,1,,,yes,,,,,,,,,,,,,,,,,,,,,,,,,,,,,,,,,,,,,,,,,,,,,,,,,,,,,,,,,,,,,,,,,,,,,,,,,,,,,,,,,,,,,,,,,,,,,,,,
4,,Ngô Tất Tố,tertiary,240,,,tertiary,,,,,Ngô Tất Tố,,,,,,,"[383595862, 3137504303, 5777089117, 5777089057, 5777089120, 5777089060, 3137504309, 5777089062, 366404915]",,,Ngo Tat To,,,,,,,,,,,,,,,,,,,,,,,,,,,,,,,,,,,,,,,,,,,,,,,,,,,,,,,,,,,,,,,,,,,,,,,,,,,,,,,,,,,,,,,,,,,,,,,,,,,,,,,,,,,,,,
2,,Nguyễn Hữu Thọ,primary,241,,,primary,,,,,Nguyễn Hữu Thọ,,,,,,,"[2297729248, 3171492375, 5781118702, 2154851435, 403625318, 2937728604, 403625321, 2937100258, 2479665112, 5788334676, 403625323, 2159585767, 3171493699, 403625324, 1767909387]",,,,,,,yes,,,,,,,,,,,,,,,,,,,,,,,,,,,,,,,,,,,,,,,,,,,,,,,,,,,,,,,,,,,,,,,,,,,,,,,,,,,,,,,,,,,,,,,,,,,,,,,,,,,,,,,,,,
2,80.0,Nguyễn Văn Linh,primary,242,,,primary,,,,,Nguyễn Văn Linh,,,,,,,"[366419763, 1756318863, 366392029, 735998167, 1756323428, 2367246557, 366475452, 735998172, 735998207, 1793489511, 3168971480, 2253480531, 2358286025, 404466373, 737167485]",,,,,,,yes,,,,80,no,no,,,,,,,,,,,,,,,,,,,,,,,,,,,,,,,,,,,,,,,,,,,,,,,,,,,,,,,,,,,,,,,,,,,,,,,,,,,,,,,,,,,,,,,,,,,,,,,,,,,,
4,,Hoàng Sa,tertiary,243,,,tertiary,,,,,Hoàng Sa,,,,,,,"[5765292378, 2081880905, 2081881098, 5765288334, 698217140, 726686187, 6013212710, 6013212708, 5765292364, 366369976, 366456374, 2081880985, 2081881276, 366391677, 4889569757, 4889569758, 726686203, 366473137, 366462536, 366404048, 4883625613, 2332690858, 4878046770, 2332690810, 4883457774, 4920359898, 726686195]",Ho Chi Minh,Tan Binh,Hoang Sa Road,,,,yes,,,黃沙路,,,,,,,,,,,,3,,,,,,,,,,,,,,,,,,,,,,,,,,,,,,,,,,,,,,,,,,,,,,,,,,,,,,,,,,,,,,,,,,,,,,,,,,,,,,,,,,,,,,,,,,,
3,,Lê Văn Sỹ,secondary,244,,,secondary,,,,,Lê Văn Sỹ,,,,,,,"[366460986, 366457225, 366382100, 5765073600, 366451852, 5765073601, 2300357783, 5765047035, 5765073602, 5765073603, 5765073604, 3178456810, 5765073605, 5765073606, 5765073607, 366420911, 2115199004, 5765073652, 366472742, 366474984, 2822152294, 2822156620, 366475507, 366370971, 5765073651, 3178456811, 366383094, 366451774, 366437295, 2081881161, 2081881484, 2081881048, 5762747892, 366462993, 1894612132]",,,,,,,,,,,,,,,,,,,,,,,,,,,,,,,,,,,,,,,,,,,,,,,,,,,,,,,,,,,,,,,,,,,,,,,,,,,,,,,,,,,,,,,,,,,,,,,,,,,,,,,,,,,,,,,,,
1,50.0,Điện Biên Phủ,trunk,245,,,trunk,,,,,Điện Biên Phủ,,,,,,,"[373544408, 366440827, 366368046, 1497313118, 366441141]",,,Dien Bien Phu Road,,,,yes,,,奠边府路,50,,,,,,,,,,,,,,,,,,,,,,,,,,,,,,,,,,,,,,,,,,,,,,,,,,,,,,,,,,,,,,,,,,,,,,,,,,,,,,,,,,,,,,,,,,,,,,,,,,,,,,
4,,Huỳnh Văn Bánh,tertiary,246,,,tertiary,,,,,Huỳnh Văn Bánh,,,,,,,"[5764914902, 3758592246, 5764914903, 5764914904, 3758592250, 762368919, 3928816485, 5764914931, 5764916254, 2814727859, 2499047961, 711335737, 5764914929, 3626476622, 3626476637, 2366459038, 366414466]",,,,,,,,,,,,,,,,,,,,,,,,,,,,,,,,,,,,,,,,,,,,,,,,,,,,,,,,,,,,,,,,,,,,,,,,,,,,,,,,,,,,,,,,,,,,,,,,,,,,,,,,,,,,,,,,,
4,,Trần Quốc Toản,tertiary,247,,,tertiary,,,,,Trần Quốc Toản,,,,,,,"[411918842, 411925316, 5769748096, 411920821, 411917821]",,,Tran Quoc Toan,,,,yes,,,陈国瓒路,,,,,,,,,,,,,,,,,,,,,no,,,,,,,,,,,,,,,,,,,,,,,,,,,,,,,,,,,,,,,,,,,,,,,,,,,,,,,,,,,,,,,,,,,,,,,,,,,,,,,,,,
4,,Trần Ðình Xu,tertiary,248,,,tertiary,,,,,Trần Ðình Xu,,,,,,,"[2358137396, 1996745689, 411926072, 3338020171, 5795068421, 5795068422, 5795068423, 5811283427, 4607019392, 5795188295, 411921736, 4607019395, 411921220, 5795068430, 5795068429, 5795068428, 5795068427, 5795068426, 5795068425, 411926591, 411918668, 4605065012, 4605065672, 5795188307, 4605066040, 4605065670, 4605067181, 4605066211, 4605065669, 4609554055, 5795068450, 411918465, 411926193]",,,Tran Dinh Xu Street,,,,,,asphalt,陈廷枢路,,,,,,,,,,,,,,,,,,,,,,,,,,,,,,,,,,,,,,yes,,,,,,,,,,,,,,,,,,,,,,,,,,,,,,,,,,,,,,,,,,,,,,,,,,,,,,,,,,,,,,,,,
4,,Phó Ðức Chính,tertiary,249,,,tertiary,,,,,Phó Ðức Chính,,,,,,,"[1768565068, 2691240096, 2691240098, 5762893326, 5762893322, 411926069, 411919179, 5762893316, 411926648]",Ho Chi Minh,1,Pho Duc Chinh Street,,,,,,,副德政街,,,,,,,,,,,,,,,,,,,,,,,,,,,,,,,,,,,,,,,,,,,,,,,,,,,,,,,,,,,,,,,,,,,,,,,,,,,,,,,,,,,,,,,,,,,,,,,,,,,,,,,
2,,Nguyễn Văn Trỗi,primary,250,,,primary,,,,,Nguyễn Văn Trỗi,,,,,,,"[411919026, 2036141659, 2036141734, 366414466, 1374412934, 3167018766, 762368912, 6116136071, 366458878, 2290177717, 710021188, 2293477517, 3167021689, 701716344, 710021190, 2813684253, 366418486, 2813684238, 4074553188, 4074553187, 3167021690, 366369424, 5765047045, 2353049578, 366435377, 3167021691, 2293477524, 2322648483, 366472259, 2081907944, 366443652]",,,,,,,yes,,,,,,,,,,,,,,,,,,,,,,,,,,,,,,,,,,,,,,,,,,,,,,,,,,,,,,,,,,,,,,,,,,,,,,,,,,,,,,,,,,,,,,,,,,,,,,,,,,,,,,,,,,
4,,Calmette,tertiary,251,,,tertiary,,,,,Calmette,,,,,,,"[5735791255, 3166987989, 411925463, 411926577, 411926712, 411926527, 5762893331, 4609928331]",,,Calmette Street,,,,,,,卡尔梅特街,,,,,,,,,,,,,,,,,,,,,,,,,,,,,,,,,,,,,,,,,,,,,,,,,,,,,,,,,,,,,,,,,,,,,,,,,,,,,,,,,,,,,,,,,,,,,,,,,,,,,,,
2,,Nguyễn Thị Minh Khai,primary,252,,,primary,,,,,Nguyễn Thị Minh Khai,,,,,Nguyễn Thị Minh Khai,,"[1793489526, 5780758109, 1793489527, 3160583013, 411925910, 5762610053, 5762610087, 5762610055, 411926271, 5762610054]",,,Nguyen Thi Minh Khai,,,,yes,,,阮氏明开路,,,,,,,,,,,,,,,,,,,,,,,,,,,,,,,,,,,,,,,,,,,,,,,,,,,,,,,,,,,,,,,,,,,,,,,,,,,,,,,,,,,,,,,,,,,,,,,,,,,,,,,
4,,Vườn Chuối,unclassified,253,,,unclassified,,,,,Vườn Chuối,,,,,,,"[411924316, 411924633, 411918836, 411918837, 411918835, 411918826, 411918824, 411918819, 411918814, 411918815, 411918828, 411918829, 411918827, 5764789639]",,,Vuon Chuoi,,,,,,,,,,,,,,,,,,,,,,,,,,,,,,,,,,,,,,,,,,,,,,,,,,,,,,,,,,,,,,,,,,,,,,,,,,,,,,,,,,,,,,,,,,,,,,,,,,,,,,,,,,,,,,
4,,Nguyễn Phúc Nguyên,tertiary,254,,,tertiary,,,,,Nguyễn Phúc Nguyên,,,,,,,"[5778245683, 411918142, 5778245681, 5778245680, 5778245679, 411918148, 5778164491, 5778872975, 5778872974, 5778872973, 3168933105, 5778872972, 5778872971]",,,,,,,no,,,,,,,,,,,,,,,,,,,,,,,,,,,,,,,,,,,,,,,,,,,,,,,,,,,,,,,,,,,,,,,,,,,,,,,,,,,,,,,,,,,,,,,,,,,,,,,,,,,,,,,,,,
3,,Lý Tự Trọng,secondary,255,,,secondary,,,,,Lý Tự Trọng,,,,,,,"[411926356, 411926055, 411926390, 411926613, 5763135363, 411926617, 411919668, 5763135354, 411926412, 5763135336, 411926697, 411919193]",,,,,,,yes,Gia Long,,,,,,,,,,,,,,,,,,,,,,,,,,,,,,,,,,,,,,,,,,,,,,,,,,,,,,,,,,,,,,,Gia Long,Rue de la Grandière,,,,嘉隆路,,,,,,,,,,,,,,,,,,,,,,,,,,,,,,,,,,,,,
2,,Cầu Thị Nghè,primary,256,,,primary,,,,,Cầu Thị Nghè,,,,,,,"[728690560, 728690562]",,,,Thi Nghe Bridge,,,yes,,,,,,,1,,,yes,,,,,,,,,,,,,,,,,,,,,,,,,,,,,,,,,,,,,,,,,,,,,,,,,,,,,,,,,,,,,,,,,,,,,,,,,,,,,,,,,,,,,,,,,,,,,,,,
4,,Cầu Trần Quang Diệu,tertiary,257,,,tertiary,,,,,Cầu Trần Quang Diệu,,,,,,,"[411919063, 3700830097]",,,,,,,,,,,,,,,,,,,,,,,,,,,,,,,,,,,,,,,,,,,,,,,,,,,,,,,,,,,,,,,,,,,,,,,,,,,,,,,,,,,,,,,,,,,,,,,,,,,,,,,,,,,,,,,,,
4,,Phạm Ngọc Thạch,tertiary,258,,,tertiary,,,,,Phạm Ngọc Thạch,,,,,,,"[5467207445, 5467207464, 1769456941, 1769456883, 1770193953, 411925946]",Ho Chi Minh,1,,,,,,Duy Tân,,,,,,,,,,,,,,,,,,,,,,,,,,,,,,,,,,,,,,,,,,,,,,,,,,,,,,,,,,,,,,,,,,,,,,,,,,,,,,,,,,,,,,,,,,,,,,,,,,,,,,,,,
4,,Công Trường Quốc Tế,tertiary,259,,,tertiary,,,,roundabout,Công Trường Quốc Tế,,,,,,,"[411918072, 701738627, 411918071, 701738628, 2036596690, 411919125, 411918067, 701738630, 411918065, 411926599, 411917955, 701738629, 411917952, 411925941, 411918058, 701738625, 411918060, 701738626, 411918898, 2247625367, 411918072]",,,,,,,yes,,,,,,,,,,,,,,,,,,,,,,,,,,,,,,,,,,,,,,,,,,,,,,,,,,,,,,,,,,,,,,,,,,,,,,,,,,,,,,,,,,,,,,,,,,,,,,,,,,,,,,,,,,
4,,Cống Quỳnh,tertiary,260,,,tertiary,,,,,Cống Quỳnh,,,,,,,"[4603729666, 2032267102, 411918191, 4605071396, 4603755774, 5780842940]",,,Cong Quynh Street,,,,,,asphalt,贡琼路,,,,,,,,,,,,,,,,,,,,,,,,,,,,,,,,,,,,,,,,,,,,,,,,,,,,,,,,,,,,,,,,,,,,,,,,,,,,,,,,,,,,,,,,,,,,,,,,,,,,,,,
4,,Rạch Bùng Binh,tertiary,261,,,tertiary,,,,,Rạch Bùng Binh,,,,,,,"[411925883, 5778872974, 411917855, 411917856, 411923928, 3734437575, 5772101022, 4905853979, 5352258753, 5772143093, 5352258740, 411918818]",,,Rach Bung Binh,,,,,,,,,,,,,,,,,,,,,,,,,,,,,,,,,,,,,,,,,,,,,,,,,,,,,,,,,,,,,,,,,,,,,,,,,,,,,,,,,,,,,,,,,,,,,,,,,,,,,,,,,,,,,,
4,,Cống Quỳnh,tertiary,262,,,tertiary,,,,,Cống Quỳnh,,,,,,,"[4603755772, 5780842951, 4664329972, 4603243122, 5780842952, 5780843153, 4607049888, 5780842949, 4603764607, 4603764606, 5762711579, 5762711580, 5762711581, 4603764604, 4608957327, 2616958829]",,,,,,,,,,,,,,,,,,,,,,,,,,,,,,,,,,,,,,,,,,,,,,,,,,,,,,,,,,,,,,,,,,,,,,,,,,,,,,,,,,,,,,,,,,,,,,,,,,,,,,,,,,,,,,,,,
4,,Trần Quang Diệu,tertiary,263,,,tertiary,,,,,Trần Quang Diệu,,,,,,,"[411925917, 5769562652, 411918380, 3771398698, 3758592380, 3771398701, 411925457, 2003905523, 411919063]",,,,,,,,,,,,,,,,,,,,,,,,,,,,,,,,,,,,,,,,,,,,,,,,,,,,,,,,,,,,,,,,,,,,,,,,,,,,,,,,,,,,,,,,,,,,,,,,,,,,,,,,,,,,,,,,,
4,,Trần Quang Diệu,tertiary,264,,,tertiary,,,,,Trần Quang Diệu,,,,,,,"[411919073, 411919074, 411919061]",,,Tran Quang Dieu,,,,,,,,,,,,,,,,,,,,,,,,,,,,,,,,,,,,,,,,,,,,,,,,,,,,,,,,,,,,,,,,,,,,,,,,,,,,,,,,,,,,,,,,,,,,,,,,,,,,,,,,,,,,,,
4,,Nguyễn Hữu Cầu,tertiary,265,,,tertiary,,,,,Nguyễn Hữu Cầu,,,,,,,"[411926019, 5771992185, 411925906, 411925901, 5771992184, 411923648, 411923623, 411919364, 411926363]",,,Nguyen Huu Cau Street,,,,no,,,阮有求街,,,,,,,,,no,no,,,,,,,,,,,,,,,,,,,,,,,,,,,,,,,,,,,,,,,,,,,,,,,,,,,,,,,,,,,,,,,,,,,,,,,,,,,,,,,,,,,,,,,,,,,,,
4,,Trần Văn Ðang,tertiary,266,,,tertiary,,,,,Trần Văn Ðang,,,,,,,"[411926229, 411926224, 411926225, 411926226, 411926228, 5352258747, 411926233, 411926234, 411921356, 411919061]",,,Tran Van Dang,,,,yes,,,陈文当路,,,,,,,,,no,no,,,,,,,,,,,,,,,,,,,,,,,,,,,,,,,,,,,,,,,,,,,,,,,,,,,,,,,,,,,,,,,,,,,,,,,,,,,,,,,,,,,,,,,,,,,,,
4,,Hồ Hảo Hớn,tertiary,267,,,tertiary,,,,,Hồ Hảo Hớn,,,,,,,"[1996654212, 411924560, 411922504, 411926325, 411925112, 411924932, 411922587, 4605057806, 411925108, 411925285, 411921228, 411925110, 4603720647, 4603729664, 4603729665, 4603729666]",,,Ho Hao Hon Street,,,,,,,胡好汉路,,,,,,,,,,,,,,,,,,,,,,,,,,,,,,,,,,,,,,,,,,,,,,,,,,,,,,,,,,,,,,,,,,,,,,,,,,,,,,,,,,,,,,,,,,,,,,,,,,,,,,,
4,,Pasteur,tertiary,268,,,tertiary,,,,,Pasteur,,,,,,,"[411918863, 2032267113, 1998781616, 411918860, 5735791239, 411926197, 411926455, 3168095078, 411919405]",,,Pasteur Street,,,,yes,,,巴斯德路,,,,,,,,,,,,,,,,,,,,,,,,,,,,,,,,,,,,,,,,,,,,,,,,,,,,,,,,,,,,,,,,,,,,,,,,,,,,,,,,,,,,,,,,,,,,,,,,,,,,,,,
2,,Cầu Công Lý,primary,269,,,primary,,,,,Cầu Công Lý,,,,,,,"[411919023, 411919026]",,,,,,,yes,,,,,,,5,,,yes,,,,,,,,,,,,,,,,,,,,,,,,,,,,,,,,,,,,,,,,,,,,,,,,,,,,,,,,,,,,,,,,,,,,,,,,,,,,,,,,,,,,,,,,,,,,,,,,
4,,Nguyễn Bỉnh Khiêm,tertiary,270,,,tertiary,,,,,Nguyễn Bỉnh Khiêm,,,,,,,"[2403044880, 2297781943, 2297783345, 2297783342, 411925984]",,,,,,,,,,,,,,,,,,,,,,,,,,,,,,,,,,,,,,,,,,,,,,,,,,,,,,,,,,,,,,,,,,,,,,,,,,,,,,,,,,,,,,,,,,,,,,,,,,,,,,,,,,,,,,,,,
4,,Trương Định,tertiary,271,,,tertiary,,,,,Trương Định,,,,,,,"[5444117929, 4608690975, 5763135327, 411918543, 411926437, 411926613, 411919033]",,,Truong Dinh Street,,,,yes,,,长定街,,,,,,,,,,,,,,,,,,,,,,,,,,,,,,,,,,,,,,,,,,,,,,,,,,,,,,,,,,,,,,,,,,,,,,,,,,,,,,,,,,,,,,,,,,,,,,,,,,,,,,,
2,,Nguyễn Hữu Cảnh,primary,272,,,primary,,,,,Nguyễn Hữu Cảnh,,,,,,,"[383594386, 2036083005, 2036083539, 1774952056, 2036083224, 1278052510, 2036083519, 2036083352, 366376424, 2036083086, 366448188, 366400184, 946794535, 925138134, 2036082946, 728690557]",,,,,,,yes,,,,,,no,,,,,,,,,,,,,,,,,,,,,,,,,,,,,,,,,,,,,,,,,,,,,,,,,,,,,,,,,,,,,,,,,,,,,,,,,,,,,,,,,,,,,,,,,,,,,,,,,,,,
4,,Nguyễn Văn Giai,tertiary,273,,,tertiary,,,,,Nguyễn Văn Giai,,Nguyễn Văn Giai,55,,,,"[729523336, 411919051]",Phường Đa Kao,1,Nguyen Van Giai,,,,,,,,,,,,,,,,,,,,,,,,,,,,,,,,,,,,,,,,,,,,,,,,,,,,,,,,,,,,,,,,,,,,,,,,,,Ho,,,,,,,,,,,,,,,,,,,,,,,,,,,,,,,,,,,,
3,,Cầu Lê Văn Sỹ,secondary,274,,,secondary,,,,,Cầu Lê Văn Sỹ,,,,,,,"[411919070, 411919027]",,,Le Van Sy Bridge,,,,yes,Cầu Trương Minh Giảng,,黎文士桥,,,,1,,,yes,,,,,,,,,Cầu Lê Văn Sĩ,,,,,,,,,,,,,,,,,,,,,,,,,,,,,,,,,,,,,,,,,,,,,,,,,,,,Truong Minh Giang Bridge,,,,,,,,,,,,,,,,,,,,,,,,,,,,,,,,,,,
4,,Võ Văn Tần,tertiary,275,,,tertiary,,,,,Võ Văn Tần,,,,,,,"[411925941, 5842295444, 5778360103, 411925942, 5778360095, 411926212, 5778360123, 5778360125, 411918904]",,,,,,,yes,,,,,,,,,,,,,,,,,,,,,,,,,,,,,,,,,,,,,,,,,,,,,,,,,,,,,,,,,,,,,,,,,,,,,,,,,,,,,,,,,,,,,,,,,,,,,,,,,,,,,,,,,,
1,,Cầu Ðiện Biên Phủ,trunk,276,,,trunk,,,,,Cầu Ðiện Biên Phủ,,,,,,,"[366390033, 2899907872, 411918785]",,,Dien Bien Phu Bridge,,,,yes,,,奠边府桥,,,,1,,,yes,,,,,,,,,,,,,,,,,,,,,,,,,,,,Cầu Điện Biên Phủ,Dien Bien Phu Bridge,,,,,,,,,,,,,,,,,,,,,,,,,,,,,,,,,,,,,,,,,,,,,,,,,,,,,,,,,,,,,,,,,,,
2,,Nguyễn Thái Học,primary,277,,,primary,,,,,Nguyễn Thái Học,,,,,,,"[411918861, 2032267326, 411923507]",,,Nguyen Thai Hoc Street,,,,yes,,asphalt,阮太学路,,,,,,,,,,,,,,,,,,,,,,,,,,,,,,,,,,,,,,,,,,,,,,,,,,,,,,,,,,,,,,,,,,,,,,,,,,,,,,,,,,,,,,,,,,,,,,,,,,,,,,,
4,,Lý Chính Thắng,tertiary,278,,,tertiary,,,,,Lý Chính Thắng,,,,,,,"[4646769646, 5778245682, 411926401, 411918624, 3168901215, 411926139, 5778212579, 411926448, 5778212347, 5778212577, 5778212349, 2300361544, 5772101018, 411926216]",,,,,,,yes,,,,,,,,,,,,,,,,,,,,,,,,,,,,,,,,,,,,,,,,,,,,,,,,,,,,,,,,,,,,,,,,,,,,,,,,,,,,,,,,,,,,,,,,,,,,,,,,,,,,,,,,,,
4,,Trần Quốc Thảo,tertiary,279,,,tertiary,,,,,Trần Quốc Thảo,,,,,,,"[411926698, 411919466, 411926508]",,,Tran Quoc Thao Road,,,,yes,,,陈国草路,,,,,,,,,no,no,,,,,,,,,no,,no,,,,,,,,,,,,,,,,,,,,,,,,,,,,,,,,,,,,,,,,,,,,,,,,,,,,,,,,,,,,,,,,,,,,,,,,,,,,,,,,,,
4,,Võ Văn Tần,tertiary,280,,,tertiary,,,,,Võ Văn Tần,,,,,,,"[411926551, 2393614146]",,,Vo Van Tan,,,,,,,,,,,,,,,,,,,,,,,,,,,,,,,,,,,,,,,,,,,,,,,,,,,,,,,,,,,,,,,,,,,,,,,,,,,,,,,,,,,,,,,,,,,,,,,,,,,,,,,,,,,,,,
4,40.0,Nguyễn Thượng Hiền,tertiary,281,,,tertiary,,,,,Nguyễn Thượng Hiền,,,,,,,"[5778245684, 5778245685, 5778212583, 5778245678, 5778245677, 5764789643, 5764789644, 5764789645]",,,Nguyen Thuong Hien Street,,,,yes,,,阮尚贤路,40,,,,,,,,,,,,,,,,,,,,,,,,,,,,,,,,,,,,,,,,,,,,,,,,,,,,,,,,,,,,,,,,,,,,,,,,,,,104,,,,,,,,,,,,,,,,,,,,,,,,,,,
4,,Trần Quang Khải,tertiary,282,,,tertiary,,,,,Trần Quang Khải,,,,,,,"[411926140, 3179242557, 411926019, 411921460, 2230349386, 3167010083, 864422931, 411919005, 366440881]",,,,,,,,,,,,,,,,,,,,,,,,,,,,,,,,,,,,,,,,,,,,,,,,,,,,,,,,,,,,,,,,,,,,,,,,,,,,,,,,,,,,,,,,,,,,,,,,,,,,,,,,,,,,,,,,,
4,,Nguyễn Hữu Tự,tertiary,283,,,tertiary,,,,,Nguyễn Hữu Tự,,,,,,,"[411919051, 411925989, 2231246173, 2231246984, 366440881]",,,,,,,no,,,阮有自路,,,,,,,,,no,no,,,,,,,,,,,,,,,,,,,,,,,,,,,,,,,,,,,,Bing,,,,,,,,,,,,,,,,,,,,,,,,,,,,,,,,,,,,,,,,,,,,,,,,,,,,,,,,,
2,,Hai Bà Trưng,primary,284,,,primary,,,,,Hai Bà Trưng,,,,,,,"[411918803, 2036083465, 411925962, 411926393]",,,,,,,,,,,,,,,,,,,,,,,,,,,,,,,,,,,,,,,,,,,,,,,,,,,,,,,,,,,,,,,,,,,,,,,,,,,,,,,,,,,,,,,,,,,,,,,,,,,,,,,,,,,,,,,,,
2,,Ngã Bảy Lý Thái Tổ,primary,285,,,primary,,,,roundabout,Ngã Bảy Lý Thái Tổ,,,,,,,"[698217095, 2233126184, 411919584, 2614395094, 2614395092, 2614395089, 2233126178, 698217086, 411919629, 2614395057, 2233126176, 411919626, 2233126173, 4614090211, 366432033, 2614395055, 4614090217, 698217082, 411919599, 698217097, 2614395078, 2614395084, 5462350104, 411918417, 698217095]",,,,,,,yes,,,,,,,,,,,,,,,,,,,,,,,,,,,,,,,,,,,,,,,,,,,,,,,,,,,,,,,,,,,,,,,,,,,,,,,,,,,,,,,,,,,,,,,,,,,,,,,,,,,,,,,,,,
4,,Hoàng Sa,tertiary,286,,,tertiary,,,,,Hoàng Sa,,,,,,,"[726686195, 4883457776, 4878125858, 411922472, 411919175, 2081881435, 411919176, 2081881212, 411919099, 411919189, 411919106, 411919105, 411919104, 2081881166, 411919102, 411919101, 411919081, 411919080, 2081881109, 366382507, 411919091, 411919092, 411919088, 411919090, 411919086, 3246108183, 5769486930, 411919084, 411919168, 5769486919, 3798940843, 726686177, 3798940848, 411919169, 411920105, 411920096, 411920095, 411920101, 411920100, 411920103, 411920104, 411920102, 5668712828, 411920106, 411920107, 2332689270, 411919171, 411919263, 411919261, 411919262, 411919260, 411919259, 411919283, 411919282, 411919280, 4643948227, 411919279, 4643948228, 411919073, 411919065, 3462993917, 5352258735, 411919066, 3462993916, 411919056, 411919055, 411919058, 411919059, 411918818, 411919277, 411919472, 411919471, 411919470, 3734437573, 411919473, 2332686525, 5772101024]",Ho Chi Minh,3,Hoang Sa Road,,,,yes,,,黃沙路,,,,,,,,,,,,,,,,,,,,,,,,,,,,,,,,,,,,,,,,,,,,,,,,,,,,,,,,,,,,,,,,,,,,,,,,,,,,,,,,,,,,,,,,,,,,,,,,,,,,,,,
3,,Hoàng Sa,primary_link,287,,,primary_link,,,,,Hoàng Sa,,,,,,,"[2036141688, 2036141657, 411919770, 2036141745, 4109494697]",,,,,,,yes,,,,,,,,,,,,,,,,,,,,,,,,,,,,,,,,,,,,,,,,,,,,,,,,,,,,,,,,,,,,,,,,,,,,,,,,,,,,,,,,,,,,,,,,,,,,,,,,,,,,,,,,,,
3,,Lê Văn Sỹ,secondary,288,,,secondary,,,,,Lê Văn Sỹ,,,,,,,"[411919027, 4087201126, 5772101044, 411925817, 411925816, 3178456808, 411924015, 411923766, 411925836, 411922150, 411925443, 5769562753, 5769562754]",,,Le Van Sy Road,,,,yes,,,黎文士路,,,,,,,,,,,,,,,,Lê Văn Sĩ,,,,,,,,,,,,,,,,,,,,,,,,,,,,,,,,,,,,,,,,,,,,,,,,,,,,,,,,,,,,,,,,,,,,,,,,,,,,,,,,,,,,,,,
2,,Công Trường Dân Chủ,primary,289,,,primary,,,,roundabout,Công Trường Dân Chủ,,,,,,,"[411919403, 4646769638, 5778245684, 4646769639, 4879876937, 411919210, 701666214, 411919202, 711368028, 701666217, 411919197, 701666218, 4646769646, 701666216, 5778245683, 4646769637, 4646769645, 411919418, 701666211, 701666209, 411919383, 701666210, 411919403]",,,,,,,yes,,asphalt,,,no,yes,,,,,,,,no,4,,,,,,,,,,,,,,,,,,,,,,,,,,,,,,,,,,,,,,,,,,,,,,,,,,,,,,,,,,,,,,,,,,,,,,,,,,,,,,,,,,,,,,,,,,,
4,,Trần Huy Liệu,tertiary,290,,,tertiary,,,,,Trần Huy Liệu,,,,,,,"[411926273, 411925931, 5769562647, 5769562639, 2915345822, 5769562625, 411920912, 411921593, 411924032, 5352152221, 3168904961, 5352152224, 411920894, 411922332, 411922300, 411921824, 411920640, 5769562753, 411925917]",,,,,,,,,,,,,,,,,,,,,,,,,,,,,,,,,,,,,,,,,,,,,,,,,,,,,,,,,,,,,,,,,,,,,,,,,,,,,,,,,,,,,,,,,,,,,,,,,,,,,,,,,,,,,,,,,
3,,Nguyễn Trãi,secondary,291,,,secondary,,,,,Nguyễn Trãi,,,,,,,"[2616958835, 411918319, 3164258341, 411918697, 411926632, 411923334, 411924594, 411922680, 411924454, 411920969, 411922600, 411925637, 411924972, 5762780544, 411925865, 4605034948]",,,,,,,no,,,,,,,,,,,,,,,,,,,,,,,,,,,,,,,,,,,,,,,,,,,,,,,,,,,,,,,,,,,,,,,,,,,,,,,,,,,,,,,,,,,,,,,,,,,,,,,,,,,,,,,,,,
2,,Võ Thị Sáu,primary,292,,,primary,,,,,Võ Thị Sáu,,,,,,,"[411925963, 3162508870, 411921783, 411921740, 411926029, 411917924, 5772088460, 411925967, 763321260, 411920383, 411922988, 3162508871, 411923530, 411925342, 5772088388, 411926344, 411918659, 411918138, 411919431, 411918567, 411924681, 411923823, 411926160]",,,,,,,yes,,,,,,,,,,,,,,,3,,,,,,,,,,,,,,,,,,,,,,,,,,,,,,,,,,,,,,,,,,,,,,,,,,,,,,,,,,,,,,,,,,,,,,,,,,,,,,,,,,,,,,,,,,,
4,,Đường dẫn Cầu Thủ Thiêm,tertiary,293,,,tertiary,,,,,Đường dẫn Cầu Thủ Thiêm,,,,,,,"[415971733, 5740364674, 5740364671, 1774287372, 4066907391, 4066896285, 5740593364, 5740593365]",,,,,,,yes,,,,,,,,,,,,,,,,,,,,,,,,,,,,,,,,,,,,,,,,,,,,,,,,,,,,,,,,,,,,,,,,,,,,,,,,,,,,,,,,,,,,,,,,,,,,,,,,,,,,,,,,,,
2,,Kinh Dương Vương,primary,294,,,primary,,,,,Kinh Dương Vương,,,,,,,"[2361894774, 2361894664, 5797843811, 1498095676, 2431942903, 5797843816, 366420590, 5797843817, 5797843822, 5817150430, 3023006865, 366408958, 5797843804, 366391700, 5075577051, 5797843809, 366407911, 5797843834, 5794808722, 5797843840, 5794808790, 542693527, 5797843842, 5794808751, 5797843847, 366382491]",,,,,,,yes,,,,,,,,,,,,,,,,,,,,,,,,,,,,,,,,,,,,,,,,,,,,,,,,,,,,,,,,,,,,,,,,,,,,,,,,,,,,,,,,,,,,,,,,,,,,,,,,,,,,,,,,,,
4,,Bùi Hữu Nghĩa,tertiary,295,,,tertiary,,,,,Bùi Hữu Nghĩa,,,,,,,"[5757535101, 5767300383, 3329711665, 5764779788, 5757535100, 1497276493]",,Binh Thanh,,,,,,,,,,,,,,,,,,,,,,,,,,,,,,,,,,,,,,,,,,,,,,,,,,,,,,,,,,,,,,,,,,,,,,,,,,,,,,,,,,,,,,,,,,,,,,,,,,,,,,,,,,,,,,,
2,,Lý Thái Tổ,primary,296,,,primary,,,,,Lý Thái Tổ,,,,,,,"[5762610083, 411920209, 411925018, 3150775228, 411924868, 411925022, 2498090915, 411920848, 5758114513, 2498090914, 411924320, 411925053, 411923825, 411923247, 411920875, 3150775225, 411923847, 411923828, 698217097]",,,,,,,yes,,,,,,,,,,,,,,,,,,,,,,,,,,,,,,,,,,,,,,,,,,,,,,,,,,,,,,,,,,,,,,,,,,,,,,,,,,,,,,,,,,,,,,,,,,,,,,,,,,,,,,,,,,
3,,Lê Đại Hành,secondary,297,,,secondary,,,,,Lê Đại Hành,,,,,,,"[4632239802, 2434647890, 5778485955, 5778485959, 5778485957, 2434730479, 366372500, 2434730478, 366381218, 5778485979, 3150623832, 366445888, 4535195820, 5757547048, 366407708, 4535195806, 366431645, 3150623833, 5757547057, 2434647869, 366371375]",,,,,,,yes,,,,,,,,,,,,,,,,,,,,,,,,,,,,,,,,,,,,,,,,,,,,,,,,,,,,,,,,,,,,,,,,,,,,,,,,,,,,,,,,,,,,,,,,,,,,,,,,,,,,,,,,,,
4,,Nguyễn Ðình Chiểu,tertiary,298,,,tertiary,,,,,Nguyễn Ðình Chiểu,,,,,Nguyễn Ðình Chiểu,,"[411918880, 411925980, 411923140, 411918646, 5737980912, 411918645, 2043347050, 411925984]",,,Nguyen Dinh Chieu Street,,,,yes,,,阮廷炤街,,,,,,,,,,,,,,,,,,,,,,,,,,,,,,,,,,,,,,,,,,,,,,,,,,,,,,,,,,,,,,,,,,,,,,,,,,,,,,,,,,,,,,,,,,,,,,,,,,,,,,,
3,,Hương lộ 8,secondary,299,,,secondary,,,,,Hương lộ 8,,,,,,,"[366451514, 542659652, 4986046124, 2871790711, 5767087933]",,,,,,,,,,,,,,,,,,,,,,,,,,,,,,,,,,,,,,,,,,,,,,,,,,,,,,,,,,,,,,,,,,,,,,,,,,,,,,,,,,,,,,,,,,,,,,,,,,,,,,,,,,,,,,,,,
3,40.0,Nguyễn Hữu Trí,secondary,300,,,secondary,,,,,Nguyễn Hữu Trí,,,,,,,"[366450062, 2276924415, 366462470, 5767087934, 2941361720, 5767087935, 366375817, 2941361709, 5755169590, 5767087936, 542685599, 5755169723, 366400337, 5755169739, 5755169720, 5755169736, 3632312333]",,,,,,,yes,,,,40,,,,,,,,,,,,,,,,,,,,,,,,,,,,,,,,,,,,,,,,,,,,,,,,,,,,,,,,,,,,,,,,,,,,,,,,,,,,,,,,,,,,,,,,,,,,,,,,,,,,,,
3,,,secondary,301,,,secondary,,,,,,,,,,,,"[366387294, 366425020]",,,,,,,yes,,,,,,,1,,,yes,,,,,,,,,,,,,,,,,,,,,,,,,,,,,,,,,,,,,,,,,,,,,,,,,,,,,,,,,,,,,,,,,,,,,,,,,,,,,,,,,,,,,,,,,,,,,,,,
1,80.0,Cầu An Lập,trunk,302,,,trunk,,,,,Cầu An Lập,,,,,,,"[378247304, 373543511]",,,,1A,,,yes,,,,80,,,1,,,yes,,,,,,,,,,,,,,,,,,,,,,,,,,,,,,,,,,,,,,,,,,,,,,,,,,,,,,,,,,,,,,,,,,,,,,,,,,,,,,,,,,,,,,,,,,,,,,,,
3,,Trần Đại Nghĩa,trunk_link,303,,,trunk_link,,,,,Trần Đại Nghĩa,,,,,,,"[366388636, 4066528696, 366437284, 4066528697, 5817112629]",,,,,,,yes,,,,,,,,,,,,,,,,,,,,,,,,,,,,,,,,,,,,,,,,,,,,,,,,,,,,,,,,,,,,,,,,,,,,,,,,,,,,,,,,,,,,,,,,,,,,,,,,,,,,,,,,,,
1,,Quốc lộ 1,trunk,304,,,trunk,,,,,Quốc lộ 1,,,,,,,"[1958801408, 676030968, 1958801357, 1958801326, 1958801312, 1958801305, 4068031145, 1958801292, 4068031150, 1958801280, 4068031142, 5781025972, 4068031141, 1958801282, 1958801286, 5781025973, 1958801290, 1958801297, 1958801306, 4068031149, 1958801313, 1958801320, 1958801362, 1958801378, 4068031148, 1958801410]",,,,1,,,yes,,,,,,,,,,,,,,,,,,,,,,,,,,,,,,,,,,,,,,,,,,,,,,,,,,,,,,,,,,,,,,,,,,,,,,,,,,,,,,,,,,,,,,,,,,,,,,,,,,,,,,,,,,
1,60.0,Quốc lộ 1,trunk,305,,,trunk,,,,,Quốc lộ 1,,,,,,,"[1503295208, 4068085503, 1958801923, 1958801927, 1958801921, 5772687805, 4068085502, 1921517667, 5762601997, 1958801907, 5772493630, 2953644078, 1958801889, 5762601994, 5762600148, 1958801855, 1958801842, 1958801835, 1958801824, 5762654832, 1958801793, 1958801787, 5762654844, 5762654803, 5762654805, 5762654852, 1958801764]",Ho Chi Minh,Thu Duc,,1,,,yes,,,,60,,,,,,,,,,,,,,,,,,,,,,,,,,,,,,,,,,,,,,,,,,,,,,,,,,,,,,,,,,,,,,,,,,,,,,,,,,,,,,,,,,,,,,,,,,,,,,,,,,,,,,
1,,Quốc lộ 1,trunk,306,,,trunk,,,,,Quốc lộ 1,,,,,,,"[676029958, 1958801473, 676030031, 4068051906, 1958801505, 1958801532, 1958801548, 4068051908, 1958801560, 4068051907, 1958801571]",,,,QL.1,,,yes,,,,,,,,,,,,,,,,,,AH1,,,,,,,,,,,,,,,,,,,,,,,,,,,,,,,,,,,,,,,,,,,,,,,,,,,,,,,,,,,,,,,,,,,,,,,,,,,,,,,,,,,,,,,,
1,,Cầu vượt Thủ Đức,trunk,307,,,trunk,,,,,Cầu vượt Thủ Đức,,,,,,,"[676029957, 676029958]",,,,1A,,,yes,,,,,,,1,,,yes,,,,,,,,AH1,,,,,,,,,,,,,,,,,,,,,,,,,,,,,,,,,,,,,,,,,,,,,,,,,,,,,,,,,,,,,,,,,,,,,,,,,,,,,,,,,,,,,,,,
1,80.0,Cầu Rạch Chiếc 1,trunk,308,,,trunk,,,,,Cầu Rạch Chiếc 1,,,,,,,"[2028465889, 4066314180, 676038270, 676037188, 676036916, 676036918, 1854295624, 2028465978]",,,,QL.52,,,yes,,,,80,,no,1,,,yes,,,,,,yes,,,,,,,,,,,,,,,,,,,,,,,,,,,,,,,,,,,,,,,,,,,,,,,,,,,,,,,,,,,,,,,,,,,,,,,,,,,,,,,,,,,,,,,,,,
1,60.0,Xa Lộ Hà Nội,trunk,309,,,trunk,,,,,Xa Lộ Hà Nội,,,,,,,"[2361894737, 5418455041, 3289593762, 2024972806, 2024972999, 2024973315]",,,,QL.52,,,yes,,,,60,,,,,,,,,,,,yes,,,,,,,,,,,,,,,,,,,,,,,,,,,,,,,,,,,,,,,,,,,,,,,,,,,,,,,,,,,,,,,,,,,,,,,,,,,,,,,,,,,,,,,,,,
2,,Xô Viết Nghệ Tĩnh,primary,310,,,primary,,,,,Xô Viết Nghệ Tĩnh,,,,,,,"[1497276531, 4066386147, 729523390, 5733448384, 2403032499, 5733301068]",,,Xo Viet Nghe Tinh Road,,,,yes,,,乂静苏维埃路,,,,,,,,,,,,,,,,,,,,,,,,,,,,,,,,,,,,,,,,,,,,,,,,,,,,,,,,,,,,,,,,,,,,,,,,,,,,,,,,,,,,,,,,,,,,,,,,,,,,,,,
1,,Điện Biên Phủ,trunk,311,,,trunk,,,,,Điện Biên Phủ,,,,,,,"[676560165, 1998235303, 5775034849, 2030638631, 2030638626]",,,Dien Bien Phu;Dien Bien Phu Road,,,,yes,,,奠边府路,,,yes,,,,,,,,,,,,,,,,,,,,,,,,,,,,,,,,,,,,,,,,,,,,,,,,,,,,,,,,,,,,,,,,,,,,,,,,,,,,,,,,,,,,,,,,,,,,,,,,,,,,
1,,Điện Biên Phủ,trunk,312,,,trunk,,,,,Điện Biên Phủ,,,,,,,"[1998235282, 4673707531, 1998235240, 411918883]",,,Dien Bien Phu Road,,,,yes,,asphalt,,,,,,,,,,,,,,,,,,,,,,,,,,,,,,,,,,,,,,,,,,,,,,,,,,,,,,,,,,,,,,,,,,,,,,,,,,,,,,,,,,,,,,,,,,,,,,,,,,,,,,,,
1,,Vòng xoay Điện Biên Phủ,trunk,313,,,trunk,,,,roundabout,Vòng xoay Điện Biên Phủ,,,,,,,"[676561490, 4066381581, 676561491, 2233152866, 4066381580, 676561493, 676561494, 676561496, 1998235282, 676561497, 676561470, 1998235262]",,,Dien Bien Phu Roundabout,,,,yes,,,奠边府路环形交叉,,,,,,,,,,,,,,,,,,,,,,,,,,,,,,,,,,,,,,,,,,,,,,,,,,,,,,,,,,,,,,,,,,,,,,,,,,,,,,,,,,,,,,,,,,,,,,,,,,,,,,,
3,40.0,Võ Văn Kiệt,trunk_link,314,,,trunk_link,,,,,Võ Văn Kiệt,,,,,,,"[4066503697, 1500226428, 1500226411, 4066503700, 4066503701, 678485731, 4066503702, 1500226432, 1500226441, 4066503704, 4066503703, 678485734, 4066503705, 678485735, 4066503706, 1500226500, 4066503707, 1500226507, 678485738, 1500226509, 678485746, 4066503708, 1500226498, 4066503709, 678485751, 678485755, 4066503710, 4066503711, 5748311894]",,,,,,,yes,,,,40,,,1,,,yes,,,,,,,,,,,,,,,,,,,,,,,,,,,,,,,,,,,,,,,,,,,,,,,,,,,,,,,,,,,,,,,,,,,,,,,,,,,,,,,,,,,,,,,,,,,,,,,,
2,,Đinh Bộ Lĩnh,primary,315,,,primary,,,,,Đinh Bộ Lĩnh,,,,,,,"[696860161, 2030639151, 4068007610, 4068007611, 696860157, 2418498360, 696860158, 696860155, 2030638900, 2984720934, 5779433387, 1797562619, 5737799820, 739149943, 5737799816, 3066419461, 1797562618, 3066409690, 5737826555, 3066409687, 5737826552, 1276696900, 1271148382, 3066419464, 696860153, 696860152, 3162356472, 696860150, 696860148, 366479091, 696860137, 366446489, 366402259, 3162356473, 696860135, 366431552, 5733035611, 366440405, 1276696958, 3162356474, 366391891, 2418495065, 5733023054, 5733035601, 5779433120, 5779433125, 760844031, 373544230]",,,Dinh Bo Linh,,,,yes,,,,,,,,,,,,,,,,,,,,,,,,,,,,,,,,,,,,,,,,,,,,,,,,,,,,,,,,,,,,,,,,,,,,,,,,,,,,,,,,,,,,,,,,,,,,,,,,,,,,,,,,,,
2,,Cầu Bình Triệu 2,primary,316,,,primary,,,,,Cầu Bình Triệu 2,,,,,,,"[696860166, 4068007614, 4068007613, 696860161]",,,Binh Trieu bridge,,,,yes,,,,,,,1,,,yes,,,,,,,,,,,,,,,,,,,,,,,,,,,,,,,,,,,,,,,,,,,,,,,,,,,,,,,,,,,,,,,,,,,,,,,,,,,,,,,,,,,,,,,,,,,,,,,,
2,,Quốc lộ 13,primary,317,,,primary,,,,,Quốc lộ 13,,,,,,,"[5467501942, 5742410692, 4067978569, 2496913636, 696860164, 696860166]",,,,,,,yes,,,,,,,,,,,,,,,,,,,,,,,,,,,,,,,,,,,,,,,,,,,,,,,,,,,,,,,,,,,,,,,,,,,,,,,,,,,,,,,,,,,,,,,,,,,,,,,,,,,,,,,,,,
2,,Vòng xoay Ngã Sáu Gò Vấp,primary,318,,,primary,,,,roundabout,Vòng xoay Ngã Sáu Gò Vấp,,,,,,,"[701670572, 701670584, 701670583, 701670582, 701670581, 701670580, 4447328662, 701670579, 701670578, 4447328663, 4933638683, 4447328661, 4672043489, 366460027, 4672043490, 701670568, 701670575, 701670574, 4447328664, 2403000091, 4728688224, 2249646491, 701670572]",,,,,,,yes,,,,,,,,,,,,,,,,,,,,,,,,,,,,,,,,,,,,,,,,,,,,,,,,,,,,,,,,,,,,,,,,,,,,,,,,,,,,,,,,,,,,,,,,,,,,,,,,,,,,,,,,,,
2,50.0,Điện Biên Phủ,primary,319,,,primary,,,,,Điện Biên Phủ,,,,,,,"[373544408, 1497276509, 2030639422, 729523408, 1204093477, 5778235549, 729523405, 1497313122, 729523404, 2692283088, 2692283089, 2692283087, 5778235519, 2030638843, 1204093507, 2030639374]",,,Dien Bien Phu Road,,,,yes,,,奠边府路,50,,,,,,,,,,,,,,,,,,,,,,,,,,,,,,,,,,,,,,,,,,,,,,,,,,,,,,,,,,,,,,,,,,,,,,,,,,,,,,,,,,,,,,,,,,,,,,,,,,,,,,
4,,Hoàng Minh Giám,tertiary,320,,,tertiary,,,,,Hoàng Minh Giám,,,,,,,"[2469693277, 5467207478, 5467207473, 5326481852, 4672026875]",Hồ Chí Minh,Go Vap,Hoang Minh Giam,,,,yes,,,,,,,,,,,,,,,,,,,,,,,,,,,,,,,,,,,,,,,,,,,,,,,,,,,,,,,,,,,,,,,,,,,,,,,,,,,,,,,,,,,,,,,,,,,,,,,,,,,,,,,,,,
2,,Nguyễn Kiệm,primary,321,,,primary,,,,,Nguyễn Kiệm,,,,,,,"[4936387107, 5360389238, 1393358827, 5786142623, 1400686986, 1393358809, 5786142634, 1400686980, 5786142754, 1393358788, 1401875441, 3167044468, 5740120160, 5786142770, 366408915, 5783263399, 1401875401, 366455474, 5719731373, 1401875351, 1401875338, 5783263375, 1401875332, 4672016537, 5786407158, 4719951872, 5719731382, 5467207470, 5467207471, 5737956390, 1392022036, 2368114587, 5737956354, 3167044470, 4672016536, 1392022024, 4672026874, 2469693278, 4719951876]",,,Nguyen Kiem,,,,yes,,,,,,,,,,,,,,,,,,,,,,,,,,,,,,,,,,,,,,,,,,,,,,,,,,,,,,,,,,,,,,,,,,,,,,,,,,,,,,,,,,,,,,,,,,,,,,,,,,,,,,,,,,
4,,Nguyễn Ðình Chiểu,tertiary,322,,,tertiary,,,,,Nguyễn Ðình Chiểu,,,,,,,"[5762610094, 3167004173, 5762610057, 5764869373]",,,Nguyen Dinh Chieu,,,,yes,,,,,,no,,,,,,no,no,,,,,,,,,,,,,,,,,,,,,,,,,,,,,no,,,,,,,,,,,,,,,,,,,,,,,,,,,,,,,,,,,,,,,,,,,,,,,,,,,,,,,,,,,,,,,,
4,,Cầu Nguyễn Văn Cừ,tertiary,323,,,tertiary,,,,,Cầu Nguyễn Văn Cừ,,,,,,,"[2289920282, 706286088, 2370360786]",,,Nguyen Van Cu Bridge,Cầu Nguyễn Văn Cừ,,,yes,,asphalt,,,no,,1,,,yes,,,,,2,,,,,,,,,,,,,,,,,,,,,,,,,,,,,,,,,,,,,,,,,,,,,,,,,,,,,,,,,,,,,,,,,,,,,,,,,,,,,,,,,,,,,,,,,,,
3,40.0,Võ Văn Kiệt,trunk_link,324,,,trunk_link,,,,,Võ Văn Kiệt,,,,,,,"[366468937, 1500226384, 4066503729, 1500226366, 706286235, 4066503734, 1500226358, 706286197, 706286204, 4066503732, 706286173, 1500226362, 1500226380, 706286020, 4066503733, 1500226391, 706286239, 706286112, 1500883870]",,,,,,,yes,,,,40,,,1,,,yes,,,,,,,,,,,,,,,,,,,,,,,,,,,,,,,,,,,,,,,,,,,,,,,,,,,,,,,,,,,,,,,,,,,,,,,,,,,,,,,,,,,,,,,,,,,,,,,,
4,,Hồ Văn Huê,tertiary,325,,,tertiary,,,,,Hồ Văn Huê,,,,,,,"[3654067017, 2814727860, 1394527833, 366431746]",,,Ho Van Hue,,,,yes,,,,,,,,,,,,,,,,,,,,,,,,,,,,,,,,,,,,,,,,,,,,,,,,,,,,,,,,,,,,,,,,,,,,,,,,,,,,,,,,,,,,,,,,,,,,,,,,,,,,,,,,,,
4,,Trần Hữu Trang,unclassified,326,,,unclassified,,,,,Trần Hữu Trang,,,,,,,"[710021184, 1672907088, 1672907092, 1672907093, 2164847262, 710021186, 727568346, 4415539426, 727568373, 1706523344, 727568351]",,,Tran Huu Trang,,,,,,,,,,,,,,,,,,,,,,,,,,,,,,,,,,,,,,,,,,,,,,,,,,,,,,,,,,,,,,,,,,,,,,,,,,,,,,,,,,,,,,,,,,,,,,,,,,,,,,,,,,,,,,
4,,Trần Khắc Chân,tertiary,327,,,tertiary,,,,,Trần Khắc Chân,,,,,,,"[2293477514, 712140229, 5213699009, 712140233, 2813676784, 712140237]",,,,,,alley,yes,,,,,,,,,,,,no,no,,,,,,,,,,,,,,,,,,,,,,,,,,,,,,,,,,,,,,,,,,,,,,,,,,,,,,,,,,,,,,,,,,,,,,,,,,,,,,,,,,,,,,,,,,,,,
4,,Trần Huy Liệu,tertiary,328,,,tertiary,,,,,Trần Huy Liệu,,,,,,,"[366375452, 3761201958, 3168924675, 1390350838, 723979385, 1390350831, 5765007188, 366470635, 366398854, 5352159391, 5352159367, 5352159389, 5765007161, 3168063562, 2431839592, 701716350]",,,,,,,yes,,,,,,,,,,,,,,,,,,,,,,,,,,,,,,,,,,,,,,,,,,,,,,,,,,,,,,,,,,,,,,,,,,,,,,,,,,,,,,,,,,,,,,,,,,,,,,,,,,,,,,,,,,
1,60.0,Cầu Phú Mỹ,trunk,329,,,trunk,,,,,Cầu Phú Mỹ,,,,,,,"[714480512, 2344021184, 1894608348, 714480624, 714480351, 714480404, 2351813918, 714480449, 714480493, 714480527, 1894609193, 714480632, 714480363, 2344160824, 2351811221, 2351811216, 714480460, 714480487, 3289613678, 3289613679, 3289613676, 2657238748, 714480343]",,,,,,,yes,,,,60,,,1,,,yes,,,,,,,,,,,,,,,,,,,,,,,,,,,,,,,,,,,,,,,,,,,,,,,,,,,,,,,,,,,,,,,,,,,,,,,,,,,,,,,,,,,,,,,,,,,,,,,,
1,60.0,Cầu Phú Mỹ,trunk,330,,,trunk,,,,,Cầu Phú Mỹ,,,,,,,"[714480551, 2657238749, 3289613681, 3289613680, 3289613677, 1767821166, 2351812042, 714480467, 714480425, 1894609646, 2351811226, 2344160822, 714480642, 714480579, 1894609211, 714480393, 714480332, 714480602, 714480536, 1894608663, 714480503, 2351809327, 1894608411, 2344021188, 714480418]",,,,,,,yes,,,,60,,,1,,,yes,,,,,,yes,,,,,,,,,,,,,,,,,,,,,,,,,,,,,,,,,,,,,,,,,,,,,,,,,,,,,,,,,,,,,,,,,,,,,,,,,,,,,,,,,,,,,,,,,,
4,,Nguyễn Văn Quỳ,tertiary,331,,,tertiary,,,,,Nguyễn Văn Quỳ,,,,,,,"[366415389, 1767821168, 3289613682, 5780899305, 5780899317, 714480621, 5780899322, 5780899319, 5780899285, 5783488619, 1894609911, 5783488618, 1767821201, 5783488617, 5783488612, 2329056769, 5783327064, 1894609678, 1894609500, 2351811220]",,,,,,,yes,,,,,,,,,,,,,,,,,,,,,,,,,,,,,,,,,,,,,,,,,,,,,,,,,,,,,,,,,,,,,,,,,,,,,,,,,,,,,,,,,,,,,,,,,,,,,,,,,,,,,,,,,,
3,,Nguyễn Hữu Thọ,secondary,332,,,secondary,,,,,Nguyễn Hữu Thọ,,,,,,,"[714567071, 5806377052, 5806367950, 5806378453, 5806367942, 5803442716, 5806367920, 714567085]",,,,,,,yes,,,,,,,,,,,,,,,,,,,,,,,,,,,,,,,,,,,,,,,,,,,,,,,,,,,,,,,,,,,,,,,,,,,,,,,,,,,,,,,,,,,,,,,,,,,,,,,,,,,,,,,,,,
1,60.0,Quốc lộ 1,trunk,333,,,trunk,,,,,Quốc lộ 1,,,,,,,"[5769332100, 5653129578, 5772000331, 366477611, 4068497320, 366388702, 4435836781, 5653034596, 5653034602, 366401969, 5772159072, 366403296, 366443133, 5653034584, 5653034577, 5653034576, 737199296, 5653034558, 5653035863, 366429039]",Ho Chi Minh,Thu Duc,,1,,,yes,,,,60,,,,,,,,,,,,,,,,,,,,,,,,,,,,,,,,,,,,,,,,,,,,,,,,,,,,,,,,,,,,,,,,,,,,,,,,,,,,,,,,,,,,,,,,,,,,,,,,,,,,,,
1,60.0,Quốc lộ 1,trunk,334,,,trunk,,,,,Quốc lộ 1,,,,,,,"[366400829, 366429527, 366474578, 370818118]",Ho Chi Minh,Thu Duc,,1,,,yes,,,,60,,,,,,,,,,,,,,,,,,,,,,,,,,,,,,,,,,,,,,,,,,,,,,,,,,,,,,,,,,,,,,,,,,,,,,,,,,,,,,,,,,,,,,,,,,,,,,,,,,,,,,
1,80.0,Nguyễn Văn Linh,trunk,335,,,trunk,,,,,Nguyễn Văn Linh,,,,,,,"[404465312, 2427515524, 366441458, 2485878527, 404484512]",,,,,,,yes,,,,80,,no,,,,,,,,,,yes,,,,,,,,,,,,,,,,,,,,,,,,,,,,,,,,,,,,,,,,,,,,,,,,,,,,,,,,,,,,,,,,,,,,,,,,,,,,,,,,,,,,,,,,,,
4,,Khánh Hội,tertiary,336,,,tertiary,,,,,Khánh Hội,,,,,,,"[2358232115, 1597983325, 4594687688, 1768404188, 5795319699, 1768404067, 1768404179, 1985832548, 5772502923]",,,Khanh Hoi,,,,,,,,,,,,,,,,,,,,,,,,,,,,,,,,,,,,,,,,,,,,,,,,,,,,,,,,,,,,,,,,,,,,,,,,,,,,,,,,,,,,,,,,,,,,,,,,,,,,,,,,,,,,,,
4,,Ông Ích Khiêm,tertiary,337,,,tertiary,,,,,Ông Ích Khiêm,,,,,,,"[5757501787, 5778252019, 5757501782, 366433881, 5757501733, 3168349830, 5757501767, 4929132434, 5757501764, 4217006546, 4594381213, 6175932046, 5778252057, 5758065177, 366450769, 5758065178, 5778381609, 5758065179, 5758065180, 5758065181]",,,Ong Ich Khiem,,,,,,,,,,,,,,,,,,,,,,,,,,,,,,,,,,,,,,,,,,,,,,,,,,,,,,,,,,,,,,,,,,,,,,,,,,,,,,,,,,,,,,,,,,,,,,,,,,,,,,,,,,,,,,
4,,Lạc Long Quân,tertiary,338,,,tertiary,,,,,Lạc Long Quân,,,,,,,"[5757501798, 5757501807, 5757501806, 5778168933, 5778168934, 5758029905, 5758029903, 5758029901, 4929861391, 366429494, 366450128, 5778252126, 5778252122, 4932652006, 3159048512, 5778252119, 5778252036, 5772562981, 4927868036, 4929861370, 4929861382, 5358463183, 3159048513, 4929861381, 4929861384, 5772562980, 5772562979, 5772562978, 5772562977, 5772562976, 4932652014, 366436749, 4558739456, 5772562975, 5772562992, 6138423162, 5772562993, 5772562994, 5772562995, 4202269518, 366403952, 5772562999, 6138423121, 5772562997, 5552001497, 4931112910, 5772563000, 5772562998, 5772563001, 5772562996, 5772563003, 5772563002, 5800727386, 4202269508, 366424808, 5800727398, 5800679876, 5772563004, 5800727404, 5772563009]",,11,Lac Long Quan,,,,,,,,,,,,,,,,,,,,,,,,,,,,,,,,,,,,,,,,,,,,,,,,,,,,,,,,,,,,,,,,,,,,,,,,,,,,,,,,,,,,,,,,,,,,,,,,,,,,,,,,,,,,,,
4,,Vòng xoay Lạc Long Quân,tertiary,339,,,tertiary,,,,roundabout,Vòng xoay Lạc Long Quân,,,,,,,"[723876642, 4217006583, 723876629, 2953649456, 2953649457, 5757501799, 2953649459, 5757501811, 5757501812, 723876631, 723876632, 2953649453, 2953649458, 5757501810, 723876634, 723876635, 723876636, 2953649454, 723876637, 723876638, 723876640, 723876641, 2953649455, 723876643, 723876642]",,,,,,,yes,,,,,,,,,,,,,,,,,,,,,,,,,,,,,,,,,,,,,,,,,,,,,,,,,,,,,,,,,,,,,,,,,,,,,,,,,,,,,,,,,,,,,,,,,,,,,,,,,,,,,,,,,,
3,,,primary_link,340,,,primary_link,,,,,,,,,,,,"[723876650, 2081907948, 2081907924, 1409491212, 2081907934, 5721685973]",,,,,,,yes,,,,,,,,,,,,,,,,,,,,,,,,,,,,,,,,,,,,,,,,,,,,,,,,,,,,,,,,,,,,,,,,,,,,,,,,,,,,,,,,,,,,,,,,,,,,,,,,,,,,,,,,,,
2,,Vòng xoay Phú Lâm,primary,341,,,primary,,,,roundabout,Vòng xoay Phú Lâm,,,,,,,"[723909509, 723909538, 5811944895, 5811944896, 4984435239, 723909541, 723909531, 723909528, 1802527925, 723909525, 723909520, 723909551, 723909548, 1488714212, 723909545, 1802527705, 723909563, 723909561, 723909558, 4607616534, 5811944894, 5772562635, 1802527645, 4609556568, 723909516, 5800295286, 723909509]",,,,,,,yes,,,,,,,,,,,,,,,,,,,,,,,,,,,,,,,,,,,,,,,,,,,,,,,,,,,,,,,,,,,,,,,,,,,,,,,,,,,,,,,,,,,,,,,,,,,,,,,,,,,,,,,,,,
4,,Trương Quốc Dung,unclassified,342,,,unclassified,,,,,Trương Quốc Dung,,,,,,,"[366448695, 2300355924, 5765047060, 366427171, 366465907, 2008273927]",,,,,,,,,,,,,,,,,,,,,,,,,,,,,,,,,,,,,,,,,,,,,,,,,,,,,,,,,,,,,,,,,,,,,,,,,,,,,,,,,,,,,,,,,,,,,,,,,,,,,,,,,,,,,,,,,
2,,Nguyễn Thị Minh Khai,primary,343,,,primary,,,,,Nguyễn Thị Minh Khai,,,,,Nguyễn Thị Minh Khai,,"[2037756039, 1226517257, 411925987, 411918269, 411918130, 411918272, 1226517260, 1769692389, 5134069662, 2974077477, 1771088742, 2403047872, 1970245478, 411923141, 411925985]",,,Nguyen Thi Minh Khai Road,,,,yes,Hồng Thập Tự,,阮氏明开路,,,,,,,,,,,,,,,,,,,,,,,,,,,,,,,,,,,,,,,,,,,,,,,,,,,,,,,,,,,,,Hồng Thập Tự,,,,,,,,,,,,,,,,,,,,,,,,,,,,,,,,,,,,,,,,,,
2,,Nguyễn Hữu Cảnh,primary,344,,,primary,,,,,Nguyễn Hữu Cảnh,,,,,,,"[728690558, 2036083092, 2036083441, 2036083256, 728690559, 2036083553, 2036083053, 2036082985, 2036083162, 2036082908, 728690563, 2036083584, 728690564, 2036083486, 728690565, 2036083369, 2036083606, 2036082830, 2036082930, 2036083524, 2036083140, 728690566]",,,,,,,yes,,,,,,no,,,,,,,,,,,,,,,,,,,,,,,,,,,,,,,,,,,,,,,,,,,,,,,,,,,,,,,,,,,,,,,,,,,,,,,,,,,,,,,,,,,,,,,,,,,,,,,,,,,,
2,,Nguyễn Hữu Cảnh,primary,345,,,primary,,,,,Nguyễn Hữu Cảnh,,,,,,,"[728690556, 411919157, 2036083449, 2036083009]",,,,,,,yes,,,,,,no,,,,,,,,,,,,,,,,,,,,,,,,,,,,,,,,,,,,,,,,,,,,,,,,,,,,,,,,,,,,,,,,,,,,,,,,,,,,,,,,,,,,,,,,,,,,,,,,,,,,
2,,Cầu Thị Nghè 2,primary,346,,,primary,,,,,Cầu Thị Nghè 2,,,,,,,"[728690557, 2036083568, 367525454, 2024423036, 728690556]",,,,,,,yes,,,,,,no,1,,,yes,,,,,,,,,,,,,,,,,,,,,,,,,,,,,,,,,,,,,,,,,,,,,,,,,,,,,,,,,,,,,,,,,,,,,,,,,,,,,,,,,,,,,,,,,,,,,,,,
2,,Cầu Thị Nghè 2,primary,347,,,primary,,,,,Cầu Thị Nghè 2,,,,,,,"[411919178, 367525458, 728690558]",,,,,,,yes,,,,,,no,1,,,yes,,,,,,,,,,,,,,,,,,,,,,,,,,,,,,,,,,,,,,,,,,,,,,,,,,,,,,,,,,,,,,,,,,,,,,,,,,,,,,,,,,,,,,,,,,,,,,,,
2,,Cầu Văn Thánh 2,primary,348,,,primary,,,,,Cầu Văn Thánh 2,,,,,,,"[728690566, 728690567]",,,,,,,yes,,,,,,,1,,,yes,,,,,,,,,,,,,,,,,,,,,,,,,,,,,,,,,,,,,,,,,,,,,,,,,,,,,,,,,,,,,,,,,,,,,,,,,,,,,,,,,,,,,,,,,,,,,,,,
4,,Nguyễn Ðình Chiểu,tertiary,349,,,tertiary,,,,,Nguyễn Ðình Chiểu,,,,,,,"[411925984, 411923589, 411926606, 411925893, 3181087560, 4099242263, 411918911, 3141402318, 5772015883, 3181090561, 2230261057, 2231213549, 411918912, 411926538, 5772019373, 411926523, 411926597, 3167001368, 411926554, 411926164]",,,,,,,yes,,,,,,,,,,,,,,,,,,,,,,,,,,,,,,,,,,,,,,,,,,,,,,,,,,,,,,,,,,,,,,,,,,,,,,,,,,,,,,,,,,,,,,,,,,,,,,,,,,,,,,,,,,
4,,Cầu Bùi Hữu Nghĩa,tertiary,350,,,tertiary,,,,,Cầu Bùi Hữu Nghĩa,,,,,,,"[729523336, 2899892673, 1998235277]",,,Bui Huu Nghia Bridge,,,,,,,裴有义桥,,,,1,,,yes,,,,,,,,,,,,,,,,,,,,,,,,,,,,,,,,,,,,,,,,,,,,,,,,,,,,,,,,,,,,,,,,,,,,,,,,,,,,,,,,,,,,,,,,,,,,,,,,
2,,Nguyễn Hữu Thọ,primary,351,,,primary,,,,,Nguyễn Hữu Thọ,,,,,,,"[403597053, 2253480530, 3171492371, 2159587911, 403597055, 2253491882, 735998137, 2253480543, 5780725191, 1997301760, 2313777276, 735998200, 5780725381, 5780725366, 403597062, 2154852086, 5780725365, 3171492373, 5780725360, 2305155095, 2305155091, 5781118743, 5781118736, 5781118877, 5781118872, 5781118738, 2297729249]",,,Nguyen Huu Tho,,,,yes,,asphalt,,,,,,,,,,,,,,,,,,,,,,,,,,,,,,,,,,,,,,,,,,,,,,,,,,,,,,,,,,,,,,,,,,,,,,,,,,,,,,,,,,,,,,,,,,,,,,,,,,,,,,,,
4,,Ngã Sáu Nguyễn Tri Phương,tertiary,352,,,tertiary,,,,roundabout,Ngã Sáu Nguyễn Tri Phương,,,,,,,"[4614001020, 4621933726, 5788957691, 4621933723, 4621933724, 4614001016, 4622024052, 4616051258, 4616051262, 5788957680, 734894535, 4614001018, 734894515, 734894505, 734894519, 4614001017, 5788927104, 4614030564, 4621933725, 4614030565, 4614001019, 4623078288, 2934006863, 4623089044, 2934006860, 2233642261, 4614001020]",,,,,,,yes,,,,,,,,,,,,,,,,,,,,,,,,,,,,,,,,,,,,,,,,,,,,,,,,,,,,,,,,,,,,,,,,,,,,,,,,,,,,,,,,,,,,,,,,,,,,,,,,,,,,,,,,,,
4,,Đường số 15,tertiary,353,,,tertiary,,,,,Đường số 15,,,,,,,"[735998170, 5780725192, 5780725193, 403597060, 2253480543]",,,,,,,yes,,,,,,,,,,,,,,,,,,,,,,,,,,,,,,,,,,,,,,,,,,,,,,,,,,,,,,,,,,,,,,,,,,,,,,,,,,,,,,,,,,,,,,,,,,,,,,,,,,,,,,,,,,
4,,Nguyễn Chí Thanh,tertiary,354,,,tertiary,,,,,Nguyễn Chí Thanh,,,,,Nguyễn Chí Thanh,,"[366450608, 5780574591, 3184829222, 5051610762, 5051610764, 5051610776, 5803395576, 366474412, 366427992, 366452532, 3184829221, 5051610779, 5051610783, 2302073747, 4627953645, 366424554, 3706539116, 5803561206, 6022611606, 6022611602, 366404948, 5803561224, 4538839154, 3152325555, 366380992]",,,Nguyen Chi Thanh,,,,,,,,,,,,,,,,,,,,,,,,,,,,,,,,,,,,,,,,,,,,,,,,,,,,,,,,,,,,,,,,,,,,,,,,,,,,,,,,,,,,,,,,,,,,,,,,,,,,,,,,,,,,,,
3,,,primary_link,355,,,primary_link,,,,,,,,,,,,"[2322645130, 2939402060, 1894610688, 2679775113, 734894517, 734894503, 406701359]",,,,,,,yes,,,,,,,,,,,,,,,,,,,,,,,,,,,,,,,,,,,,,,,,,,,,,,,,,,,,,,,,,,,,,,,,,,,,,,,,,,,,,,,,,,,,,,,,,,,,,,,,,,,,,,,,,,
3,,,primary_link,356,,,primary_link,,,,,,,,,,,,"[4594841780, 366374577, 2044486311, 2044487222, 1987338579, 2044486215]",,,,,,,yes,,,,,,,,,,,,,,,,,,,,,,,,,,,,,,,,,,,,,,,,,,,,,,,,,,,,,,,,,,,,,,,,,,,,,,,,,,,,,,,,,,,,,,,,,,,,,,,,,,,,,,,,,,
4,,Hẻm 68 Trần Quang Khải,tertiary,357,,,tertiary,,,,,Hẻm 68 Trần Quang Khải,,,,,,,"[411921460, 2230349394, 411920602, 411921451, 411922356, 411921464]",,,,,,,,,,,,,,,,,,,,,,,,,,,,,,,,,,,,,,,,,,,,,,,,,,,,,,,,,,,,,,,,,,,,,,,,,,,,,,,,,,,,,,,,,,,,,,,,,,,,,,,,,,,,,,,,,
2,80.0,Nguyễn Văn Linh,primary,358,,,primary,,,,,Nguyễn Văn Linh,,,,,,,"[366371791, 366424398, 2358286022, 2253480521, 2355607704, 3168971481, 1793489510, 1329767916, 366378712, 366448494, 366442464, 366389415, 366415505, 2348738984, 2350584957, 373515986]",,,,,,,yes,,,,80,no,no,,,,,,,,,,,,,,,,,,,,,,,,,,,,,,,,,,,,,,,,,,,,,,,,,,,,,,,,,,,,,,,,,,,,,,,,,,,,,,,,,,,,,,,,,,,,,,,,,,,,
2,80.0,Cầu Tư Dinh,primary,359,,,primary,,,,,Cầu Tư Dinh,,,,,,,"[737167485, 737167455]",,,Nguyen Van Linh,,,,yes,,,,80,,,1,Cầu Tư Dinh,Tu Dinh Bridge,yes,,,,,,,,,,,,,,,,,,,,,,,,,,,,,,,,,,,,,,,,,,,,,,,,,,,,,,,,,,,,,,,,,,,,,,,,,,,,,,,,,,,,,,,,,,,,,,,,
3,,Hà Huy Giáp,trunk_link,360,,,trunk_link,,,,,Hà Huy Giáp,,,,,,,"[5655529397, 2466118944, 5769821145, 5769821109, 2466118965, 2466118963, 5769821067, 2466118983, 2466122385, 4068497323, 737199274, 737199269]",,,,,,,yes,,,,,,,,,,,,,,,,,,,,,,,,,,,,,,,,,,,,,,,,,,,,,,,,,,,,,,,,,,,,,,,,,,,,,,,,,,,,,,,,,,,,,,,,,,,,,,,,,,,,,,,,,,
3,,Hà Huy Giáp,trunk_link,361,,,trunk_link,,,,,Hà Huy Giáp,,,,,,,"[5655391053, 4069455192, 2467261875, 5655390656, 5655390646, 3164008529, 4069450026, 2325327092, 4069450025, 2325327089, 2467262623, 4069455202, 2325327090]",,,,,,,yes,,,,,,,,,,,,,,,,,,,,,,,,,,,,,,,,,,,,,,,,,,,,,,,,,,,,,,,,,,,,,,,,,,,,,,,,,,,,,,,,,,,,,,,,,,,,,,,,,,,,,,,,,,
2,,Hà Huy Giáp,primary,362,,,primary,,,,,Hà Huy Giáp,,,,,,,"[366468541, 3217904585, 3296717302, 3342281498, 3342273742, 3217904589, 3218507249]",,,Ha Huy Giap,,,,,,,,,,,,,,,,,,,,,,,,,,,,,,,,,,,,,,,,,,,,,,,,,,,,,,,,,,,,,,,,,,,,,,,,,,,,,,,,,,,,,,,,,,,,,,,,,,,,,,,,,,,,,,
2,,Quốc lộ 13,primary,363,,,primary,,,,,Quốc lộ 13,,,,,,,"[370818095, 5750723557, 5750723552, 3164006692, 3216188719, 2418505282, 366453860, 2418505252, 366442842, 366407965, 366379119, 366457746, 5750775938, 2418505240, 366431847, 5750817091, 5750723548, 2418505254, 5750655027, 2418505237, 3164006694, 5750775936, 5750817092, 5751010945, 366467841, 366384710, 366376047, 366424473, 5751101730, 366473920, 2418505241, 2418505226, 2418505227, 5751101740, 3164006425, 3118893264, 5757504561, 366408382, 3108021347, 5757610896, 366408879, 5757610899, 366421857, 2418505283, 2418505256, 366383686, 2418505272, 366444843, 5757504541, 5757610878, 366418111, 3217665994, 366417824, 3217666001, 2418505235, 3164006424, 378248430]",,,Quoc Lo 13,13,,,yes,,,,,,,,,,,,,,,,,,,,,,,,,,,,,,,,,,,,,,,,,,,,,,,,,,,,,,,,,,,,,,,,,,,,,,,,,,,,,,,,,,,,,,,,,,,,,,,,,,,,,,,,,,
2,,Điện Biên Phủ,primary,364,,,primary,,,,,Điện Biên Phủ,,,,,,,"[676544140, 745747086, 5777195806, 1226494767, 4663133999, 2030639591, 2351213293, 2022539300, 745747142, 1497312959]",,,,,,,yes,,,,,,,,,,,,,,,,,,,,,,,,,,,,,,,,,,,,,,,,,,,,,,,,,,,,,,,,,,,,,,,,,,,,,,,,,,,,,,,,,,,,,,,,,,,,,,,,,,,,,,,,,,
1,50.0,Xa Lộ Hà Nội,trunk,365,,,trunk,,,,,Xa Lộ Hà Nội,,,,,,,"[2409498635, 366467942, 5750636709, 5750636714, 366414719, 5753048808, 366410640, 5753048851, 366411026, 5753048797, 1516645345, 366423251, 366416745, 5753048860, 366385495, 5455870964, 5455870965, 366466959, 5753048863, 5455870966, 5762890403, 366464338, 5455910306, 5994560154, 366428707, 366422856, 5965359829]",,,,QL.1,,,yes,,,,50,,,,,,,,,,,,,,AH1,,,,,,,,,,,,,,,,,,,,,,,,,,,,,,,,,,,,,,,,,,,,,,,,,,,,,,,,,,,,,,,,,,,,,,,,,,,,,,,,,,,,,,,,
4,,Trần Nam Trung,tertiary,366,,,tertiary,,,,,Trần Nam Trung,,,,,,,"[444352834, 766466097]",,,,,,,,,,,,,,,,,,,,,,,,,,,,,,,,,,,,,,,,,,,,,,,,,,,,,,,,,,,,,,,,,,,,,,,,,,,,,,,,,,,,,,,,,,,,,,,,,,,,,,,,,,,,,,,,,
3,,Lý Thái Tổ,secondary,367,,,secondary,,,,,Lý Thái Tổ,,,,,,,"[5733109179, 5581495549, 5733236494, 1588330157, 3188369572, 3188369596, 1588330156, 5733028725, 1588330155, 5733028702, 1588330154, 2686826159, 1588330153, 1588330152, 2686826160, 2686826161, 1595860364, 1588330151, 1588330150, 3188376600, 2686826162, 1588330149, 2686826163, 1588330148, 1588330147, 1588330146, 1588330144, 1588330143, 1588330142, 3188376599, 1588330141, 1588330140, 2686826164, 2686826165, 1588330139, 2686826166, 2686826167, 1588330138, 2686826168, 1588330137, 1588330136, 2686826169, 1588330135, 3188369633, 1588330134, 2686826345, 3188376571, 3188369566, 766633256, 745747084]",,,,TL769,,,,Tỉnh lộ 769,,,,,,,,,,,,,,,,,,,,,,,,,,,,,,,,,,,,,,,,,,,,,,,,,,,,,,,,,,,,,,,,,,,,,,,,,,,,,,,,,,,,,,,,,,,,,,,,,,,,,,,,,
4,,Trần Văn Trà,tertiary,368,,,tertiary,,,,,Trần Văn Trà,,,,,,,"[2915456724, 842051653, 5794916701, 716636936, 842051642, 3702562404, 1329767903, 3702562403, 3702562402, 2340100601, 2340100603, 3702562400, 2340100610, 3702562401, 716636916, 2301060074, 2301060063, 2301060070, 2301060060, 2301060059, 5806301263, 366369710, 2348752568, 2348752564]",,,Tran Van Tra,,,,,,,,,,,,,,,,,,,,,,,,,,,,,,,,,,,,,,,,,,,,,,,,,,,,,,,,,,,,,,,,,,,,,,,,,,,,,,,,,,,,,,,,,,,,,,,,,,,,,,,,,,,,,,
4,,Hẻm 131 Tô Hiến Thành,tertiary,369,,,tertiary,,,,,Hẻm 131 Tô Hiến Thành,,,,,,,"[366434727, 5063701441, 5063701474, 366432048, 5063701476]",,,,,,alley,,,,,,,,,,,,,,,,,,,,,,,,,,,,,,,,,,,,,,,,,,,,,,,,,,,,,,,,,,,,,,,,,,,,,,,,,,,,,,,,,,,,,,,,,,,,,,,,,,,,,,,,,,,
4,,Hẻm 92 Vũ Huy Tấn,tertiary,370,,,tertiary,,,,,Hẻm 92 Vũ Huy Tấn,,,,,,,"[891508859, 735998169, 735998205, 735998182, 735998152, 735998166, 2408534571]",,,,,,,,,,,,,,,,,,,,,,,,,,,,,,,,,,,,,,,,,,,,,,,,,,,,,,,,,,,,,,,,,,,,,,,,,,,,,,,,,,,,,,,,,,,,,,,,,,,,,,,,,,,,,,,,,
1,,Đại lộ Bình Dương,trunk,371,,,trunk,,,,,Đại lộ Bình Dương,,,,,,,"[370557498, 366441640, 2338818521, 2338830281, 3297933934, 366416784, 3297933943, 3217666097, 2338830260, 366435602, 5769395604, 366422480]",,,Binh Duong Road,13,,,yes,,,平阳大路,,,,,,,,,,,,,,,,,,,,,,,,,,,,,,,,,,,,,,,,,,,,,,Bing,,,,,,,,,,,,,,,,,,,,,,,,,,,,,,,,,,,,,,,,,,,,,,,,,,,,,,,,,
4,,Cầu Hoàng Hoa Thám,tertiary,372,,,tertiary,,,,,Cầu Hoàng Hoa Thám,,,,,,,"[411921464, 891508852, 2899793762, 1998781624, 1998235298, 891508855, 1998235315, 891508859]",,,Hoang Hoa Tham Bridge,,,,,,,,,,,1,,,yes,,,,,,,,,,,,,,,,,,,,,,,,,,,,,,,,,,,,,,,,,,,,,,,,,,,,,,,,,,,,,,,,,,,,,,,,,,,,,,,,,,,,,,,,,,,,,,,,
3,,Cao Xuân Dục,secondary,373,,,secondary,,,,,Cao Xuân Dục,,,,,Cao Xuân Dục,,"[1996654263, 1996745651, 1996745785, 4609243968, 4608979340, 1996745736, 5814325555, 366412059, 3116882967, 366466590, 5814325557, 5814352049]",,,Cao Xuan Duc,,,,yes,,,,,,,,,,,,,,,,,,,,,,,,,,,,,,,,,,,,,,,,,,,,,,,,,,,,,,,,,,,,,,,,,,,,,,,,,,,,,,,,,,,,,,,,,,,,,,,,,,,,,,,,,,
2,,Hoàng Văn Thụ,primary,374,,,primary,,,,,Hoàng Văn Thụ,,,,,,,"[366443652, 2293477513, 4597431835, 1561464717, 2081907942, 2322648484, 1561464712, 2293477504, 5721608373, 5721608372, 2293477515, 5721608409, 3116902316, 366417361, 5763097093, 5721608412, 3141309027, 366446893]",Ho Chi Minh,Phu Nhuan,,,,,yes,,,,,,,,,,,,,,,,,,,,,,,,,,,,,,,,,,,,,,,,,,,,,,,,,,,,,,,,,,,,,,,,,,,,,,,,,,,,,,,,,,,,,,,,,,,,,,,,,,,,,,,,,,
4,,Đường số 48,unclassified,375,,,unclassified,,,,,Đường số 48,,,,,,,"[2032267247, 403582429, 5811529993, 5811529979, 5811529977, 738217350, 5811529996, 5778287253, 738217351]",,,,,,,no,,,,,,,,,,,,,,,,,,,,,,,,,,,,,,,,,,,,,,,,,,,,,,,,,,,,,,,,,,,,,,,,,,,,,,,,,,,,,,,,,,,,,,,,,,,,,,,,,,,,,,,,,,
4,,Song Hành,tertiary,376,,,tertiary,,,,,Song Hành,,,,,,,"[5737996052, 2038003626, 5735447914, 1271148428, 2038003764, 2038003825, 2038584728, 4089835047, 2038584702, 5735480581, 4066319837, 5735480596, 5735480588, 1276061576, 5735480595, 5735567978, 2671785663, 2671785669, 2671785664, 4066304450, 3985459708, 4066304452, 3985459709, 4066304451, 3985459710, 4066321010]",,,Song Hanh,,,,,,asphalt,,,,,,,,,,,,,,,,,,,,,,,,,,,,,,,,,,,,,,,,,,,,,,,,,,,,,,,,,,,,,,,,,,,,,,,,,,,,,,,,,,,,,,,,,,,,,,,,,,,,,,,,
4,,Phan Văn Trị,tertiary,377,,,tertiary,,,,,Phan Văn Trị,,,,,,,"[366413008, 3100603323, 4901194477, 4441523983, 5742989290, 5743332287, 4869145134, 4869145132, 4869145140, 5798935318, 4869145131, 4441523987, 4441523982, 4441523984, 366384807, 4441523986, 366441499, 5719318339, 366439219, 366427547, 3181108998, 4903015541, 366368776, 4433904569, 366386865, 3806430575, 4903108791, 2280550352, 366376494, 4447328641, 2280551548, 4432379442, 5716655318, 5716655311, 366386670, 5716655313, 4554750024, 4432379434, 4433922025, 4433922023, 3181108999, 5886313832, 3640162988, 4441523940, 366422416, 5724836623, 4905103832, 366447212, 366383283, 5886777923, 366449704, 5886777924, 366470381, 366439525, 4905117692, 5716927840, 3181109000, 4937783796, 366448707, 366401822, 4440176377, 5750808991]",Ho Chi Minh,Go Vap,Phan Van Tri,,,,yes,,paved,,,,,,,,,,,,yes,2,,,,,,,,,,,,,,,,,,,,,,,,,,,,,,,,,,,,,,,,,,,,,,,,,,,,,,,,,,,,,,,,,,,,,,,,,,,,,,,,,,,,,,,,,,,
4,,Phan Xích Long,tertiary,378,,,tertiary,,,,,Phan Xích Long,,,,,,,"[5721574899, 2408534559, 5763160838, 696627474, 2408534565, 701671547, 2408534572, 1395036575, 710640661, 366373362, 366370560, 712140211, 692822151, 366421435, 5764862088]",Ho Chi Minh,Phu Nhuan,Phan Xich Long,,,,yes,,,,,,,,,,,,,,,,,,,,,,,,,,,,,,,,,,,,,,,,,,,,,,,,,,,,,,,,,,,,,,,,,,,,,,,,,,,,,,,,,,,,,,,,,,,,,,,,,,,,,,,,,,
4,,Nam Kỳ Khởi Nghĩa,tertiary,379,,,tertiary,,,,,Nam Kỳ Khởi Nghĩa,,,,,Nam Kỳ Khởi Nghĩa,,"[411926697, 5743072751, 411918035, 5743072748, 3168120097, 2036596718, 411926545, 411919357, 4649997168, 1769277420]",,,Nam Ky Khoi Nghia Road,,,,yes,Maréchal de Lattre de Tassigny,,南圻起义路,,,,,,,,,,,,,,,,,,,,,,,,,,,,,,,,,,,,,,,,,,,,,,,,,,,,,,,,,,,,,Maréchal de Lattre de Tassigny,Maréchal de Lattre de Tassigny,,,,,,,,,,,,,,,,,,,,,,,,,,,,,,,,,,,,,,,,,
4,,Nguyễn Thái Sơn,tertiary,380,,,tertiary,,,,,Nguyễn Thái Sơn,,,,,,,"[366388401, 5789200184, 1401875392, 5738573551, 5738573557, 1401875427, 5789200093, 1401875442, 5789200118, 5789200116, 1402466390, 5789200122, 3167044463, 5738537417, 1408181121, 4447252158, 3138804721, 4903050749, 5793426552, 4903050752, 5793426541, 5719318324, 5793426540, 5793426537, 4447252161, 5742768244, 4447252163, 4903050745, 4462008041, 5719318337]",,,Nguyen Thai Son,,,,yes,,,,,,,,,,,,,,,,,,,,,,,,,,,,,,,,,,,,,,,,,,,,,,,,,,,,,,,,,,,,,,,,,,,,,,,,,,,,,,,,,,,,,,,,,,,,,,,,,,,,,,,,,,
2,,Hoàng Văn Thụ,primary,381,,,primary,,,,,Hoàng Văn Thụ,,,,,,,"[1409491230, 2041577239, 3337595376, 3337595374]",Ho Chi Minh,Tan Binh,,,,,yes,,,,,,,,,,,,,,,,,,,,,,,,,,,,,,,,,,,,,,,,,,,,,,,,,,,,,,,,,,,,,,,,,,,,,,,,,,,,,,,,,,,,,,,,,,,,,,,,,,,,,,,,,,
3,,Hoàng Văn Thụ,primary_link,382,,,primary_link,,,,,Hoàng Văn Thụ,,,,,,,"[366431143, 1404352895, 1404352882, 2079964393, 1404352868, 2453734022]",,,,,,,yes,,,,,,,,,,,,,,,,,,,,,,,,,,,,,,,,,,,,,,,,,,,,,,,,,,,,,,,,,,,,,,,,,,,,,,,,,,,,,,,,,,,,,,,,,,,,,,,,,,,,,,,,,,
4,,Hoàng Hoa Thám,tertiary,383,,,tertiary,,,,,Hoàng Hoa Thám,,,,,,,"[366435365, 366418556, 5755175890, 5755175891, 2021899492, 5755175904, 1497214163, 5755175898, 4530420395, 1497214170, 1497214173, 366392837, 4124154484, 1671468663, 1497255659, 5767693106, 5767693099, 5767693103, 1497239656, 5767693097, 366413742, 366405871]",Ho Chi Minh,Binh Thanh,Hoang Hoa Tham,,,,,,,,,,,,,,,,,,,,,,,,,,,,,,,,,,,,,,,,,,,,,,,,,,,,,,,,,,,,,,,,,,,,,,,,,,,,,,,,,,,,,,,,,,,,,,,,,,,,,,,,,,,,,,
2,,Hoàng Văn Thụ,primary,384,,,primary,,,,,Hoàng Văn Thụ,,,,,,,"[1404352840, 1404352847, 1409491230]",,,Hoang Van Thu,,,,yes,,,,,,,,,,,,,,,,,,,,,,,,,,,,,,,,,,,,,,,,,,,,,,,,,,,,,,,,,,,,,,,,,,,,,,,,,,,,,,,,,,,,,,,,,,,,,,,,,,,,,,,,,,
3,,Đường tỉnh 743,secondary,385,,,secondary,,,,,Đường tỉnh 743,,,,,,,"[5742588463, 2946907753, 5742588434, 5742588436, 5742588438, 5742588444, 5742588461, 5742588455, 1410695603, 2946907756, 5742588462, 1410695609, 5737821120, 5742588166, 5737821085, 5737821095, 5737821097, 5737821101, 1410695596, 1503295610, 5735336442, 1505099546, 5802890920, 5735335409, 5735335406, 5794960992, 5794961018, 2949194282, 2949194286, 4134423459, 4134423460, 3303841404, 2949194288, 1410695620, 5797979043, 5797979040, 2949194290, 5742588165, 3303841482, 5797979036, 5797979031, 1590082523, 5800543896, 5800543898, 1593459368, 5800543877, 5800543870, 1410695608, 5814148283, 5814148195, 5814148287, 3303792268, 5814148298, 1590082500, 5800562270, 1593459392, 5800562134, 5800562260, 1593459398, 1410695594, 1593459355, 5800562138, 5800562317, 1593459304, 1590082643, 5742588164, 5817049032, 5805965287, 5805965315, 5805965306, 5805965304, 1410695617, 5805965284, 1593449780, 4895243479, 5795384621, 4895243481, 4895243482]",,,,ĐT.743,,,yes,,,,,,,,,,,,,,,,,,,,,,,,,,,,,,,,,,,,,,,,,,,,,,,,,,,,,,,,,,,,,,,,,,,,,,,,,,,,,,,,,,,,,,,,,,,,,,,,,,,,,,,,,,
4,,Lê Tuấn Mậu,tertiary,386,,,tertiary,,,,,Lê Tuấn Mậu,,,,,,,"[1488714165, 5800034850, 5800037308, 5811551650]",,,,,,,,,,,,,,,,,,,,,,,,,,,,,,,,,,,,,,,,,,,,,,,,,,,,,,,,,,,,,,,,,,,,,,,,,,,,,,,,,,,,,,,,,,,,,,,,,,,,,,,,,,,,,,,,,
2,,Ngã tư Hàng Xanh,primary,387,,,primary,,,,roundabout,Ngã tư Hàng Xanh,,,,,,,"[2030638872, 1497276520, 1497276522, 2030638591, 1497276525, 1497276526, 1497276528, 1497276531, 4066386150, 4066386149, 1497276532, 1497276530, 1497276527, 1497276524, 4066392263, 1497276523, 1497313117, 1497276521, 1497276518, 1497276516, 2403042654, 676548643, 1497276515, 1497276517, 4066381549, 2030638872]",,,Hang Xanh Roundabout,,,,yes,,,,,,,,,,,,,,,,,,,,,,,,,,,,,,,,,,,,,,,,,,,,,,,,,,,,,,,,,,,,,,,,,,,,,,,,,,,,,,,,,,,,,,,,,,,,,,,,,,,,,,,,,,
2,,Điện Biên Phủ,primary,388,,,primary,,,,,Điện Biên Phủ,,,,,,,"[728705748, 1497313043, 1497313042, 1497313036, 5337055595, 4235815134, 1497313032, 1497313028, 1497313020, 1497313015, 1497313012, 1497313007, 1497313000, 1497312983, 1497312968, 1497312962, 1497312961, 1497312958, 5778236264, 1497312964, 1497312979, 1497312988, 766466154]",,,,,,,yes,,,,,,,,,,,,,,,,,,,,,,,,,,,,,,,,,,,,,,,,,,,,,,,,,,,,,,,,,,,,,,,,,,,,,,,,,,,,,,,,,,,,,,,,,,,,,,,,,,,,,,,,,,
4,,,tertiary,389,,,tertiary,,,,,,,,,,,,"[1497313079, 4066392442, 1497313064]",,,,,,,yes,,,,,,,,,,,,,,,,,,,,,,,,,,,,,,,,,,,,,,,,,,,,,,,,,,,,,,,,,,,,,,,,,,,,,,,,,,,,,,,,,,,,,,,,,,,,,,,,,,,,,,,,,,
3,,Điện Biên Phủ,primary_link,390,,,primary_link,,,,,Điện Biên Phủ,,,,,,,"[403552872, 1497313012]",,,,,,,,,,,,,,,,,,,,,,,,,,,,,,,,,,,,,,,,,,,,,,,,,,,,,,,,,,,,,,,,,,,,,,,,,,,,,,,,,,,,,,,,,,,,,,,,,,,,,,,,,,,,,,,,,
2,,Điện Biên Phủ,primary,391,,,primary,,,,,Điện Biên Phủ,,,,,,,"[728705743, 1497312774, 1497312785, 1497312780, 1497312783, 5738206938, 1497312781, 2635011329, 1497312775, 1497312769, 1497312767, 1497312766, 1497312768, 1497312771, 1497312778, 1497312787, 1497312792, 4066349485, 1497312801, 1497312816, 1497312837, 4066349479, 1497312866, 1497312882, 4066349484, 1497312918, 1497312942, 1497312967, 1497312992, 1497313002, 1497313011, 1497313018, 1497313026, 1497313031, 728705748]",,,,,,,yes,,,,,,,,,,,,,,,,,,,,,,,,,,,,,,,,,,,,,,,,,,,,,,,,,,,,,,,,,,,,,,,,,,,,,,,,,,,,,,,,,,,,,,,,,,,,,,,,,,,,,,,,,,
4,,Ngô Tất Tố,tertiary,392,,,tertiary,,,,,Ngô Tất Tố,,,,,,,"[5757778742, 5775221752, 5738098141, 2022549874, 5776272269, 5757778746, 4639622467, 4639631346, 4639622898, 2030639356, 5738097219, 5738098150, 2030639124, 5775221763, 5757778745, 5776272262, 5267645663, 5738097186, 5267645661, 4636963244]",,,Ngo Tat To,,,,,,,,,,,,,,,,,,,,,,,,,,,,,,,,,,,,,,,,,,,,,,,,,,,,,,,,,,,,,,,,,,,,,,,,,,,,,,,,,,,,,,,,,,,,,,,,,,,,,,,,,,,,,,
2,,Kinh Dương Vương,primary,393,,,primary,,,,,Kinh Dương Vương,,,,,,,"[5811944896, 5811620400, 3160552805, 5800037277, 5811620402, 5800037276, 5800037275, 5800069568, 4548017729, 4548017733, 5800069555, 366451592, 5800034846, 3160552804, 366441490, 5800037274, 1488714181, 1488714165, 1484762349, 366412230, 5800037273, 5800037272, 3160552803, 1488527402, 3160552802, 5800037271, 5800037317, 5765330174, 2361894686]",Ho Chi Minh,6,Kinh Duong Vuong,,,,yes,,,,,,,,,,,,,,,,,,,,,,,,,,,,,,,,,,,,,,,,,,,,,,,,,,,,,,,,,,,,,,,,,,,,,,,,,,,,,,,,,,,,,,,,,,,,,,,,,,,,,,,,,,
3,40.0,,trunk_link,394,,,trunk_link,,,,,,,,,,,,"[1499680485, 2941339880, 3648397962, 1499680477, 2941339883, 1499680458, 1499680454, 366459775]",,,,,,,yes,,,,40,,,,,,,,,,,,,,,,,,,,,,,,,,,,,,,,,,,,,,,,,,,,,,,,,,,,,,,,,,,,,,,,,,,,,,,,,,,,,,,,,,,,,,,,,,,,,,,,,,,,,,
3,,Quốc lộ 1,trunk_link,395,,,trunk_link,,,,,Quốc lộ 1,,,,,,,"[1500226712, 4066503719, 1500226689, 4066503717, 1500226665, 1500226640, 4066503716, 1500226605, 1500226538, 1500226528, 1500226503, 1500226476, 1500226466, 1500226461, 5748270159, 5748270157, 1500226398, 5748270155, 1500226389, 1500226383, 4066517147, 1500226364, 4066517146, 4066517144, 4066517145, 1500226351, 5750709096, 1500226335, 1500226323, 4066503740, 1500226318, 4066503741, 1500226313]",,,,QL 1,,,yes,,,,,,,,,,,,,,,,,,,,,,,,,,,,,,,,,,,,,,,,,,,,,,,,,,,,,,,,,,,,,,,,,,,,,,,,,,,,,,,,,,,,,,,,,,,,,,,,,,,,,,,,,,
1,60.0,Xa Lộ Hà Nội,trunk,396,,,trunk,,,,,Xa Lộ Hà Nội,,,,,,,"[676031639, 5778616012, 2940185179, 4519453270, 2024973107, 4461953069, 1958801275, 1958801278, 676031307, 4068038616, 366444822, 4068051920, 676031308, 366465153, 4068038617, 1958801428]",,,,QL.52,,,yes,,,,60,,,,,,,,,,,,yes,,,,,,,,,,,,,,,,,,,,,,,,,,,,,,,,,,,,,,,,,,,,,,,,,,,,,,,,,,,,,,,,,,,,,,,,,,,,,,,,,,,,,,,,,,
2,,Bạch Đằng,primary,397,,,primary,,,,,Bạch Đằng,,,,,,,"[366439097, 5773531756, 5773531750, 1497260136, 3116339964, 5733266036, 366452343, 5733482444, 5773531687, 5733301047, 366397039, 5773531669, 366417995, 5773531654, 1226494771, 2351203667, 5773531548, 705728965, 5773531543, 366465005]",,Binh Thanh,Bach Dang,,,,yes,,,,,,,,,,,,,,,,,,,,,,,,,,,,,,,,,,,,,,,,,,,,,,,,,,,,,,,,,,,,,,,,,,,,,,,,,,,,,,,,,,,,,,,,,,,,,,,,,,,,,,,,,,
1,80.0,Mai Chí Thọ,trunk,398,,,trunk,,,,,Mai Chí Thọ,,,,,,,"[1519422086, 1519422308]",,,Mai Chi Tho Boulevard,,,,yes,,,,80,,,,,,,,,,,3,yes,,,,,,,,,,,,,,,,,,,,,,,,,,,,,,,,,,,,,,,,,,,,,,,,,,,,,,,,,,,,,,,,,,,,,,,,,,,,,,,,,,,,,,,,,,
1,80.0,Cầu Cá Trê Lớn,trunk,399,,,trunk,,,,,Cầu Cá Trê Lớn,,,,,,,"[1519421797, 1519422086]",,,,,,,yes,,,,80,,,1,,,yes,,,,,3,yes,,,,,,,,,,,,,,,,,,,,,,,,,,,,,,,,,,,,,,,,,,,,,,,,,,,,,,,,,,,,,,,,,,,,,,,,,,,,,,,,,,,,,,,,,,
2,,Trường Chinh,primary,400,,,primary,,,,,Trường Chinh,,,,,,,"[1522608526, 2409410635, 3771416347, 2233747342]",,,,,,,yes,,,,,,,,,,,,,,,,,,,,,,,,,,,,,,,,,,,,,,,,,,,,,,,,,,,,,,,,,,,,,,,,,,,,,,,,,,,,,,,,,,,,,,,,,,,,,,,,,,,,,,,,,,
2,,Xuân Diệu,primary,401,,,primary,,,,,Xuân Diệu,,,,,,,"[5765288346, 2082380642, 3806810588, 5765292355, 366380463]",,,Xuan Dieu Street,,,,yes,,,春妙路,,,,,,,,,,,,,,,,,,,,,,,,,,,,,,,,,,,,,,,,,,,,,,,,,,,,,,,,,,,,,,,,,,,,,,,,,,,,,,,,,,,,,,,,,,,,,,,,,,,,,,,
3,,Nguyễn Bình,secondary,402,,,secondary,,,,,Nguyễn Bình,,,,,,,"[1540694692, 5786076802, 366464945]",,,,,,,,,,,,,,1,,,yes,,,,,,,,,,,,,,,,,,,,,,,,,,,,,,,,,,,,,,,,,,,,,,,,,,,,,,,,,,,,,,,,,,,,,,,,,,,,,,,,,,,,,,,,,,,,,,,,
4,,Phan Văn Đáng,tertiary,403,,,tertiary,,,,,Phan Văn Đáng,,,,,,,"[1595860364, 3188369597, 1590396105, 5733028695, 5733028679, 3188369612, 1590396103]",,,,,,,,,,,,,,,,,,,,,,,,,,,,,,,,,,,,,,,,,,,,,,,,,,,,,,,,,,,,,,,,,,,,,,,,,,,,,,,,,,,,,,,,,,,,,,,,,,,,,,,,,,,,,,,,,
4,,Ngô Quyền,tertiary,404,,,tertiary,,,,,Ngô Quyền,,,,,Ngô Quyền,,"[5780574623, 5780574622, 5780574621, 5780574620, 5780574619, 5780574618, 5780574617, 5780574616, 5780574615, 5780574614, 5780574613, 5780574612, 5780574611, 5780574610, 5780574609, 5780574608, 5780574607, 5780574606, 5780574605, 5780574604, 5780574603, 5780574602, 5780574601, 5780574600, 5780574599, 5780574598, 5780574597, 5780574596, 5780574595, 5780574594, 5788957692]",,,Ngo Quyen,,,,,,,,,,,,,,,,,,,,,,,,,,,,,,,,,,,,,,,,,,,,,,,,,,,,,,,,,,,,,,,,,,,,,,,,,,,,,,,,,,,,,,,,,,,,,,,,,,,,,,,,,,,,,,
4,,,unclassified,405,,,unclassified,,,,,,,,,,,,"[1597983258, 366402120]",,,,,,,,,,,,,,1,,,yes,,,,,,,,,,,,,,,,,,,,,,,,,,,,,,,,,,,,,,,,,,,,,,,,,,,,,,,,,,,,,,,,,,,,,,,,,,,,,,,,,,,,,,,,,,,,,,,,
1,60.0,Cầu vượt Sóng Thần 1,trunk,406,,,trunk,,,,,Cầu vượt Sóng Thần 1,,,,,,,"[366412891, 4068085492, 4068085491, 2241058846, 4068085490, 1503295208]",,,,1A,,,yes,,,,60,,,1,,,yes,,,,,,,,,,,,,,,,,,,,,,,,,,,,,,,,,,,,,,,,,,,,,,,,,,,,,,,,,,,,,,,,,,,,,,,,,,,,,,,,,,,,,,,,,,,,,,,,
4,,Đất Thánh,tertiary,407,,,tertiary,,,,,Đất Thánh,,,,,,,"[2299409167, 1606180588, 1606180591, 5092125156, 5772478563, 1606180595, 366459493]",,,,,,,,,,,,,,,,,,,,,,,,,,,,,,,,,,,,,,,,,,,,,,,,,,,,,,,,,,,,,,,,,,,,,,,,,,,,,,,,,,,,,,,,,,,,,,,,,,,,,,,,,,,,,,,,,
4,,Đường số 8,tertiary,408,,,tertiary,,,,,Đường số 8,,,,,,,"[2156215970, 1606817636, 2156215968, 2156215966, 2156215964, 2156215962, 1606817780]",,,,,,,yes,,,,,,,,,,,,,,,4,,,,,,,,,,,,,,,,,,,,,,,,,,,,,,,,,,bing aerial,,,,,,,,,,,,,,,,,,,,,,,,,,,,,,,,,,,,,,,,,,,,,,,,,,,,,,,,,
2,,Tô Ký,primary,409,,,primary,,,,,Tô Ký,,,,,,,"[366435264, 2414261812, 366469760, 3220146458, 366397490, 366440307, 366403994, 366433862, 5735636886, 737199249, 366398784, 5735589469, 5738444643, 366434463, 5738444637, 737199252, 5738491093, 366392608, 5738493335, 5156683420, 5738493332, 366372686, 737199250, 5738491116, 366469080, 5738491110, 5738493325, 5738493327, 5738491108, 737199247, 5738491088, 366451752, 5738538377, 5738538361, 5738538355, 5738538359, 366406280, 5738538378, 366385717, 3700589501, 5738538412, 5738538375, 366411805, 5738538326, 5156683418, 737199246, 5738538372, 5748280781, 366376482, 5755581949, 5748280775, 5755581768, 366429646, 737199266, 4178488563, 5755581724, 4178488001, 5755581944, 737199265, 5755581803, 366472664, 5762600675, 366423066, 5762600894]",,,To Ky,15,,,,,,,,,,,,,,,,,,,,,,,,,,,,,,,,,,,,,,,,,,,,,,,,,,,,,,,,,,,,,,,,,,,,,,,,,,,,,,,,,,,,,,,,,,,,,,,,,,,,,,,,,,,,,
2,,Quốc lộ 1,primary,410,,,primary,,,,,Quốc lộ 1,,,,,,,"[4069486218, 1611021948, 5748254884, 5748254897, 1611021944]",,,,QL 1,,,yes,,,,,,,,,,,,,,,,,,AH1,,,,,,,,,,,,,,,,,,,,,,,,,,,,,,,,,,,,,,,,,,,,,,,,,,,,,,,,,,,,,,,,,,,,,,,,,,,,,,,,,,,,,,,,
4,,Nguyễn Lương Bằng,tertiary,411,,,tertiary,,,,,Nguyễn Lương Bằng,,,,,,,"[5781192505, 5781192503, 2350717907, 1628403454, 2351840211, 2159585834, 2244914063, 3171500936, 734894522, 2322640521, 2244914067, 734894507, 5788632112, 2210777324]",,,,,,,yes,,,,,,,,,,,,,,,,,,,,,,,,,,,,,,,,,,,,,,,,,,,,,,,,,,,,,,,,,,,,,,,,,,,,,,,,,,,,,,,,,,,,,,,,,,,,,,,,,,,,,,,,,,
3,,Nguyễn Lương Bằng,secondary,412,,,secondary,,,,,Nguyễn Lương Bằng,,,,,,,"[2244914060, 2348686765, 1628403347, 1628403335, 1628403319, 1628403298, 1628403235, 2351816154, 2351814884]",,,,,,,yes,,,,,,,,,,,,,,,,,,,,,,,,,,,,,,,,,,,,,,,,,,,,,,,,,,,,,,,,,,,,,,,,,,,,,,,,,,,,,,,,,,,,,,,,,,,,,,,,,,,,,,,,,,
1,,Nguyễn Văn Linh,trunk,413,,,trunk,,,,,Nguyễn Văn Linh,,,,,,,"[714480418, 5963060339, 2352935896, 1894608978, 1628403449, 1628403450, 1628403448, 1628403447, 366412480]",,,,,,,yes,,,,,,no,,,,,,,,,,,,,,,,,,,,,,,,,,,,,,,,,,,,,,,,,,,,,,,,,,,,,,,,,,,,,,,,,,,,,,,,,,,,,,,,,,,,,,,,,,,,,,,,,,,,
1,60.0,Quốc lộ 1,trunk,414,,,trunk,,,,,Quốc lộ 1,,,,,,,"[366432776, 4066837826, 2212444897, 3169000942, 4066837829, 4066837827, 4066837828, 2276924417, 366450062, 5767087735, 5455825177, 3168995666, 3648397955, 1499680492]",,,,QL 1,,,yes,,,,60,,,,,,,,,,,,,,,,,,,,,,,,,,,,,,,,,,,,,,,,,,,,,,,,,,,,,,,,,,,,,,,,,,,,,,,,,,,,,,,,,,,,,,,,,,,,,,,,,,,,,,
4,,Cầu Thanh Lộc,tertiary,415,,,tertiary,,,,,Cầu Thanh Lộc,,,,,,,"[366386069, 366417015]",,,Thong Nhat,,,,,,,,,,,1,,,yes,,,,,,,,,,,,,,,,,,,,,,,,,,,,,,,,,,,,,,,,,,,,,,,,,,,,,,,,,,,,,,,,,,,,,,,,,,,,,,,,,,,,,,,,,,,,,,,,
1,,Vòng xoay An Lạc,trunk,416,,,trunk,,,,roundabout,Vòng xoay An Lạc,,,,,,,"[366403520, 2242412982, 4066528691, 2242412991, 2242412975, 1648965138, 2242412978, 1648965078, 2242412988, 4066528695, 4066528703, 1648965090, 4066528692, 2242412987, 1648965038, 4066528693, 2242412998, 1648965048, 2242412977, 4066528704, 2242412994, 4066528694, 2242412986, 366403520]",,,,1A,,,,,,,,,,,,,,,,,,,,,,,,,,,,,,,,,,,,,,,,,,,,,,,,,,,,,,,,,,,,,,,,,,,,,,,,,,,,,,,,,,,,,,,,,,,,,,,,,,,,,,,,,,,,,
1,60.0,Quốc lộ 1,trunk,417,,,trunk,,,,,Quốc lộ 1,,,,,,,"[2242412975, 6001012307, 5735541502, 4066528701, 5735541466, 366388636, 5817112627, 366455739, 2242412997, 2242412970, 3169000947, 4786206746, 1500226712, 4066503718, 4066503712, 4066503713, 1500226547, 4066503735, 678485775, 366468937, 4066503736, 1500226354, 4066503738, 4066503739, 1500226313, 5750708930, 5750708929, 4876174034, 5750709101, 1500226310, 5750709097, 366399934, 366420092, 4876174036, 3169000945, 5750709020, 5750709022, 5690211954, 366438431, 5753114895, 366429371, 4066842141, 5753114891, 366462455]",,,,QL 1,,,yes,,,,60,,,,,,,,,,,,,,,,,,,,,,,,,,,,,,,,,,,,,,,,,,,,,,,,,,,,,,,,,,,,,,,,,,,,,,,,,,,,,,,,,,,,,,,,,,,,,,,,,,,,,,
4,,Nguyễn Thiện Thuật,tertiary,418,,,tertiary,,,,,Nguyễn Thiện Thuật,,,,,,,"[5758114505, 411921177, 411920544, 411920408, 411921110, 3164261853, 411918314, 411925088, 5764817340]",,,,,,,,,,,,,,,,,,,,,,,,,,,,,,,,,,,,,,,,,,,,,,,,,,,,,,,,,,,,,,,,,,,,,,,,,,,,,,,,,,,,,,,,,,,,,,,,,,,,,,,,,,,,,,,,,
3,,,secondary,419,,,secondary,,,,,,,,,,,,"[4631143728, 2364075311]",,,,,,,yes,,,,,,,,,,,,,,,,,,,,,,,,,,,,,,,,,,,,,,,,,,,,,,,,,,,,,,,,,,,,,,,,,,,,,,,,,,,,,,,,,,,,,,,,,,,,,,,,,,,,,,,,,,
4,,Huỳnh Văn Bánh,tertiary,420,,,tertiary,,,,,Huỳnh Văn Bánh,,,,,,,"[411926273, 710021192, 3463021680, 710021197, 3463021681, 3463021679, 1672907079, 3463021682, 710021180, 1672907078, 366469186]",,,,,,,,,,,,,,,,,,,,,,,,,,,,,,,,,,,,,,,,,,,,,,,,,,,,,,,,,,,,,,,,,,,,,,,,,,,,,,,,,,,,,,,,,,,,,,,,,,,,,,,,,,,,,,,,,
3,40.0,Lê Văn Sỹ,secondary,421,,,secondary,,,,,Lê Văn Sỹ,,,,,,,"[5769562754, 411922119, 411918201, 411921029, 411925433, 411922981, 3758592366, 411922329, 411921600, 411922034, 411922217, 411923013, 5769504920, 5769504921, 5769504922, 411918492, 411923009, 411925364, 5769504923, 411920764, 411923894, 1672907037, 5769504924, 5769504925, 2161044375, 2161044510, 2164847247, 2164847248, 860695663, 2163563622, 2164847254, 5769504926, 366460986]",,,,,,,,,,,40,,,,,,,,,,,,,,,Lê Văn Sĩ,,,,,,,,,,,,,,,,,,,,,,,,,,,,,,,,,,,,,,,,,,,,,,,,,,,,,,,,,,,,,,,,,,,,,,,,,,,,,,,,,,,,,,,
4,,Trần Huy Liệu,tertiary,422,,,tertiary,,,,,Trần Huy Liệu,,,,,,,"[411926273, 5352258509, 5352258511, 5765007170, 2290177712, 6116136070, 2008273923]",,,,,,,,,,,,,,,,,,,,,,,,,,,,,,,,,,,,,,,,,,,,,,,,,,,,,,,,,,,,,,,,,,,,,,,,,,,,,,,,,,,,,,,,,,,,,,,,,,,,,,,,,,,,,,,,,
4,,Nguyễn Văn Đậu,tertiary,423,,,tertiary,,,,,Nguyễn Văn Đậu,,,,,,,"[366405871, 5755221649, 5767693095, 1675384252, 1497255671, 366438325, 5755221637, 1409433834, 366424769, 5755221655, 366467899, 2899908126, 5755221658, 2899908125, 1671468592, 366413279, 2351177744]",,,,,,,no,,,,,,,,,,,,no,no,,,,,,,,,,,,,,,,,,,,,,,,,,,,,,,,,,,,,,,,,,,,,,,,,,,,,,,,,,,,,,,,,,,,,,,,,,,,,,,,,,,,,,,,,,,,,
4,,Nguyễn Văn Đậu,tertiary,424,,,tertiary,,,,,Nguyễn Văn Đậu,,,,,,,"[5733269526, 5733269524, 5767693135, 5733269522, 366476503, 5463799670, 1694204663, 366463982, 1694204661, 1497239658, 5767582465, 366399001, 4111323089, 5768416861, 5767582467, 366405871]",,,Nguyen Van Dau,,,,no,,,,,,,,,,,,no,no,,,,,,,,,,,,,,,,,,,,,,,,,,,,,,,,,,,,,,,,,,,,,,,,,,,,,,,,,,,,,,,,,,,,,,,,,,,,,,,,,,,,,,,,,,,,,
4,,Nguyễn Thái Bình,tertiary,425,,,tertiary,,,,,Nguyễn Thái Bình,,,,,,,"[366412850, 366372360, 366447029, 366474491, 1404352818, 2078950867, 2078950860, 366433800, 2078950804, 366367322, 366386184, 366434942, 366369553, 366442614, 2081753711, 2078950862, 2081753823, 366426889, 366408598, 366444740]",,,,,,,,,,,,,,,,,,,,,,,,,,,,,,,,,,,,,,,,,,,,,,,,,,,,,,,,,,,,,,,,,,,,,,,,,,,,,,,,,,,,,,,,,,,,,,,,,,,,,,,,,,,,,,,,,
4,,Phạm Thái Bường,unclassified,426,,,unclassified,,,,,Phạm Thái Bường,,,,,,,"[366397273, 2153158463, 366420314, 2153158466, 2153158468, 2153158471, 366427377, 2934003249, 2934003252, 366404697, 842051625]",,,Pham Thai Buong,,,,,,,,,,,,,,,,,,,,,,,,,,,,,,,,,,,,,,,,,,,,,,,,,,,,,,,,,,,,,,,,,,,,,,,,,,,,,,,,,,,,,,,,,,,,,,,,,,,,,,,,,,,,,,
4,,Nguyễn Cao,unclassified,427,,,unclassified,,,,,Nguyễn Cao,,,,,,,"[366415505, 2210761092, 2301081967, 366427377, 366411416, 2301108235, 1768281377, 2153158352, 1793489507, 2153158342, 1768271033, 1793489505, 1710174709, 2348744862, 1768271026]",,,,,,,no,,,,,,,,,,,,,,,,,,,,,,,,,,,,,,,,,,,,,,,,,,,,,,,,,,,,,,,,,,,,,,,,,,,,,,,,,,,,,,,,,,,,,,,,,,,,,,,,,,,,,,,,,,
3,40.0,Cầu Him Lam,secondary,428,,,secondary,,,,,Cầu Him Lam,,,,,,,"[1756293294, 5462422219, 2211007482, 2297730494, 1756293299]",,,,,,,yes,,asphalt,,40,,,5,,,yes,,,,,,,,,,,,,,,,,,,,,,,,,,,,,,,,,,,,,,,,,,,,,,,,,,,,,,,,,,,,,,,,,,,,,,,,,,,,,,,,,,,,,,,,,,,,,,,,
4,,Đường N - Bắc,unclassified,429,,,unclassified,,,,,Đường N - Bắc,,,,,,,"[5788512772, 5788512773, 5788512771, 5788512774, 1756318869, 1756318871, 1756318865, 1756323429, 2154851280, 1756318870, 1756318862, 1756318875, 5788511548, 5788511552, 1756318868, 1756318866, 5788632136, 1756318864, 2210786267]",,,,,,,,,,,,,,,,,,,,,,,,,,,,,,,,,,,,,,,,,,,,,,,,,,,,,,,,,,,,,,,,,,,,,,,,,,,,,,,,,,,,,,,,,,,,,,,,,,,,,,,,,,,,,,,,,
4,,Nguyễn Chí Thanh,tertiary,430,,,tertiary,,,,,Nguyễn Chí Thanh,,,,,,,"[5788957691, 5788957690, 5788957689, 5788957688, 5803394839, 5788957687, 5788957686, 366450608]",,,,,,,,,,,,,,,,,,,,,,,,,,,,,,,,,,,,,,,,,,,,,,,,,,,,,,,,,,,,,,,,,,,,,,,,,,,,,,,,,,,,,,,,,,,,,,,,,,,,,,,,,,,,,,,,,
4,,Cầu Calmette,tertiary,431,,,tertiary,,,,,Cầu Calmette,,,,,,,"[1767203803, 5735791251, 1767203801, 5735791255]",,,Calmette Bridge,,,,yes,,asphalt,,,yes,,,,,,,,,,3,,,,,,,,,,,,,,,,,,,,,,,,,,,,,,,,,,,,,,,,,,,,,,,,,,,,,,,,,,,,,,,,,,,,,,,,,,,,,,,,,,,,,,,,,,,
3,,Nguyễn Văn Cừ,trunk_link,432,,,trunk_link,,,,,Nguyễn Văn Cừ,,,,,,,"[1767760204, 5814168790, 1767760231, 3338020094, 1996655828, 3338020105, 1767760198, 1767760230, 1767760262, 1767760220]",,,,,,,yes,,asphalt,,,,,,,,,,,,,,,,,,,,,,,,,,,,,,,,,,,,,,,,,,,,,,,,,,,,,,,,,,,,,,,,,,,,,,,,,,,,,,,,,,,,,,,,,,,,,,,,,,,,,,,,
3,,Nguyễn Văn Cừ,trunk_link,433,,,trunk_link,,,,,Nguyễn Văn Cừ,,,,,,,"[2289920280, 1767760237, 1767760267, 1998235314, 1998235322, 1998235326, 1767760195, 3338019292, 1996655654, 3338019280, 1767760234, 5814168791, 4419663830]",,,,,,,yes,,,,,,,,,,,,,,,,,,,,,,,,,,,,,,,,,,,,,,,,,,,,,,,,,,,,,,,,,,,,,,,,,,,,,,,,,,,,,,,,,,,,,,,,,,,,,,,,,,,,,,,,,,
4,,Nguyễn Thị Tần,tertiary,434,,,tertiary,,,,,Nguyễn Thị Tần,,,,,,,"[5800683733, 5813779719, 366463306]",,,,,,,,,,,,,,,,,,,,,,,,,,,,,,,,,,,,,,,,,,,,,,,,,,,,,,,,,,,,,,,,,,,,,,,,,,,,,,,,,,,,,,,,,,,,,,,,,,,,,,,,,,,,,,,,,
3,,Cầu Phú Mỹ,trunk_link,435,,,trunk_link,,,,,Cầu Phú Mỹ,,,,,,,"[1767821166, 1894610074, 2351812043, 5783301867]",,,,,,,yes,,,,,,,1,,,yes,,,,,,,,,,,,,,,,,,,,,,,,,,,,,,,,,,,,,,,,,,,,,,,,,,,,,,,,,,,,,,,,,,,,,,,,,,,,,,,,,,,,,,,,,,,,,,,,
2,,,primary,436,,,primary,,,,,,,,,,,,"[2305201711, 2305201712, 2305201708, 1768404192]",,,,,,,yes,,asphalt,,,,,,,,,,,,,4,,,,,,,,,,,,,,,,,,,,,,,,,,,,,,,,,,,,,,,,,,,,,,,,,,,,,,,,,,,,,,,,,,,,,,,,,,,,,,,,,,,,,,,,,,,
4,,Vĩnh Hội,unclassified,437,,,unclassified,,,,,Vĩnh Hội,,,,,,,"[2348757730, 5778272148, 5778363341, 1768404190, 5778222836, 1768404135, 5778222835, 1768404194]",,,,,,,no,,,,,,,,,,,,,,,,,,,,,,,,,,,,,,,,,,,,,,,,,,,,,,,,,,,,,,,,,,,,,,,,,,,,,,,,,,,,,,,,,,,,,,,,,,,,,,,,,,,,,,,,,,
4,,Cầu vượt Thủ Thiêm,tertiary,438,,,tertiary,,,,,Cầu vượt Thủ Thiêm,,,,,,,"[1774287381, 366467647, 1774287438, 1774287515]",,,,,,,yes,,,,,,,1,,,yes,,,,,,,,,,,,,,,,,,,,,,,,,,,,,,,,,,,,,,,,,,,,,,,,,,,,,,,,,,,,,,,,,,,,,,,,,,,,,,,,,,,,,,,,,,,,,,,,
4,,Cầu vượt Thủ Thiêm,tertiary,439,,,tertiary,,,,,Cầu vượt Thủ Thiêm,,,,,,,"[1774287515, 4066896495, 1774287424, 1774287455, 1774287461, 1774287494, 4066896496, 1774287407, 1774287422, 1774287434, 1774287457, 2028465945, 1774287474, 1774287473, 1774287431]",,,,,,,yes,,,,,,,1,,,yes,,,,,,,,,,,,,,,,,,,,,,,,,,,,,,,,,,,,,,,,,,,,,,,,,,,,,,,,,,,,,,,,,,,,,,,,,,,,,,,,,,,,,,,,,,,,,,,,
4,,Đường dẫn Cầu Thủ Thiêm,tertiary,440,,,tertiary,,,,,Đường dẫn Cầu Thủ Thiêm,,,,,,,"[5740593365, 5740593363, 5740593362, 4066896287, 1774287471, 5740364670, 5740364673, 1774287492]",,,,,,,yes,,,,,,,,,,,,,,,,,,,,,,,,,,,,,,,,,,,,,,,,,,,,,,,,,,,,,,,,,,,,,,,,,,,,,,,,,,,,,,,,,,,,,,,,,,,,,,,,,,,,,,,,,,
3,,Nguyễn Hữu Cảnh,secondary,441,,,secondary,,,,,Nguyễn Hữu Cảnh,,,,,,,"[728690568, 1774287451, 2036251711, 1774287364, 2036083537, 1774287444, 2036083443, 2036083551, 2036082917, 1774287489, 1774287447]",,,,,,,yes,,paved,,,,,,,,,,,,,,,,,,,,,,,,,,,,,,,,,,,,,,,,,,,,,,,,,,,,,,,,,,,,,,,,,,,,,,,,,,,,,,,,,,,,,,,,,,,,,,,,,,,,,,,,
4,,Cầu Thủ Thiêm,tertiary,442,,,tertiary,,,,,Cầu Thủ Thiêm,,,,,,,"[1774287492, 4066896498, 4066896491, 1774952117, 4066896492, 1774287381]",,,,,,,yes,,asphalt,,,,,1,,,yes,,,,,3,,,,,,,,,,,,,,,,,,,,,,,,,,,,,,,,,,,,,,,,,,,,,,,,,,,,,,,,,,,,,,,,,,,,,,,,,,,,,,,,,,,,,,,,,,,
3,,Cầu Thủ Thiêm,secondary_link,443,,,secondary_link,,,,,Cầu Thủ Thiêm,,,,,,,"[1774952117, 1774952085, 4066896493, 1774952212]",,,,,,,yes,,,,,,,1,,,,,,,,,,,,,,,,,,,,,,,,,,,,,,,,,,,,,,,,,,,,,,,,,,,,,,,,,,,,,,,,,,,,,,,,,,,,,,,,,,,,,,,,,,,,,,,,,,,
2,60.0,Nguyễn Hữu Cảnh,primary,444,,,primary,,,,,Nguyễn Hữu Cảnh,,,,,,,"[1774952135, 1278052507, 728690572, 1774952218, 2036083590, 728690573, 4066912635, 1894611508, 4066912628, 728690574, 728704590, 4066912636, 1278052506, 2028466027, 2028465808, 2028465827, 4066857673, 4066912638, 1497312733, 1497312736, 4066857672, 728690578, 1497312737, 728690579, 728690580, 1497312740, 2028465665, 1497312745, 1497312747, 1278052498, 1278052509, 1278052487, 2028465833]",,,,,,,yes,,paved,,60,,no,,,,,,,,,,,,,,,,,,,,,,,,,,,,,,,,,,,,,,,,,,,,,,,,,,,,,,,,,,,,,,,,,,,,,,,,,,sign,,,,,,,,,,,,,,,,,,,,,,,,,,
2,,Nguyễn Hữu Cảnh,primary,445,,,primary,,,,,Nguyễn Hữu Cảnh,,,,,,,"[1774952200, 2036083051, 366454384, 1775768308, 1775768236, 4066907408, 1775768260, 4066907407, 1774952089, 1774287476, 383594385]",,,,,,,yes,,,,,,no,,,,,,,,,,,,,,,,,,,,,,,,,,,,,,,,,,,,,,,,,,,,,,,,,,,,,,,,,,,,,,,,,,,,,,,,,,,,,,,,,,,,,,,,,,,,,,,,,,,,
3,,Nguyễn Thị Thập,secondary,446,,,secondary,,,,,Nguyễn Thị Thập,,,,,,,"[2305155095, 2154852015, 2154852023, 2154852026, 1997301713, 2310758901, 2154852031, 1756293294]",,,,,,,yes,,,,,,,,,,,,,,,,,,,,,,,,,,,,,,,,,,,,,,,,,,,,,,,,,,,,,,,,,,,,,,,,,,,,,,,,,,,,,,,,,,,,,,,,,,,,,,,,,,,,,,,,,,
4,,Trần Xuân Soạn,tertiary,447,,,tertiary,,,,,Trần Xuân Soạn,,,,,,,"[5462422209, 5813691633, 2692556747, 2309294271, 5813691634, 2156217894, 3171499320, 2154852773, 2156217910, 2692556767, 366372405, 2692556769, 366469352, 366381209, 2692556772, 2692556774, 366438592, 366431629, 3171499319, 5813622284, 5813622291, 366382203, 366427276, 5778659796, 5778659804, 5778659794, 2314025626, 366463885, 366390363, 3171499318, 366464405, 2159588450, 5778659792, 366425895, 5778659785, 2159588451, 3171493702, 366422333, 2159588453, 2159588455, 366388361, 5778755637, 366441577, 366473777, 2303264102, 366439129, 5778755626, 366438993, 2355594332, 2302060726, 5778755617, 2302060720, 2302060719, 2156217932, 366473188, 2156217933, 366402244, 5778820370, 2156217936, 2156217937, 366466532, 5778820376, 2156217938, 366456988, 366452862, 366448098, 2156217945, 366416132, 2156217953, 2303333459, 2156217960, 366445421, 2303333462, 2303333461, 366408843, 366468942, 1767857939, 1767858055, 2157806943, 1767857984]",,,Tran Xuan Soan,,,,,,,,,,,,,,,,,,,,,,,,,,,,,,,,,,,,,,,,,,,,,,,,,,,,,,,,,,,,,,,,,,,,,,,,,,,,,,,,,,,,,,,,,,,,,,,,,,,,,,,,,,,,,,
2,,Vòng xoay Dương Bá Trạc,primary,448,,,primary,,,,roundabout,Vòng xoay Dương Bá Trạc,,,,,,,"[5462422216, 1597983322, 5462422213, 5964304777, 5964304784, 1756293302, 1756260807, 5462422214, 5964304985, 5964304986, 1793489518, 2350409352, 1793489517, 1793489516, 5462422215, 1793489514, 5462422217, 2350409355, 2350409356, 2350409354, 1793489515, 5462422216]",,,,,,,yes,,asphalt,,,,,,,,,,,,,,,,,,,,,,,,,,,,,,,,,,,,,,,,,,,,,,,,,,,,,,,,,,,,,,,,,,,,,,,,,,,,,,,,,,,,,,,,,,,,,,,,,,,,,,,,
2,,Quốc lộ 13,primary,449,,,primary,,,,,Quốc lộ 13,,,,,,,"[5742410691, 2965453057, 366377850, 762947311, 5742594243, 366408169, 5742594245, 2965452977, 3216187632, 3164006924, 5742594223, 2418505279, 3216187637, 3216187643, 366385237, 5750817115, 5750723569, 366378803, 370818097]",,,,13,,,yes,,,,,,,,,,,,,,,,,,,,,,,,,,,,,,,,,,,,,,,,,,,,,,,,,,,,,,,,,,,,,,,,,,,,,,,,,,,,,,,,,,,,,,,,,,,,,,,,,,,,,,,,,,
4,,Trần Văn Giàu,tertiary,450,,,tertiary,,,,,Trần Văn Giàu,,,,,,,"[2439978966, 2443908980, 2439978971, 2443908791, 2439978969, 2443908793, 5802986881, 4066816814, 4066816815, 4066816816, 4066816817, 4066816818, 4066816819, 4066816820, 5805623043, 4560085058, 5044256107, 5044256105, 1802527547, 4983065200, 1802527504]",,,,,,,yes,Đường số 7,,,,,,,,,,,,,,,,,,,,,,,,,,,,,,,,,,,,,,,,,,,,,,,,,,,,,,,,,,,,,,,,,,,,,,,,,,,,,,,,,,,,,,,,,,,,,,,,,,,,,,,,,
3,,Nguyễn Thị Định,secondary,451,,,secondary,,,,,Nguyễn Thị Định,,,,,,,"[5614661192, 5733481165, 5614661432, 5614661433, 2967125546, 5473175315]",,,,,,,yes,,,,,,,,,,,,,,,,,,,,,,,,,,,,,,,,,,,,,,,,,,,,,,,,,,,,,,,,,,,,,,,,,,,,,,,,,,,,,,,,,,,,,,,,,,,,,,,,,,,,,,,,,,
1,60.0,Võ Chí Công,trunk,452,,,trunk,,,,,Võ Chí Công,,,,,,,"[1832031487, 5733481184]",,,,,,,yes,,,,60,,,,,,,,,,,,,,,,,,,,,,,,,,,,,,,,,,,,,,,,,,,,,,,,,,,,,,,,,,,,,,,,,,,,,,,,,,,,,,,,,,,,,,,,,,,,,,,,,,,,,,
1,60.0,Cầu Kỳ Hà 4,trunk,453,,,trunk,,,,,Cầu Kỳ Hà 4,,,,,,,"[1833100878, 1833100807]",,,,,,,yes,,,,60,,,1,,,yes,,,,,,,,,,,,,,,,,,,,,,,,,,,,,,,,,,,,,,,,,,,,,,,,,,,,,,,,,,,,,,,,,,,,,,,,,,,,,,,,,,,,,,,,,,,,,,,,
1,60.0,Võ Chí Công,trunk,454,,,trunk,,,,,Võ Chí Công,,,,,,,"[1833100695, 2657238747, 714480636, 714480403, 714480349, 714480551]",,,,,,,yes,,,,60,,,,,,,,,,,,,,,,,,,,,,,,,,,,,,,,,,,,,,,,,,,,,,,,,,,,,,,,,,,,,,,,,,,,,,,,,,,,,,,,,,,,,,,,,,,,,,,,,,,,,,
3,,,trunk_link,455,,,trunk_link,,,,,,,,,,,,"[724232847, 4066408764, 4066408765, 1834116932, 1834116945, 1834116960, 4066408762, 1834116964, 1834116967, 4066408763, 1834116965, 1834116962, 1834116958, 4066408766, 1834116943, 1834116939, 1834116928, 1834116897, 1834116874, 4066306777, 1834116857]",,,,,,,yes,,,,,,,,,,,,,,,,,,,,,,,,,,,,,,,,,,,,,,,,,,,,,,,,,,,,,,,,,,,,,,,,,,,,,,,,,,,,,,,,,,,,,,,,,,,,,,,,,,,,,,,,,,
3,40.0,,trunk_link,456,,,trunk_link,,,,,,,,,,,,"[1834116961, 1834117015, 1834117019, 3058532720, 1834117026, 3058532719, 1834117030, 1834117034, 3058532711, 1834117053, 3058532710, 1834117082, 3058532712, 1834117086, 3058532713, 3058532715, 3058532714, 1834117088, 3058532717, 1834117084, 3058532716, 1834117042, 1834117032, 1834117024, 1834117016]",,,,,,,yes,,,,40,,,1,,,yes,,,,,2,,,,,,,,,,,,,,,,,,,,,,,,,,,,,,,,,,,,,,,,,,,,,,,,,,,,,,,,,,,,,,,,,,,,,,,,,,,,,,,,,,,,,,,,,,,
3,50.0,,trunk_link,457,,,trunk_link,,,,,,,,,,,,"[1834116890, 1834116895, 1834116901, 1834116903, 1834116899, 4066306780, 1834116893, 1834116877, 1834116873, 1834116869, 1834116859, 4066306779, 1834116824, 1834116812, 1834116790]",,,,,,,yes,,,,50,,,,,,,,,,,,yes,,,,,,,,,,,,,,,,,,,,,,,,,,,,,,,,,,,,,,,,,,,,,,,,,,,,,,,,,,,,,,,,,,,,,,,,,,,,,,,,,,,,,,,,,,
4,,Hoàng Sa,tertiary,458,,,tertiary,,,,,Hoàng Sa,,,,,,,"[411919667, 411920053, 411920056, 2231316327, 864423476, 2231315768, 864423474, 2231004333, 411920058, 5764862092, 411920061, 907704589, 2231006702, 2332680419, 411920064, 411920066, 411920068, 411920070, 2403086545, 2403086543, 411920073, 411920072, 411920075, 411920074, 411920077, 411920076, 3717158269, 411920079, 1998235308, 1998235335, 3415437790, 411920082, 4673744030, 4673744032, 411920094, 411920091, 411925422, 4122304310, 4122304294, 4673707528, 411918895, 411918892, 411918885, 411918889, 411918880, 411923564, 411923566, 411923570, 3543604656, 4673706004]",Ho Chi Minh,1,Hoang Sa Road,,,,yes,,,黃沙路,,,,,,,,,,,,,,,,,,,,,,,,,,,,,,,,,,,,,,,,,,,,,,,,,,,,,,,,,,,,,,,,,,,,,,,,,,,,,,,,,,,,,,,,,,,,,,,,,,,,,,,
3,,Lê Văn Sỹ,secondary,459,,,secondary,,,,,Lê Văn Sỹ,,,,,,,"[1894612406, 366410861, 3178456812, 366392053, 2081753876, 2288700625]",,,,,,,,,,,,,,,,,,,,,,,,,,,,,,,,,,,,,,,,,,,,,,,,,,,,,,,,,,,,,,,,,,,,,,,,,,,,,,,,,,,,,,,,,,,,,,,,,,,,,,,,,,,,,,,,,
1,60.0,Quốc lộ 1,trunk,460,,,trunk,,,,,Quốc lộ 1,,,,,,,"[1958801649, 5772687770, 5772687782, 1958801642, 1958801639, 4068017989, 5772493577, 3164004056, 1958801635, 366379003, 5441070686, 366427351, 2955347886, 5767087126, 5767087130, 1958801623, 5767087128, 5767087134, 5772493233, 366435765, 5772493227, 2954721023, 2954721034, 5767087188, 1958801618, 4068017996, 2954673318, 1958801617, 5765430236, 5765346886, 1958801615, 1958801613, 1958801611, 366447118, 1958801610, 5772276231, 4068017997, 1958801608, 1958801602, 1958801598, 1958801595, 3117088458, 1958801592, 366415087, 5455886424, 1958801590, 1958801589]",Ho Chi Minh,Thu Duc,,QL.1,,,yes,,,,60,,,,,,,,,,,,,,AH1,,,,,,,,,,,,,,,,,,,,,,,,,,,,,,,,,,,,,,,,,,,,,,,,,,,,,,,,,,,,,,,,,,,,,,,,,,,,,,,,,,,,,,,,
1,60.0,Quốc lộ 1A,trunk,461,,,trunk,,,,,Quốc lộ 1A,,,,,,,"[1958801859, 1958801801, 1958801785, 5772493213, 1958801731, 1958801712, 4938463437, 4938463436, 2241049887, 4938463449, 2241049900]",,,Xuyen a,1A,,,yes,,,,60,,,,,,,,,,,,,,,,,,,,,,,,,,,,,,,,,,,,,,,,,,,,,,,,,,,,,,,,,,,,,,,,,,,,,,,,,,,,,,,,,,,,,,,,,,,,,,,,,,,,,,
1,60.0,Quốc lộ 1,trunk,462,,,trunk,,,,,Quốc lộ 1,,,,,,,"[366460693, 1503295169, 5758138434, 3164004057, 366443014, 5772493212, 366428168, 366413824, 366413770, 366412891]",Ho Chi Minh,Thu Duc,,1,,,yes,,,,60,,,,,,,,,,,,,,,,,,,,,,,,,,,,,,,,,,,,,,,,,,,,,,,,,,,,,,,,,,,,,,,,,,,,,,,,,,,,,,,,,,,,,,,,,,,,,,,,,,,,,,
3,,Quốc lộ 1,secondary,463,,,secondary,,,,,Quốc lộ 1,,,,,,,"[1958801847, 5758138442, 5758137718, 5758137704, 2953642940, 1958801851, 1958801857, 5762613599, 1958801861, 366437727, 1958801891, 1958801899, 1958801901, 1958801909, 1958801911, 1958801913, 5772687789, 4068085501, 5772687788, 5762601996, 5772687795, 5762601997]",,,,,,,,,,,,,,,,,,,,,,,,,,,,,,,,,,,,,,,,,,,,,,,,,,,,,,,,,,,,,,,,,,,,,,,,,,,,,,,,,,,,,,,,,,,,,,,,,,,,,,,,,,,,,,,,,
3,,,trunk_link,464,,,trunk_link,,,,,,,,,,,,"[1958801550, 1958801536, 2938729550, 2938729548, 2938729549, 4068051915, 2938729547, 1958801509, 1958801511, 2024973111, 5778173090, 4837917592, 1958801525, 1958801529, 1958801534, 1958801544, 4068051916, 1958801547, 4068051917, 5778218355, 1958801553, 2131993872, 1958801559, 1958801562, 5778173005, 1958801571]",,,,,,,yes,,,,,,,,,,,,,,,,,,AH1,,,,,,,,,,,,,,,,,,,,,,,,,,,,,,,,,,,,,,,,,,,,,,,,,,,,,,,,,,,,,,,,,,,,,,,,,,,,,,,,,,,,,,,,
3,45.0,Cầu vượt Trạm 2,trunk_link,465,,,trunk_link,,,,,Cầu vượt Trạm 2,,,,,,,"[1958801408, 4068038599, 1958801398, 4068038600, 4068038601, 1958801372, 1958801361, 4068038602, 4068038603, 1958801331, 4068038604, 4068038605, 1958801321, 4068038606, 1958801318, 4068038607, 1958801328, 4068038608, 1958801332, 1958801359, 4068038609, 1958801370, 4068038610, 1958801380, 4068038611, 4068038612, 1958801399, 4068038613, 1958801406, 4068038614, 4068038615, 1958801413, 1958801415, 1958801428]",,,,1A,,,yes,,,,45,,,,,,,,,,,,,,AH1,,,,,,,,,,,,,,,,,,,,,,,,,,,,,,,,,,,,,,,,,,,,,,,,,,,,,,,,,,,,,,,,,,,,,,,,,,,,,,,,,,,,,,,,
3,,Xa Lộ Hà Nội,trunk_link,466,,,trunk_link,,,,,Xa Lộ Hà Nội,,,,,,,"[1958801315, 1958801327, 1958801329, 4934947973, 1958801334, 4068031139, 1958801335, 1958801333, 4068031140, 1958801330, 1958801323, 1958801316, 1958801310, 1958801308, 1958801304, 4068031147, 1958801303, 4068031146, 1958801294, 1958801291, 1958801288, 4068031143, 1958801284, 2325360658, 4068031144, 1958801292]",,,,QL.52,,,yes,,,,,,,,,,,,,,,,yes,,,,,,,,,,,,,,,,,,,,,,,,,,,,,,,,,,,,,,,,,,,,,,,,,,,,,,,,,,,,,,,,,,,,,,,,,,,,,,,,,,,,,,,,,,
3,,,primary_link,467,,,primary_link,,,,,,,,,,,,"[1958801686, 1958801673, 1958801670, 1958801666, 4068085461, 1958801660, 5762654860]",,,,,,,yes,,,,,,,,,,,,,,,,,,,,,,,,,,,,,,,,,,,,,,,,,,,,,,,,,,,,,,,,,,,,,,,,,,,,,,,,,,,,,,,,,,,,,,,,,,,,,,,,,,,,,,,,,,
3,,,primary_link,468,,,primary_link,,,,,,,,,,,,"[5762654859, 1958801662, 4068017783, 1958801665, 4068017784, 1958801668, 1958801664]",,,,,,,yes,,,,,,,,,,,,,,,,,,,,,,,,,,,,,,,,,,,,,,,,,,,,,,,,,,,,,,,,,,,,,,,,,,,,,,,,,,,,,,,,,,,,,,,,,,,,,,,,,,,,,,,,,,
4,,Nguyễn Du,tertiary,469,,,tertiary,,,,,Nguyễn Du,,,,,,,"[411926624, 411926201, 1861212932, 2408529960, 411919313, 411919306, 411919486, 5778421271, 411926696]",,,,,,,yes,,,,,,,,,,,,,,,,,,,,,,,,,,,,,,,,,,,,,,,,,,,,,,,,,,,,,,,,,,,,,,,,,,,,,,,,,,,,,,,,,,,,,,,,,,,,,,,,,,,,,,,,,,
4,,Tôn Thất Thuyết,tertiary,470,,,tertiary,,,,,Tôn Thất Thuyết,,,,,,,"[366383425, 1987340053, 1987338460, 1987338784, 1767857972, 1987339105, 1767858064]",,,,,,,yes,,,,,,,,,,,,,,,,,,,,,,,,,,,,,,,,,,,,,,,,,,,,,,,,,,,,,,,,,,,,,,,,,,,,,,,,,,,,,,,,,,,,,,,,,,,,,,,,,,,,,,,,,,
3,40.0,,primary_link,471,,,primary_link,,,,,,,,,,,,"[4609022571, 1996654578, 4621552216, 1996653933]",,,,,,,yes,,asphalt,,40,yes,yes,,,,,no,,,no,1,,,,,,,,,,designated,,,,,,,,,,,,,,,,,,,,,,,,,,,,,,,,,,,,,,,,,,,,,,,,,,,,,,,,,,,,,,,,,,,,,,,,,,,,,,,,,
2,50.0,Võ Văn Kiệt,primary,472,,,primary,,,,,Võ Văn Kiệt,,,,,,,"[1996654292, 4618374509, 1996654051, 4618374502, 1996653940, 4618374496, 4618374495, 1997154497, 1996654469, 4618427491, 1996654136, 1996655105, 4618427492, 1996654564, 1996655669, 1996655651, 1996654166, 1996654213, 1996655819, 1996654504, 1996654538, 1996655358, 1996655856, 1996654120, 1996655581, 1996655449, 4618374500, 5816803084, 1996655152, 1996655304, 4618374499, 1996655503, 1996654187, 4618374498, 4611905370, 4611905368, 5813970740, 1996655354, 1996654390, 4611905362, 5813971193, 4609356096, 1996655538, 1996655093, 4618434250, 1996654170, 1996655095, 1996655702, 1996654598, 1996655723, 4609356097, 1996655091, 1996654296, 1996654745, 5816931144, 1996655098, 1996655112, 1996654202, 1996654545, 4618427510, 678474547, 4618427511, 4618427512, 366453958, 4618427514, 4618427513, 366449673, 366407164, 1996655609, 4611982112, 4611982109, 4626959290, 4611982111, 1996653933, 1996745862, 1996653947, 366411899, 1996745107, 1996745224, 366430129, 1996655203, 1996654321, 366453095, 5800355544, 366428802, 366467096, 366476403, 4627835021, 366469297, 366385222, 5800355518, 366415507, 4611681463, 366410298]",,,,,,,yes,,asphalt,,50,yes,yes,,,,,no,,,no,1,,,,,,,,,,yes,,,,,,,,,,,,,,,,,,,,,,,,,,,,,,,,,,,,,,,,,,,,,,,,,,,,,,,,,,,,,,,,,,,,,,,,,,,,,,,,,
3,,,secondary_link,473,,,secondary_link,,,,,,,,,,,,"[1996654045, 4191281709, 1996655435]",,,,,,,,,,,,,,,,,,,,,,,,,,,,,,,,,,,,,,,,,,,,,,,,,,,,,,,,,,,,,,,,,,,,,,,,,,,,,,,,,,,,,,,,,,,,,,,,,,,,,,,,,,,,,,,,,
3,40.0,,trunk_link,474,,,trunk_link,,,,,,,,,,,,"[4611982113, 4611982112, 5814325570]",,,,,,,yes,,asphalt,,40,no,no,,,,,designated,,,no,1,,,,,,,,,,no,,,,,,,,,,,,,,,,,,,,,,,,,,,,,,,,,,,,,,,,,,,,,,,,,,,,,,,,,,,,,,,,,,,,,,,,,,,,,,,,,
2,,Võ Văn Kiệt,primary,475,,,primary,,,,,Võ Văn Kiệt,,,,,,,"[1996654026, 2666742991, 2666742980, 1996654006, 1996654940, 1996654892, 1996654022, 3338020337, 1996654208, 3338020332, 3338020327, 2131959241, 4594765213, 5500064106, 3338020301, 5772159000, 5268007024, 3338020294, 5795269937, 3338020192, 5795270655, 3338020187, 3338020186, 3338020181, 1996654898, 1996654212, 5811504035, 3338020171, 3338020168, 5811283440, 1996745647, 3338020159, 1996655118, 1996654191, 4593777904, 3338020134, 5811285085, 5811285079, 5811285101, 5811285109, 5814168788, 3338020129, 1996654028]",,,,,,,yes,,,,,,,,,,,,,,,,,,,,,,,,,,,,,,,,,,,,,,,,,,,,,,,,,,,,,,,,,,,,,,,,,,,,,,,,,,,,,,,,,,,,,,,,,,,,,,,,,,,,,,,,,,
3,,Trần Hưng Ðạo,secondary,476,,,secondary,,,,,Trần Hưng Ðạo,,,,,Trần Hưng Đạo,,"[4614188862, 5816803133, 366428062, 366434709, 5674570727, 1996653998, 1996653994, 1996654455]",,,Tran Hung Dao Street,,,,yes,,,陳興道路,,,,,,,,,,,,,,,,,,,,,,,,,,,,,,,,,,,,,,,,,,,,,,,,,,,,,,,,,,,,,,,,,,,,,,,,,,,,,,,,,,,,,,,,,,,,,,,,,,,,,,,
3,,Hải Thượng Lãn Ông,secondary,477,,,secondary,,,,,Hải Thượng Lãn Ông,,,,,,,"[3160564528, 4627815557, 2246167633, 366372283, 4627806631, 1996655435, 4627806628, 1996745109, 366380878, 1996655243]",,,,,,,yes,,,,,,,,,,,,,,,,,,,,,,,,,,,,,,,,,,,,,,,,,,,,,,,,,,,,,,,,,,,,,,,,,,,,,,,,,,,,,,,,,,,,,,,,,,,,,,,,,,,,,,,,,,
3,,,secondary,478,,,secondary,,,,,,,,,,,,"[1996654142, 4609063287, 1996745840, 4627838047, 1996655330]",,,,,,,yes,,,,,,,,,,,,,,,,,,,,,,,,,,,,,,,,,,,,,,,,,,,,,,,,,,,,,,,,,,,,,,,,,,,,,,,,,,,,,,,,,,,,,,,,,,,,,,,,,,,,,,,,,,
4,,Phú Hữu,tertiary,479,,,tertiary,,,,,Phú Hữu,,,,,,,"[1996654081, 4567915163, 366429233, 3160543548, 366453620, 1996654934]",,,,,,,,,,,,,,,,,,,,,,,,,,,,,,,,,,,,,,,,,,,,,,,,,,,,,,,,,,,,,,,,,,,,,,,,,,,,,,,,,,,,,,,,,,,,,,,,,,,,,,,,,,,,,,,,,
2,,Nguyễn Tri Phương,primary,480,,,primary,,,,,Nguyễn Tri Phương,,,,,,,"[4631143725, 4631143724, 4631143713, 1996654153]",,,,,,,yes,,,,,,,,,,,,,,,,,,,,,,,,,,,,,,,,,,,,,,,,,,,,,,,,,,,,,,,,,,,,,,,,,,,,,,,,,,,,,,,,,,,,,,,,,,,,,,,,,,,,,,,,,,
3,,Trần Hưng Ðạo,secondary,481,,,secondary,,,,,Trần Hưng Ðạo,,,,,Trần Hưng Đạo,,"[4631738600, 5816871670, 5816931356, 5816871667, 366413446, 4309718849, 5816871664, 4309718850, 5816931419, 366453009, 4979973979, 3160545660, 1997154385, 5674570722, 366433158, 3160545659, 366451131, 366459461, 1997154777, 1997154696, 5816921540, 3160545658, 366455871, 5814201563, 5814201562, 5816803131, 5814201565, 5814201564, 5814201566, 5814201567, 4614188870]",,,Tran Hung Dao Street,,,,yes,,,陳興道路,,,,,,,,,,,,,,,,,,,,,,,,,,,,,,,,,,,,,,,,,,,,,,,,,,,,,,,,,,,,,,,,,,,,,,,,,,,,,,,,,,,,,,,,,,,,,,,,,,,,,,,
1,60.0,Hầm sông Sài Gòn,trunk,482,,,trunk,,,,,Hầm sông Sài Gòn,,,,,Hầm sông Sài Gòn,,"[2380787699, 1996655334, 2380787698, 2380787697, 1996654233, 1996655349, 1996654342, 1996654097, 1996653961, 1996653964]",,,Saigon River Tunnel,,,,yes,,asphalt,西貢河隧道,60,no,yes,-1,,,,,,,no,3,yes,,,,,,,,,,,,,,,,,,,,,,,,,,,,,,,,,,,,,,,,,,,,,,none,,,,,,,,,,,,,,,,,,,,,yes,,,,,,,,,,,,,,,,,,,,,,,
2,,Hồng Bàng,primary,483,,,primary,,,,,Hồng Bàng,,,,,Hồng Bàng,,"[1996655300, 366435118, 3160545656, 4589089705, 366405813, 366412419, 5890133163, 5890133160, 5890133158, 5890133161, 1996654477, 4616029237, 5674570717, 5803147461, 4613947568, 4620312299, 4613947565, 366370846, 5816931401, 5816931395, 3151254802, 5816931418, 366368048, 5803395574, 4616029241]",Ho Chi Minh,5,Hong Bang Street,,,,yes,,,鴻龐路,,,,,,,,,,,,,,,,,,,,,,,,,,,,,,,,,,,,,,,,,,,,,,,,,,,,,,,,,,,,,,,,,,,,,,,,,,,,,,,,,,,,,,,,,,,,,,,,,,,,,,,
4,40.0,Bến Hàm Tử,tertiary,484,,,tertiary,,,,,Bến Hàm Tử,,,,,Bến Hàm Tử,,"[5813971193, 4618434249, 1996655028, 1996654116, 5813971185, 5816803104, 3462850858, 1996654979, 1996654153, 4611587129, 1996654225, 1996654975, 5816871666, 1996655657, 1996654396, 1996654745]",,,,,,,yes,,asphalt,,40,yes,yes,,,,,,,,no,2,,,,,,,,,,,,,,,,,,,,,,,,,,,yes,,,,,,,,Bến Hàm Tử,,,,,,,,,,,,,,,,,,,,,,,,,,,,,,,,,,,,,,,,,,,,,,,,,,,,,,,,
3,,,secondary,485,,,secondary,,,,roundabout,,,,,,,,"[4614188854, 1996654273, 4608963418, 4614188866, 1996655243, 1996654336, 1996654788, 4627835023, 1996654435, 4608963419, 1996655629, 1996655545, 1996654895, 1996654424, 1996654447, 1996654802, 1996654797, 1996654356, 4614188876, 1996655233, 4614188877, 1996655249, 4614188878, 4614188865, 4614188854]",,,,,,,yes,,,,,,,,,,,,,,,,,,,,,,,,,,,,,,,,,,,,,,,,,,,,,,,,,,,,,,,,,,,,,,,,,,,,,,,,,,,,,,,,,,,,,,,,,,,,,,,,,,,,,,,,,,
2,,Nguyễn Tri Phương,primary,486,,,primary,,,,,Nguyễn Tri Phương,,,,,,,"[4609356098, 1996654282, 4609356097, 1996654979]",,,,,,,yes,,asphalt,,,,,,,,,,,,,,,,,,,,,,,,,,,,,,,,,,,,,,,,,,,,,,,,,,,,,,,,,,,,,,,,,,,,,,,,,,,,,,,,,,,,,,,,,,,,,,,,,,,,,,,,
3,,,secondary,487,,,secondary,,,,,,,,,,,,"[5816921535, 4621545455, 4611982109]",,,,,,,yes,,asphalt,,,,yes,,,,,,,,no,1,,,,,,,,,,,,,,,,,,,,,,,,,,,yes,,,,,,,,,,,,,,,,,,,,,,,,,,,,,,,,,,,,,,,,,,,,,,,,,,,,,,,,,,,,,,,,
3,,Cầu Chà Và,secondary,488,,,secondary,,,,,Cầu Chà Và,,,,,,,"[1996655461, 1996654725, 1996655605, 1996654786, 1996655319, 1996654465, 1996655531, 1996654263]",,,,,,,yes,,asphalt,,,,,1,,,yes,,,,,2,,,,,,,,,,,,,,,,,,,,,,,,,,,,,,,,,,,,,,,,,,,,,,,,,,,,,,,,,,,,,,,,,,,,,,,,,,,,,,,,,,,,,,,,,,,
3,40.0,,trunk_link,489,,,trunk_link,,,,,,,,,,,,"[5814325565, 4609012982, 4611982111, 1996654059]",,,,,,,yes,,asphalt,,40,no,no,,,,,designated,,,no,2,,,,,,,,,,no,,,,,,,,,,,,,,,,,,,,,,,,,,,,,,,,,,,,,,,,,,,,,,,,,,,,,,,,,,,,,,,,,,,,,,,,,,,,,,,,,
3,,,primary_link,490,,,primary_link,,,,,,,,,,,,"[1996655657, 1996655340, 1996654499, 1996655466, 1996654770, 1996654296]",,,,,,,,,,,,,,,,,,,,,,,,,,,,,,,,,,,,,,,,,,,,,,,,,,,,,,,,,,,,,,,,,,,,,,,,,,,,,,,,,,,,,,,,,,,,,,,,,,,,,,,,,,,,,,,,,
3,,,primary_link,491,,,primary_link,,,,,,,,,,,,"[1996655609, 4609012981, 5814325564]",,,,,,,yes,,asphalt,,,yes,yes,,,,,no,,,no,1,,,,,,,,,,designated,,,,,,,,,,,,,,,,,,,,,,,,,,,,,,,,,,,,,,,,,,,,,,,,,,,,,,,,,,,,,,,,,,,,,,,,,,,,,,,,,
3,,Cầu Chà Và,secondary,492,,,secondary,,,,,Cầu Chà Và,,,,,,,"[1996654122, 1996654210, 1996655508, 1996655004, 1996655834, 1996653945, 1996654239, 1996653935]",,,,,,,yes,,,,,,,1,,,yes,,,,,,,,,,,,,,,,,,,,,,,,,,,,,,,,,,,,,,,,,,,,,,,,,,,,,,,,,,,,,,,,,,,,,,,,,,,,,,,,,,,,,,,,,,,,,,,,
2,,,primary,493,,,primary,,,,roundabout,,,,,,,,"[1996654847, 4616029233, 1996654755, 4615972580, 1996745628, 1996654908, 4613947561, 4615972581, 1996655099, 4613947556, 4616029231, 4616029227, 4613947562, 4616029232, 1996745427, 1996654222, 4613947558, 1996654081, 1996654183, 1996655115, 4613947559, 1996655300, 1996655328, 1996655127, 1996654847]",,,,,,,yes,,asphalt,,,,,,,,,,,,,,,,,,,,,,,,,,,,,,,,,,,,,,,,,,,,,,,,,,,,,,,,,,,,,,,,,,,,,,,,,,,,,,,,,,,,,,,,,,,,,,,,,,,,,,,,
2,,Phạm Hùng,primary,494,,,primary,,,,,Phạm Hùng,,,,,,,"[2040317235, 4631143718, 4631143721, 2042473362, 3186096228, 2042473838, 5816976729, 366387952, 383552880]",,,,,,,yes,,,,,,,,,,,,,,,,,,,,,,,,,,,,,,,,,,,,,,,,,,,,,,,,,,,,,,,,,,,,,,,,,,,,,,,,,,,,,,,,,,,,,,,,,,,,,,,,,,,,,,,,,,
2,,Võ Văn Kiệt,primary,495,,,primary,,,,,Võ Văn Kiệt,,,,,,,"[1769173950, 1996655021, 1996654636, 1996654843, 1996654066, 1996654193, 1996655313, 1996654172, 1996654158]",,,Vo Van Kiet Highway,,,,yes,,,,,,,,,,,,,,,,,,,,,,,,,,,,,,,,,,,,,,,,,,,,,,,,,,,,,,,,,,,,,,,,,,,,,,,,,,,,,,,,,,,,,,,,,,,,,,,,,,,,,,,,,,
4,,Tạ Uyên,tertiary,496,,,tertiary,,,,,Tạ Uyên,,,,,Tạ Uyên,,"[4979973934, 2434653581, 4976692672, 4986067947, 4979973925, 4979973929, 4986067949, 4979973931, 4986067951, 5778381619, 4929793648, 6174054708, 5802861304, 2309763574, 6174054718, 4979973976, 5778381623]",Ho Chi Minh,11,Ta Uyen,,,,no,,,,,,,,,,,,,,,,,,,,,,,,,,,,,,,,,,,,,,,,,,,,,,,,,,,,,,,,,,,,,,,,,,,,,,,,,,,,,,,,,,,,,,,,,,,,,,,,,,,,,,,,,,
4,,Mai xuân Thưởng,tertiary,497,,,tertiary,,,,,Mai xuân Thưởng,,,,,,,"[5800279211, 5800279212, 5800279213, 5800279209, 5800279215, 5800279214, 5800279216, 5800279217, 5800279191, 5800279226, 5800279225, 5800279227, 5800279229, 5800279224, 5800279228, 5800279223, 5800279230, 4195286270, 4195286234, 5800279222, 366431375, 4202267611, 4202267591, 5764874756]",,,,,,,,,,,,,,,,,,,,,,,,,,,,,,,,,,,,,,,,,,,,,,,,,,,,,,,,,,,,,,,,,,,,,,,,,,,,,,,,,,,,,,,,,,,,,,,,,,,,,,,,,,,,,,,,,
4,,Phạm Đình Hổ,tertiary,498,,,tertiary,,,,,Phạm Đình Hổ,,,,,,,"[1996745394, 5811935469, 366397332, 4583483799, 4202268796, 3171989011, 4202268808, 5813814373, 1996745606]",,,,,,,yes,,,,,,,,,,,,,,,,,,,,,,,,,,,,,,,,,,,,,,,,,,,,,,,,,,,,,,,,,,,,,,,,,,,,,,,,,,,,,,,,,,,,,,,,,,,,,,,,,,,,,,,,,,
4,,Xóm Củi,tertiary,499,,,tertiary,,,,,Xóm Củi,,,,,,,"[1996745421, 1996745788, 1996745380, 1996745822, 1996745814]",,,,,,,yes,,,,,,,,,,,,,,,,,,,,,,,,,,,,,,,,,,,,,,,,,,,,,,,,,,,,,,,,,,,,,,,,,,,,,,,,,,,,,,,,,,,,,,,,,,,,,,,,,,,,,,,,,,
4,,,tertiary,500,,,tertiary,,,,,,,,,,,,"[5813896035, 1996745895, 4614188857, 5890133164]",,,,,,,yes,,,,,,,,,,,,,,,,,,,,,,,,,,,,,,,,,,,,,,,,,,,,,,,,,,,,,,,,,,,,,,,,,,,,,,,,,,,,,,,,,,,,,,,,,,,,,,,,,,,,,,,,,,
4,,Thuận Kiều,tertiary,501,,,tertiary,,,,,Thuận Kiều,,,,,,,"[366392112, 2495830335, 746617451, 4929793638, 366380992, 5674570653, 366369343, 3171990256, 366433611, 5813896035]",,,,,,,,,,,,,,,,,,,,,,,,,,,,,,,,,,,,,,,,,,,,,,,,,,,,,,,,,,,,,,,,,,,,,,,,,,,,,,,,,,,,,,,,,,,,,,,,,,,,,,,,,,,,,,,,,
2,,An Dương Vương,primary,502,,,primary,,,,,An Dương Vương,,,,,An Dương Vương,,"[5780574588, 5805637454, 5817380554, 5802993757]",,Quan 5,An Duong Vuong Street,,,,yes,,,,,,,,,,,,,,,,,,,,,,,,,,,,,,,,,,,,,,,,,,,,,,,,,,,,,,,,,,,,,,,,,,,,,,,,,,,,,,,,,,,,,,,,,,,,,,,,,,,,,,,,,,
3,,Cầu Calmette,trunk_link,503,,,trunk_link,,,,,Cầu Calmette,,,,,,,"[1767909382, 1996655640, 1767909425, 1996655421, 3335314143, 3335314144, 1767909356]",,,Calmette Bridge,,,,yes,,,,,,,1,,,yes,,,,,,,,,,,,,,,,,,,,,,,,,,,,,,,,,,,,,,,,,,,,,,,,,,,,,,,,,,,,,,,,,,,,,,,,,,,,,,,,,,,,,,,,,,,,,,,,
2,,Ðiện Biên Phủ,primary,504,,,primary,,,,,Ðiện Biên Phủ,,,,,,,"[411918417, 5058497796, 5003306422, 411921368, 411918408, 411918937, 4421905095, 698217105, 5764817338, 5764817339, 5764817340]",,,,,,,yes,,asphalt,,,,,,,,,,,,,,,,,,,,,,,,,,,,,,,,,,,,,,,,,,,,,,,,,,,,,,,,,,,,,,,,,,,,,,,,,,,,,,,,,,,,,,,,,,,,,,,,,,,,,,,,
4,,Trần Minh Quyền,tertiary,505,,,tertiary,,,,,Trần Minh Quyền,,,,,,,"[4646769632, 5058497774, 5058497766, 5059496013, 5058497764, 411918937]",,,,,,,,,,,,,,,,,,,,,,,,,,,,,,,,,,,,,,,,,,,,,,,,,,,,,,,,,,,,,,,,,,,,,,,,,,,,,,,,,,,,,,,,,,,,,,,,,,,,,,,,,,,,,,,,,
4,,Trường Sa,tertiary,506,,,tertiary,,,,,Trường Sa,,,,,,,"[1998235357, 3861856287, 1998235361, 2230563437, 3285275358]",,,Truong Sa Road,,,,no,,,长沙路,,,,,,,,,,,,,,,,,,,,,,,,,,,,,,,,,,,,,,,,,,,,,,,,,,,,,,,,,,,,,,,,,,,,,,,,,,,,,,,,,,,,,,,,,,,,,,,,,,,,,,,
2,,Ðiện Biên Phủ,primary,507,,,primary,,,,,Ðiện Biên Phủ,,,,,,,"[411926705, 3014433882, 411926453, 4019534788, 411925981, 4066381582, 676561490]",,,Dien Bien Phu Road,,,,yes,,asphalt,奠边府路,,,,,,,,,,,,,,,,,,,,,,,,,,,,,,,,,,,,,,,,,,,,,,,,,,,,,,,,,,,,,,,,,,,,,,,,,,,,,,,,,,,,,,,,,,,,,,,,,,,,,,,
1,,Cầu Ðiện Biên Phủ,trunk,508,,,trunk,,,,,Cầu Ðiện Biên Phủ,,,,,,,"[411918883, 1998781619, 676560165]",,,Dien Bien Phu Bridge,,,,yes,,,奠边府桥,,,,1,,,yes,,,,,,,,,,,,,,,,,,,,,,,,,,,,Cầu Điện Biên Phủ,Dien Bien Phu Bridge,,,,,,,,,,,,,,,,,,,,,,,,,,,,,,,,,,,,,,,,,,,,,,,,,,,,,,,,,,,,,,,,,,,
2,,Ðiện Biên Phủ,primary,509,,,primary,,,,,Ðiện Biên Phủ,,,,,,,"[1998235279, 4122304295, 4066381583, 1998235285, 5772088454, 3014433881, 1998235344, 1998235336, 5772015884]",,,Dien Bien Phu Road,,,,yes,,asphalt,奠边府路,,,,,,,,,,,,,,,,,,,,,,,,,,,,,,,,,,,,,,,,,,,,,,,,,,,,,,,,,,,,,,,,,,,,,,,,,,,,,,,,,,,,,,,,,,,,,,,,,,,,,,,
4,,Trường Sa,tertiary,510,,,tertiary,,,,,Trường Sa,,,,,,,"[728690561, 366447584, 366375173, 5737980933, 366431882, 366414422, 5775034881, 5775034879, 3068630139, 366449849, 5775034874, 366381693, 5737980880, 5671815957, 5671815956, 5775034846, 366436827, 1998235339, 5775034841, 1998235306]",,,Truong Sa Road,,,,no,,,长沙路,,,,,,,,,,,,,,,,,,,,,,,,,,,,,,,,,,,,,,,,,,,,,,,,,,,,,,,,,,,,,,,,,,,,,,,,,,,,,,,,,,,,,,,,,,,,,,,,,,,,,,,
2,,Võ Văn Kiệt,primary,511,,,primary,,,,,Võ Văn Kiệt,,,,,Võ Văn Kiệt,,"[2358070596, 2380787711, 1996654554, 1996654049, 1769173870, 1996654140, 1996654441, 1861212907, 1769173868, 1998452788]",,,Vo Van Kiet Highway,,,,yes,,,,,,,,,,,,,,,,,,,,,,,,,,,,,,,,,,,,,,,,,,,,,,,,,,,,,,,,,,,,,,,,,,,,,,,,,,,,,,,,,,,,,,,,,,,,,,,,,,,,,,,,,,
2,,Nam Kỳ Khởi Nghĩa,primary,512,,,primary,,,,,Nam Kỳ Khởi Nghĩa,,,,,,,"[2008273915, 2036141687, 5769878580, 5769878578, 2008273913, 5769878576, 1226533641, 5769720340, 2036141720, 3928550709, 2008273911, 2230842248, 1226533640, 2036141693, 2230608746, 2008273910, 1226533638, 2036141676, 2008273909, 2036141704]",,,,,,,yes,,,,,,,,,,,,,,,,,,,,,,,,,,,,,,,,,,,,,,,,,,,,,,,,,,,,,,,,,,,,,,,,,,,,,,,,,,,,,,,,,,,,,,,,,,,,,,,,,,,,,,,,,,
2,,Nguyễn Văn Trỗi,primary,513,,,primary,,,,,Nguyễn Văn Trỗi,,,,,,,"[2008273931, 4597421882, 2008273930, 2081907930, 1226533639, 2293477528, 4191172069, 1226533636, 2008273929, 2008273928, 5765047048, 2008273927, 1226533637, 5765047055, 2146838336, 2008273926, 2813684254, 4191224564, 2008273925, 1226533643, 2293477527, 3758592340, 2008273924, 6116136066, 2008273923, 2290177719, 1226533642, 5765007175, 2008273922, 2008273921, 2008273918, 2036141668, 2008273916]",,,,,,,yes,,,,,,,,,,,,,,,,,,,,,,,,,,,,,,,,,,,,,,,,,,,,,,,,,,,,,,,,,,,,,,,,,,,,,,,,,,,,,,,,,,,,,,,,,,,,,,,,,,,,,,,,,,
2,,Xô Viết Nghệ Tĩnh,primary,514,,,primary,,,,,Xô Viết Nghệ Tĩnh,,,,,,,"[5733301068, 366419346, 366411612, 3141309630, 3211004422, 366418620, 760844032, 5733301065, 5733301041, 5733301040, 5778363087, 366468735, 373544294]",,,Xo Viet Nghe Tinh Road,,,,yes,,,乂静苏维埃路,,,,,,,,,,,,,,,,,,,,,,,,,,,,,,,,,,,,,,,,,,,,,,,,,,,,,,,,,,,,,,,,,,,,,,,,,,,,,,,,,,,,,,,,,,,,,,,,,,,,,,,
4,,Hẻm 602 Điện Biên Phủ,unclassified,515,,,unclassified,,,,,Hẻm 602 Điện Biên Phủ,,,,,,,"[2022539300, 5777195815, 2022539305, 5777195812, 5777195817, 5777195790, 2022539301, 2022539306, 2022539299]",,,,,,,,,,,,,,,,,,,,,,,,,,,,,,,,,,,,,,,,,,,,,,,,,,,,,,,,,,,,,,,,,,,,,,,,,,,,,,,,,,,,,,,,,,,,,,,,,,,,,,,,,,,,,,,,,
4,,Võ Văn Ngân,tertiary,516,,,tertiary,,,,,Võ Văn Ngân,,,,,,,"[2024972947, 2024973316, 2024973065, 4066458581, 2024973236, 2024972708, 2024972988, 2984717717, 5755653754, 5755653756]",,,,,,,yes,,,,,,,,,,,,,,,,,,,,,,,,,,,,,,,,,,,,,,,,,,,,,,,,,,,,,,,,,,,,,,,,,,,,,,,,,,,,,,,,,,,,,,,,,,,,,,,,,,,,,,,,,,
3,,D1,secondary,517,,,secondary,,,,,D1,,,,,,,"[2024972864, 4446923804, 5755329179, 4331856392]",,,,,,,yes,,,,,,,,,,,,,,,,,,,,,,,,,,,,,,,,,,,,,,,,,,,,,,,,,,,,,,,,,,,,,,,,,,,,,,,,,,,,,,,,,,,,,,,,,,,,,,,,,,,,,,,,,,
3,,,primary_link,518,,,primary_link,,,,,,,,,,,,"[2024972927, 2024972997, 2024973174, 2024972894]",,,,,,,yes,,,,,,,,,,,,,,,,,,,,,,,,,,,,,,,,,,,,,,,,,,,,,,,,,,,,,,,,,,,,,,,,,,,,,,,,,,,,,,,,,,,,,,,,,,,,,,,,,,,,,,,,,,
4,,,tertiary,519,,,tertiary,,,,,,,,,,,,"[373544352, 2024972999]",,,,,,,yes,,,,,,,,,,,,,,,,,,,,,,,,,,,,,,,,,,,,,,,,,,,,,,,,,,,,,,,,,,,,,,,,,,,,,,,,,,,,,,,,,,,,,,,,,,,,,,,,,,,,,,,,,,
2,50.0,Xa Lộ Hà Nội,primary,520,,,primary,,,,,Xa Lộ Hà Nội,,,,,,,"[5748445128, 5748445129, 5748445130, 5740382089, 5748445131, 5748445132, 5748445133, 5748445134, 2274972979, 2274972985, 3112826301, 3734216834, 2274972983, 5748690465, 5748520291, 2274972978, 2217837564]",,,,QL.52,,,yes,,,,50,,,,,,,,,,,,yes,,,,,,,,,,,,,,,,,,,,,,,,,,,,,,,,,,,,,,,,,,,,,,,,,,,,,,,,,,,,,,,,,,,,,,,,,,,,,,,,,,,,,,,,,,
3,,Đường D1,secondary,521,,,secondary,,,,,Đường D1,,,,,,,"[4446924681, 4519453270, 5778616014, 4934947979, 2024973099, 2217876799, 2217876796, 2024972726, 2024972815, 2024973115, 2024973073, 2024972785, 2024972740, 2024973046, 2024973240, 2217876792, 2217878484, 2217879423, 2024972725, 5742130985, 2024972895, 2024972921, 2024973079, 2024972734, 2024972791, 2024972889, 2024972901, 4068051922, 2217880574, 5764849479, 5742130959, 5742130950, 5742130943, 5742130941, 5742130939, 4446923799, 2024972682]",,,,,,,yes,,,,,,,,,,,,,,,,,,,,,,,,,,,,,,,,,,,,,,,,,,,,,,,,,,,,,,,,,,,,,,,,,,,,,,,,,,,,,,,,,,,,,,,,,,,,,,,,,,,,,,,,,,
4,,Lê Văn Việt,tertiary,522,,,tertiary,,,,,Lê Văn Việt,,,,,,,"[2217824801, 2217869570, 4934947997, 2024973084, 4066419589, 5765438179, 2024973266]",,,,,,,yes,,,,,,,,,,,,,,,,,,,,,,,,,,,,,,,,,,,,,,,,,,,,,,,,,,,,,,,,,,,,,,,,,,,,,,,,,,,,,,,,,,,,,,,,,,,,,,,,,,,,,,,,,,
4,,Võ Văn Ngân,tertiary,523,,,tertiary,,,,,Võ Văn Ngân,,,,,,,"[5755653756, 5755653755, 2984717718, 2024972927, 4066458574, 2024972787, 2024973276, 2024972996, 2024972846, 2024973203, 2024973002, 2217824801]",,,Vo Van Ngan Street,,,,yes,,,武文银路,,,,,,,,,,,,,,,,,,,,,,,,,,,,,,,,,,,,,,,,,,,,,,,,,,,,,,,,,,,,,,,,,,,,,,,,,,,,,,,,,,,,,,,,,,,,,,,,,,,,,,,
3,,,primary_link,524,,,primary_link,,,,,,,,,,,,"[2028465981, 2028465916, 2028465892, 2028465861, 2028465898, 2028466039, 2028465694, 2028466019, 2028465890, 2217773404, 5777195545, 2028465987, 2028465715, 2028465721, 2028465904]",,,,,,,yes,,,,,,,,,,,,,,,,,,,,,,,,,,,,,,,,,,,,,,,,,,,,,,,,,,,,,,,,,,,,,,,,,,,,,,,,,,,,,,,,,,,,,,,,,,,,,,,,,,,,,,,,,,
3,60.0,Nguyễn Hữu Cảnh,secondary,525,,,secondary,,,,,Nguyễn Hữu Cảnh,,,,,,,"[2028465871, 2028465669, 2028466042, 2028465943, 2028466003, 2028465681, 2028465907, 2028465789, 2028465989, 2028465726, 2028465764, 2028465920, 2028465745, 2028465735, 2028465724, 2028465784, 2036083348, 2028465683, 2028465896, 2036083374, 2028466046, 2028465655, 3166144993, 5738206921, 2028465714, 2351220596, 5777090974, 4066912637, 2028465791, 1894611743, 1774287449, 4066912631, 4066912632, 1774287420, 4066912633, 1774952221, 1774287445, 4066912634, 2036083435, 1774287405, 1774952172, 3235937518, 1774952091, 1774952114, 1774952074, 3235937514, 1774287399, 2036082844, 5267647785, 2028466037, 2028465804, 2028465712, 5777089106, 1774287370, 1894611252, 1894611273, 1774287431]",,,,,,,yes,,paved,,60,,,,,,,,,,,3,,,,,,,,,,,,,,,,,,,,,,,,,,,,,,,,,,,,,,,,,,,,,,,,,,,,,,,,,,,,,,,,,sign,,,,,,,,,,,,,,,,,,,,,,,,,,
1,50.0,Xa Lộ Hà Nội,trunk,526,,,trunk,,,,,Xa Lộ Hà Nội,,,,,,,"[2028465959, 2445361082, 2028466031, 2028465716, 2028465918, 2028465966]",,,,QL.52,,,yes,,,,50,,no,,,,,,,,,,yes,,,,,,,,,,,,,,,,,,,,,,,,,,,,,,,,,,,,,,,,,,,,,,,,,,,,,,,,,,,,,,,,,,,,,,,,,,,,,,,,,,,,,,,,,,
3,50.0,Xa Lộ Hà Nội,trunk_link,527,,,trunk_link,,,,,Xa Lộ Hà Nội,,,,,,,"[2028465959, 2445361067, 5740296591, 676036670, 5740382096, 5740382091, 2217852581, 2028465962, 2028465966]",,,,QL.52,,,yes,,,,50,,,,,,,,,,,,yes,,,,,,,,,,,,,,,,,,,,,,,,,,,,,,,,,,,,,,,,,,,,,,,,,,,,,,,,,,,,,,,,,,,,,,,,,,,,,,,,,,,,,,,,,,
3,50.0,Xa Lộ Hà Nội,trunk_link,528,,,trunk_link,,,,,Xa Lộ Hà Nội,,,,,,,"[2028465950, 2028466053, 3647300423, 5735458219, 5735458220, 3647300426, 5735458200]",,,,QL.52,,,yes,,,,50,,,,,,,,,,,,yes,,,,,,,,,,,,,,,,,,,,,,,,,,,,,,,,,,,,,,,,,,,,,,,,,,,,,,,,,,,,,,,,,,,,,,,,,,,,,,,,,,,,,,,,,,
1,80.0,Xa Lộ Hà Nội,trunk,529,,,trunk,,,,,Xa Lộ Hà Nội,,,,,,,"[2028465880, 5735604948, 366380514, 2445305442, 5456119252, 745747096]",,,,QL.52,,,yes,,,,80,,,,,,,,,,,,yes,,,,,,,,,,,,,,,,,,,,,,,,,,,,,,,,,,,,,,,,,,,,,,,,,,,,,,,,,,,,,,,,,,,,,,,,,,,,,,,,,,,,,,,,,,
1,50.0,Xa Lộ Hà Nội,trunk,530,,,trunk,,,,,Xa Lộ Hà Nội,,,,,,,"[2028465768, 5735574304, 2028465884, 3647300417, 5735604926, 5735458215]",,,,QL.52,,,yes,,,,50,,,,,,,,,,,,yes,,,,,,,,,,,,,,,,,,,,,,,,,,,,,,,,,,,,,,,,,,,,,,,,,,,,,,,,,,,,,,,,,,,,,,,,,,,,,,,,,,,,,,,,,,
3,,Nguyễn Hữu Cảnh,primary_link,531,,,primary_link,,,,,Nguyễn Hữu Cảnh,,,,,Nguyễn Hữu Cảnh,,"[1278052498, 2028465947]",,,Nguyen Huu Canh,,,,,,,,,,,,,,,,,,,,,,,,,,,,,,,,,,,,,,,,,,,,,,,,,,,,,,,,,,,,,,,,,,,,,,,,,,,,,,,,,,,,,,,,,,,,,,,,,,,,,,,,,,,,,,
3,50.0,Xa Lộ Hà Nội,trunk_link,532,,,trunk_link,,,,,Xa Lộ Hà Nội,,,,,,,"[2024973315, 2028465668, 1226494769, 2028465848, 2028466050, 2028465894, 1226496071, 2028465857, 5735480593, 2028465980, 4066304442, 4066297976, 4066304443, 4066297977, 4066304446, 4066304448, 4066304447, 2028465800]",,,Hanoi Highway,QL.52,,,yes,,,,50,,,,,,,,,,,,,,,,,,,,,,,,,,,,,,,,,,,,,,,,,,,,,,,,,,,,,,,,,,,,,,,,,,,,,,,,,,,,,,,,,,,,,,,,,,,,,,,,,,,,,,
2,50.0,Cầu Sài Gòn 1,primary,533,,,primary,,,,,Cầu Sài Gòn 1,,,,,,,"[2028465964, 3057506128, 4066355294, 4066355295, 4066355293, 2659114288]",,,,,,,yes,,,,50,,,2,,,yes,,,,,2,,,,,,,,,,,,,,,,,,,,,,,,,,,,,,,,,,,,,,,,,,,,,,,,,,,,,,,,,,,,,,,,,,,,,,,,,,,,,,,,,,,,,,,,,,,
3,50.0,Xa Lộ Hà Nội,trunk_link,534,,,trunk_link,,,,,Xa Lộ Hà Nội,,,,,,,"[2028465815, 4066304441, 2028465831, 5735567957, 2028466007, 5735584516, 2028465730, 4066297969, 1226496072, 5735294620, 4066297968, 2028465753, 2028465838, 5614661189, 2038584703, 2028466021, 2673074380, 2028465842, 2028465883, 2028465888]",,,,QL.52,,,yes,,,,50,,,,,,,,,,,,,,,,,,,,,,,,,,,,,,,,,,,,,,,,,,,,,,,,,,,,,,,,,,,,,,,,,,,,,,,,,,,,,,,,,,,,,,,,,,,,,,,,,,,,,,
4,,Tây Hòa,tertiary,535,,,tertiary,,,,,Tây Hòa,,,,,,,"[5748445135, 5748445134, 5740382090, 5740382831, 366377788, 4934948129, 366403007, 2445361073, 5740382866, 1854295694, 366386467]",,,,,,,,,,,,,,,,,,,,,,,,,,,,,,,,,,,,,,,,,,,,,,,,,,,,,,,,,,,,,,,,,,,,,,,,,,,,,,,,,,,,,,,,,,,,,,,,,,,,,,,,,,,,,,,,,
3,60.0,Nguyễn Hữu Cảnh,secondary,536,,,secondary,,,,,Nguyễn Hữu Cảnh,,,,,,,"[1774287403, 1894611782, 2036083576, 2028465941, 2038003651, 2028465974, 5777195759, 3166144992, 2028465935, 5738202405, 2028465844, 2028465708, 2028465755, 5738226786, 5738226784, 2028465859, 2028465900, 2028465782, 2028465993, 2028465885, 2028465786, 2028465710, 2028465976, 2028465822, 2028465657, 2028466013, 2028465675, 2028465671, 2028465793, 2028466011, 3166144873, 5738206970, 2028465770, 2028465947, 2028465810, 2028465852, 2028465833]",,,,,,,yes,,paved,,60,,,,,,,,,,,,,,,,,,,,,,,,,,,,,,,,,,,,,,,,,,,,,,,,,,,,,,,,,,,,,,,,,,,,,,,,,,,,sign,,,,,,,,,,,,,,,,,,,,,,,,,,
2,,Nguyễn Hữu Cảnh,primary,537,,,primary,,,,,Nguyễn Hữu Cảnh,,,,,,,"[2028465896, 2028465685, 2028465827, 2028465755]",,,,,,,,,,,,,,,,,,,,,,,,,,,,,,,,,,,,,,,,,,,,,,,,,,,,,,,,,,,,,,,,,,,,,,,,,,,,,,,,,,,,,,,,,,,,,,,,,,,,,,,,,,,,,,,,,
1,80.0,Cầu Rạch Chiếc 1,trunk,538,,,trunk,,,,,Cầu Rạch Chiếc 1,,,,,,,"[5735573612, 3647300403, 2028465863, 2028465667, 2028465807, 2028465997, 5456033302, 4934947913, 2028465663, 2028465840, 2028465768]",,,,QL.52,,,yes,,,,80,,,1,,,yes,,,,,,yes,,,,,,,,,,,,,,,,,,,,,,,,,,,,,,,,,,,,,,,,,,,,,,,,,,,,,,,,,,,,,,,,,,,,,,,,,,,,,,,,,,,,,,,,,,
1,60.0,Xa Lộ Hà Nội,trunk,539,,,trunk,,,,,Xa Lộ Hà Nội,,,,,,,"[2028465966, 5748445128, 5740382088, 5740382118, 676036672, 3162610883, 4066314291, 5748445135]",,,,QL.52,,,yes,,,,60,,,,,,,,,,,,yes,,,,,,,,,,,,,,,,,,,,,,,,,,,,,,,,,,,,,,,,,,,,,,,,,,,,,,,,,,,,,,,,,,,,,,,,,,,,,,,,,,,,,,,,,,
1,50.0,Xa Lộ Hà Nội,trunk,540,,,trunk,,,,,Xa Lộ Hà Nội,,,,,,,"[2028465978, 2028465850, 5735458215, 1854295679, 366384168, 676036667, 676036668, 676036669, 2028465959]",,,,QL.52,,,yes,,,,50,,,,,,,,,,,,yes,,,,,,,,,,,,,,,,,,,,,,,,,,,,,,,,,,,,,,,,,,,,,,,,,,,,,,,,,,,,,,,,,,,,,,,,,,,,,,,,,,,,,,,,,,
4,,Xô Viết Nghệ Tĩnh,tertiary,541,,,tertiary,,,,,Xô Viết Nghệ Tĩnh,,,,,,,"[5737933035, 2030639193, 3237601002, 366467615, 5737826543, 2030638704, 366407894, 5737826541, 366387310, 5737751092, 2030639047]",,,,,,,yes,,,,,,,,,,,,,,,,,,,,,,,,,,,,,,,,,,,,,,,,,,,,,,,,,,,,,,,,,,,,,,,,,,,,,,,,,,,,,,,,,,,,,,,,,,,,,,,,,,,,,,,,,,
2,,Điện Biên Phủ,primary,542,,,primary,,,,,Điện Biên Phủ,,,,,,,"[2030638615, 5773531740, 2030639174]",,,Dien Bien Phu,,,,yes,,,,,,,,,,,,,,,,,,,,,,,,,,,,,,,,,,,,,,,,,,,,,,,,,,,,,,,,,,,,,,,,,,,,,,,,,,,,,,,,,,,,,,,,,,,,,,,,,,,,,,,,,,
1,60.0,Điện Biên Phủ,trunk,543,,,trunk,,,,,Điện Biên Phủ,,,,,,,"[366390689, 1497260132, 366439295, 366414702, 366408282, 366472544, 1497313062, 366430763, 1497313048, 729523358, 366439554, 366473932, 366400952, 366437719, 701671549]",,,Dien Bien Phu Road,,,,yes,,,奠边府路,60,,yes,,,,,,,,,4,,,,,,,,,,,,,,,,,,,,,,,,,,,,,,,,,,,,,,,,,,,,,,,,,,,,,,,,,,,,,,,,,,,,,,,,,,,,,,,,,,,,,,,,,,,
2,50.0,Điện Biên Phủ,primary,544,,,primary,,,,,Điện Biên Phủ,,,,,,,"[2030638626, 2030638516, 5775034953, 729523351, 5775034945, 5775034955, 5775034960, 3068630144, 729523353, 3162543050, 2297761605, 2297761609, 5733266061, 5775035029, 729523356, 729523360, 729523362, 5733266079, 1497276501, 5775221533, 5775221537, 729523367, 1497313084, 5733481817, 729523364, 4066392262, 729523369, 729523374, 729523371, 5738098173, 1497313097, 2030638570]",,,Dien Bien Phu Road,,,,yes,,,奠边府路,50,,,,,,,,,,,,,,,,,,,,,,,,,,,,,,,,,,,,,,,,,,,,,,,,,,,,,,,,,,,,,,,,,,,,,,,,,,,,,,,,,,,,,,,,,,,,,,,,,,,,,,
2,50.0,Điện Biên Phủ,primary,545,,,primary,,,,,Điện Biên Phủ,,,,,,,"[2030638711, 745747151, 5778236258, 745747044, 745747010, 1204093479, 745747108, 373544381]",,,,,,,yes,,,,50,,,,,,,,,,,,,,,,,,,,,,,,,,,,,,,,,,,,,,,,,,,,,,,,,,,,,,,,,,,,,,,,,,,,,,,,,,,,,,,,,,,,,,,,,,,,,,,,,,,,,,
2,50.0,Điện Biên Phủ,primary,546,,,primary,,,,,Điện Biên Phủ,,,,,,,"[2030638872, 2350400666, 729523394]",,,Dien Bien Phu,,,,yes,,,,50,,,,,,,,,,,,,,,,,,,,,,,,,,,,,,,,,,,,,,,,,,,,,,,,,,,,,,,,,,,,,,,,,,,,,,,,,,,,,,,,,,,,,,,,,,,,,,,,,,,,,,
3,,Đinh Bộ Lĩnh,primary_link,547,,,primary_link,,,,,Đinh Bộ Lĩnh,,,,,,,"[366450818, 2030639584, 2030639512, 2030638758, 2030638722, 5737799726, 2030638900]",,,,,,,yes,,,,,,,,,,,,,,,,,,,,,,,,,,,,,,,,,,,,,,,,,,,,,,,,,,,,,,,,,,,,,,,,,,,,,,,,,,,,,,,,,,,,,,,,,,,,,,,,,,,,,,,,,,
2,,Điện Biên Phủ,primary,548,,,primary,,,,,Điện Biên Phủ,,,,,,,"[2030638570, 5775221662, 5775221666, 729523383]",,,Dien Bien Phu,,,,yes,,,,,,,,,,,,,,,,,,,,,,,,,,,,,,,,,,,,,,,,,,,,,,,,,,,,,,,,,,,,,,,,,,,,,,,,,,,,,,,,,,,,,,,,,,,,,,,,,,,,,,,,,,
2,,Đinh Bộ Lĩnh,primary,549,,,primary,,,,,Đinh Bộ Lĩnh,,,,,,,"[373544247, 2030639385, 2030639334, 5671815979, 760842136, 760844025, 3915814322, 5777195880, 5738098176, 2351201584, 366465005]",,,Dinh Bo Linh,,,,yes,,,,,,,,,,,,,,,,,,,,,,,,,,,,,,,,,,,,,,,,,,,,,,,,,,,,,,,,,,,,,,,,,,,,,,,,,,,,,,,,,,,,,,,,,,,,,,,,,,,,,,,,,,
2,,Điện Biên Phủ,primary,550,,,primary,,,,,Điện Biên Phủ,,,,,,,"[2030639513, 729523397, 5776272437, 1226494766, 729523402, 1497313095, 2030639062, 5776272443, 729523401, 2030639368, 1497276506, 676546410]",,,Dien Bien Phu Road,,,,yes,,,奠边府路,,,,,,,,,,,,,,,,,,,,,,,,,,,,,,,,,,,,,,,,,,,,,,,,,,,,,,,,,,,,,,,,,,,,,,,,,,,,,,,,,,,,,,,,,,,,,,,,,,,,,,,
2,,Điện Biên Phủ,primary,551,,,primary,,,,,Điện Biên Phủ,,,,,,,"[729523383, 2030638867, 2297724075, 1497276518]",,,Dien Bien Phu,,,,yes,,,,,,,,,,,,,,,,,,,,,,,,,,,,,,,,,,,,,,,,,,,,,,,,,,,,,,,,,,,,,,,,,,,,,,,,,,,,,,,,,,,,,,,,,,,,,,,,,,,,,,,,,,
3,,Điện Biên Phủ,primary_link,552,,,primary_link,,,,,Điện Biên Phủ,,,,,,,"[729523383, 1497276513, 4066381548, 1497276512, 1497276511, 4066381546, 4066381547, 2403042641]",,,,,,,yes,,,,,,,,,,,,,,,,,,,,,,,,,,,,,,,,,,,,,,,,,,,,,,,,,,,,,,,,,,,,,,,,,,,,,,,,,,,,,,,,,,,,,,,,,,,,,,,,,,,,,,,,,,
4,,Nguyễn Cửu Vân,unclassified,553,,,unclassified,,,,,Nguyễn Cửu Vân,,,,,,,"[729523353, 5775034979, 5775035026, 3068630137, 5775034985, 366440655, 1497312744, 5110352161, 5110352162, 5337055600, 5737980864, 2030639256, 5775034999, 2030638567, 5775035003, 5737980935, 366401078, 366405968, 1797562613, 2403042638, 366407697]",,,Nguyen Cuu Van,,,,,,,,,,,,,,,,,,,,,,,,,,,,,,,,,,,,,,,,,,,,,,,,,,,,,,,,,,,,,,,,,,,,,,,,,,,,,,,,,,,,,,,,,,,,,,,,,,,,,,,,,,,,,,
2,,Nguyễn Thị Nghĩa,primary,554,,,primary,,,,,Nguyễn Thị Nghĩa,,,,,,,"[4610649697, 5762783657, 5762736902, 5762736910, 5762736911, 2032267208, 5762736913, 4609314795]",,,Nguyen Thi Nghia Street,,,,yes,,,阮氏义街,,,,,,,,,,,,,,,,,,,,,,,,,,,,,,,,,,,,,,,,,,,,,,,,,,,,,,,,,,,,,,,,,,,,,,,,,,,,,,,,,,,,,,,,,,,,,,,,,,,,,,,
4,,Đoàn Văn Bơ,tertiary,555,,,tertiary,,,,,Đoàn Văn Bơ,,,,,,,"[5772092921, 5772092920, 947763538]",,,,,,,yes,,,,,,,,,,,,,,,,,,,,,,,,,,,,,,,,,,,,,,,,,,,,,,,,,,,,,,,,,,,,,,,,,,,,,,,,,,,,,,,,,,,,,,,,,,,,,,,,,,,,,,,,,,
3,,Nguyễn Hữu Cảnh,secondary,556,,,secondary,,,,,Nguyễn Hữu Cảnh,,,,,,,"[2036083509, 2036083461, 2036083276, 2036083182, 2036083272, 2036083380, 2036083437, 2036083491, 4634458544, 2036083089, 2036083555, 2036083096, 2036083029, 3166144990, 2036082882, 2036083116, 2036083282, 2036083497, 2036083102, 2036083049, 2036082953, 2036082876, 2036083429, 728690566]",,,,,,,yes,,,,,,,,,,,,,,,,,,,,,,,,,,,,,,,,,,,,,,,,,,,,,,,,,,,,,,,,,,,,,,,,,,,,,,,,,,,,,,,,,,,,,,,,,,,,,,,,,,,,,,,,,,
3,,Nguyễn Hữu Cảnh,secondary,557,,,secondary,,,,,Nguyễn Hữu Cảnh,,,,,,,"[383594386, 2036083184, 2036083406, 2036083011, 5775221885, 2036083268, 2036082938, 2036083072, 2036083212, 2036083244]",,,,,,,,,,,,,,,,,,,,,,,,,,,,,,,,,,,,,,,,,,,,,,,,,,,,,,,,,,,,,,,,,,,,,,,,,,,,,,,,,,,,,,,,,,,,,,,,,,,,,,,,,,,,,,,,,
2,,Nguyễn Hữu Cảnh,primary,558,,,primary,,,,,Nguyễn Hữu Cảnh,,,,,,,"[2036083009, 2036083017, 3166140585, 2036082997, 2036083541, 411919153, 2036083324, 2036083100, 2036083512, 4601580281, 411919002, 946794509, 3166140583, 1773988396, 2036083178]",,,,,,,yes,,,,,,,,,,,,,,,,,,,,,,,,,,,,,,,,,,,,,,,,,,,,,,,,,,,,,,,,,,,,,,,,,,,,,,,,,,,,,,,,,,,,,,,,,,,,,,,,,,,,,,,,,,
3,,Nguyễn Hữu Cảnh,secondary,559,,,secondary,,,,,Nguyễn Hữu Cảnh,,,,,,,"[2036083228, 2036083220, 2036083090, 2036083009]",,,,,,,yes,,,,,,,,,,,,,,,,,,,,,,,,,,,,,,,,,,,,,,,,,,,,,,,,,,,,,,,,,,,,,,,,,,,,,,,,,,,,,,,,,,,,,,,,,,,,,,,,,,,,,,,,,,
2,,Nam Kỳ Khởi Nghĩa,primary,560,,,primary,,,,,Nam Kỳ Khởi Nghĩa,,,,,,,"[411926532, 411926521, 5772027664, 411926522, 411926251]",,,Nam Ky Khoi Nghia Road,,,,yes,,,南圻起义路,,,,,,,,,,,,,,,,,,,,,,,,,,,,,,,,,,,,,,,,,,,,,,,,,,,,,,,,,,,,,,,,,,,,,,,,,,,,,,,,,,,,,,,,,,,,,,,,,,,,,,,
2,,Nam Kỳ Khởi Nghĩa,primary,561,,,primary,,,,,Nam Kỳ Khởi Nghĩa,,,,,,,"[2036141704, 2036141664, 2036141724, 2036141672, 411926532]",,,Nam Ky Khoi Nghia Road,,,,yes,,,南圻起义路,,,,,,,,,,,,,,,,,,,,,,,,,,,,,,,,,,,,,,,,,,,,,,,,,,,,,,,,,,,,,,,,,,,,,,,,,,,,,,,,,,,,,,,,,,,,,,,,,,,,,,,
3,,Võ Thị Sáu,primary_link,562,,,primary_link,,,,,Võ Thị Sáu,,,,,,,"[2036141676, 2036141683, 2036141670, 2036141716, 2036141714, 2036141674, 2036141742]",,,,,,,yes,,,,,,,,,,,,,,,,,,,,,,,,,,,,,,,,,,,,,,,,,,,,,,,,,,,,,,,,,,,,,,,,,,,,,,,,,,,,,,,,,,,,,,,,,,,,,,,,,,,,,,,,,,
3,,Võ Thị Sáu,primary_link,563,,,primary_link,,,,,Võ Thị Sáu,,,,,,,"[2036141706, 2036141710, 2036141649, 2036141686, 2036141689, 2036141726, 2036141666]",,,,,,,yes,,,,,,,,,,,,,,,,,,,,,,,,,,,,,,,,,,,,,,,,,,,,,,,,,,,,,,,,,,,,,,,,,,,,,,,,,,,,,,,,,,,,,,,,,,,,,,,,,,,,,,,,,,
3,,Tùng Thiện Vương,secondary,564,,,secondary,,,,,Tùng Thiện Vương,,,,,,,"[5814325558, 4202267803, 2367376014, 3116882966, 4616320836, 366442410, 1996745370, 366438053]",,,Tung Thien Vuong,,,,yes,,,,,,,,,,,,,,,,,,,,,,,,,,,,,,,,,,,,,,,,,,,,,,,,,,,,,,,,,,,,,,,,,,,,,,,,,,,,,,,,,,,,,,,,,,,,,,,,,,,,,,,,,,
3,,,secondary,565,,,secondary,,,,,,,,,,,,"[366438053, 5814325560, 1996654122]",,,,,,,yes,,,,,,,,,,,,,,,,,,,,,,,,,,,,,,,,,,,,,,,,,,,,,,,,,,,,,,,,,,,,,,,,,,,,,,,,,,,,,,,,,,,,,,,,,,,,,,,,,,,,,,,,,,
2,,Nam Kỳ Khởi Nghĩa,primary,566,,,primary,,,,,Nam Kỳ Khởi Nghĩa,,,,,Nam Kỳ Khởi Nghĩa,,"[411926532, 3168120093, 411918551, 411918560, 5778872976, 5778872977, 411926500, 411926164]",,,Nam Ky Khoi Nghia Road,,,,yes,Công Lý,,南圻起义路,,,,,,,,,,,,,,,,,,,,,,,,,,,,,,,,,,,,,,,,,,,,,,,,,,,,,,,,,,,,,Công Lý,,,,,,,,,,,,,,,,,,,,,,,,,,,,,,,,,,,,,,,,,,
2,,Phạm Hùng,primary,567,,,primary,,,,,Phạm Hùng,,,,,,,"[2042473809, 1996745648, 2146838312, 2730420748, 5816976960, 3186096227, 4631143723, 4631143719, 4631143717]",,,,,,,yes,,,,,,,,,,,,,,,,,,,,,,,,,,,,,,,,,,,,,,,,,,,,,,,,,,,,,,,,,,,,,,,,,,,,,,,,,,,,,,,,,,,,,,,,,,,,,,,,,,,,,,,,,,
2,,Hoàng Văn Thụ,primary,568,,,primary,,,,,Hoàng Văn Thụ,,,,,,,"[2061032822, 5765288345, 5765288347, 5181086852, 2288699449, 366450379, 3116883003, 3771398753, 4541470627, 366390897, 3116883004, 5762726353, 2081753800, 2081753897, 3116883006, 2081753678, 5721686017]",Ho Chi Minh,Tan Binh,,,,,yes,,,,,,,,,,,,,,,,,,,,,,,,,,,,,,,,,,,,,,,,,,,,,,,,,,,,,,,,,,,,,,,,,,,,,,,,,,,,,,,,,,,,,,,,,,,,,,,,,,,,,,,,,,
4,,T1 Loop,tertiary,569,,,tertiary,,,,,T1 Loop,,,,,,,"[366388635, 2072605346]",,,,,,,yes,,,,,,,,,,,,,,,,,,,,,,,,,no,,,,,,,,,,,,,,,,,,,,,,,,,,,,,,,,,,,,,,,,,,,,,,,,,,,,,,,,,,,,,,,,,,,,,,,,,,,,,,,,,
3,10.0,Đường dẫn ga Quốc nội,secondary_link,570,,,secondary_link,,,,,Đường dẫn ga Quốc nội,,,,,,,"[4948841957, 5598591723, 5598591724, 2072605042, 5598591725, 2072605377, 2072605339, 2072605256, 2072605322, 2072605314, 2072605243, 2072605350, 2072605149, 5725019006, 5725019007, 2078950609]",,,,,,,yes,,,,10,no,no,,,,,,,,,,,,,,,,,,,yes,,,,,,,,,,,,,,,,,,,,,,,,,,,,,,,,,,,,,,,,,,,,,,,,,,,,,,,,,,,,,,,,,,,,,,,,,,,,,,,,,
3,50.0,Hồng Hà,secondary,571,,,secondary,,,,,Hồng Hà,,,,,,,"[366464142, 2072605054, 2072605088, 2072605212, 2072605244, 5738593651, 2072605282, 3342169684, 2072605384, 1774952076, 5738593664, 5735306208, 3169684691, 5735306217, 366404401, 5719731389, 2077773901, 5738071768, 366467140]",Hồ Chí Minh,Gò Vấp,Hong Ha Street,,3,,yes,,asphalt,红河路,50,yes,yes,,,,,,no,no,yes,,,,,,,,,,,,,,,,,,,,,,,,,,,,,,,,,,,,,,,,,,,,,,,,,,,,,,,,,,,,,,,,,,,,,,,,,,,,,,,,,,,,,,,,,,,,
4,20.0,Đường dẫn sảnh đi Quốc tế,tertiary,572,,,tertiary,,,,,Đường dẫn sảnh đi Quốc tế,,,,,,,"[2072605039, 2072605229, 2072605174, 2072605308, 2072605177, 2072605325, 2072605208, 2072605158, 2072605110, 2072605191, 2072605371]",,,,,,,yes,,,,20,,,1,,,yes,,,,,,,,,,,,,,,no,,,,,,,,,,,,,,,,,,,,,,,,,,,,,,,,,,,,,,,,,,,,,,,,,,,,,,,,,,,,,,,,,,,,,,,,,,,,,,,,,
4,,Đường dẫn Ga Quốc tế,tertiary,573,,,tertiary,,,,,Đường dẫn Ga Quốc tế,,,,,,,"[2072605086, 2072605055, 2072605284, 2072605273, 2072605073, 2072605263, 2072605081, 2072605298, 2072605188, 2072605165, 2072605388, 2072605359, 2072605102, 2073272414, 2074102558, 4671854642, 759599258]",,,,,,,yes,,,,,,,,,,,,,,,,,,,,,,,,,no,,,,,,,,,,,,,,,,,,,,,,,,,,,,,,,,,,,,,,,,,,,,,,,,,,,,,,,,,,,,,,,,,,,,,,,,,,,,,,,,,
4,,Trường Sơn,tertiary,574,,,tertiary,,,,,Trường Sơn,,,,,,,"[2074208764, 2072605346]",,,,,,,,,,,,,,,,,,,,,,,,,,,,,,,,,,,,,,,,,,,,,,,,,,,,,,,,,,,,,,,,,,,,,,,,,,,,,,,,,,,,,,,,,,,,,,,,,,,,,,,,,,,,,,,,,
3,,Trường Sơn,secondary,575,,,secondary,,,,,Trường Sơn,,,,,,,"[676568903, 2077773766, 2077773816, 3169684689, 676568905, 4035870280, 676568906, 5735306179]",,,,,,,yes,,,,,,,,,,,,,,,,,,,,,,,,,,,,,,,,,,,,,,,,,,,,,,,,,,,,,,,,,,,,,,,,,,,,,,,,,,,,,,,,,,,,,,,,,,,,,,,,,,,,,,,,,,
4,,Núi Thành,unclassified,576,,,unclassified,,,,,Núi Thành,,,,,,,"[2079964288, 2491887081, 3124975530, 3124975531, 2079964141, 2079964138, 2079964353, 2079964136, 2081354848, 2079964089, 2079964083, 2079964079, 2081354523, 2079964294, 2079964120]",,,,,,,,,,,,,,,,,,,,,,,,,,,,,,,,,,,,,,,,,,,,,,,,,,,,,,,,,,,,,,,,,,,,,,,,,,,,,,,,,,,,,,,,,,,,,,,,,,,,,,,,,,,,,,,,,
2,80.0,Trường Chinh,primary,577,,,primary,,,,,Trường Chinh,,,,,,,"[2079964001, 4597420111, 2091954801, 2079964843, 2079964568, 2091954882, 2091954812, 2247549198, 2247549202, 2079964671, 2251580192, 3655114526, 2251580179, 2247540971, 2079964898, 2247540970, 2079964204, 2091954910, 2079964262, 5718947651, 2091954823, 2079964874, 2247569946, 2091954937, 2079964640]",,,,,,,yes,,,,80,,,,,,,,,,,,,,,,,,,,,,,,,,,,,,,,,,,,,,,,,,,,,,,,,,,,,,,,,,,,,,,,,,,,,,,,,,,,,,,,,,,,,,,,,,,,,,,,,,,,,,
2,,Trường Chinh,primary,578,,,primary,,,,,Trường Chinh,,,,,,,"[2409404922, 3152700071, 2049210142, 5721938903, 366476980, 5757491902, 3152700069, 366428472]",,,,,,,yes,,,,,,,,,,,,,,,,,,,,,,,,,,,,,,,,,,,,,,,,,,,,,,,,,,,,,,,,,,,,,,,,,,,,,,,,,,,,,,,,,,,,,,,,,,,,,,,,,,,,,,,,,,
2,,Trường Chinh,primary,579,,,primary,,,,,Trường Chinh,,,,,,,"[2079964012, 5356329018]",,,,,,,yes,,,,,,,,,,,,,,,,,,,,,,,,,,,,,,,,,,,,,,,,,,,,,,,,,,,,,,,,,,,,,,,,,,,,,,,,,,,,,,,,,,,,,,,,,,,,,,,,,,,,,,,,,,
2,,Cộng Hòa,primary,580,,,primary,,,,,Cộng Hòa,,,,,,,"[2079964012, 2592269705, 2082378083, 366444693, 2079964185, 3168079238, 2079964371, 723876644, 2409406332, 2079964029, 366431751]",,Quan Tan Binh,,,,,yes,,,,,,,,,,,,,,,,,,,Cộng Hòa,,,,,,,,,,,,,,,,,,,,,,,,,,,,,,,,,,,,,,,,,,,,,,,,,,,,,,,,,,,,,,,,,,,,,,,,,,,,,,,,,,,,,,,
2,,Cộng Hòa,primary,581,,,primary,,,,,Cộng Hòa,,,,,,,"[2079964072, 2533900283, 2079964302, 2081354689, 3168079237, 2081355305, 5356329019, 2079964665, 2079964209, 2079964956, 2079964994, 5356329017, 2079964924, 5356329018]",,Quan Tan Binh,,,,,yes,,,,,,,,,,,,,,,,,,,Cộng Hòa,,,,,,,,,,,,,,,,,,,,,,,,,,,,,,,,,,,,,,,,,,,,,,,,,,,,,,,,,,,,,,,,,,,,,,,,,,,,,,,,,,,,,,,
4,,Thân Nhân Trung,unclassified,582,,,unclassified,,,,,Thân Nhân Trung,,,,,,,"[2079964925, 5762622697, 2079964264, 5762622695, 366421669, 366439522, 2079964667, 5721820519, 366409997, 366408500]",,,Than Nhan Trung,,,,,,,,,,,,,,,,,,,,,,,,,,,,,,,,,,,,,,,,,,,,,,,,,,,,,,,,,,,,,,,,,,,,,,,,,,,,,,,,,,,,,,,,,,,,,,,,,,,,,,,,,,,,,,
2,,Hoàng Văn Thụ,primary,583,,,primary,,,,,Hoàng Văn Thụ,,,,,,,"[2233756575, 366457990, 3806810564, 2082380630, 3116882999, 3806810574, 2082380606, 3806810579, 2061032822]",,,Hoang Van Thu Street,,,,yes,,,黃文樹街,,,,,,,,,,,,,,,,,,,,,,,,,,,,,,,,,,,,,,,,,,,,,,,,,,,,,,,,,,,,,,,,,,,,,,,,,,,,,,,,,,,,,,,,,,,,,,,,,,,,,,,
1,50.0,Cầu vượt Ngã tư Hàng Xanh,trunk,584,,,trunk,,,,,Cầu vượt Ngã tư Hàng Xanh,,,,,,,"[4066381556, 2081892539, 2081892538, 4066381558, 366390689]",,,,,,,yes,,,,50,,yes,,,,,,,,,2,,,,,,,,,,,,,,,,,,,,,,,,,,,,,,,,,,,,,,,,,,,,,,,,,,,,,,,,,,,,,,,,,,,,,,,,,,,,,,,,,,,,,,,,,,,
3,,,primary_link,585,,,primary_link,,,,,,,,,,,,"[2081907944, 2081907938, 2081907937, 2081907936, 2081907939, 2081907945, 2081907929, 2081907940, 2081907942]",,,,,,,yes,,,,,,,,,,,,,,,,,,,,,,,,,,,,,,,,,,,,,,,,,,,,,,,,,,,,,,,,,,,,,,,,,,,,,,,,,,,,,,,,,,,,,,,,,,,,,,,,,,,,,,,,,,
3,,Trường Chinh,primary_link,586,,,primary_link,,,,,Trường Chinh,,,,,,,"[366420561, 2082378089, 2082378079, 2082378096, 2082378085, 2082378065, 2082378094, 2082378083]",,,,,,,yes,,,,,,,,,,,,,,,,,,,,,,,,,,,,,,,,,,,,,,,,,,,,,,,,,,,,,,,,,,,,,,,,,,,,,,,,,,,,,,,,,,,,,,,,,,,,,,,,,,,,,,,,,,
2,,Trường Chinh,primary,587,,,primary,,,,,Trường Chinh,,,,,,,"[5356329018, 2079964444, 2091954808, 3152711998, 2091954771, 2079964001]",,,,,,,yes,,,,,,,,,,,,,,,,,,,,,,,,,,,,,,,,,,,,,,,,,,,,,,,,,,,,,,,,,,,,,,,,,,,,,,,,,,,,,,,,,,,,,,,,,,,,,,,,,,,,,,,,,,
3,60.0,Cầu Tham Lương,secondary,588,,,secondary,,,,,Cầu Tham Lương,,,,,,,"[2091954827, 2091954883]",,,,,,,yes,,,,60,,,1,,,yes,,,,,,,,,,,,,,,,,,,,,,,,,,,,,,,,,,,,,,,,,,,,,,,,,,,,,,,,,,,,,,,,,,,,,,,,,,,,,,,,,,,,,,,,,,,,,,,,
3,60.0,Trường Chinh,secondary,589,,,secondary,,,,,Trường Chinh,,,,,,,"[2091954898, 2091954831, 2091954938, 2091954828, 2091954791, 2091954806, 2091954936, 2091954892, 1271240445, 2091954879, 2091954859, 2091954891, 5740288136, 3156007494, 3655114529, 3655114531, 1271240125, 2091954906, 3152712005, 5735881823, 2091954768, 2247549188, 5735879410, 2091954889, 3152712003, 2091954845, 5735332141, 5735332145, 3152712001, 2091954800, 5735332144, 2091954757, 5757541611, 2091954877]",,,,,,,yes,,,,60,,,,,,,,,,,,,,,,,,,,,,,,,,,,,,,,,,,,,,,,,,,,,,,,,,,,,,,,,,,,,,,,,,,,,,,,,,,,,,,,,,,,,,,,,,,,,,,,,,,,,,
2,80.0,Trường Chinh,primary,590,,,primary,,,,,Trường Chinh,,,,,,,"[723876669, 5752850579, 5752850578, 2091954894]",,,,,,,yes,,,,80,,,,,,,,,,,,,,,,,,,,,,,,,,,,,,,,,,,,,,,,,,,,,,,,,,,,,,,,,,,,,,,,,,,,,,,,,,,,,,,,,,,,,,,,,,,,,,,,,,,,,,
2,,Trường Chinh,primary,591,,,primary,,,,,Trường Chinh,,,,,,,"[2091954877, 366456147, 2079964290, 3152711999, 2079964663, 366473847, 2079964300, 2079964693, 2079964012]",,,,,,,yes,,,,,,,,,,,,,,,,,,,,,,,,,,,,,,,,,,,,,,,,,,,,,,,,,,,,,,,,,,,,,,,,,,,,,,,,,,,,,,,,,,,,,,,,,,,,,,,,,,,,,,,,,,
4,,Nguyễn Văn Quá,tertiary,592,,,tertiary,,,,,Nguyễn Văn Quá,,,,,,,"[2091954788, 2091954796]",,,,,,,yes,,,,,,,,,,,,,,,,,,,,,,,,,,,,,,,,,,,,,,,,,,,,,,,,,,,,,,,,,,,,,,,,,,,,,,,,,,,,,,,,,,,,,,,,,,,,,,,,,,,,,,,,,,
4,,Trường Chinh,tertiary,593,,,tertiary,,,,,Trường Chinh,,,,,,,"[2091954798, 2091954882, 4616320855, 3370353411, 2091954889]",,,,,,,,,,,,,,,,,,,,,,,,,,,,,,,,,,,,,,,,,,,,,,,,,,,,,,,,,,,,,,,,,,,,,,,,,,,,,,,,,,,,,,,,,,,,,,,,,,,,,,,,,,,,,,,,,
4,,Phan Huy ích,tertiary,594,,,tertiary,,,,,Phan Huy ích,,,,,,,"[2091954791, 2091954912, 2091954823, 2091954950, 2091954825, 5740748931, 2091954908, 5740748930, 2091954881, 366405431]",,,,,,,yes,,,,,,,,,,,,,,,,,,,,,,,,,,,,,,,,,,,,,,,,,,,,,,,,,,,,,,,,,,,,,,,,,,,,,,,,,,,,,,,,,,,,,,,,,,,,,,,,,,,,,,,,,,
3,60.0,Trường Chinh,secondary,595,,,secondary,,,,,Trường Chinh,,,,,,,"[2079964001, 2091954778, 2091954810, 3152712000, 2091954753, 3152712002, 2091954798, 2091954872, 5735881857, 2247549186, 2247549190, 3152712004, 5088986618, 5735881828, 2247549196, 2247569948, 3655114420, 3655114322, 2091954818, 2091954750, 2091954747, 2091954835, 3152712006, 2091954915, 2091954914, 2091954916, 2091954789, 2091954950, 2091954761, 2091954911, 2091954930, 2091954827]",,,,,,,yes,,,,60,,,,,,,,,,,,,,,,,,,,,,,,,,,,,,,,,,,,,,,,,,,,,,,,,,,,,,,,,,,,,,,,,,,,,,,,,,,,,,,,,,,,,,,,,,,,,,,,,,,,,,
3,,Trường Chinh,primary_link,596,,,primary_link,,,,,Trường Chinh,,,,,,,"[2091954875, 2091954831]",,,,,,,,,,,,,,,,,,,,,,,,,,,,,,,,,,,,,,,,,,,,,,,,,,,,,,,,,,,,,,,,,,,,,,,,,,,,,,,,,,,,,,,,,,,,,,,,,,,,,,,,,,,,,,,,,
3,60.0,Trường Chinh,secondary,597,,,secondary,,,,,Trường Chinh,,,,,,,"[2276493879, 6040497444, 1271240159, 5748420471, 5718947672, 2091954781, 5718945598, 5748420448, 3153973653, 2091954868, 2091954874, 5740748948, 5303276305, 2091954745, 2091954867]",,,,,,,yes,,,,60,,,,,,,,,,,,,,,,,,,,,,,,,,,,,,,,,,,,,,,,,,,,,,,,,,,,,,,,,,,,,,,,,,,,,,,,,,,,,,,,,,,,,,,,,,,,,,,,,,,,,,
3,,Phan Huy ích,primary_link,598,,,primary_link,,,,,Phan Huy ích,,,,,,,"[5718947651, 2091954789, 2091954926, 2091954928, 2091954794, 5740748931]",,,,,,,yes,,,,,,,,,,,,,,,,,,,,,,,,,,,,,,,,,,,,,,,,,,,,,,,,,,,,,,,,,,,,,,,,,,,,,,,,,,,,,,,,,,,,,,,,,,,,,,,,,,,,,,,,,,
4,,Liên Xã,unclassified,599,,,unclassified,,,,,Liên Xã,,,,,,,"[5735302646, 5755254391, 5735302645, 5735302644, 5735302643, 5735302642, 5735302641, 5735302640, 5735302639, 5735302638, 5735302637, 5735302636, 5735302635, 366432989, 5735302658, 366431503, 5735302684, 5156614511, 5735302693, 366455085, 366439785, 5735277912, 5735302652, 366370040, 2414259534, 5156720142, 5156720141]",,,Lien Xa,,,,,,,,,,,,,,,,,,,,,,,,,,,,,,,,,,,,,,,,,,,,,,,,,,,,,,,,,,,,,,,,,,,,,,,,,,,,,,,,,,,,,,,,,,,,,,,,,,,,,,,,,,,,,,
1,60.0,Quốc lộ 22,trunk,600,,,trunk,,,,,Quốc lộ 22,,,,,,,"[2092411623, 2414288507, 5778364311, 2092411508, 2092411386, 2931338525, 2092411612, 2092411282, 5778364288, 366476366, 2092411354, 2092411367, 5755655686, 3700590034, 2092411510, 5755238175, 5755238179, 3700590016, 3700589997, 3700589989, 3700589971, 3700589966, 3700589959, 2092411555, 2092411337, 5733528161, 2092411631, 2092411516, 5735892173, 2092411298, 5735892175, 2092411364, 5735892146, 2092411255, 5735799202, 2092411253, 2092411576, 5738080731, 2092411209, 5738080746, 3220146382, 2092411490, 5740180436, 5740180443, 5740180426, 2092411494, 5748074770, 5748074825, 2092411314, 3220146374, 2092411563, 5748074772, 3220146357, 5748684181, 5748684182, 2414265432, 2092411169, 3220146350, 2092411541, 3220146344, 2092411236, 2092411588, 2092411334, 2092411212, 3220146303]",,,,22,,,yes,,,,60,,,,,,,,,,,,,,AH1,Xuyên Á,,,,,,,,,,,,,,,,,,,,,,,,,,,,,,,,,,,,,,,,,,,,,,,,,,,,,,,,,,,,,,,,,,,,,,,,,,,,,,,,,,,,,,,
2,,Phạm Hùng,primary,601,,,primary,,,,,Phạm Hùng,,,,,,,"[2042473703, 2146838308, 4200187547, 2146838306, 5755038632]",,,Pham Hung,,,,yes,,,,,,,,,,,,,,,,,,,,,,,,,,,,,,,,,,,,,,,,,,,,,,,,,,,,,,,,,,,,,,,,,,,,,,,,,,,,,,,,,,,,,,,,,,,,,,,,,,,,,,,,,,
3,,Cầu 15B,secondary,602,,,secondary,,,,,Cầu 15B,,,,,,,"[5811875290, 5811875295, 5811875294, 5811875293, 5811875292, 5811875272, 5811875296]",,,,,,,yes,,,,,,,1,,,,,,,,,,,,,,,,,,,,,,,,,,,,,,,,,,,,,,,,,,,,,,,,,,,,,,,,,,,,,,,,,,,,,,,,,,,,,,,,,,,,,,,,,,,,,,,,,,,
4,,Nguyễn Cao Bắc,unclassified,603,,,unclassified,,,,,Nguyễn Cao Bắc,,,,,,,"[2154851280, 2350291039, 2154851188, 2154851172, 2210785092, 366392029, 2208294618, 5788962104, 366415505]",,,,,,,,,,,,,,,,,,,,,,,,,,,,,,,,,,,,,,,,,,,,,,,,,,,,,,,,,,,,,,,,,,,,,,,,,,,,,,,,,,,,,,,,,,,,,,,,,,,,,,,,,,,,,,,,,
4,,Tân Chánh Hiệp 2,tertiary,604,,,tertiary,,,,,Tân Chánh Hiệp 2,,,,,,,"[5762725656, 2191963761, 5762725488, 5762725607, 2191963760, 5762725509, 2191963758, 5757503333, 5762701804, 2191963757, 5757503334, 2191963754, 5762703559, 2191963755, 3344095653, 3344095671, 2922944208, 5043146037, 3344095688, 2922944236, 4644179810, 5753413598, 2922944239, 2922944243, 5757466468, 5757466452, 5755038630, 5755038629, 5757466474, 5755038627, 2922944218]",,,,,,,,,,,,,,,,,,,,,,,,,,,,,,,,,,,,,,,,,,,,,,,,,,,,,,,,,,,,,,,,,,,,,,,,,,,,,,,,,,,,,,,,,,,,,,,,,,,,,,,,,,,,,,,,,
2,,Hồng Bàng,primary,605,,,primary,,,,,Hồng Bàng,,,,,Hồng Bàng,,"[5780574589, 5803395629, 3116315719, 4616029240, 4615918943, 4615918946, 4616029238, 5803147462, 4583512674, 4616029236, 3116315720, 4616029234, 4615624547, 5890133164, 4616087251, 5802861315, 1996745255, 4616029226, 5552002923, 1996654755]",Ho Chi Minh,5,Hong Bang Street,,,,yes,,,鴻龐路,,,,,,,,,,,,,,,,,,,,,,,,,,,,,,,,,,,,,,,,,,,,,,,,,,,,,,,,,,,,,,,,,,,,,,,,,,,,,,,,,,,,,,,,,,,,,,,,,,,,,,,
3,,Trần Não,secondary_link,606,,,secondary_link,,,,,Trần Não,,,,,,,"[1497312724, 2203582368]",,,,,,,,,,,,,,,,,,,,,,,,,,,,,,,,,,,,,,,,,,,,,,,,,,,,,,,,,,,,,,,,,,,,,,,,,,,,,,,,,,,,,,,,,,,,,,,,,,,,,,,,,,,,,,,,,
1,60.0,Nguyễn Văn Linh,trunk,607,,,trunk,,,,,Nguyễn Văn Linh,,,,,,,"[2208294614, 2208294610, 2208294618, 2208294617, 2209385698]",,,,,,,yes,,,,60,no,no,,,,,,,,,,,,,,,,,,,,,,,,,,,,,,,,,,,,,,,,,,,,,,,,,,,,,,,,,,,,,,,,,,,,,,,,,,,,,,,,,,no,,,,,,,,,,,,,,,,,,
1,80.0,Quốc lộ 1,trunk,608,,,trunk,,,,,Quốc lộ 1,,,,,,,"[5765420789, 4069469196, 2210764354, 4069469198, 4069469201, 2210764353, 4069469203, 4069469202, 4069480174, 5733411455, 2240590638, 5733411454, 5735642401, 4069480175, 4069480179, 2210737283, 5733511276, 4069486228, 2210737293, 5468534962, 3164011053, 2247590939, 2247590948, 2247590938, 2241428100, 4069486226, 2210855622, 2242297186, 4069486222, 3164011055, 5468537102, 4069486219]",,,,1,,,yes,,,,80,,,,,,,,,,,,,,AH1,Xa lộ Đại Hàn,,,,,,,,,,,,,,,,,,,,,,,,,,,,,,,,,,,,,,,,,,,,,,,,,,,,,,,,,,,,,,,,,,,,,,,,,,,,,,,,,,,,,,,
2,,Tô Ký,primary,609,,,primary,,,,,Tô Ký,,,,,,,"[5762600040, 2210755371, 2210755370, 2210755367, 2210755366, 2210755365, 2210755369, 3638159350, 5733411465, 5733411458, 2210755368]",,,,,,,yes,,,,,,,,,,,,,,,,,,,,,,,,,,,,,,,,,,,,,,,,,,,,,,,,,,,,,,,,,,,,,,,,,,,,,,,,,,,,,,,,,,,,,,,,,,,,,,,,,,,,,,,,,,
2,,Cầu vượt Quang Trung,primary,610,,,primary,,,,,Cầu vượt Quang Trung,,,,,,,"[2210755368, 3636147058, 3636147068, 2210758303, 2210851646, 3636147072, 5733511274, 2408541289, 2210760895]",,,,,,,yes,,,,,,,2,,,yes,,,,,2,,,,,,,,,,,,,,,,,,,,,,,,,,,,,,,,,,,,,,,,,,,,,,,,,,,,,,,,,,,,,,,,,,,,,,,,,,,,,,,,,,,,,,,,,,,
2,60.0,Nguyễn Văn Linh,primary,611,,,primary,,,,,Nguyễn Văn Linh,,,,,,,"[2210760811, 5732958649, 5740113948, 2210760916, 2210760915, 2358286020, 2210760917]",,,,,,,yes,,,,60,,,,,,,,,,,,,,,,,,,,,,,,,,,,,,,,,,,,,,,,,,,,,,,,,,,,,,,,,,,,,,,,,,,,,,,,,,,,,,,,,,,,,,,,,,,,,,,,,,,,,,
2,60.0,Nguyễn Văn Linh,primary,612,,,primary,,,,,Nguyễn Văn Linh,,,,,,,"[2210760917, 5743103931, 2210760979, 2934003331, 2210760978, 2210761094, 2210761093, 2210761091, 2322633602, 2350411191, 2210761095, 2210761096, 2210761092]",,,,,,,yes,,,,60,,,,,,,,,,,,,,,,,,,,,,,,,,,,,,,,,,,,,,,,,,,,,,,,,,,,,,,,,,,,,,,,,,,,,,,,,,,,,,,,,,,,,,,,,,,,,,,,,,,,,,
2,60.0,Nguyễn Văn Linh,primary,613,,,primary,,,,,Nguyễn Văn Linh,,,,,,,"[2210776980, 2350647587, 2350648684, 2210777330, 2212337419, 2244906869, 2210777324]",,,,,,,yes,,,,60,,,,,,,,,,,,,,,,,,,,,,,,,,,,,,,,,,,,,,,,,,,,,,,,,,,,,,,,,,,,,,,,,,,,,,,,,,,,,,,,,,,,,,,,,,,,,,,,,,,,,,
2,60.0,Cầu Thầy Tiêu,primary,614,,,primary,,,,,Cầu Thầy Tiêu,,,,,,,"[2210780938, 2276965739, 2276965741, 2210780935]",,,Nguyen Van Linh Parkway,,,,yes,,,,60,,,2,Cầu Thầy Tiêu,Thay Tieu Bridge,yes,,,,,2,,,,,,,,,,,,,,,,,,,,,,,,,,,,,,,,,,,,,,,,,,,,,,,,,,,,,,,,,,,,,,,,,,,,,,,,,,,,,,,,,,,,,,,,,,,
2,50.0,Nguyễn Văn Linh,primary,615,,,primary,,,,,Nguyễn Văn Linh,,,,,,,"[2210785092, 2301127557, 2301122486, 2301122477, 2210786269]",,,Nguyen Van Linh Parkway,,,,yes,,,,50,,,,,,,,,,,,,,,,,,,,,,,,,,,,,,,,,,,,,,,,,,,,,,,,,,,,,,,,,,,,,,,,,,,,,,,,,,,,,,,,,,,,,,,,,,,,,,,,,,,,,,
2,60.0,Nguyễn Văn Linh,primary,616,,,primary,,,,,Nguyễn Văn Linh,,,,,,,"[2358286021, 2210789681, 2210789685, 2210789683]",,,,,,,yes,,,,60,,,,,,,,,,,,,,,,,,,,,,,,,,,,,,,,,,,,,,,,,,,,,,,,,,,,,,,,,,,,,,,,,,,,,,,,,,,,,,,,,,,,,,,,,,,,,,,,,,,,,,
2,,Cầu vượt Quang Trung,primary,617,,,primary,,,,,Cầu vượt Quang Trung,,,,,,,"[2210760974, 2210813253, 2408541288, 3636153301, 2210813254, 3636153302, 2210845356]",Ho Chi Minh,12,,,,,yes,,,,,,,1,,,yes,,,,,,,,,,,,,,,,,,,,,,,,,,,,,,,,,,,,,,,,,,,,,,,,,,,,,,,,,,,,,,,,,,,,,,,,,,,,,,,,,,,,,,,,,,,,,,,,
3,,,trunk_link,618,,,trunk_link,,,,,,,,,,,,"[5733411458, 5733411469, 3636147059, 2210851893, 2210851892, 2931027763, 2210851895, 2931027764, 2931027762, 2210851894, 2931027761, 4069480841, 2922937545, 2210851889, 3636147060, 3636147082, 3636147061, 5733511281, 3636147067, 2210737290]",,,,,,,yes,,,,,,,,,,,,,,,,,,,,,,,,,,,,,,,,,,,,,,,,,,,,,,,,,,,,,,,,,,,,,,,,,,,,,,,,,,,,,,,,,,,,,,,,,,,,,,,,,,,,,,,,,,
1,60.0,Quốc lộ 1,trunk,619,,,trunk,,,,,Quốc lộ 1,,,,,,,"[2240979363, 4069455239, 4069455237, 5655597841, 4069455238, 5767136300, 2210887056, 4069455236, 4069455235, 4069455233, 4069455234, 2210887057, 4069455232, 5767101905, 5767101904, 5767101938, 4069455231, 3164009011, 4069492250, 2210883966, 5655597835]",,,,1,,,yes,,,,60,,,,,,,,,,,,,,,,,,,,,,,,,,,,,,,,,,,,,,,,,,,,,,,,,,,,,,,,,,,,,,,,,,,,,,,,,,,,,,,,,,,,,,,,,,,,,,,,,,,,,,
2,,Quang Trung,primary,620,,,primary,,,,,Quang Trung,,,,,,,"[5758101433, 5748772351, 2353089971, 5748699845, 5898691901, 2210905051, 2485969480, 378247979]",Ho Chi Minh,12,Quang Trung,,,,yes,,,,,,,,,,,,,,,,,,,,,,,,,,,,,,,,,,,,,,,,,,,,,,,,,,,,,,,,,,,,,,,,,,,,,,,,,,,,,,,,,,,,,,,,,,,,,,,,,,,,,,,,,,
2,,Quang Trung,primary,621,,,primary,,,,,Quang Trung,,,,,,,"[2210905050, 2485969474, 5898691819, 2210905473, 5898691822, 5898691837, 2353089957, 5898691855, 3169694177, 366399671]",Ho Chi Minh,Go Vap,Quang Trung,,,,yes,,,,,,,,,,,,,,,,,,,,,,,,,,,,,,,,,,,,,,,,,,,,,,,,,,,,,,,,,,,,,,,,,,,,,,,,,,,,,,,,,,,,,,,,,,,,,,,,,,,,,,,,,,
3,,,trunk_link,622,,,trunk_link,,,,,,,,,,,,"[5735642401, 5735642405, 4069480176, 5735642404]",,,,,,,yes,,,,,,,,,,,,,,,,,,,,,,,,,,,,,,,,,,,,,,,,,,,,,,,,,,,,,,,,,,,,,,,,,,,,,,,,,,,,,,,,,,,,,,,,,,,,,,,,,,,,,,,,,,
1,,Điện Biên Phủ,trunk,623,,,trunk,,,,,Điện Biên Phủ,,,,,,,"[701671549, 2297762148, 5773531378, 1998235284, 366390033]",,,Dien Bien Phu Road,,,,yes,,,奠边府路,,,yes,,,,,,,,,,,,,,,,,,,,,,,,,,,,,,,,,,,,,,,,,,,,,,,,,,,,,,,,,,,,,,,,,,,,,,,,,,,,,,,,,,,,,,,,,,,,,,,,,,,,
1,60.0,Điện Biên Phủ,trunk,624,,,trunk,,,,,Điện Biên Phủ,,,,,,,"[2030638626, 4066381576, 4066381573, 676559836, 4066381571, 1497276485, 676559840, 676559815, 4066381569, 676554128, 4066381568, 1497313060, 4066381567, 676554127, 4066392261, 1497313083, 4066381565, 1497313089, 4066381566, 676554122, 2030639615]",,,Dien Bien Phu Road,,,,yes,,,奠边府路,60,,yes,,,,,,,,,,,,,,,,,,,,,,,,,,,,,,,,,,,,,,,,,,,,,,,,,,,,,,,,,,,,,,,,,,,,,,,,,,,,,,,,,,,,,,,,,,,,,,,,,,,,
4,,Út Tịch,tertiary,625,,,tertiary,,,,,Út Tịch,,,,,,,"[366474273, 4605285563, 2513642427, 5762726358, 366434942, 2081753722, 2081753893, 2045084430, 2288699461, 4541470627, 366450465, 3771398763, 2081881347, 2081881535, 2081881127, 366407705, 5097414349, 5097414351, 3771398766, 5765292378]",,,,,,,,,,,,,,,,,,,,,,,,,,,,,,,,,,,,,,,,,,,,,,,,,,,,,,,,,,,,,,,,,,,,,,,,,,,,,,,,,,,,,,,,,,,,,,,,,,,,,,,,,,,,,,,,,
2,,Lăng Cha Cả,primary,626,,,primary,,,,roundabout,Lăng Cha Cả,,,,,,,"[1409491228, 5725019046, 1409491234, 2079964285, 1409491218, 2041577241, 5725019047, 1409491216, 5462203830, 1409491208, 5462203832, 5725019048, 5721686015, 5725019049, 2041577242, 1409491198, 1409491202, 5462203829, 1404352840, 1409491215, 1409491217, 5725019045, 1409491228]",,,Hoang Van Thu,,,,yes,,,,,,,,,,,,,,,,,,,,,,,,,,,,,,,,,,,,,,,,,,,,,,,,,,,,,,,,,,,,,,,,,,,,,,,,,,,,,,,,,,,,,,,,,,,,,,,,,,,,,,,,,,
2,,Hoàng Văn Thụ,primary,627,,,primary,,,,,Hoàng Văn Thụ,,,,,,,"[5721686017, 5721686016, 5721686015]",,,Hoang Van Thu Street,,,,no,,,黃文樹街,,,,,,,,,,,,,,,,,,,,,,,,,,,,,,,,,,,,,,,,,,,,,,,,,,,,,,,,,,,,,,,,,,,,,,,,,,,,,,,,,,,,,,,,,,,,,,,,,,,,,,,
2,,Cộng Hòa,primary,628,,,primary,,,,,Cộng Hòa,,,,,,,"[366431751, 1271240415, 2081354801, 2079964403, 366383739, 366421095, 2079964176, 2081354831, 2081354991, 2079964320, 1120762115, 2081355030, 2081354888, 366450093, 2081354805, 366379261]",,Quan Tan Binh,,,,,yes,,,,,,,,,,,,,,,,,,,Cộng Hòa,,,,,,,,,,,,,,,,,,,,,,,,,,,,,,,,,,,,,,,,,,,,,,,,,,,,,,,,,,,,,,,,,,,,,,,,,,,,,,,,,,,,,,,
2,,Cộng Hòa,primary,629,,,primary,,,,,Cộng Hòa,,,,,,,"[366379261, 2079964625, 2079964288, 1271240089, 366417885, 2407526806]",,Quan Tan Binh,,,,,yes,,,,,,,,,,,,,,,,,,,Cộng Hòa,,,,,,,,,,,,,,,,,,,,,,,,,,,,,,,,,,,,,,,,,,,,,,,,,,,,,,,,,,,,,,,,,,,,,,,,,,,,,,,,,,,,,,,
2,,Trần Quốc Hoàn,primary,630,,,primary,,,,,Trần Quốc Hoàn,,,,,,,"[366437635, 5725019044, 1171564036, 366431143, 2079964977, 366389800]",,,,,,,yes,,,,,,,,,,,,,,,,,,,,,,,,,,,,,,,,,,,,,,,,,,,,,,,,,,,,,,,,,,,,,,,,,,,,,,,,,,,,,,,,,,,,,,,,,,,,,,,,,,,,,,,,,,
4,,Thăng Long,tertiary,631,,,tertiary,,,,,Thăng Long,,,,,,,"[366431110, 366453810, 2078950885, 366401453, 2078950550, 1409491253]",,,Thang Long,,,,,,,,,,,,,,,,,,,,,,,,,,,,,,,,,,,,,,,,,,,,,,,,,,,,,,,,,,,,,,,,,,,,,,,,,,,,,,,,,,,,,,,,,,,,,,,,,,,,,,,,,,,,,,
2,,Cầu vượt Quang Trung,primary,632,,,primary,,,,,Cầu vượt Quang Trung,,,,,,,"[378247852, 4069480837, 4069480838, 5733511273, 2212501200, 3636147070, 3636147071, 3636147081, 4069480839, 3636147062, 4069480840, 3636147077, 3636147066, 5733411456]",,,,,,,yes,,,,,,,5,,,yes,,,,,,,,,,,,,,,,,,,,,,,,,,,,,,,,,,,,,,,,,,,,,,,,,,,,,,,,,,,,,,,,,,,,,,,,,,,,,,,,,,,,,,,,,,,,,,,,
1,60.0,Hồ Chí Minh - Trung Lương,trunk,633,,,trunk,,,,,Hồ Chí Minh - Trung Lương,,,,,,,"[1500090383, 1500090388, 2941339882, 3648397977, 1499680442]",,,,,,,yes,,,,60,,,,,,,,,,,,,,,,,,,,,,,,,,,,,,,,,,,,,,,,,,,,,bing,,,,,,,,,,,,,,,,,,,,,,,,,,,,,,,,,,,,,,,,,,,,,,,,,,,,,,,,,
4,,Số 18,tertiary,634,,,tertiary,,,,,Số 18,,,,,,,"[5468638845, 5468638846, 5737781400, 4943408397, 5737781337, 2214439691, 2394608717, 5737781378, 5737781375, 5737781366, 5738534984, 3382829566, 3382829567, 3382829575, 2214439686, 5092219880, 4943402283, 4943402284]",,,,,,,yes,,,,,,,,,,,,,,,,,,,,,,,,,,,,,,,,,,,,,,,,,,,,,,,,,,,,,,,,,,,,,,,,,,,,,,,,,,,,,,,,,,,,,,,,,,,,,,,,,,,,,,,,,,
4,,Trương Định,tertiary,635,,,tertiary,,,,,Trương Định,,,,,,,"[411919033, 4641350102, 4603901559, 4697194514, 411919038, 4604860551, 4697194515, 411925453, 411925919, 5778360113, 411925335, 5778360115, 411926667, 4010762986, 411925869, 411918254, 5778300414, 5778300421, 2300346900, 5778300416, 411926607, 411926628]",,,Truong Dinh Street,,,,yes,,,长定街,,,,,,,,,,,,,,,,,,,,,,,,,,,,,,,,,,,,,,,,,,,,,,,,,,,,,,,,,,,,,,,,,,,,,,,,,,,,,,,,,,,,,,,,,,,,,,,,,,,,,,,
2,,Mai Chí Thọ,primary,636,,,primary,,,,,Mai Chí Thọ,,,,,,,"[1834116871, 1834116937, 1834116973, 2273414365, 1834117023, 1834117080, 5456057301, 1834117100, 1834117109, 1834117118, 1834117120]",,,,,,,yes,,,,,,,,,,,,,,,,,,,,,,,,,,,,,,,,,,,,,,,,,,,,,,,,,,,,,,,,,,,,,,,,,,,,,,,,,,,,,,,,,,,,,,,,,,,,,,,,,,,,,,,,,,
1,60.0,Cầu vượt Ngã tư Thủ Đức,trunk,637,,,trunk,,,,,Cầu vượt Ngã tư Thủ Đức,,,,,,,"[2217824798, 4066458587, 2217824799, 2940183148, 2217824802, 2217824797, 4066470698, 4066458576, 2217824800]",,,,QL.52,,,yes,,,,60,,,1,,,yes,,,,,,yes,,,,,,,,,,,,,,,,,,,,,,,,,,,,,,,,,,,,,,,,,,,,,,,,,,,,,,,,,,,,,,,,,,,,,,,,,,,,,,,,,,,,,,,,,,
1,60.0,Xa Lộ Hà Nội,trunk,638,,,trunk,,,,,Xa Lộ Hà Nội,,,,,Xa Lộ Hà Nội,,"[2024973142, 2217824798]",,,Hanoi Highway,,,,yes,,,,60,,,,,,,,,,,,yes,,,,,,,,,,,,,,,,,,,,,,,,,,,,,,,,,,,,,,,,,,,,,,,,,,,,,,,,,,,,,,,,,,,,,,,,,,,,,,,,,,,,,,,,,,
1,80.0,Xa Lộ Hà Nội,trunk,639,,,trunk,,,,,Xa Lộ Hà Nội,,,,,,,"[2028465717, 366420234, 366464322, 366464406, 2024973171, 366421525, 366438506, 366380052]",,,,QL.52,,,yes,,,,80,,,,,,,,,,,,yes,,,,,,,,,,,,,,,,,,,,,,,,,,,,,,,,,,,,,,,,,,,,,,,,,,,,,,,,,,,,,,,,,,,,,,,,,,,,,,,,,,,,,,,,,,
1,80.0,Xa Lộ Hà Nội,trunk,640,,,trunk,,,,,Xa Lộ Hà Nội,,,,,,,"[676035822, 676035137, 4066481002, 4066481005, 4066481003, 4066481006, 676035141, 2217845495, 676035144, 4066481014, 4066458563, 676035148, 5778758535, 5778758536, 676035152]",,,,QL.52,,,yes,,,,80,,no,,,,,,,,,,yes,,,,,,,,,,,,,,,,,,,,,,,,,,,,,,,,,,,,,,,,,,,,,,,,,,,,,,,,,,,,,,,,,,,,,,,,,,,,,,,,,,,,,,,,,,
2,50.0,Xa Lộ Hà Nội,primary,641,,,primary,,,,,Xa Lộ Hà Nội,,,,,,,"[5455969238, 5455969239, 5778615985, 2024973316, 2024973002]",,,,52,,,yes,,,,50,,no,,,,,,,,,,,,,,,,,,,,,,,,,,,,,,,,,,,,,,,,,,,,,,,,,,,,,,,,,,,,,,,,,,,,,,,,,,,,,,,,,,,,,,,,,,,,,,,,,,,,
4,,,tertiary,642,,,tertiary,,,,,,,,,,,,"[5762890477, 5762890476, 2217927988, 2949182353, 2940783492, 2217928002, 3342113715, 2940783491, 2217928016, 3342113719, 2949148433, 2217928007, 2949182354, 2949182390, 2217928011, 2949182362]",,,,,,,yes,,,,,,,,,,,,,,,,,,,,,,,,,,,,,,,,,,,,,,,,,,,,,,,,,,,,,,,,,,,,,,,,,,,,,,,,,,,,,,,,,,,,,,,,,,,,,,,,,,,,,,,,,,
4,,,tertiary,643,,,tertiary,,,,,,,,,,,,"[2217928001, 4828135132, 2217928003, 2217928018, 5753161660, 2217933030, 2217928020, 5753161659, 2217928014, 5738215667, 2217928000]",,,,,,,yes,,,,,,,,,,,,,,,,,,,,,,,,,,,,,,,,,,,,,,,,,,,,,,,,,,,,,,,,,,,,,,,,,,,,,,,,,,,,,,,,,,,,,,,,,,,,,,,,,,,,,,,,,,
4,,,tertiary,644,,,tertiary,,,,,,,,,,,,"[366445287, 366461408, 4834867049, 366465037, 366467904, 2949182375, 2949182360]",,,,,,,,,,,,,,,,,,,,,,,,,,,,,,,,,,,,,,,,,,,,,,,,,,,,,,,,,,,,,,,,,,,,,,,,,,,,,,,,,,,,,,,,,,,,,,,,,,,,,,,,,,,,,,,,,
2,,Tôn Ðức Thắng,primary,645,,,primary,,,,,Tôn Ðức Thắng,,,,,Tôn Đức Thắng,,"[4489025498, 4489025502, 1769173835]",,,,,,,yes,,asphalt,孫德勝路,,,,,,,,,,,,,,,,,,,,,,,,,,,,,,,,,,,,,,,,,,,,,,,,,,,,,,,,,,,,,,,,,,,,,,,,,,,,,,,,,,,,,,,,,,,,,,,,,,,,,,,
4,,Vũ Huy Tấn,tertiary,646,,,tertiary,,,,,Vũ Huy Tấn,,,,,,,"[366419844, 1375483041, 735998169, 3415439423]",,,Vu Huy Tan,,,,,,,,,,,,,,,,,,,,,,,,,,,,,,,,,,,,,,,,,,,,,,,,,,,,,,,,,,,,,,,,,,,,,,,,,,,,,,,,,,,,,,,,,,,,,,,,,,,,,,,,,,,,,,
3,,Bắc Hải,primary_link,647,,,primary_link,,,,,Bắc Hải,,,,,,,"[5772558124, 2498077594, 2233808763, 3011828035, 2299409179]",,,,,,,yes,,,,,,,,,,,,,,,,,,,,,,,,,,,,,,,,,,,,,,,,,,,,,,,,,,,,,,,,,,,,,,,,,,,,,,,,,,,,,,,,,,,,,,,,,,,,,,,,,,,,,,,,,,
4,,,unclassified,648,,,unclassified,,,,,,,,,,,,"[2233730990, 2299409160]",,,,,,,,,,,,,,,,,,,,,,,,,,,,,,,,,,,,,,,,,,,,,,,,,,,,,,,,,,,,,,,,,,,,,,,,,,,,,,,,,,,,,,,,,,,,,,,,,,,,,,,,,,,,,,,,,
2,,,primary,649,,,primary,,,,roundabout,,,,,,,,"[4636764469, 4636764470, 4636764475, 2233736946, 2233747340, 4636764461, 2233738918, 2233738926, 2061032830, 4636764474, 4636764476, 2061032831, 2233738923, 4636764468, 4636764471, 4636764477, 4638941682, 2233738917, 2233738925, 4636764462, 4636764469]",,,,,,,,,,,,,,,,,,,,,,,,,,,,,,,,,,,,,,,,,,,,,,,,,,,,,,,,,,,,,,,,,,,,,,,,,,,,,,,,,,,,,,,,,,,,,,,,,,,,,,,,,,,,,,,,,
2,,Lý Thường Kiệt,primary,650,,,primary,,,,,Lý Thường Kiệt,,,,,,,"[2233736946, 2061032828, 4638956986, 4638941677, 2061032840, 5769406341, 4638956680, 366428560, 4638941675, 4638941674, 3116882997, 5769406332, 5467431341, 5467431348, 3806810443]",,,,,,,yes,,,,,,,,,,,,,,,,,,,,,,,,,,,,,,,,,,,,,,,,,,,,,,,,,,,,,,,,,,,,,,,,,,,,,,,,,,,,,,,,,,,,,,,,,,,,,,,,,,,,,,,,,,
2,,Hoàng Văn Thụ,primary,651,,,primary,,,,,Hoàng Văn Thụ,,,,,,,"[3806810442, 3806810445, 3806810446, 2233748938, 2233748930, 2233748932, 2233748940, 2233756579, 2233756575]",,,,,,,yes,,,,,,,,,,,,,,,,,,,,,,,,,,,,,,,,,,,,,,,,,,,,,,,,,,,,,,,,,,,,,,,,,,,,,,,,,,,,,,,,,,,,,,,,,,,,,,,,,,,,,,,,,,
3,,,primary_link,652,,,primary_link,,,,,,,,,,,,"[2233747342, 5467431347, 2233747341, 5467431346, 2233747337, 2233747331]",,,,,,,yes,,,,,,,,,,,,,,,,,,,,,,,,,,,,,,,,,,,,,,,,,,,,,,,,,,,,,,,,,,,,,,,,,,,,,,,,,,,,,,,,,,,,,,,,,,,,,,,,,,,,,,,,,,
3,,,primary_link,653,,,primary_link,,,,,,,,,,,,"[2233747342, 2233748936, 2233748926, 2233748928, 2233748942, 2233748938]",,,,,,,yes,,,,,,,,,,,,,,,,,,,,,,,,,,,,,,,,,,,,,,,,,,,,,,,,,,,,,,,,,,,,,,,,,,,,,,,,,,,,,,,,,,,,,,,,,,,,,,,,,,,,,,,,,,
4,,Lạc Long Quân,tertiary,654,,,tertiary,,,,,Lạc Long Quân,,,,,,,"[5769406279, 5769406258, 366368670, 5769406278, 5769406277, 5769406290, 5769406276, 5769406275, 5769406274, 5769406273, 5769406272, 5769406271, 5769406270, 5772508143, 5769406269, 5769406268, 5769406267, 5769343546, 5772508136, 5772508135, 5772508134, 5772508133, 5772508132, 5772508131, 5772508130, 5772508127, 5772508126, 5772508128, 5772508129, 3158989497, 1606180578, 5772194291, 1606180526, 5772194272, 366383485, 1606180505, 5772194292, 5772194293, 3158989498, 366421612, 5772301784, 5772170128, 5772194290, 5772194289, 5772194288, 3158989499, 5772194287, 5772194286, 5772194285, 5772194284, 5765404727, 5765404728]",Ho Chi Minh,Tan Binh,Lac Long Quan,,,,,,,,,,,,,,,,,,,,,,,,,,,,,,,,,,,,,,,,,,,,,,,,,,,,,,,,,,,,,,,,,,,,,,,,,,,,,,,,,,,,,,,,,,,,,,,,,,,,,,,,,,,,,,
2,,Lý Thường Kiệt,primary,655,,,primary,,,,,Lý Thường Kiệt,,,,,,,"[4636764460, 4636764473, 4636764472]",,,Ly Thuong Kiet; Lac Long Quan; Ly Thuong Kiet; Ly Thuong Kiet,,,,yes,,,,,,,,,,,,,,,,,,,,,,,,,,,,,,,,,,,,,,,,,,,,,,,,,,,,,,,,,,,,,,,,,,,,,,,,,,,,,,,,,,,,,,,,,,,,,,,,,,,,,,,,,,
3,,Trần Quốc Thảo,secondary,656,,,secondary,,,,,Trần Quốc Thảo,,,,,,,"[411926698, 5350682982, 411926700, 411918658, 411926693, 411926692, 411926685, 411926683, 411926691, 3178456807, 5772101027]",,,,,,,no,,,,,,,,,,,,,,,,,,,,,,,,,,,,,,,,,,,,,,,,,,,,,,,,,,,,,,,,,,,,,,,,,,,,,,,,,,,,,,,,,,,,,,,,,,,,,,,,,,,,,,,,,,
1,60.0,Cầu Bình Phước 2,trunk,657,,,trunk,,,,,Cầu Bình Phước 2,,,,,,,"[2240979391, 2240979408, 2240979339]",,,,1A,,,yes,,,,60,,,1,,,yes,,,,,,,,,,,,,,,,,,,,,,,,,,,,,,,,,,,,,,,,,,,,,,,,,,,,,,,,,,,,,,,,,,,,,,,,,,,,,,,,,,,,,,,,,,,,,,,,
1,60.0,Quốc lộ 1,trunk,658,,,trunk,,,,,Quốc lộ 1,,,,,,,"[366429039, 4068497307, 4068497306, 2240979394, 4068497305, 2240979390, 4068497304, 4068497303, 2240979387, 4068497301, 4068497302, 2240979356, 2240979391]",,,,,,,yes,,,,60,,,,,,,,,,,,,,,,,,,,,,,,,,,,,,,,,,,,,,,,,,,,,,,,,,,,,,,,,,,,,,,,,,,,,,,,,,,,,,,,,,,,,,,,,,,,,,,,,,,,,,
1,60.0,Cầu vượt Bình Phước,trunk,659,,,trunk,,,,,Cầu vượt Bình Phước,,,,,,,"[2240985478, 2241038268, 2240985479]",,,,,,,yes,,,,60,,,5,,,yes,,,,,,,,,,,,,,,,,,,,,,,,,,,,,,,,,,,,,,,,,,,,,,,,,,,,,,,,,,,,,,,,,,,,,,,,,,,,,,,,,,,,,,,,,,,,,,,,
1,60.0,Quốc lộ 1,trunk,660,,,trunk,,,,,Quốc lộ 1,,,,,,,"[2240979339, 2240979365, 2240979409, 4945644021, 2240992105, 370557499]",Ho Chi Minh,Thu Duc,,1,,,yes,,,,60,,,,,,,,,,,,,,,,,,,,,,,,,,,,,,,,,,,,,,,,,,,,,,,,,,,,,,,,,,,,,,,,,,,,,,,,,,,,,,,,,,,,,,,,,,,,,,,,,,,,,,
3,,Quốc lộ 1,trunk_link,661,,,trunk_link,,,,,Quốc lộ 1,,,,,,,"[2338831829, 2240992099, 4068481142, 2240992075, 4068481146, 4068481143, 2240992088, 4068481144, 2240992110, 2338831811]",,,,,,,yes,,,,,,,,,,,,,,,,,,,,,,,,,,,,,,,,,,,,,,,,,,,,,,,,,,,,,,,,,,,,,,,,,,,,,,,,,,,,,,,,,,,,,,,,,,,,,,,,,,,,,,,,,,
1,60.0,Quốc lộ 1,trunk,662,,,trunk,,,,,Quốc lộ 1,,,,,,,"[2240979393, 2240979385, 2240979362, 2240979341, 4069455199, 2240979400, 3164009009, 2240979367]",,,,1,,,yes,,,,60,,,,,,,,,,,,,,,,,,,,,,,,,,,,,,,,,,,,,,,,,,,,,,,,,,,,,,,,,,,,,,,,,,,,,,,,,,,,,,,,,,,,,,,,,,,,,,,,,,,,,,
4,,Tô Ngọc Vân,tertiary,663,,,tertiary,,,,,Tô Ngọc Vân,,,,,,,"[2325318740, 2325318725, 5655390772, 2325318733, 5655390604, 5655183432, 2325318731, 5767496503, 5655390756, 2325318737, 5767247101, 5655390750, 2325318734, 5767247095, 5767247089, 5655390789, 5655390737, 5655183434, 2325318739, 5655390801, 5655390617, 2325318742, 2325318743, 2325318738, 2325318735, 5763268894, 5655390610, 5763267846, 5655390733, 2325318736, 5655390718, 5763268895, 5764798188, 5764798189, 2325318741, 3343906710, 5763268892, 3343906711, 5763268866, 2325318721, 3343906713, 2325318727, 3343906714, 2325318729, 3343906715]",,,,,,,,,,,,,,,,,,,,,,,,,,,,,,,,,,,,,,,,,,,,,,,,,,,,,,,,,,,,,,,,,,,,,,,,,,,,,,,,,,,,,,,,,,,,,,,,,,,,,,,,,,,,,,,,,
1,60.0,Quốc lộ 1,trunk,664,,,trunk,,,,,Quốc lộ 1,,,,,,,"[2240979368, 4069455197, 2687996773, 5767136176, 5767136268, 2240979377, 2240979381]",,,,1,,,yes,,,,60,,,,,,,,,,,,,,,,,,,,,,,,,,,,,,,,,,,,,,,,,,,,,,,,,,,,,,,,,,,,,,,,,,,,,,,,,,,,,,,,,,,,,,,,,,,,,,,,,,,,,,
3,,,primary_link,665,,,primary_link,,,,,,,,,,,,"[2242317782, 2242317811, 4069486250, 4069486251, 2242317801, 2242317798, 4069486252, 4069486249, 2242317780, 4069486248, 2242317810]",,,,,,,yes,,,,,,,,,,,,,,,,,,,,,,,,,,,,,,,,,,,,,,,,,,,,,,,,,,,,,,,,,,,,,,,,,,,,,,,,,,,,,,,,,,,,,,,,,,,,,,,,,,,,,,,,,,
4,,Trần Đại Nghĩa,tertiary,666,,,tertiary,,,,,Trần Đại Nghĩa,,,,,,,"[5817112629, 5817112627, 5817112626, 2242412990]",,,,,,,yes,,,,,,,,,,,,,,,,,,,,,,,,,,,,,,,,,,,,,,,,,,,,,,,,,,,,,,,,,,,,,,,,,,,,,,,,,,,,,,,,,,,,,,,,,,,,,,,,,,,,,,,,,,
2,,Tô Ký,primary,667,,,primary,,,,,Tô Ký,,,,,,,"[5733411456, 5733411457, 366478779, 5733511262, 366400457, 366436114, 366423179, 366455955, 366456151, 366469114, 366381195, 5769332362, 366390037, 5762600040]",,,To Ky,15,,,yes,,,,,,,,,,,,,,,,,,,,,,,,,,,,,,,,,,,,,,,,,,,,,,,,,,,,,,,,,,,,,,,,,,,,,,,,,,,,,,,,,,,,,,,,,,,,,,,,,,,,,,,,,,
3,40.0,Võ Văn Kiệt,trunk_link,668,,,trunk_link,,,,,Võ Văn Kiệt,,,,,,,"[1500226704, 1500226680, 4066505796, 1500226647, 4066505795, 1500226638, 1500226636, 1500226620, 1500226612, 1500226635, 2471759419, 4066503728, 1500226672, 4066503727, 1500226705, 4066503726, 4066503725, 1500226709, 4066503724, 1500226714]",,,,,,,yes,,,,40,,,,,,,,,,,,,,,,,,,,,,,,,,,,,,,,,,,,,,,,,,,,,,,,,,,,,,,,,,,,,,,,,,,,,,,,,,,,,,,,,,,,,,,,,,,,,,,,,,,,,,
3,,Nguyễn Lương Bằng,secondary,669,,,secondary,,,,,Nguyễn Lương Bằng,,,,,,,"[2244914061, 2244906848, 2244906871, 2244906851, 3171500939, 2244906856, 2244906859, 2244906857, 5788632144, 5788632145, 2993772505, 5788761263]",,,,,,,yes,,,,,,,,,,,,,,,,,,,,,,,,,,,,,,,,,,,,,,,,,,,,,,,,,,,,,,,,,,,,,,,,,,,,,,,,,,,,,,,,,,,,,,,,,,,,,,,,,,,,,,,,,,
3,,Cầu Cả Cấm,secondary,670,,,secondary,,,,,Cầu Cả Cấm,,,,,,,"[2244906868, 2244914061]",,,,,,,yes,,,,,,,1,,,yes,,,,,,,,,,,,,,,,,,,,,,,,,,,,,,,,,,,,,,,,,,,,,,,,,,,,,,,,,,,,,,,,,,,,,,,,,,,,,,,,,,,,,,,,,,,,,,,,
4,,Cầu Ông Đội,tertiary,671,,,tertiary,,,,,Cầu Ông Đội,,,,,,,"[2346953828, 5811493707, 5811493710, 2244906876, 5811493713]",,,,,,,yes,,,,,,,,,,,,,,,,,,,,,,,,,,,,,,,,,,,,,,,,,,,,,,,,,,,,,,,,,,,,,,,,,,,,,,,,,,,,,,,,,,,,,,,,,,,,,,,,,,,,,,,,,,
3,,Nguyễn Lương Bằng,secondary,672,,,secondary,,,,,Nguyễn Lương Bằng,,,,,,,"[2351814879, 2351816155, 2244906852, 2244906846, 2244906858, 2244906866, 2244906875, 2244906863, 2244906860, 5794957711, 5794957710, 2244906864, 2244906868]",,,,,,,yes,,,,,,,,,,,,,,,,,,,,,,,,,,,,,,,,,,,,,,,,,,,,,,,,,,,,,,,,,,,,,,,,,,,,,,,,,,,,,,,,,,,,,,,,,,,,,,,,,,,,,,,,,,
3,,Lê Đức Thọ,secondary,673,,,secondary,,,,,Lê Đức Thọ,,,,,,,"[366478514, 5769524920, 366387693, 3169702459, 3342362031, 5769525671, 5769525658, 366478330, 5769524908, 3342362018, 5894008693, 5769524937, 5769524906, 5769524938, 5769524925, 3342362003, 3342362001, 3342361192, 3342361189, 3342361186, 5769525697, 370818132]",,,,,,,,,,,,,,,,,,,,,,,,,,,,,,,,,,,,,,,,,,,,,,,,,,,,,,,,,,,,,,,,,,,,,,,,,,,,,,,,,,,,,,,,,,,,,,,,,,,,,,,,,,,,,,,,,
1,60.0,Quốc lộ 1,trunk,674,,,trunk,,,,,Quốc lộ 1,,,,,,,"[5655597835, 4069492279, 5767074242, 5767074235, 3164009013, 2210883952, 2247676296]",,,,QL 1,,,yes,,,,60,,,,,,,,,,,,,,,,,,,,,,,,,,,,,,,,,,,,,,,,,,,,,,,,,,,,,,,,,,,,,,,,,,,,,,,,,,,,,,,,,,,,,,,,,,,,,,,,,,,,,,
4,60.0,Quốc lộ 1,tertiary,675,,,tertiary,,,,,Quốc lộ 1,,,,,,,"[2210883952, 2247676289, 2247676284, 5767074555, 2247676299, 4069456138, 2247676287, 5765428387, 2247676294, 5765428386, 4069469189, 5765425782, 2822307359, 2247676303, 5765425837, 5765425832, 4069456134, 2247676301]",,,,QL1,,,yes,,,,60,,,,,,,,,,,,,,,Xa lộ Đại Hàn,,,,,,,,,,,,,,,,,,,,,,,,,,,,,,,,,,,,,,,,,,,,,,,,,,,,,,,,,,,,,,,,,,,,,,,,,,,,,,,,,,,,,,,
1,60.0,Cầu vượt Tân Thới Hiệp,trunk,676,,,trunk,,,,,Cầu vượt Tân Thới Hiệp,,,,,,,"[2247676296, 2210883962, 2212551141, 4069456137, 2210883968, 2210883964, 4069456136, 4069456135, 2210881680, 4069456133, 4069456132, 2247676302]",Ho Chi Minh,12,,1,,,yes,,,,60,,,5,,,yes,,,,,,,,,,,,,,,,,,,,,,,,,,,,,,,,,,,,,,,,,,,,,,,,,,,,,,,,,,,,,,,,,,,,,,,,,,,,,,,,,,,,,,,,,,,,,,,,
3,,Lê Văn Khương,secondary,677,,,secondary,,,,,Lê Văn Khương,,,,,,,"[5765428388, 5765428387, 2247676726, 4069466109, 4069456139, 4069466110, 2247676724, 5765428389]",,,,,,,yes,,,,,,,,,,,,,,,,,,,,,,,,,,,,,,,,,,,,,,,,,,,,,,,,,,,,,,,,,,,,,,,,,,,,,,,,,,,,,,,,,,,,,,,,,,,,,,,,,,,,,,,,,,
3,,Lê Đức Thọ,secondary,678,,,secondary,,,,,Lê Đức Thọ,,,,,,,"[5765428389, 2247676725, 4069466107, 4069456140, 4069466108, 2247676723, 5765428386, 5765428381]",,,,,,,yes,,,,,,,,,,,,,,,,,,,,,,,,,,,,,,,,,,,,,,,,,,,,,,,,,,,,,,,,,,,,,,,,,,,,,,,,,,,,,,,,,,,,,,,,,,,,,,,,,,,,,,,,,,
3,,Cầu vượt Quang Trung,trunk_link,679,,,trunk_link,,,,,Cầu vượt Quang Trung,,,,,,,"[2210811533, 4069486706, 4069486703, 3638264162, 4069486705, 2867873948, 4069486704, 2867873945, 2615859668, 2210845351, 2210845344, 4069480173, 2210845358, 5468534959]",,,,,,,-1,,,,,,,3,,,,,,,,2,,,,,,,,,,,,,,,,,,,,,,,,,,,,,,,,,,,,,,,,,,,,,,,,,,,,,,,,,,,,,,,,,,,,,,,,,,,,,,,,,,,,,,,,,,,
2,,Trần Hưng Ðạo,primary,680,,,primary,,,,,Trần Hưng Ðạo,,,,,,,"[4609802777, 411926622, 4597084182, 411923369, 3160559561, 4591922983, 411924371, 411926503]",,,Tran Hung Dao Street,,,,yes,,,陈兴道路,,,,,,,,,,,,,,,,,,,,,,,,,,,,,,,,,,,,,,,,,,,,,,,,,,,,,,,,,,,,,,,,,,,,,,,,,,,,,,,,,,,,,,,,,,,,,,,,,,,,,,,
2,,Nguyễn Thái Học,primary,681,,,primary,,,,,Nguyễn Thái Học,,,,,,,"[4609314796, 4649967850, 4612970106, 5762736901, 4612970105, 4609802778]",,,Nguyen Thai Hoc Street,,,,yes,,asphalt,阮太学路,,,,,,,,,,,,,,,,,,,,,,,,,,,,,,,,,,,,,,,,,,,,,,,,,,,,,,,,,,,,,,,,,,,,,,,,,,,,,,,,,,,,,,,,,,,,,,,,,,,,,,,
4,,Lê Lợi,tertiary,682,,,tertiary,,,,,Lê Lợi,,,,,Lê Lợi,yes,"[1769277482, 1769277447, 1769277420]",,,Le Loi Street,,,,yes,Rue Bonard,asphalt,黎利街,,,no,,,,,,,,,4,,,,,,,,,,,,,,,,,,,,,,,,,,,,,,,,,,,,,,,,,,,,,,,,,,Rue Bonard,,,,,,,,,,,,,,,,,,,,,,,,,,,,,,,,,,,,,,,,,
2,,Khánh Hội,primary,683,,,primary,,,,,Khánh Hội,,,,,,,"[2314080836, 2348761055, 1780010887, 1777960232, 3171491272, 746617476, 5778272141, 366414596, 2365200725, 366408252]",,,Khanh Hoi,,,,yes,,,,,,,,,,,,,,,,,,,,,,,,,,,,,,,,,,,,,,,,,,,,,,,,,,,,,,,,,,,,,,,,,,,,,,,,,,,,,,,,,,,,,,,,,,,,,,,,,,,,,,,,,,
2,,Nguyễn Hữu Thọ,primary,684,,,primary,,,,,Nguyễn Hữu Thọ,,,,,,,"[403597065, 2305155096, 2305155089, 3171492374, 2253500272, 2253490053, 5780725225, 5780725228, 2253490051, 2347429688, 5780725190, 403597060, 2253490055, 2253490058, 5778779222, 2253490048, 3171492372, 2253490057, 2297729159]",,,,,,,yes,,asphalt,,,,,,,,,,,,,,,,,,,,,,,,,,,,,,,,,,,,,,,,,,,,,,,,,,,,,,,,,,,,,,,,,,,,,,,,,,,,,,,,,,,,,,,,,,,,,,,,,,,,,,,,
3,,Nguyễn Thị Thập,secondary,685,,,secondary,,,,,Nguyễn Thị Thập,,,,,,,"[2304882869, 5731642967, 2253510137, 2358050717, 757608880, 2305155089, 2305155095]",,,Nguyen Thi Thap,,,,yes,,,,,,,,,,,,,,,,,,,,,,,,,,,,,,,,,,,,,,,,,,,,,,,,,,,,,,,,,,,,,,,,,,,,,,,,,,,,,,,,,,,,,,,,,,,,,,,,,,,,,,,,,,
4,,Trần Quốc Toản,tertiary,686,,,tertiary,,,,,Trần Quốc Toản,,,,,,,"[411926215, 2008273910]",,,Tran Quoc Toan,,,,,,,,,,,,,,,,,,,,,,,,,,,,,,,,,,,,,,,,,,,,,,,,,,,,,,,,,,,,,,,,,,,,,,,,,,,,,,,,,,,,,,,,,,,,,,,,,,,,,,,,,,,,,,
4,,Bờ Bao Tân Thắng,tertiary,687,,,tertiary,,,,,Bờ Bao Tân Thắng,,,,,,,"[4582793336, 4582793335, 2048466356, 2048466373, 2620586903, 2262762793, 2621185398, 4988329200, 2048466370, 2262762788, 2262762761, 5722292366, 5722292365, 2262762766, 2262762760, 5758012992, 2968037993, 5109568414, 2968037987, 2262762785, 4865523090, 4865523091, 4974589952]",,,,,,,,,,,,,,,,,,,,,,,,,,,,,,,,,,,,,,,,,,,,,,,,,,,,,,,,,,,,,,,,,,,,,,,,,,,,,,,,,,,,,,,,,,,,,,,,,,,,,,,,,,,,,,,,,
2,,Quang Trung,primary,688,,,primary,,,,,Quang Trung,,,,,,,"[366461724, 3638271150, 2269043913, 2269043910, 3169694174, 5753383609, 5753383586, 5845660829, 5753383591, 2269043893, 2353079730]",Ho Chi Minh,Go Vap,,,,,yes,,,,,,,,,,,,,,,,,,,,,,,,,,,,,,,,,,,,,,,,,,,,,,,,,,,,,,,,,,,,,,,,,,,,,,,,,,,,,,,,,,,,,,,,,,,,,,,,,,,,,,,,,,
2,,Quang Trung,primary,689,,,primary,,,,,Quang Trung,,,,,,,"[2353079400, 2269043916, 2487519071, 2269044538, 2269043894, 3169694173, 2269043903, 3640177927, 2269044539, 2269043918, 3169694171, 2269043927, 5750698697, 5750698687, 5750698666, 5750698667, 5750698704, 5724806901, 2353078005, 2353073491, 2353073506, 2364022101, 5724806889, 2269043888, 5724806895, 4936372876, 5724806882, 2269043924, 5750716470, 2353073516, 2269043892, 5892018306, 3169694169, 2269043915, 3283299611, 3283299610, 5716917519, 2269043906, 5716927821, 5886778554, 4556716396, 2269043907, 5886778547, 2269043923, 3640162979, 2269043922, 5886778584, 2269043921, 2269043919, 5888387498, 5888387501, 4444935128, 2269043898, 4444935123, 2269043897, 4444935110, 3640190322, 4444934859, 3640190321, 2269043904, 5889850017, 5889850008, 3169694167, 4444935089, 5889850022, 2269043905, 4444935121, 3640176427, 5889850035, 4554750026, 2487522982, 4444934857, 2353065950, 5888387680, 4553281405, 5888387675, 5888387664, 2269043926, 2269044438, 4440170051, 5888387616, 5888387630, 2269043925, 4440317106, 5888387612, 4444946070, 2269043928, 3169684693, 2269043895, 4719622687, 2364020643, 2269043920, 4672043490]",Ho Chi Minh,Go Vap,Quang Trung,,,,yes,,,,,,,,,,,,,,,,,,,,,,,,,,,,,,,,,,,,,,,,,,,,,,,,,,,,,,,,,,,,,,,,,,,,,,,,,,,,,,,,,,,,,,,,,,,,,,,,,,,,,,,,,,
2,,Quang Trung,primary,690,,,primary,,,,,Quang Trung,,,,,,,"[2353079730, 2269043899, 3638272455, 5753383596, 5753383584, 5750493373, 3638268555, 5750493378, 5750493377, 2269043891, 5750432681, 2269043890, 5818202658, 3638268559, 3169694176, 2269043914, 5758101433]",,,,,,,yes,,,,,,,,,,,,,,,,,,,,,,,,,,,,,,,,,,,,,,,,,,,,,,,,,,,,,,,,,,,,,,,,,,,,,,,,,,,,,,,,,,,,,,,,,,,,,,,,,,,,,,,,,,
3,,,primary_link,691,,,primary_link,,,,,,,,,,,,"[2269044536, 2269044538]",,,,,,,,,,,,,,,,,,,,,,,,,,,,,,,,,,,,,,,,,,,,,,,,,,,,,,,,,,,,,,,,,,,,,,,,,,,,,,,,,,,,,,,,,,,,,,,,,,,,,,,,,,,,,,,,,
2,50.0,Xa lộ Hà Nội,primary,692,,,primary,,,,,Xa lộ Hà Nội,,,,,,,"[2024973002, 4066458568, 5456033301, 4066480996, 5748445140]",,,,QL.52,,,yes,,,,50,,no,,,,,,,,,,yes,,,,,,,,,,,,,,,,,,,,,,,,,,,,,,,,,,,,,,,,,,,,,,,,,,,,,,,,,,,,,,,,,,,,,,,,,,,,,,,,,,,,,,,,,,
3,,,trunk_link,693,,,trunk_link,,,,,,,,,,,,"[2274981493, 5963161286, 2274981492, 5963161287, 4001093365, 5963161288, 5963161285, 5963161289, 745747049]",,,,,,,yes,,,,,,,,,,,,,,,,,,,,,,,,,,,,,,,,,,,,,,,,,,,,,,,,,,,,,,,,,,,,,,,,,,,,,,,,,,,,,,,,,,,,,,,,,,,,,,,,,,,,,,,,,,
2,50.0,Mai Chí Thọ,primary,694,,,primary,,,,,Mai Chí Thọ,,,,,,,"[2275303214, 2275303188, 2275303194, 4066405827, 4066405829, 2275303225, 2275303223, 2275303203, 2275303232, 2275303181, 2275303164, 2275303176, 2275303198, 2275303202, 2275303208, 2275303163, 2275303219]",,,,,,,yes,,,,50,,,,,,,,,,,3,,,,,,,,,,,,,,,,,,,,,,,,,,,,,,,,,,,,,,,,,,,,,,,,,,,,,,,,,,,,,,,,,,,,,,,,,,,,,,,,,,,,,,,,,,,
2,50.0,Mai Chí Thọ,primary,695,,,primary,,,,,Mai Chí Thọ,,,,,,,"[2275303201, 2342160911, 5738574757, 4952651909, 2275303207]",,,Mai Chi Tho Boulevard,,,,yes,,,,50,,,,,,,,,,,3,,,,,,,,,,,,,,,,,,,,,,,,,,,,,,,,,,,,,,,,,,,,,,,,,,,,,,,,,,,,,,,,,,,,,,,,,,,,,,,,,,,,,,,,,,,
2,50.0,Mai Chí Thọ,primary,696,,,primary,,,,,Mai Chí Thọ,,,,,,,"[2275303165, 2275303224]",,,Mai Chi Tho Boulevard,,,,yes,,,,50,,,,,,,,,,,3,,,,,,,,,,,,,,,,,,,,,,,,,,,,,,,,,,,,,,,,,,,,,,,,,,,,,,,,,,,,,,,,,,,,,,,,,,,,,,,,,,,,,,,,,,,
1,60.0,Cầu Kênh 2,trunk,697,,,trunk,,,,,Cầu Kênh 2,,,,,,,"[1833373509, 1833373504]",,,,,,,yes,,,,60,,,1,,,yes,,,,,3,yes,,,,,,,,,,,,,,,,,,,,,,,,,,,,,,,,,,,,,,,,,,,,,,,,,,,,,,,,,,,,,,,,,,,,,,,,,,,,,,,,,,,,,,,,,,
2,50.0,Cầu Kênh 2,primary,698,,,primary,,,,,Cầu Kênh 2,,,,,,,"[2275303235, 2275303157]",,,,,,,yes,,,,50,,,1,,,yes,,,,,3,,,,,,,,,,,,,,,,,,,,,,,,,,,,,,,,,,,,,,,,,,,,,,,,,,,,,,,,,,,,,,,,,,,,,,,,,,,,,,,,,,,,,,,,,,,
1,60.0,Mai Chí Thọ,trunk,699,,,trunk,,,,,Mai Chí Thọ,,,,,Mai Chí Thọ,,"[1833373504, 2899339634, 1351015913, 2899339633, 4066896529, 1833373484, 1351015916]",,,Mai Chi Tho Boulevard,,,,yes,,,,60,,,,,,,,,,,3,yes,,,,,,,,,,,,,,,,,,,,,,,,,,,,,,,,,,,,,,,,,,,,,,,,,,,,,,,,,,,,,,,,,,,,,,,,,,,,,,,,,,,,,,,,,,
2,50.0,Mai Chí Thọ,primary,700,,,primary,,,,,Mai Chí Thọ,,,,,,,"[2275303234, 2275303173, 5740364695, 2275303235]",,,Mai Chi Tho Boulevard,,,,yes,,,,50,,,,,,,,,,,3,,,,,,,,,,,,,,,,,,,,,,,,,,,,,,,,,,,,,,,,,,,,,,,,,,,,,,,,,,,,,,,,,,,,,,,,,,,,,,,,,,,,,,,,,,,
3,,,trunk_link,701,,,trunk_link,,,,,,,,,,,,"[1834116727, 4066405823, 2275303226]",,,,,,,yes,,,,,,,,,,,,,,,,,,,,,,,,,,,,,,,,,,,,,,,,,,,,,,,,,,,,,,,,,,,,,,,,,,,,,,,,,,,,,,,,,,,,,,,,,,,,,,,,,,,,,,,,,,
1,60.0,Mai Chí Thọ,trunk,702,,,trunk,,,,,Mai Chí Thọ,,,,,,,"[366398128, 724232844, 2275303196, 2275327690, 1834116615, 1834116721, 4066408756, 2275303191, 4066408755, 4066408754, 724232845]",,,,,,,yes,,,,60,,,,,,,,,,,,yes,,,,,,,,,no,,,,,,,,,,,,,,,,,,,,,,,,,,,,,,,,,,,,,,,,,,,,,,,,,,,,,,,,,,,,,,,,,,,,,,,,,,,,,,,,,
1,60.0,Mai Chí Thọ,trunk,703,,,trunk,,,,,Mai Chí Thọ,,,,,,,"[745747049, 745747066, 714480438]",,,Mai Chi Tho Boulevard,,,,yes,,,,60,,,,,,,,,,,,yes,,,,,,,,,,,,,,,,,,,,,,,,,,,,,,,,,,,,,,,,,,,,,,,,,,,,,,,,,,,,,,,,,,,,,,,,,,,,,,,,,,,,,,,,,,
3,,,trunk_link,704,,,trunk_link,,,,,,,,,,,,"[2276924417, 2276924416, 2276924414, 2276924415]",,,,,,,yes,,,,,,,,,,,,,,,,,,,,,,,,,,,,,,,,,,,,,,,,,,,,,,,,,,,,,,,,,,,,,,,,,,,,,,,,,,,,,,,,,,,,,,,,,,,,,,,,,,,,,,,,,,
2,,Hoàng Văn Thụ,primary,705,,,primary,,,,,Hoàng Văn Thụ,,,,,,,"[5721686017, 2288699456, 2288699457, 3116883007, 2288699455, 2288699463, 2288699459, 3116883005, 2288699451, 2288699461, 2288699452, 5765292370, 2288699462, 3116883002, 5765292377, 2288699460, 2288699454, 5181086851, 5765288346, 5765288344, 2061032822]",Ho Chi Minh,Tan Binh,,,,,yes,,,,,,,,,,,,,,,,,,,,,,,,,,,,,,,,,,,,,,,,,,,,,,,,,,,,,,,,,,,,,,,,,,,,,,,,,,,,,,,,,,,,,,,,,,,,,,,,,,,,,,,,,,
3,,Lê Văn Sỹ,secondary,706,,,secondary,,,,,Lê Văn Sỹ,,,,,,,"[2288700625, 5725019050, 2041577242]",,,,,,,yes,,,,,,,,,,,,,,,,,,,,,,,,,,,,,,,,,,,,,,,,,,,,,,,,,,,,,,,,,,,,,,,,,,,,,,,,,,,,,,,,,,,,,,,,,,,,,,,,,,,,,,,,,,
2,,Dương Bá Trạc,primary,707,,,primary,,,,,Dương Bá Trạc,,,,,,,"[2468452113, 2044487252, 2044486934, 3175002780, 366385182, 4594580079, 366476538]",,,,,,,yes,,asphalt,,,,,,,,,,,,,,,,,,,,,,,,,,,,,,,,,,,,,,,,,,,,,,,,,,,,,,,,,,,,,,,,,,,,,,,,,,,,,,,,,,,,,,,,,,,,,,,,,,,,,,,,
2,,Cầu Nguyễn Văn Cừ,primary,708,,,primary,,,,,Cầu Nguyễn Văn Cừ,,,,,,,"[2289920280, 2289920294, 2289920293, 2289920283, 2289920281, 2289920286, 4594811181, 706286176, 5462422205, 4594811182, 2289920282, 2370360786, 366452547]",,,,,,,yes,,,,,,,2,,,yes,,,,,,,,,,,,,,,,,,,,,,,,,,,,,,,,,,,,,,,,,,,,,,,,,,,,,,,,,,,,,,,,,,,,,,,,,,,,,,,,,,,,,,,,,,,,,,,,
2,,Nguyễn Văn Cừ,primary,709,,,primary,,,,,Nguyễn Văn Cừ,,,,,,,"[1767760220, 2289921217, 5806004711, 4609836317, 4609829831, 5806004712, 2289923630]",,,,,,,yes,,asphalt,,,,,,,,,,,,,6,,,,,,,,,,,,,,,,,,,,,,,,,,,,,,,,,,,,,,,,,,,,,,,,,,,,,,,,,,,,,,,,,,,,,,,,,,,,,,,,,,,,,,,,,,,
2,,Nguyễn Văn Cừ,primary,710,,,primary,,,,,Nguyễn Văn Cừ,,,,,,,"[2364089048, 3628475247, 5806004387, 2289920290, 3628475246, 5814336826, 2289920280]",,,,,,,yes,,asphalt,,,,,,,,,,,,,,,,,,,,,,,,,,,,,,,,,,,,,,,,,,,,,,,,,,,,,,,,,,,,,,,,,,,,,,,,,,,,,,,,,,,,,,,,,,,,,,,,,,,,,,,,
3,,Trần Hưng Ðạo,secondary,711,,,secondary,,,,,Trần Hưng Ðạo,,,,,Trần Hưng Ðạo,,"[2364075311, 3462850856, 3160548761, 2364075318, 5816800365, 5816803102, 4631178579]",,,Tran Hung Dao Street,,,,yes,,,陳興道路,,,,,,,,,,,,,,,,,,,,,,,,,,,,,,,,,,,,,,,,,,,,,,,Tran Hung Dao Street,,,,,,,,,,,,,,,,,,,,,,,,,,,,,,,,,,,,,,,,,,,,,,,,,,,,,,,,
2,,Nguyễn Văn Cừ,primary,712,,,primary,,,,,Nguyễn Văn Cừ,,,,,,,"[2289923630, 2289923638, 4611399534, 2289923628, 2289923632, 4611406619, 2289923637, 4611394688, 411924148, 2289923635, 4611409246, 411918236, 2289923631, 2289923629]",,,,,,,yes,,,,,,,,,,,,,,,,,,,,,,,,,,,,,,,,,,,,,,,,,,,,,,,,,,,,,,,,,,,,,,,,,,,,,,,,,,,,,,,,,,,,,,,,,,,,,,,,,,,,,,,,,,
2,,Trường Chinh,primary,713,,,primary,,,,,Trường Chinh,,,,,,,"[3152637749, 2084677921, 2084677996, 2081355110, 2084677973, 2084678288, 2084677983, 2079964219, 2084678072, 2079964744, 2084677798, 366413223, 3152637747, 3771486749, 3771486744, 4871947798, 2079964032, 3771485040, 5765346241, 366404655, 3152632055, 3909415689, 366390571, 366373991, 366432963, 3152632053, 366418858, 2495745494, 2081753835, 5765334909, 3807391791, 1522608526]",,,,,,,yes,,,,,,,,,,,,,,,,,,,,,,,,,,,,,,,,,,,,,,,,,,,,,,,,,,,,,,,,,,,,,,,,,,,,,,,,,,,,,,,,,,,,,,,,,,,,,,,,,,,,,,,,,,
2,,Trường Chinh,primary,714,,,primary,,,,,Trường Chinh,,,,,,,"[366422642, 3152700067, 5109567400, 5467448201, 3152637749]",,,Truong Chinh,,,,yes,,,,,,,,,,,,,,,,,,,,,,,,,,,,,,,,,,,,,,,,,,,,,,,,,,,,,,,,,,,,,,,,,,,,,,,,,,,,,,,,,,,,,,,,,,,,,,,,,,,,,,,,,,
4,,Hẻm 84A Trần Hữu Trang,unclassified,715,,,unclassified,,,,,Hẻm 84A Trần Hữu Trang,,,,,,,"[2289957979, 2289957978]",,,,,,alley,,,,,,,,,,,,,,,,,,,,,,,,,,,,,,,,,,,,,,,,,,,,,,,,,,,,,,,,,,,,,,,,,,,,,,,,,,,,,,,,,,,,,,,,,,,,,,,,,,,,,,,,,,,
3,,,primary_link,716,,,primary_link,,,,,,,,,,,,"[2290177712, 2290177718, 2290177716, 2290177708, 2290177707, 2290177719]",,,,,,,yes,,,,,,,,,,,,,,,,,,,,,,,,,,,,,,,,,,,,,,,,,,,,,,,,,,,,,,,,,,,,,,,,,,,,,,,,,,,,,,,,,,,,,,,,,,,,,,,,,,,,,,,,,,
4,,Đường số 48,unclassified,717,,,unclassified,,,,,Đường số 48,,,,,,,"[738217351, 5778222778, 5778222783, 2365206751, 5778222781, 5778222761, 1768404190]",,,,,,,no,,,,,,,,,,,,,,,,,,,,,,,,,,,,,,,,,,,,,,,,,,,,,,,,,,,,,,,,,,,,,,,,,,,,,,,,,,,,,,,,,,,,,,,,,,,,,,,,,,,,,,,,,,
4,,Lý Chính Thắng,tertiary,718,,,tertiary,,,,,Lý Chính Thắng,,,,,,,"[411926487, 411919394, 411921994, 411919398, 411919399, 411923653, 3168066486, 411922945]",,,,,,,yes,,,,,,,,,,,,,,,,,,,,,,,,,,,,,,,,,,,,,,,,,,,,,,,,,,,,,,,,,,,,,,,,,,,,,,,,,,,,,,,,,,,,,,,,,,,,,,,,,,,,,,,,,,
4,,Nguyễn Đình Chính,unclassified,719,,,unclassified,,,,,Nguyễn Đình Chính,,,,,,,"[701716344, 2431839586, 2431839595, 2214266096, 2431839587, 2431839589, 2431839588, 2214266137, 2431839590, 701716350, 5765007168, 2214266129, 2214266146, 5765007180, 2290183613, 2290183610, 2214251893]",,,,,,,,,,,,,,,,,,,,,,,,,,,,,,,,,,,,,,,,,,,,,,,,,,,,,,,,,,,,,,,,,,,,,,,,,,,,,,,,,,,,,,,,,,,,,,,,,,,,,,,,,,,,,,,,,
4,,Trương Quốc Dung,unclassified,720,,,unclassified,,,,,Trương Quốc Dung,,,,,,,"[366369424, 5765047042, 366455074, 5763097096, 366408031, 366417361]",,,Truong Quoc Dung,,,,,,,,,,,,,,,,,,,,,,,,,,,,,,,,,,,,,,,,,,,,,,,,,,,,,,,,,,,,,,,,,,,,,,,,,,,,,,,,,,,,,,,,,,,,,,,,,,,,,,,,,,,,,,
2,,Võ Thị Sáu,primary,721,,,primary,,,,,Võ Thị Sáu,,,,,,,"[2036141704, 2036141728, 4597427565, 2036141742, 5772088441, 411926213]",,,,,,,yes,,,,,,,,,,,,,,,3,,,,,,,,,,,,,,,,,,,,,,,,,,,,,,,,,,,,,,,,,,,,,,,,,,,,,,,,,,,,,,,,,,,,,,,,,,,,,,,,,,,,,,,,,,,
4,,Trần Huy Liệu,tertiary,722,,,tertiary,,,,,Trần Huy Liệu,,,,,,,"[2008273923, 366458878]",,,Tran Huy Lieu,,,,,,,,,,,,,,,,,,,,,,,,,,,,,,,,,,,,,,,,,,,,,,,,,,,,,,,,,,,,,,,,,,,,,,,,,,,,,,,,,,,,,,,,,,,,,,,,,,,,,,,,,,,,,,
4,,Trần Quốc Toản,tertiary,723,,,tertiary,,,,,Trần Quốc Toản,,,,,,,"[2008273910, 2230844806, 2230844069, 2230618080, 2230616524, 5350682978, 5350682979, 411918095, 2230618976, 411918667]",,,Tran Quoc Toan,,,,,,,陈国瓒路,,,,,,,,,,,,,,,,,,,,,,,,,,,,,,,,,,,,,,,,,,,,,,,,,,,,,,,,,,,,,,,,,,,,,,,,,,,,,,,,,,,,,,,,,,,,,,,,,,,,,,,
4,,Hẻm 200C Xóm Chiếu,unclassified,724,,,unclassified,,,,,Hẻm 200C Xóm Chiếu,,,,,,,"[1987338627, 5778414836, 366454649, 5778415253, 366380708]",,,,,,,,,,,,,,,,,,,,,,,,,,,,,,,,,,,,,,,,,,,,,,,,,,,,,,,,,,,,,,,,,,,,,,,,,,,,,,,,,,,,,,,,,,,,,,,,,,,,,,,,,,,,,,,,,
1,60.0,Quốc Lộ 1,trunk,725,,,trunk,,,,,Quốc Lộ 1,,,,,,,"[366462455, 366461712, 3169000944, 2246634670, 2246634664, 366443041, 4066842139, 4066842140, 5753113618, 366404811]",,,,1,,,yes,,,,60,,,,,,,,,,,,,,,,,,,,,,,,,,,,,,,,,,,,,,,,,,,,,,,,,,,,,,,,,,,,,,,,,,,,,,,,,,,,,,,,,,,,,,,,,,,,,,,,,,,,,,
1,,Cầu vượt An Sương,trunk,726,,,trunk,,,,,Cầu vượt An Sương,,,,,,,"[2295463760, 4069480187, 4069486219]",,,,,,,-1,,,,,,,1,,,yes,,,,,,,,,,,,,,,,,,,,,,,,,,,,,,,,,,,,,,,,,,,,,,,,,,,,,,,,,,,,,,,,,,,,,,,,,,,,,,,,,,,,,,,,,,,,,,,,
2,,Trường Chinh,primary,727,,,primary,,,,,Trường Chinh,,,,,,,"[366420561, 2079964095, 2079964062, 2079964012]",,,,,,,yes,,,,,,,,,,,,,,,,,,,,,,,,,,,,,,,,,,,,,,,,,,,,,,,,,,,,,,,,,,,,,,,,,,,,,,,,,,,,,,,,,,,,,,,,,,,,,,,,,,,,,,,,,,
3,,Điện Biên Phủ,primary_link,728,,,primary_link,,,,,Điện Biên Phủ,,,,,,,"[2297724075, 2297724077]",,,,,,,,,,,,,,,,,,,,,,,,,,,,,,,,,,,,,,,,,,,,,,,,,,,,,,,,,,,,,,,,,,,,,,,,,,,,,,,,,,,,,,,,,,,,,,,,,,,,,,,,,,,,,,,,,
2,,Cầu Kênh Tẻ,primary,729,,,primary,,,,,Cầu Kênh Tẻ,,,,,,,"[2297729159, 2297729154, 4104381381, 2297729163, 2297729164, 2297729153, 2297729156, 2314080836]",,,,,,,yes,,,,,,,5,,,yes,,,,,,,,,,,,,,,,,,,,,,,,,,,,,,,,,,,,,,,,,,,,,,,,,,,,,,,,,,,,,,,,,,,,,,,,,,,,,,,,,,,,,,,,,,,,,,,,
3,,Nguyễn Thị Thập,secondary,730,,,secondary,,,,,Nguyễn Thị Thập,,,,,,,"[2297730485, 2309304492, 2310758898, 2297730489, 2297730493, 2297730495, 2297730488, 2689392155, 5781118746, 2305155091]",,,,,,,yes,,,,,,,,,,,,,,,,,,,,,,,,,,,,,,,,,,,,,,,,,,,,,,,,,,,,,,,,,,,,,,,,,,,,,,,,,,,,,,,,,,,,,,,,,,,,,,,,,,,,,,,,,,
3,,Đường số 4,secondary,731,,,secondary,,,,,Đường số 4,,,,,,,"[1597983322, 5964304782, 5964304776, 2350410853, 2297730497]",,,,,,,yes,,asphalt,,,,,,,,,,,,,,,,,,,,,,,,,,,,,,,,,,,,,,,,,,,,,,,,,,,,,,,,,,,,,,,,,,,,,,,,,,,,,,,,,,,,,,,,,,,,,,,,,,,,,,,,
3,,Cầu Him Lam,secondary,732,,,secondary,,,,,Cầu Him Lam,,,,,,,"[2297730497, 2297730492, 2297730490, 5462422220, 2297730485]",,,,,,,yes,,asphalt,,,,,5,,,yes,,,,,,,,,,,,,,,,,,,,,,,,,,,,,,,,,,,,,,,,,,,,,,,,,,,,,,,,,,,,,,,,,,,,,,,,,,,,,,,,,,,,,,,,,,,,,,,,
3,,Huỳnh Tấn Phát,secondary,733,,,secondary,,,,,Huỳnh Tấn Phát,,,,,,,"[2304476986, 2304476985, 2299061123, 2304476981, 2299061049, 2304476980, 2304476984, 2299061129, 2299061014, 2299061083, 2304476982, 5811596737, 2299061069, 2305180272, 2299061099, 5811573020, 2337911241, 2304475226, 2337911244, 2299061103, 2337913069, 2304475231, 2341505638, 2304475234, 2304475232, 2304475224, 2304475222, 2299061012, 2304475225, 2299061037, 2304475229, 2340167847, 2338945024, 2338937904, 2338936965, 2338936963, 2338936956, 2370220876, 2337911239, 5794788891, 2304475233, 2334077751, 2299061070, 2337759604, 2304474793, 5794787239, 2304474790]",,,,,,,yes,,,,,,,,,,,,,,,,,,,,,,,,,,,,,,,,,,,,,,,,,,,,,,,,,,,,,,,,,,,,,,,,,,,,,,,,,,,,,,,,,,,,,,,,,,,,,,,,,,,,,,,,,,
2,,Lý Thường Kiệt,primary,734,,,primary,,,,,Lý Thường Kiệt,,,,,,,"[2498077593, 2299409179, 4636764479, 3116882988, 4636764467]",,,,,,,yes,,,,,,,,,,,,,,,,,,,,,,,,,,,,,,,,,,,,,,,,,,,,,,,,,,,,,,,,,,,,,,,,,,,,,,,,,,,,,,,,,,,,,,,,,,,,,,,,,,,,,,,,,,
4,,Bành Văn Trân,tertiary,735,,,tertiary,,,,,Bành Văn Trân,,,,,,,"[366445199, 5769437311, 4639080775, 366428648, 5349359411, 6049158730, 5349359415, 6049158724, 5108956900, 5293846878, 5295491378, 5293846902, 5108956903, 4618443194, 5108956904, 5092125188, 366401316]",,,,,,,,,,,,,,,,,,,,,,,,,,,,,,,,,,,,,,,,,,,,,,,,,,,,,,,,,,,,,,,,,,,,,,,,,,,,,,,,,,,,,,,,,,,,,,,,,,,,,,,,,,,,,,,,,
3,,,primary_link,736,,,primary_link,,,,,,,,,,,,"[2299409174, 2299409186, 2299409158, 2498077592]",,,,,,,,,,,,,,,,,,,,,,,,,,,,,,,,,,,,,,,,,,,,,,,,,,,,,,,,,,,,,,,,,,,,,,,,,,,,,,,,,,,,,,,,,,,,,,,,,,,,,,,,,,,,,,,,,
2,,Lý Thường Kiệt,primary,737,,,primary,,,,,Lý Thường Kiệt,,,,,Lý Thường Kiệt,,"[2498077592, 366458902, 4628105870, 366411400, 3116882986, 4628241281, 4628105869, 5765078833, 4932516515, 366419567, 4932516514, 4538876175, 4932516512, 2302073722, 4628048101, 2302073718, 4628048100, 3116882984, 4655963176, 3116882982, 837179421, 3382293764, 5757673279, 2302073740, 5757673277, 4628119690, 3116882981, 5044255777, 5073779465, 4628048104, 4632009841, 366457975, 366428036, 366424502, 366418291, 3116882979, 366386566, 5788740503, 366383937, 3116882977, 5803147482, 5674570411, 366397786, 5674570409, 366424554, 366399085, 366446184, 3116882974, 2302073734]",,,Ly Thuong Kiet,,,,yes,,,,,,,,,,,,,,,,,,,,,,,,,,,,,,,,,,,,,,,,,,,,,,,,,,,,,,,,,,,,,,,,,,,,,,,,,,,,,,,,,,,,,,,,,,,,,,,,,,,,,,,,,,
2,,Cách Mạng Tháng Tám,primary,738,,,primary,,,,,Cách Mạng Tháng Tám,,,,,,,"[4612970101, 4609310620, 4603207418, 4609313866, 3164237713, 411918181]",,,,,,,yes,,,,,,,,,,,,,,,,,,,,,,,,,,,,,,,,,,,,,,,,,,,,,,,,,,,,,,,,,,,,,,,,,,,,,,,,,,,,,,,,,,,,,,,,,,,,,,,,,,,,,,,,,,
2,,Cách Mạng Tháng Tám,primary,739,,,primary,,,,,Cách Mạng Tháng Tám,,,,,,,"[411925307, 3164237712, 5238614065, 5763168798, 5763168804, 411918706]",,,,,,,yes,,,,,,,,,,,,,,,,,,,,,,,,,,,,,,,,,,,,,,,,,,,,,,,,,,,,,,,,,,,,,,,,,,,,,,,,,,,,,,,,,,,,,,,,,,,,,,,,,,,,,,,,,,
4,,Nguyễn Trọng Tuyển,tertiary,740,,,tertiary,,,,,Nguyễn Trọng Tuyển,,,,,,,"[366443898, 5721608407, 5765047052, 2008273929, 366435377, 2353049576, 366455074, 366378949, 5765047053, 5721610423, 5721608415, 5213699003, 366428767, 366388408, 366398396, 3758592313, 5765007191, 710021199, 366470635, 4022967378, 2214251893, 366453218, 3758605166, 5724654559]",,,,,,,,,,,,,,,,,,,,,,,,,,,,,,,,,,,,,,,,,,,,,,,,,,,,,,,,,,,,,,,,,,,,,,,,,,,,,,,,,,,,,,,,,,,,,,,,,,,,,,,,,,,,,,,,,
3,,Trần Quốc Thảo,secondary,741,,,secondary,,,,,Trần Quốc Thảo,,,,,,,"[2233449865, 5772101032, 5772101034, 2300360520, 411923810, 411918234, 411918665, 5772101023, 411919070]",,,,,,,yes,,,陈国草路,,,,,,,,,,,,,,,,,,,,,,,,,,,,,,,,,,,,,,,,,,,,,,,,,,,,,,,,,,,,,,,,,,,,,,,,,,,,,,,,,,,,,,,,,,,,,,,,,,,,,,,
3,,An Dương Vương,secondary,742,,,secondary,,,,,An Dương Vương,,,,,,,"[4629021467, 4628956511, 366371650, 5805637463, 3151254797, 366466647, 5598914621, 5794913265, 5794913275, 5805820852, 3116315714, 5794913283, 5794913321, 1793489523, 5794940759, 1541029245, 5598913731, 1765166512, 5795001640, 366462922]",,,,,,,no,,,,,,,,,,,,,,,,,,,,,,,,,,,,,,,,,,,,,,,,,,,,,,,,,,,,,,,,,,,,,,,,,,,,,,,,,,,,,,,,,,,,,,,,,,,,,,,,,,,,,,,,,,
2,,,primary,743,,,primary,,,,roundabout,,,,,,,,"[2300363358, 4616143780, 4621858720, 4621858721, 4621858722, 4629021465, 2300363363, 4616143783, 4629025806, 4616143784, 2300363368, 4616143776, 4621858716, 2300363370, 2300363373, 4629021462, 4629021464, 4628844527, 4621858719, 4629021463, 4629021467, 4616143772, 4628844526, 2300363371, 2300363358]",,,,,,,,,,,,,,,,,,,,,,,,,,,,,,,,,,,,,,,,,,,,,,,,,,,,,,,,,,,,,,,,,,,,,,,,,,,,,,,,,,,,,,,,,,,,,,,,,,,,,,,,,,,,,,,,,
3,,Nguyễn Thị Thập,secondary,744,,,secondary,,,,,Nguyễn Thị Thập,,,,,,,"[2304882873, 2302035087, 2304482400, 2302035099, 2302035095, 2304482392, 2303353069, 2302035072, 3664158271, 2302035097, 3171496164, 2302035070, 5781145018]",,,,,,,yes,,,,,,,,,,,,,,,,,,,,,,,,,,,,,,,,,,,,,,,,,,,,,,,,,,,,,,,,,,,,,,,,,,,,,,,,,,,,,,,,,,,,,,,,,,,,,,,,,,,,,,,,,,
2,,Lý Thường Kiệt,primary,745,,,primary,,,,,Lý Thường Kiệt,,,,,,,"[4613947568, 5803147459, 4616029238, 2302073736]",,,,,,,yes,,,,,,,,,,,,,,,,,,,,,,,,,,,,,,,,,,,,,,,,,,,,,,,,,,,,,,,,,,,,,,,,,,,,,,,,,,,,,,,,,,,,,,,,,,,,,,,,,,,,,,,,,,
3,,,primary_link,746,,,primary_link,,,,,,,,,,,,"[2302073718, 2302073741]",,,,,,,,,,,,,,,,,,,,,,,,,,,,,,,,,,,,,,,,,,,,,,,,,,,,,,,,,,,,,,,,,,,,,,,,,,,,,,,,,,,,,,,,,,,,,,,,,,,,,,,,,,,,,,,,,
3,,Huỳnh Tấn Phát,primary_link,747,,,primary_link,,,,,Huỳnh Tấn Phát,,,,,,,"[2302085871, 2302085856, 2302085853, 2302085850]",,,,,,,yes,,,,,,,,,,,,,,,,,,,,,,,,,,,,,,,,,,,,,,,,,,,,,,,,,,,,,,,,,,,,,,,,,,,,,,,,,,,,,,,,,,,,,,,,,,,,,,,,,,,,,,,,,,
2,70.0,Nguyễn Văn Linh,primary,748,,,primary,,,,,Nguyễn Văn Linh,,,,,,,"[2302085851, 406701359, 2156217897, 406701361, 2156217820, 2156217797, 1894610520, 406701364, 1894610482, 406799652, 406799655, 1894610444, 406799661, 406799665, 2159586582, 2159586305, 2304639761, 2304639766, 2362733511, 2350604193]",,,Nguyen Van Linh Parkway,,,,yes,,,,70,,no,,,,,,,,,2,,,,,,,,,,no,,,,,,,,,,,,,,,,,,,,,,,,,,,,,,,,,,,,,,,,,,,,,,,,,,,,,,,,,,,,,,,,,,,,,,,,,,,,,,,,,
4,,Nguyễn Văn Quý,tertiary,749,,,tertiary,,,,,Nguyễn Văn Quý,,,,,,,"[2344160816, 2344160817, 5783327102, 2153158639, 5783488609, 5783327070, 2356777607, 2331360953, 5783301728, 366416926, 1894609750, 5783488608, 366475232, 5783488615, 366421417, 366411920, 5783488616, 1894610130, 5783301690, 5788299633, 366415389]",,,,,,,yes,,,,,,,,,,,,,,,,,,,,,,,,,,,,,,,,,,,,,,,,,,,,,,,,,,,,,,,,,,,,,,,,,,,,,,,,,,,,,,,,,,,,,,,,,,,,,,,,,,,,,,,,,,
3,,,secondary_link,750,,,secondary_link,,,,,,,,,,,,"[2309304493, 2309304489, 2309304492]",,,,,,,yes,,,,,,,,,,,,,,,,,,,,,,,,,,,,,,,,,,,,,,,,,,,,,,,,,,,,,,,,,,,,,,,,,,,,,,,,,,,,,,,,,,,,,,,,,,,,,,,,,,,,,,,,,,
4,,Đường số 1,tertiary,751,,,tertiary,,,,,Đường số 1,,,,,,,"[5464034524, 5757834479, 5464034523, 5464034526, 5464034319, 5757834458, 5757834456, 2310758893, 5462423021, 2310758901, 2310758898, 2310758884, 2310779744, 2154851951, 2310758904, 2310758876]",,Quan 7,,,,,yes,,,,,,,,,,,,,,,,,,,,,,,,,,,,,,,,,,,,,,,,,,,,,,,,,,,,,,,,,,,,,,,,,,,,,,,,,,,,,,,,,,,,,,,,,,,,,,,,,,,,,,,,,,
4,,,tertiary_link,752,,,tertiary_link,,,,,,,,,,,,"[2310779748, 2310779751, 2310779744]",,,,,,,,,,,,,,,,,,,,,,,,,,,,,,,,,,,,,,,,,,,,,,,,,,,,,,,,,,,,,,,,,,,,,,,,,,,,,,,,,,,,,,,,,,,,,,,,,,,,,,,,,,,,,,,,,
4,,Hồ Văn Huê,tertiary,753,,,tertiary,,,,,Hồ Văn Huê,,,,,,,"[2321473662, 2321473660, 2814727856, 5721608389, 5755399609, 5755399608]",,,,,,,yes,,,,,,,,,,,,,,,,,,,,,,,,,,,,,,,,,,,,,,,,,,,,,,,,,,,,,,,,,,,,,,,,,,,,,,,,,,,,,,,,,,,,,,,,,,,,,,,,,,,,,,,,,,
1,60.0,Võ Chí Công,trunk,754,,,trunk,,,,,Võ Chí Công,,,,,,,"[1832031480, 1894611104, 714480457, 714480414, 714480361, 2657238750, 5475834133, 714480628, 714480565, 4625335672]",,,,,,,yes,,,,60,,,,,,,,,,,,,,,,,,,,,,,,,,,,,,,,,,,,,,,,,,,,,,,,,,,,,,,,,,,,,,,,,,,,,,,,,,,,,,,,,,,,,,,,,,,,,,,,,,,,,,
2,,Cầu Tân Thuận 2,primary,755,,,primary,,,,,Cầu Tân Thuận 2,,,,,,,"[406701350, 2302085848, 2156217962, 5780564392, 2322645130]",,,,,,,yes,,asphalt,,,,,1,,,,,,,,3,,,,,,,,,,,,,,,,,,,,,,,,,,,,,,,,,,,,,,,,,,,,,,,,,,,,,,,,,,,,,,,,,,,,,,,,,,,,,,,,,,,,,,,,,,,
2,,Cách Mạng Tháng Tám,primary,756,,,primary,,,,,Cách Mạng Tháng Tám,,,,,,,"[411926551, 411923123, 411926563, 411926493, 411926011]",,Quan 3,,,,,yes,,,,,,,,,,,,,,,,,,,,,,,,,,,,,,,,,,,,,,,,,,,,,,,,,,,,,,,,,,,,,,,,,,,,,,,,,,,,,,,,,,,,,,,,,,,,,,,,,,,,,,,,,,
4,,Đồng Đen,tertiary,757,,,tertiary,,,,,Đồng Đen,,,,,,,"[3806810241, 2325187754, 3806810230, 2325187777, 2325187747, 2325193867, 3771444874, 4102230938]",,,,,,,yes,,,,,,,,,,,,,,,,,,,,,,,,,,,,,,,,,,,,,,,,,,,,,,,,,,,,,,,,,,,,,,,,,,,,,,,,,,,,,,,,,,,,,,,,,,,,,,,,,,,,,,,,,,
4,,Quốc lộ 1,tertiary,758,,,tertiary,,,,,Quốc lộ 1,,,,,,,"[2325309364, 5455844766, 2325309363, 5767136149, 5767136159, 2466111231, 5767200850, 5767200847, 2466116962]",Ho Chi Minh,Thu Duc,,1A,,,yes,,,,,,,,,,,,,,,,,,,,,,,,,,,,,,,,,,,,,,,,,,,,,,,,,,,,,,,,,,,,,,,,,,,,,,,,,,,,,,,,,,,,,,,,,,,,,,,,,,,,,,,,,,
1,60.0,Quốc lộ 1,trunk,759,,,trunk,,,,,Quốc lộ 1,,,,,,,"[2463475974, 2325332292, 2325327090, 5655390821, 4069455201, 2240979402, 5655390814, 3164008530, 2240979357]",,,,1,,,yes,,,,60,,,,,,,,,,,,,,,,,,,,,,,,,,,,,,,,,,,,,,,,,,,,,,,,,,,,,,,,,,,,,,,,,,,,,,,,,,,,,,,,,,,,,,,,,,,,,,,,,,,,,,
4,,Cầu Bến Cát 1,tertiary,760,,,tertiary,,,,,Cầu Bến Cát 1,,,,,,,"[2325309365, 2325309364]",,,,QL 1,,,yes,,,,,,,1,,,yes,,,,,,,,,,,,,,,,,,,,,,,,,,,,,,,,,,,,,,,,,,,,,,,,,,,,,,,,,,,,,,,,,,,,,,,,,,,,,,,,,,,,,,,,,,,,,,,,
4,,Quốc lộ 1,tertiary,761,,,tertiary,,,,,Quốc lộ 1,,,,,,,"[5655597842, 5655597839, 5767136303, 5655597843, 5767136307, 2325309366, 5767136146, 5767136312, 5767136325, 2325309365]",Ho Chi Minh,12,,QL 1,,,yes,,,,,,,,,,,,,,,,,,,,,,,,,,,,,,,,,,,,,,,,,,,,,,,,,,,,,,,,,,,,,,,,,,,,,,,,,,,,,,,,,,,,,,,,,,,,,,,,,,,,,,,,,,
1,60.0,Quốc lộ 1,trunk,762,,,trunk,,,,,Quốc lộ 1,,,,,,,"[1958801571, 5778117678, 5778117682, 5772493579, 1958801572]",,,,QL.1,,,yes,,,,60,,,,,,,,,,,,,,AH1,,,,,,,,,,,,,,,,,,,,,,,,,,,,,,,,,,,,,,,,,,,,,,,,,,,,,,,,,,,,,,,,,,,,,,,,,,,,,,,,,,,,,,,,
1,,Quốc lộ 1,trunk,763,,,trunk,,,,,Quốc lộ 1,,,,,,,"[1958801573, 1958801570, 1958801564, 1958801558, 1958801551, 1958801538, 1958801508, 1958801499, 1958801491, 4068038597, 4068038598]",Ho Chi Minh,Thu Duc,,QL.1,,,yes,,,,,,,,,,,,,,,,,,AH1,,,,,,,,,,,,,,,,,,,,,,,,,,,,,,,,,,,,,,,,,,,,,,,,,,,,,,,,,,,,,,,,,,,,,,,,,,,,,,,,,,,,,,,,
4,,Lê Văn Ninh,tertiary,764,,,tertiary,,,,,Lê Văn Ninh,,,,,,,"[2332788961, 2332788972, 4907039415, 366457374, 366442171, 366385739]",,,Le Van Ninh Street,,,,yes,,,黎文宁路,,,,,,,,,,,,,,,,,,,,,,,,,,,,,,,,,,,,,,,,,,,,,,,,,,,,,,,,,,,,,,,,,,,,,,,,,,,,,,,,,,,,,,,,,,,,,,,,,,,,,,,
2,,Cộng Hòa,primary,765,,,primary,,,,,Cộng Hòa,,,,,,,"[366389800, 2079964287, 2079964957, 2079964991]",,,,,,,yes,,,,,,,,,,,,,,,,,,,,,,,,,,,,,,,,,,,,,,,,,,,,,,,,,,,,,,,,,,,,,,,,,,,,,,,,,,,,,,,,,,,,,,,,,,,,,,,,,,,,,,,,,,
4,,Đường A,tertiary,766,,,tertiary,,,,,Đường A,,,,,,,"[5803431897, 5758103736, 4066799667]",,,,,,,yes,,,,,,,,,,,,,,,,,,,,,,,,,,,,,,,,,,,,,,,,,,,,,,,,,,,,,,,,,,,,,,,,,,,,,,,,,,,,,,,,,,,,,,,,,,,,,,,,,,,,,,,,,,
4,,Kha Vạn Cân,tertiary,767,,,tertiary,,,,,Kha Vạn Cân,,,,,,,"[366410061, 3431471053, 2984717728, 366463208, 2326571648, 2332788971]",,,Kha Van Can,,,,yes,,,,,,,,,,,,,,,,,,,,,,,,,,,,,,,,,,,,,,,,,,,,,,,,,,,,,,,,,,,,,,,,,,,,,,,,,,,,,,,,,,,,,,,,,,,,,,,,,,,,,,,,,,
4,,Kha Vạn Cân,tertiary,768,,,tertiary,,,,,Kha Vạn Cân,,,,,,,"[5762874769, 5762874771, 4783113428, 5763193244, 5762874772, 5762874773, 5762874774, 5764780957, 5764780956, 5762874778, 5762874776, 5762874777, 5762874775, 5763193353, 5769474026, 3185767533, 5758161271, 5769474391, 366443524, 5762874767, 5762874768, 5762874766, 5769474346, 5769474281, 5762874765, 5762874764, 5762874763, 5769474369, 5769480022, 366418582, 5762874761, 5762874762, 5769474379, 5762874760, 5762874759, 5769474277, 5769559524, 5762874758, 5769559543, 3717885589, 5769559520, 366465422, 2970556405, 5762874757, 3735697759, 2970556412, 5762874756, 2953641350, 2953641341, 5778111878, 2953641343, 5778111900, 5778111877, 3185767535, 2953641345, 5778111876, 5778111875, 5778111874, 2953641346, 5763233403, 366460592, 5767184410, 5778111891, 5767184412, 5778132532, 5767184416, 366419829, 5767184415, 3084820291, 4447240191, 5778111873, 5767184414, 5772137756, 3185767536, 366388651, 5767184411, 366380726, 5772165183, 5772136737, 5468474880, 366448444, 5767184413, 5772165177, 366462798, 5767184417, 5767184395, 4447270630, 5767184421, 5767184422, 5767184407, 5767184418, 5767184408, 5767184420, 3349899987, 3349969404, 3349899989, 5767184419, 5767184409, 3349899991, 3349899994, 5767128897, 3349899995, 366370744, 5767128957, 366449522, 5767128928, 4068009422, 5767128969, 366467119, 366371718, 5767128970, 4068009421, 5767128933, 5767128971, 1958801621, 366427938, 366405787, 1958801626, 2953644134, 366378660, 1958801628, 5767128873, 366386123, 3349900026, 5767128908, 366477605, 3349900029]",,,,,,,,,,,,,,,,,,,,,,,,,,,,,,,,,,,,,,,,,,,,,,,,,,,,,,,,,,,,,,,,,,,,,,,,,,,,,,,,,,,,,,,,,,,,,,,,,,,,,,,,,,,,,,,,,
1,60.0,Cầu vượt Ngã tư Thủ Đức,trunk,769,,,trunk,,,,,Cầu vượt Ngã tư Thủ Đức,,,,,,,"[676035152, 4066458575, 2024973301, 676035155, 2024972804, 676035158, 2217824801]",,,,QL.52,,,yes,,,,60,,no,1,,,yes,,,,,,yes,,,,,,,,,,,,,,,,,,,,,,,,,,,,,,,,,,,,,,,,,,,,,,,,,,,,,,,,,,,,,,,,,,,,,,,,,,,,,,,,,,,,,,,,,,
1,80.0,Xa Lộ Hà Nội,trunk,770,,,trunk,,,,,Xa Lộ Hà Nội,,,,,,,"[5748445135, 676035113, 1854295699, 676035118, 676035122, 676035127, 676035822]",,,,QL.52,,,yes,,,,80,,,,,,,,,,,,yes,,,,,,,,,,,,,,,,,,,,,,,,,,,,,,,,,,,,,,,,,,,,,,,,,,,,,,,,,,,,,,,,,,,,,,,,,,,,,,,,,,,,,,,,,,
1,80.0,Xa Lộ Hà Nội,trunk,771,,,trunk,,,,,Xa Lộ Hà Nội,,,,,,,"[366439807, 366466363, 2217837563, 366397143, 366426836, 2217835603, 2217837561, 366370966, 4066481001, 366408755, 366408306, 2028465717]",,,,QL.52,,,yes,,,,80,,no,,,,,,,,,,yes,,,,,,,,,,,,,,,,,,,,,,,,,,,,,,,,,,,,,,,,,,,,,,,,,,,,,,,,,,,,,,,,,,,,,,,,,,,,,,,,,,,,,,,,,,
2,50.0,Cách Mạng Tháng Tám,primary,772,,,primary,,,,,Cách Mạng Tháng Tám,,,,,,,"[4875814758, 4928394489, 5293846905, 4928394475, 5293846883, 5769437298, 4928385276, 4928385263, 5093747606, 5293846851, 5293846892, 4928385256]",,Quan Tan Binh,,,,,no,,,,50,,,,,,,,,,,,,,,,,,,,,,,,,,,,,,,,,,,,,,,,,,,,,,,,,,,,,,,,,,,,,,,,,,,,,,,,,,,,,,,,,,,,,,,,,,,,,,,,,,,,,,
2,,Cách Mạng Tháng Tám,primary,773,,,primary,,,,,Cách Mạng Tháng Tám,,,,,,,"[2340037589, 2340047389, 5769467336, 4875814748]",,Quan Tan Binh,,,,,no,,,,,,,,,,,,,,,,,,,,,,,,,,,,,,,,,,,,,,,,,,,,,,,,,,,,,,,,,,,,,,,,,,,,,,,,,,,,,,,,,,,,,,,,,,,,,,,,,,,,,,,,,,
2,,Cách Mạng Tháng Tám,primary,774,,,primary,,,,,Cách Mạng Tháng Tám,,,,,,,"[411925883, 411923758, 411920114, 3160535890, 411925476, 411917905, 5059499528, 5778164526, 4877811748, 5778164496, 5778164527, 5063700697, 411924698, 4879876935]",,,,,,,no,,,,,,,,,,,,,,,,,,,,,,,,,,,,,,,,,,,,,,,,,,,,,,,,,,,,,,,,,,,,,,,,,,,,,,,,,,,,,,,,,,,,,,,,,,,,,,,,,,,,,,,,,,
4,,Đường đất,tertiary,775,,,tertiary,,,,,Đường đất,,,,,,,"[2340082002, 2340082007, 2340081992, 2340081993, 2340081989, 2340081982, 2340081985, 2340081996, 2340081988, 2340082009, 2340081983, 2340082006, 2340081981, 2340082005, 2340082010, 2340081984, 2340081990, 2340082008]",,,,,,,,,dirt,,,,,,,,,,,,,,,,,,,,,,,,,,,,,,,,,,,,,,,,,,,,,,,,,,,,,,,,,,,,,,,,,,,,,,,,,,,,,,,,,,,,,,,,,,,,,,,,,,,,,,,,
4,,,tertiary,776,,,tertiary,,,,,,,,,,,,"[2340082002, 2340083168, 2340083169, 2340083147, 2340083152, 2340083163, 5716587707, 2340083164, 2340083156, 2340083148, 2340083150, 2340083155, 5753152936, 5753152940, 2340083160, 5753152591, 2340083157, 2340083153, 2340083149, 2340083167, 4971877373, 2340083166, 2340083162, 2340083161, 4971877368, 2340083154, 2340083165, 5738555101, 2340083159, 2340083158, 5772000326]",,,,,,,,,,,,,,,,,,,,,,,,,,,,,,,,,,,,,,,,,,,,,,,,,,,,,,,,,,,,,,,,,,,,,,,,,,,,,,,,,,,,,,,,,,,,,,,,,,,,,,,,,,,,,,,,,
4,,,tertiary,777,,,tertiary,,,,,,,,,,,,"[2340079042, 5752790985, 2340083728, 2340083748, 5752790989, 2340083739, 2340083741, 2340083745, 5716588245, 5752790974, 2340083738, 5716587659, 2340083732, 2340083744, 2340083729, 5753022981, 5716587657, 2340083753, 2340083735, 2340083733, 2340083734, 5742937653, 2340083750, 5716587655, 2340083752, 5716588248, 2340083751]",,,,,,,,,,,,,,,,,,,,,,,,,,,,,,,,,,,,,,,,,,,,,,,,,,,,,,,,,,,,,,,,,,,,,,,,,,,,,,,,,,,,,,,,,,,,,,,,,,,,,,,,,,,,,,,,,
2,,Hai Bà Trưng,primary,778,,,primary,,,,,Hai Bà Trưng,,,,,,,"[411926344, 411926016, 3167010081, 411925434, 411921696, 411926363, 411925289, 411917829, 411918842, 411918844, 411923970, 5769748091, 411921627, 411917959, 411926424, 3167010082, 411925299, 411926343, 411925966, 411917927, 411925357, 5764899743]",,,Hai Ba Trung,,,,,,,二徵夫人路,,,,,,,,,,,,,,,,,,,,,,,,,,,,,,,,,,,,,,,,,,,,,,,,,,,,,,,,,,,,,,,,,,,,,,,,,,,,,,,,,,,,,,,,,,,,,,,,,,,,,,,
4,,Phú Thuận,unclassified,779,,,unclassified,,,,,Phú Thuận,,,,,,,"[2345118594, 5788761270, 5788761078, 5794760278, 2334074252, 2345118596, 2345118592, 2304474790, 5794760307]",,,,,,,yes,,,,,,,,,,,,,,,,,,,,,,,,,,,,,,,,,,,,,,,,,,,,,,,,,,,,,,,,,,,,,,,,,,,,,,,,,,,,,,,,,,,,,,,,,,,,,,,,,,,,,,,,,,
2,80.0,Nguyễn Văn Linh,primary,780,,,primary,,,,,Nguyễn Văn Linh,,,,,,,"[2350604193, 2350604192, 1767821191, 1628403467, 3168960869, 366456900, 2350647573, 5963060367, 366412480, 5963060366, 366477586, 2244906847, 366447844, 2350619095, 366440099, 3168971478, 2212336646, 2159585674, 5789152244, 2350619094, 366409870]",,,,,,,yes,,,,80,,no,,,,,,,,,2,,,,,,,,,,,,,,,,,,,,,,,,,,,,,,,,,,,,,,,,,,,,,,,,,,,,,,,,,,,,,,,,,,,,,,,,,,,,,,,,,,,,,,,,,,,
4,,Nguyễn Đức Cảnh,tertiary,781,,,tertiary,,,,,Nguyễn Đức Cảnh,,,,,,,"[366423209, 366446467, 3186273261, 2377615577, 2377615575, 366397273, 2210761091, 366448494, 2210806919]",,,Nguyen Duc Canh,,,,no,,,阮德景路,,,,,,,,,,,,,,,,,,,,,,,,,,,,,,,,,,,,,,,,,,,,,,,,,,,,,,,,,,,,,,,,,,,,,,,,,,,,,,,,,,,,,,,,,,,,,,,,,,,,,,,
4,,Tân Hoà Đông,tertiary,782,,,tertiary,,,,,Tân Hoà Đông,,,,,,,"[5811944894, 5813660469, 5813660547, 366379787, 4924631909, 5813660666, 5772562636, 366401710, 4550522868, 5772562637, 4927867373, 3180431408, 4950067480, 4950067476, 4929831343, 4929831348, 5800417589, 4950067468, 6022611721, 4950067494, 4950067503, 4950067507, 366450145, 4950067504, 4191767570, 4191767572, 4191767573, 4547944478, 4929793683, 4191767574, 4929793684, 5786279355, 4933675008, 6022611667, 4950067450, 5800417686, 5786279357, 3180431409, 4992050558, 5800347846, 6022611660, 5800335389, 6022611659, 5786141233, 5772202772, 366440483, 4191767606, 4191767614, 5786062051, 4191767621, 5772119665, 366463824, 5772119664, 5786062956, 5786062961, 5075577555, 4997571068, 5772141499, 5001162775, 5772141505, 366409830, 5772119321, 5772119326, 5772141530, 5772119334, 5772141511, 5772141536, 5075577558, 5772141543, 5772141535, 366476198, 5772119330, 5075577088, 5772119350, 366389127, 4340969028, 5075577575, 5075577586, 5076456809, 5001162782, 4191767673, 366442436]",,,,,,,no,,,,,,,,,,,,no,no,,,,,,,,,,,,,,,,,,,,,,,,,,,,,,,,,,,,,,,,,,,,,,,,,,,,,,,,,,,,,,,,,,,,,,,,,,,,,,,,,,,,,,,,,,,,,
3,,Điện Biên Phủ,primary_link,783,,,primary_link,,,,,Điện Biên Phủ,,,,,,,"[2350400672, 2350400666]",,,,,,,,,,,,,,,,,,,,,,,,,,,,,,,,,,,,,,,,,,,,,,,,,,,,,,,,,,,,,,,,,,,,,,,,,,,,,,,,,,,,,,,,,,,,,,,,,,,,,,,,,,,,,,,,,
2,,Bạch Đằng,primary,784,,,primary,,,,,Bạch Đằng,,,,,,,"[5733301068, 2351201563, 5733448390, 5777195834, 1204093506, 5777195837, 2351201584]",,,,,,,yes,,,,,,,,,,,,,,,,,,,,,,,,,,,,,,,,,,,,,,,,,,,,,,,,,,,,,,,,,,,,,,,,,,,,,,,,,,,,,,,,,,,,,,,,,,,,,,,,,,,,,,,,,,
3,,Lê Quang Định,primary_link,785,,,primary_link,,,,,Lê Quang Định,,,,,,,"[366433635, 2351201568, 2351201579, 2351201572, 2351201581, 2351201560, 4989081990]",,,,,,,yes,,,,,,,,,,,,,,,,,,,,,,,,,,,,,,,,,,,,,,,,,,,,,,,,,,,,,,,,,,,,,,,,,,,,,,,,,,,,,,,,,,,,,,,,,,,,,,,,,,,,,,,,,,
2,,Bạch Đằng,primary,786,,,primary,,,,,Bạch Đằng,,,,,,,"[2351201566, 5777274215, 2351201592, 2351201594, 5773400825, 5773400828, 1204093498, 2351201577, 2351201586, 1204093495, 5773400806, 2351201590]",,Binh Thanh,Bach Dang,,,,yes,,,,,,,,,,,,,,,,,,,,,,,,,,,,,,,,,,,,,,,,,,,,,,,,,,,,,,,,,,,,,,,,,,,,,,,,,,,,,,,,,,,,,,,,,,,,,,,,,,,,,,,,,,
3,,Nguyễn Hữu Cảnh,primary_link,787,,,primary_link,,,,,Nguyễn Hữu Cảnh,,,,,,,"[2351220591, 2028465791]",,,,,,,yes,,,,,,,,,,,,,,,,,,,,,,,,,,,,,,,,,,,,,,,,,,,,,,,,,,,,,,,,,,,,,,,,,,,,,,,,,,,,,,,,,,,,,,,,,,,,,,,,,,,,,,,,,,
3,,Nguyễn Thị Thập,secondary,788,,,secondary,,,,,Nguyễn Thị Thập,,,,,,,"[5781145020, 2304882878, 2304882865, 2351840209, 2304882882, 3171496163, 2304882879, 2304882874, 2304882872, 2358063314, 2304882867, 2304882876, 5781118718, 2304882869]",,,,,,,yes,,,,,,,,,,,,,,,,,,,,,,,,,,,,,,,,,,,,,,,,,,,,,,,,,,,,,,,,,,,,,,,,,,,,,,,,,,,,,,,,,,,,,,,,,,,,,,,,,,,,,,,,,,
3,,,primary_link,789,,,primary_link,,,,,,,,,,,,"[5752850644, 2351907454, 2351907446, 2351907448, 5468538528, 5468538529, 5468538530, 2351907447, 2351907450]",,,,,,,yes,,,,,,,,,,,,,,,,,,,,,,,,,,,,,,,,,,,,,,,,,,,,,,,,,,,,,,,,,,,,,,,,,,,,,,,,,,,,,,,,,,,,,,,,,,,,,,,,,,,,,,,,,,
3,,Nguyễn Trọng Tuyển,primary_link,790,,,primary_link,,,,,Nguyễn Trọng Tuyển,,,,,,,"[2353049578, 2353049577, 2353049579, 2353049574, 2353049575, 2353049576]",,,,,,,yes,,,,,,,,,,,,,,,,,,,,,,,,,,,,,,,,,,,,,,,,,,,,,,,,,,,,,,,,,,,,,,,,,,,,,,,,,,,,,,,,,,,,,,,,,,,,,,,,,,,,,,,,,,
2,,Nguyễn Hữu Thọ,primary,791,,,primary,,,,,Nguyễn Hữu Thọ,,,,,,,"[2355608069, 2253480531, 2253480535, 2253484243, 2253480545, 2253480540, 3171493700, 2479665725, 5788334683, 2253480519, 2479665560, 2937100259, 2253480546, 5788334710, 2253480516, 2253480529, 3171492376, 2253480526, 1756293295]",,,Nguyen Huu Tho,,,,yes,,,,,,,,,,,,,,,,,,,,,,,,,,,,,,,,,,,,,,,,,,,,,,,,,,,,,,,,,,,,,,,,,,,,,,,,,,,,,,,,,,,,,,,,,,,,,,,,,,,,,,,,,,
4,,Vườn Lài,tertiary,792,,,tertiary,,,,,Vườn Lài,,,,,,,"[2355735153, 5740047142, 366462991, 366383856, 366369448, 366461975, 366430818, 366443374, 5771983317, 366439103, 5772159017, 366434234, 366397818, 5653129344, 5771983601, 5769332095]",,,,,,,no,,,,,,,,,,,,,,,,,,,,,,,,,,,,,,,,,,,,,,,,,,,,,,,,,,,,,,,,,,,,,,,,,,,,,,,,,,,,,,,,,,,,,,,,,,,,,,,,,,,,,,,,,,
4,,Bến Vân Đồn,tertiary,793,,,tertiary,,,,,Bến Vân Đồn,,,,,,,"[1773240191, 2358235322, 2358232093, 4594693803, 4594693802, 4594693804, 4594693805, 2362584861, 2358232095, 4594693806, 2358235321, 4594693813, 4594693812, 4594693814, 2358232111, 4594693816, 4594693815, 4594693811, 2358232115, 4594693810, 4594693809, 4594580088, 4594580087, 4594580086, 4594580085, 2358232103, 4594580084, 2358232107, 2358232113, 4594687687, 4594580083, 2358232128]",,,,,,,yes,,,,,,,,,,,,,,,,,,,,,,,,,,,,,,,,,,,,,,,,,,,,,,,,,,,,,,,,,,,,,,,,,,,,,,,,,,,,,,,,,,,,,,,,,,,,,,,,,,,,,,,,,,
4,,Bến Vân Đồn,tertiary,794,,,tertiary,,,,,Bến Vân Đồn,,,,,,yes,"[2358232130, 2358232105, 4594580082, 2358232119, 2380787693, 4594580081, 2358232087, 2358232117, 2358232121, 2377619572, 4594877895, 4594580080, 4594877893, 4594687680, 2358232124, 2358232101]",,,,,,,yes,,asphalt,云敦路,,yes,,,,,,,,,,3,,,,,,,,,,,,,,,,,,,,,,,,,,,yes,,,,,,,,,,,,,,,,,,,,,,,,,,,,,,,,,,,,,,,,,,,,,,,,,,,,,,,,,,,,,,,,
2,,Vòng xoay Mũi Tàu,primary,795,,,primary,,,,roundabout,Vòng xoay Mũi Tàu,,,,,,,"[2361894774, 2361894678, 2361894745, 2361894689, 3023000845, 2361894693, 3023000846, 2361894795, 2361894687, 3023000847, 5765322022, 5765322021, 2361894708, 2361894794, 2361894719, 4984435248, 2361894715, 3023000848, 2361894686, 2361894711, 2361894731, 2361894728, 2361894774]",,,,,,,yes,,,,,,,,,,,,,,,,,,,,,,,,,,,,,,,,,,,,,,,,,,,,,,,,,,,,,,,,,,,,,,,,,,,,,,,,,,,,,,,,,,,,,,,,,,,,,,,,,,,,,,,,,,
4,,Nguyễn Lương Bằng,tertiary,796,,,tertiary,,,,,Nguyễn Lương Bằng,,,,,,,"[2244906869, 3171500937, 2244914064, 2479667148, 2244914062, 2244914065, 2244906849, 2244889426, 2350717906, 5781192504, 5781192505]",,,,,,,yes,,,,,,,,,,,,,,,,,,,,,,,,,,,,,,,,,,,,,,,,,,,,,,,,,,,,,,,,,,,,,,,,,,,,,,,,,,,,,,,,,,,,,,,,,,,,,,,,,,,,,,,,,,
4,,Hoàng Minh Giám,tertiary,797,,,tertiary,,,,,Hoàng Minh Giám,,,,,,,"[366409374, 2363997555, 2363997556, 3167038258, 5755430590, 2363997557, 2363997554, 2363997552]",Hồ Chí Minh,Phu Nhuan,,,,,yes,,asphalt,,,,,,,,,,,,,,,,,,,,,,,,,,,,,,,,,,,,,,,,,,,,,,,,,,,,,,,,,,,,,,,,,,,,,,,,,,,,,,,,,,,,,,,,,,,,,,,,,,,,,,,,
4,,Nguyễn Thái Sơn,tertiary,798,,,tertiary,,,,,Nguyễn Thái Sơn,,,,,,,"[5719318336, 4441523980, 4502147731, 5742766906, 2343979706, 5798936693, 4903050739, 3168915061, 5719318325, 366456909, 5798936752, 4903050734, 366417740, 4447252160, 5742713535, 2364001827, 2364001831, 5799069462, 3167044464, 5799069467, 2364001833, 2364001820, 5789200066, 5719318323, 5738573547, 5789200074, 5789200082, 5738573543, 2364001825, 5789199763, 5738573528, 5789199760, 2496916468]",,,Nguyen Thai Son,,,,yes,,,,,,,,,,,,,,,,,,,,,,,,,,,,,,,,,,,,,,,,,,,,,,,,,,,,,,,,,,,,,,,,,,,,,,,,,,,,,,,,,,,,,,,,,,,,,,,,,,,,,,,,,,
3,,Quang Trung,primary_link,799,,,primary_link,,,,,Quang Trung,,,,,,,"[2364020643, 2364020649, 4719623390, 2364020646, 2364020652, 2403000090, 2403000094, 2403000093, 3640191263, 4728688226, 4933638679, 366453771, 4933638681, 4936387107]",,,,,,,yes,,,,,,,,,,,,,,,,,,,,,,,,,,,,,,,,,,,,,,,,,,,,,,,,,,,,,,,,,,,,,,,,,,,,,,,,,,,,,,,,,,,,,,,,,,,,,,,,,,,,,,,,,,
4,,Cao Thắng,tertiary,800,,,tertiary,,,,,Cao Thắng,,,,,,,"[5764817348, 5059499397, 5059499402, 3462940813, 5059499404, 3164261856, 3462940808, 5059499391, 366419521]",,,Cao Thang,,,,no,,,,,,,,,,,,no,no,,,,,,,,,,,,,,,,,,,,,,,,,,,,,,,,,,,,,,,,,,,,,,,,,,,,,,,,,,,,,,,,,,,,,,,,,,,,,,,,,,,,,,,,,,,,,
2,,Trần Hưng Ðạo,primary,801,,,primary,,,,,Trần Hưng Ðạo,,,,,,,"[2364089048, 4609836317, 3160554147, 4613083207, 5795188300, 5795068431, 5795068425, 3160559458, 4603729664, 4308471159, 5781023256, 2364089045, 4302891988, 5781158293, 5778873001, 5762736901, 5762736900, 1769265762, 2663926519]",,,,,,,yes,,,,"40,50,60",,,,,,,,,,,2,,,,,,,,,,,,,,,,,,,,,,,,,,,,,,,,,,,,,,,,,,,,,,,,,,,,,,,,,,,,,,,,,,,,,,,,,,,,,,,,,,,,,,,,,,,
2,,Cách Mạng Tháng Tám,primary,802,,,primary,,,,,Cách Mạng Tháng Tám,,,,,,,"[4879876937, 4878179936, 3164258340, 2393615145, 5778212559, 5778212563, 2393614148, 3164258338, 2393614156, 2393615144, 2393614154, 2393614153, 4627742385, 2393614155, 2393615146]",,,,,,,yes,,,,,,,,,,,,,,,,,,,,,,,,,,,,,,,,,,,,,,,,,,,,,,,,,,,,,,,,,,,,,,,,,,,,,,,,,,,,,,,,,,,,,,,,,,,,,,,,,,,,,,,,,,
4,,Võ Văn Tần,tertiary,803,,,tertiary,,,,,Võ Văn Tần,,,,,,,"[2393614146, 4607288659, 411923863, 4607249123, 411921831, 4604903927, 411922626, 411923909, 411922076, 5763269262, 411918158, 4604865410]",,,Vo Van Tan,,,,,,,,,,,,,,,,,,,,,,,,,,,,,,,,,,,,,,,,,,,,,,,,,,,,,,,,,,,,,,,,,,,,,,,,,,,,,,,,,,,,,,,,,,,,,,,,,,,,,,,,,,,,,,
2,,Nguyễn Thị Minh Khai,primary,804,,,primary,,,,,Nguyễn Thị Minh Khai,,,,,,,"[411924874, 3116310153, 2364060008, 411922630, 411922637, 2364059997, 2364059993, 2364059995, 2364060006, 2364060004, 2364060009, 2364059996]",,,,,,,yes,,,,,,,,,,,,,,,,,,,,,,,,,,,,,,,,,,,,,,,,,,,,,,,,,,,,,,,,,,,,,,,,,,,,,,,,,,,,,,,,,,,,,,,,,,,,,,,,,,,,,,,,,,
2,,Cách Mạng Tháng Tám,primary,805,,,primary,,,,,Cách Mạng Tháng Tám,,,,,,,"[2393618251, 3164237716, 411926551]",,,,,,,yes,,,,,,,,,,,,,,,,,,,,,,,,,,,,,,,,,,,,,,,,,,,,,,,,,,,,,,,,,,,,,,,,,,,,,,,,,,,,,,,,,,,,,,,,,,,,,,,,,,,,,,,,,,
4,,Hồ Văn Long,unclassified,806,,,unclassified,,,,,Hồ Văn Long,,,,,,,"[366441959, 2394642953, 5021920858, 2394610105, 2394610114, 2394610120, 2394610113, 2394610119, 5738451014, 5021920857, 2394610109, 2394610128, 2394610108, 2394610116, 5021920821, 5021920842, 2394610118, 2394610117, 3382846591, 4943402278, 2394610127, 3382851010, 2394610126, 2394610123, 2394610121, 2394610131, 2394610112, 2394610104, 2394610134, 2394610115, 5016693427, 3382851014, 2394610122]",,,,,,,,,,,,,,,,,,,,,,,,,,,,,,,,,,,,,,,,,,,,,,,,,,,,,,,,,,,,,,,,,,,,,,,,,,,,,,,,,,,,,,,,,,,,,,,,,,,,,,,,,,,,,,,,,
2,,Quang Trung,primary,807,,,primary,,,,,Quang Trung,,,,,,,"[5740594858, 366432370, 2615861019, 2615861029, 3175114832, 366387641]",Ho Chi Minh,12,Quang Trung,,,,yes,,,,,,,3,,,,,,,,,,,,,,,,,,,,,,,,,,,,,,,,,,,,,,,,,,,,,,,,,,,,,,,,,,,,,,,,,,,,,,,,,,,,,,,,,,,,,,,,,,,,,,,,,,,
3,,Đinh Tiên Hoàng,secondary,808,,,secondary,,,,,Đinh Tiên Hoàng,,,,,,,"[1769692389, 2402996505, 2974077464, 2402996503, 2914269871, 2402996506, 2974077434, 4601963704, 5740324108]",,Quan Binh Thanh,Dinh Tien Hoang Street,,,,yes,Cường Để,,丁先皇街,,,,,,,,,,,,2,,,,,,,,,,,,,,,,,,,,,,,,,,,,,,,,,,,,,,,,,,,,,,,,,,,,,,,,,,,,,,,,,,,,,,,,,,,,,,,,,,,,,,,,,,,
2,,Xô Viết Nghệ Tĩnh,primary,809,,,primary,,,,,Xô Viết Nghệ Tĩnh,,,,,,,"[2351201596, 5773531746, 2030639267, 4066386148, 1497276532]",,,Xo Viet Nghe Tinh Road,,,,yes,,,乂静苏维埃路,,,,,,,,,,,,,,,,,,,,,,,,,,,,,,,,,,,,,,,,,,,,,,,,,,,,,,,,,,,,,,,,,,,,,,,,,,,,,,,,,,,,,,,,,,,,,,,,,,,,,,,
2,,Xô Viết Nghệ Tĩnh,primary,810,,,primary,,,,,Xô Viết Nghệ Tĩnh,,,,,,,"[2403042654, 2403042641, 5775221669, 2403042648, 5775221675, 2403042651, 2403042645, 2403042649, 2403042647, 5738098179, 2403042655, 2403042636, 2403042644, 5733482439, 2403042650, 2403042639, 3116292928, 2403042652, 2403042656, 5733482423, 2403042657, 2403042643, 3116303029, 2403042638, 5737973619, 5737980888, 2403042640, 3116303030, 2403042653, 5737980870, 2403042635, 2403044874]",,,Xo Viet Nghe Tinh Road,,,,yes,,,乂静苏维埃路,,,,,,,,,,,,,,,,,,,,,,,,,,,,,,,,,,,,,,,,,,,,,,,,,,,,,,,,,,,,,,,,,,,,,,,,,,,,,,,,,,,,,,,,,,,,,,,,,,,,,,,
2,,Nguyễn Thị Minh Khai,primary,811,,,primary,,,,,Nguyễn Thị Minh Khai,,,,,Nguyễn Thị Minh Khai,,"[2403044881, 4673706004, 3160605073, 2403044877, 2403044875, 2403044879, 2403044880, 2403044878, 2403044882, 2403047871, 3160605072, 2974077482, 4090091641, 2403047190]",,,Nguyen Thi Minh Khai Road,,,,yes,Hồng Thập Tự,,阮氏明开路,,,,,,,,,,,,,,,,,,,,,,,,,,,,,,,,,,,,,,,,,,,,,,,,,,,,,,,,,,,,,Hồng Thập Tự,,,,,,,,,,,,,,,,,,,,,,,,,,,,,,,,,,,,,,,,,,
4,,Đinh Tiên Hoàng,tertiary,812,,,tertiary,,,,,Đinh Tiên Hoàng,,,,,,,"[2403047190, 2629383537, 2039448679, 2039448715, 2039448659, 411925322, 2039448675, 2230255079, 4099242263, 2230379123, 3175085971, 2230368729, 411926704, 2230401788, 411919278, 411926705]",,Quan Binh Thanh,Dinh Tien Hoang Street,,,,yes,,,丁先皇街,,,,,,,,,,,,,,,,,,,,,,,,,,,,,,,,,,,,,,,,,,,,,,,,,,,,,,,,,,,,,,,,,,,,,,,,,,,,,,,,,,,,,,,,,,,,,,,,,,,,,,,
2,,Cầu vượt Cộng Hòa - Hoàng Hoa Thám,primary,813,,,primary,,,,,Cầu vượt Cộng Hòa - Hoàng Hoa Thám,,,,,,,"[2407526806, 2433192888, 2433192877, 2407526807]",,,,,,,yes,,,,,no,yes,3,,,yes,,,,,,,,,,,,,,,,,,,,,,,,,,,,,,,,yes,,,,,,,,,,,,,,,,,,,,,,,,,,,,,,,,,,,,,,,,,,,,,,,5,,,,,,,,,,,,,,,,,
4,,Phan Xích Long,tertiary,814,,,tertiary,,,,,Phan Xích Long,,,,,,,"[5350277461, 2408534554, 2408534566, 2408534569, 2408534570, 2408534573, 2408534557, 2408534574, 2408534567, 2408534563, 2408534556, 2408534575, 2408534560, 2408534561, 5721574899]",Ho Chi Minh,Phu Nhuan,Phan Xich Long,,,,yes,,,,,,,,,,,,,,,,,,,,,,,,,,,,,,,,,,,,,,,,,,,,,,,,,,,,,,,,,,,,,,,,,,,,,,,,,,,,,,,,,,,,,,,,,,,,,,,,,,,,,,,,,,
2,,Trường Chinh,primary,815,,,primary,,,,,Trường Chinh,,,,,,,"[2409402333, 4102230933, 2409402334, 2409402335]",,,,,,,yes,,,,,,,,,,,,,,,,,,,,,,,,,,,,,,,,,,,,,,,,,,,,,,,,,,,,,,,,,,,,,,,,,,,,,,,,,,,,,,,,,,,,,,,,,,,,,,,,,,,,,,,,,,
2,,Trường Chinh,primary,816,,,primary,,,,,Trường Chinh,,,,,,,"[2409402335, 2409402339, 2409402337]",,,,,,,yes,,,,,,,,,,,,,,,,,,,,,,,,,,,,,,,,,,,,,,,,,,,,,,,,,,,,,,,,,,,,,,,,,,,,,,,,,,,,,,,,,,,,,,,,,,,,,,,,,,,,,,,,,,
3,,Nguyễn Xiển,secondary,817,,,secondary,,,,,Nguyễn Xiển,,,,,,,"[2409466599, 2409466601]",,,,,,,,,,,,,,1,,,yes,,,,,,,,,,,,,,,,,,,,,,,,,,,,,,,,,,,,,,,,,,,,,,,,,,,,,,,,,,,,,,,,,,,,,,,,,,,,,,,,,,,,,,,,,,,,,,,,
2,,Quốc lộ 13,primary,818,,,primary,,,,,Quốc lộ 13,,,,,,,"[2418505260, 5750775966, 3137388524, 5750817108, 5742594226, 5742594224, 2418505246, 5742593396, 2418505238, 5742593394, 2418505250, 3107514200, 5742593392, 2418505268, 2392565956, 3137388490, 3216187620, 5742410670, 2418505257, 2418505239, 2965453047, 2965453043]",,,,13,,,yes,,,,,,,,,,,,,,,,,,,,,,,,,,,,,,,,,,,,,,,,,,,,,,,,,,,,,,,,,,,,,,,,,,,,,,,,,,,,,,,,,,,,,,,,,,,,,,,,,,,,,,,,,,
2,,Quốc lộ 13,primary,819,,,primary,,,,,Quốc lộ 13,,,,,,,"[2418512674, 3164006423, 3164006422, 2418512677, 2418512668, 3217666002, 5757504191, 2418505280, 2418512657, 5757504573, 2418512671, 2418512687, 2418512672, 2418512652, 2418512684, 2418512664, 2418512665, 2418512667, 5757610909, 5757469043, 3217663952, 3217663943, 3164006426, 2418512666, 2418512649, 2418512647, 2418512682, 2418512653, 2418512685, 3108021330, 2418505230, 5751010944, 4945688807, 4945688749, 3164006693, 2418505285, 5750775968, 5750775925, 3100059811, 2418505255, 2418505261, 5750723561, 2418505276, 2418505228, 2418505269, 2418505271, 2418505264, 2418505266, 3216188733, 2418505245, 2418505267, 3164006691, 2418505265]",,,Quoc Lo 13,13,,,yes,,,,,,,,,,,,,,,,,,,,,,,,,,,,,,,,,,,,,,,,,,,,,,,,,,,,,,,,,,,,,,,,,,,,,,,,,,,,,,,,,,,,,,,,,,,,,,,,,,,,,,,,,,
4,,Cầu Bình Phước 2,tertiary,820,,,tertiary,,,,,Cầu Bình Phước 2,,,,,,,"[2418514109, 2418514105, 3656173443, 2418514107]",,,,1A,,,yes,,,,,,,1,,,yes,,,,,,,,,,,,,,,,,,,,,,,,,,,,,,,,,,,,,,,,,,,,,,,,,,,,,,,,,,,,,,,,,,,,,,,,,,,,,,,,,,,,,,,,,,,,,,,,
3,,,trunk_link,821,,,trunk_link,,,,,,,,,,,,"[2427515524, 2427515525]",,,,,,,,,,,,,,,,,,,,,,,,,,,,,,,,,,,,,,,,,,,,,,,,,,,,,,,,,,,,,,,,,,,,,,,,,,,,,,,,,,,,,,,,,,,,,,,,,,,,,,,,,,,,,,,,,
3,,Nguyễn Hữu Trí,secondary,822,,,secondary,,,,,Nguyễn Hữu Trí,,,,,,,"[542664053, 5755396556, 5767087952, 366467611, 5767087953, 5767087954, 3632312726, 5767087693, 3632312729, 5767087955, 366381724, 5767087956, 5767087692, 5767087957, 366416597, 5767087958, 5767087959, 5767087960, 366461002, 366435531, 5767087689, 5767087961, 5767087962, 366374481, 366438007, 5767087688, 5767087656, 366433597, 366368110, 5767087686, 366398073, 5767087963, 366462115, 5767087964, 366382900, 5767087680, 366449608, 5767087965, 366391548, 5767087966, 5767087967, 5767087665, 5346676831, 366472850]",,,,,,,yes,,,,,,,,,,,,,,,,,,,,,,,,,,,,,,,,,,,,,,,,,,,,,,,,,,,,,,,,,,,,,,,,,,,,,,,,,,,,,,,,,,,,,,,,,,,,,,,,,,,,,,,,,,
1,60.0,Xa Lộ Hà Nội,trunk,823,,,trunk,,,,,Xa Lộ Hà Nội,,,,,,,"[366380052, 4066314290, 5740382087, 5748445127, 366452252, 5748445126, 5740382851, 366380126, 366456230]",,,,QL.52,,,yes,,,,60,,,,,,,,,,,,yes,,,,,,,,,,,,,,,,,,,,,,,,,,,,,,,,,,,,,,,,,,,,,,,,,,,,,,,,,,,,,,,,,,,,,,,,,,,,,,,,,,,,,,,,,,
1,60.0,Mai Chí Thọ,trunk,824,,,trunk,,,,,Mai Chí Thọ,,,,,,,"[366414360, 366474490, 766963446, 2275303172, 4066405832, 366369560, 4066405831, 714480538]",,,,,,,yes,,,,60,,,,,,,,,,,,yes,,,,,,,,,,,,,,,,,,,,,,,,,,,,,,,,,,,,,,,,,,,,,,,,,,,,,,,,,,,,,,,,,,,,,,,,,,,,,,,,,,,,,,,,,,
2,,Cầu vượt Cộng Hòa - Hoàng Hoa Thám,primary,825,,,primary,,,,,Cầu vượt Cộng Hòa - Hoàng Hoa Thám,,,,,,,"[5462219221, 2453733198, 2433201341, 4023226548, 2433201338, 5462219222]",,,,,,,yes,,,,,no,yes,3,,,yes,,,,,,,,,,,,,,,,,,,,,,,,,,,,,,,,yes,,,,,,,,,,,,,,,,,,,,,,,,,,,,,,,,,,,,,,,,,,,,,,,,,,,,,,,,,,,,,,,,
3,,,primary_link,826,,,primary_link,,,,,,,,,,,,"[2433201339, 2433201343]",,,,,,,yes,,,,,,,,,,,,,,,,,,,,,,,,,,,,,,,,,,,,,,,,,,,,,,,,,,,,,,,,,,,,,,,,,,,,,,,,,,,,,,,,,,,,,,,,,,,,,,,,,,,,,,,,,,
2,,3 Tháng 2,primary,827,,,primary,,,,,3 Tháng 2,,,,,,,"[411919418, 2433276967, 4976692688, 4646788529, 4646769643, 2433276954, 4646769644, 2433276966, 2433276963, 2433279316, 5764920244, 2433276955, 4646816751, 2433279317, 4646816752]",,,,,,,yes,,,,,yes,yes,,,,,,,,no,,,,,3/2,,,,,,,,,,,,,,,,,,,,,,,designated,,,,,,,,,,,,,,,,,,,,,,,,,,,,,,,,,,,,,,,,,,,,,,,,,,,,,,,,,,,,,,,,
3,,Lê Đại Hành,secondary,828,,,secondary,,,,,Lê Đại Hành,,,,,,,"[2434647875, 4932516637, 2434647866, 4932516639, 2434647867, 4932516644, 4932516646, 4535195833, 3150623834, 2434647839, 4535195834, 4551251745, 2434647904, 5757547046, 4551259686, 2434647895, 2434647886, 3150623835, 4927818795, 2434647902, 4632239801]",,,,,,,yes,,,,,,,,,,,,,,,,,,,,,,,,,,,,,,,,,,,,,,,,,,,,,,,,,,,,,,,,,,,,,,,,,,,,,,,,,,,,,,,,,,,,,,,,,,,,,,,,,,,,,,,,,,
3,,,secondary_link,829,,,secondary_link,,,,,,,,,,,,"[2434647839, 366431645]",,,,,,,,,,,,,,,,,,,,,,,,,,,,,,,,,,,,,,,,,,,,,,,,,,,,,,,,,,,,,,,,,,,,,,,,,,,,,,,,,,,,,,,,,,,,,,,,,,,,,,,,,,,,,,,,,
3,,,secondary_link,830,,,secondary_link,,,,,,,,,,,,"[2434647867, 2434647869]",,,,,,,,,,,,,,,,,,,,,,,,,,,,,,,,,,,,,,,,,,,,,,,,,,,,,,,,,,,,,,,,,,,,,,,,,,,,,,,,,,,,,,,,,,,,,,,,,,,,,,,,,,,,,,,,,
3,,Vòng xoay Lê Đại Hành,secondary,831,,,secondary,,,,roundabout,Vòng xoay Lê Đại Hành,,,,,,,"[2434647841, 4628118784, 3088863272, 4628118776, 3088859055, 4628118777, 2434648808, 4628118785, 2434648803, 5757549029, 2434648807, 4628118783, 2434648799, 4628118782, 2434648802, 4628118786, 5765289875, 2434648800, 4628118778, 2434648801, 5766180127, 4628118779, 2434648806, 4628118787, 4628118780, 2434647875, 2434648804, 2434648809, 4628118781, 366371375, 4628118775, 2434647841]",,,,,,,yes,,,,,,,,,,,,,,,,,,,,,,,,,,,,,,,,,,,,,,,,,,,,,,,,,,,,,,,,,,,,,,,,,,,,,,,,,,,,,,,,,,,,,,,,,,,,,,,,,,,,,,,,,,
3,,Tạ Uyên,primary_link,832,,,primary_link,,,,,Tạ Uyên,,,,,,,"[4979973935, 2434653581]",,,,,,,yes,,,,,,,,,,,,,,,,,,,,,,,,,,,,,,,,,,,,,,,,,,,,,,,,,,,,,,,,,,,,,,,,,,,,,,,,,,,,,,,,,,,,,,,,,,,,,,,,,,,,,,,,,,
3,,Lê Đại Hành,primary_link,833,,,primary_link,,,,,Lê Đại Hành,,,,,,,"[4631890826, 2434647890]",,,,,,,yes,,,,,,,,,,,,,,,,,,,,,,,,,,,,,,,,,,,,,,,,,,,,,,,,,,,,,,,,,,,,,,,,,,,,,,,,,,,,,,,,,,,,,,,,,,,,,,,,,,,,,,,,,,
3,,3 Tháng 2,primary_link,834,,,primary_link,,,,,3 Tháng 2,,,,,,,"[4595643018, 4595643021]",,,3 Thang 2,,,,yes,,,,,,,,,,,,,,,,,,,,,,,,,,,,,,,,,,,,,,,,,,,,,,,,,,,,,,,,,,,,,,,,,,,,,,,,,,,,,,,,,,,,,,,,,,,,,,,,,,,,,,,,,,
2,,3 Tháng 2,primary,835,,,primary,,,,,3 Tháng 2,,,,,,,"[2434653583, 4590863024, 6169690281, 5001800290, 5001800293, 6169690280, 5769547269, 4585475262, 6169690263, 4927867401, 4595642993]",,Quan 11,3 Thang 2,,,,yes,,,,,,,,,,,,,,,,,,,,,,,,,,,,,,,,,,,,,,,,,,,,,,,,,,,,,,,,,,,,,,,,,,,,,,,,,,,,,,,,,,,,,,,,,,,,,,,,,,,,,,,,,,
2,,Cầu vượt Cây Gõ,primary,836,,,primary,,,,,Cầu vượt Cây Gõ,,,,,,,"[4595655894, 4595655892, 4595659575, 4616087253, 4595648039]",,,,,,,yes,,,,,,,1,,,yes,,,,,,,,,,,,,,,,,,,,,,,,,,,,,,,,,,,,,,,,,,,,,,,,,,,,,,,,,,,,,,,,,,,,,,,,,,,,,,,,,,,,,,,,,,,,,,,,
4,,Trần Văn Giàu,tertiary,837,,,tertiary,,,,,Trần Văn Giàu,,,,,,,"[2439975984, 5797894382, 2439975975, 5797894370, 5797894371, 2439975652, 2439975985, 4066750546, 2439975986, 366402571, 2941339864, 4974882240, 3630715346, 3630715327, 5679833222, 3081156047, 5802898263, 2214439525]",,,,10B,,,yes,,,,,,,,,,,,,,,,,,,,,,,,,,,,,,,,,,,,,,,,,,,,,,,,,,,,,,,,,,,,,,,,,,,,,,,,,,,,,,,,,,,,,,,,,,,,,,,,,,,,,,,,,,
1,50.0,Xa Lộ Hà Nội,trunk,838,,,trunk,,,,,Xa Lộ Hà Nội,,,,,,,"[366456230, 366374517, 4066314188, 366425271, 4066314186, 2028465950]",,,,QL.52,,,yes,,,,50,,,,,,,,,,,,yes,,,,,,,,,,,,,,,,,,,,,,,,,,,,,,,,,,,,,,,,,,,,,,,,,,,,,,,,,,,,,,,,,,,,,,,,,,,,,,,,,,,,,,,,,,
4,,Đại Lộ III,tertiary,839,,,tertiary,,,,,Đại Lộ III,,,,,,,"[2445304317, 2445304744, 2445304312, 2445304304, 2445304303, 2445304313, 2445304318, 5735336777, 3178488401, 2445304309, 5735336780, 2445304315, 2445304302, 2445304306, 2445304745, 2445304307]",,,,,,,yes,,,,,,,,,,,,,,,,,,,,,,,,,,,,,,,,,,,,,,,,,,,,,,,,,,,,,,,,,,,,,,,,,,,,,,,,,,,,,,,,,,,,,,,,,,,,,,,,,,,,,,,,,,
2,,Cộng Hòa,primary,840,,,primary,,,,,Cộng Hòa,,,,,,,"[3289025857, 5462203828, 5762726359, 366444740, 366444906, 5725019051, 3718647095, 1409491216]",,,,,,,yes,,,,,,,,,,,,,,,,,,,Cộng Hòa,,,,,,,,,,,,,,,,,,,,,,,,,,,,,,,,,,,,,,,,,,,,,,,,,,,,,,,,,,,,,,,,,,,,,,,,,,,,,,,,,,,,,,,
1,60.0,Quốc lộ 1,trunk,841,,,trunk,,,,,Quốc lộ 1,,,,,,,"[2240979406, 4068497300, 2418514106, 4435866104, 2240979411, 2418514111, 4068497315, 2240979374, 4068497316, 2240979396, 4068497317, 2240979398, 2240979351, 5653035512, 5653035514, 4068497319, 4068497318, 5653035566, 2240979417, 5772159071, 5653035519, 5653035527, 4454433234, 3298523149, 5772000337, 5772000340, 5772000352, 5772000855, 5769332102]",Ho Chi Minh,Thu Duc,,1,,,yes,,,,60,,,,,,,,,,,,,,,,,,,,,,,,,,,,,,,,,,,,,,,,,,,,,,,,,,,,,,,,,,,,,,,,,,,,,,,,,,,,,,,,,,,,,,,,,,,,,,,,,,,,,,
4,,Quốc lộ 1,tertiary,842,,,tertiary,,,,,Quốc lộ 1,,,,,,,"[2466116966, 2466116968, 5767496506, 2466116964, 5767431372, 4069450017, 5767200775, 5655530144, 5767200791, 5767200788, 5767244552, 4069450018, 5767247081, 2466116969, 5655390277, 4069455196, 4069450019, 4069450021, 4069450020, 2466116963, 2466116970]",,,,1A,,,yes,,,,,,,,,,,,,,,,,,,,,,,,,,,,,,,,,,,,,,,,,,,,,,,,,,,,,,,,,,,,,,,,,,,,,,,,,,,,,,,,,,,,,,,,,,,,,,,,,,,,,,,,,,
3,,,primary_link,843,,,primary_link,,,,,,,,,,,,"[2466118972, 2466118949, 2466118966, 2466118985]",,,,,,,yes,,,,,,,,,,,,,,,,,,,,,,,,,,,,,,,,,,,,,,,,,,,,,,,,,,,,,,,,,,,,,,,,,,,,,,,,,,,,,,,,,,,,,,,,,,,,,,,,,,,,,,,,,,
3,,,primary_link,844,,,primary_link,,,,,,,,,,,,"[893089443, 2466118969, 2466118989, 2466118959, 2466118941]",,,,,,,yes,,,,,,,,,,,,,,,,,,,,,,,,,,,,,,,,,,,,,,,,,,,,,,,,,,,,,,,,,,,,,,,,,,,,,,,,,,,,,,,,,,,,,,,,,,,,,,,,,,,,,,,,,,
2,,Hà Huy Giáp,primary,845,,,primary,,,,,Hà Huy Giáp,,,,,,,"[2466118958, 5737813151, 5737813149, 5737813157, 5737807704, 5737813138, 3168057766, 2466118967, 5737807702, 2466118979, 5769821102, 5769821105, 2466118964, 5769821074, 3168057768, 2466118947, 5655390229, 2466118944, 2466122068, 2467260756]",,,,,,,yes,,,,,,,,,,,,,,,,,,,,,,,,,,,,,,,,,,,,,,,,,,,,,,,,,,,,,,,,,,,,,,,,,,,,,,,,,,,,,,,,,,,,,,,,,,,,,,,,,,,,,,,,,,
4,,Hà Huy Giáp,tertiary,846,,,tertiary,,,,,Hà Huy Giáp,,,,,,,"[5655390880, 2467258423, 2467258418, 2467258424, 2467258425, 2467258421]",,,,,,,yes,,,,,,,,,,,,,,,,,,,,,,,,,,,,,,,,,,,,,,,,,,,,,,,,,,,,,,,,,,,,,,,,,,,,,,,,,,,,,,,,,,,,,,,,,,,,,,,,,,,,,,,,,,
3,,Dương Bá Trạc,primary_link,847,,,primary_link,,,,,Dương Bá Trạc,,,,,,,"[2468452124, 2468452113]",,,,,,,,,asphalt,,,,,,,,,,,,,,,,,,,,,,,,,,,,,,,,,,,,,,,,,,,,,,,,,,,,,,,,,,,,,,,,,,,,,,,,,,,,,,,,,,,,,,,,,,,,,,,,,,,,,,,,
2,,Dương Bá Trạc,primary,848,,,primary,,,,,Dương Bá Trạc,,,,,,,"[366452547, 2044486215, 1773321419, 2044487029, 2044487203, 3175002782, 366477769, 2468452113]",,,,,,,yes,,asphalt,,,,,,,,,,,,,,,,,,,,,,,,,,,,,,,,,,,,,,,,,,,,,,,,,,,,,,,,,,,,,,,,,,,,,,,,,,,,,,,,,,,,,,,,,,,,,,,,,,,,,,,,
2,,Dương Bá Trạc,primary,849,,,primary,,,,,Dương Bá Trạc,,,,,,,"[2468452125, 2468452111, 3462872345, 4594841790, 4594841788, 4594841789, 2468452128, 4594841787, 2468452115, 2468452116, 4594841785, 2468452126, 4594841792, 2468456185, 5762770866, 5762770867, 2468452110, 3175002779, 4594580077, 4594580078, 2468452121, 2468452118, 5668712838, 2468452124]",,,,,,,yes,,asphalt,,,,,,,,,,,,,,,,,,,,,,,,,,,,,,,,,,,,,,,,,,,,,,,,,,,,,,,,,,,,,,,,,,,,,,,,,,,,,,,,,,,,,,,,,,,,,,,,,,,,,,,,
2,,Cầu Kênh Xáng,primary,850,,,primary,,,,,Cầu Kênh Xáng,,,,,,,"[2468452123, 3462872350, 2468452125]",,,,,,,yes,,asphalt,,,,,1,,,yes,,,,,,,,,,,,,,,,,,,,,,,,,,,,,,,,,,,,,,,,,,,,,,,,,,,,,,,,,,,,,,,,,,,,,,,,,,,,,,,,,,,,,,,,,,,,,,,,
2,,Vòng xoay Ngã Sáu Nguyễ Thái Sơn,primary,851,,,primary,,,,roundabout,Vòng xoay Ngã Sáu Nguyễ Thái Sơn,,,,,,,"[4672023661, 4719951876, 4672023664, 2469693266, 4672023658, 4672023659, 3807705410, 4672023662, 2469693277, 3640191571, 2469693268, 3640191573, 3640191576, 4067989323, 3640191575, 2469693287, 4067989321, 4067989322, 2469693270, 4672023660, 5786407997, 4672023665, 5719731385, 2469693272, 5719731386, 2469693283, 4067989315, 4067989314, 2493364036, 5719731387, 4067989316, 2469693281, 4672026871, 4067989318, 4936387108, 4672023661]",,,,,,,yes,,,,,,,,,,,,,,,,,,,,,,,,,,,,,,,,,,,,,,,,,,,,,,,,,,,,,,,,,,,,,,,,,,,,,,,,,,,,,,,,,,,,,,,,,,,,,,,,,,,,,,,,,,
3,,,primary_link,852,,,primary_link,,,,,,,,,,,,"[366469166, 2269043899]",,,,,,,,,,,,,,,,,,,,,,,,,,,,,,,,,,,,,,,,,,,,,,,,,,,,,,,,,,,,,,,,,,,,,,,,,,,,,,,,,,,,,,,,,,,,,,,,,,,,,,,,,,,,,,,,,
3,,Nguyễn Văn Linh,trunk_link,853,,,trunk_link,,,,,Nguyễn Văn Linh,,,,,,,"[2485874903, 2485874902]",,,,,,,,,,,,,,,,,,,,,,,,,,,,,,,,,,,,,,,,,,,,,,,,,,,,,,,,,,,,,,,,,,,,,,,,,,,,,,,,,,,,,,,,,,,,,,,,,,,,,,,,,,,,,,,,,
4,,Quang Trung,unclassified,854,,,unclassified,,,,,Quang Trung,,,,,,,"[2485969480, 5898691884, 2485969469, 5898691885, 2485969467]",,,,,,,,,,,,,,,,,,,,,,,,,,,,,,,,,,,,,,,,,,,,,,,,,,,,,,,,,,,,,,,,,,,,,,,,,,,,,,,,,,,,,,,,,,,,,,,,,,,,,,,,,,,,,,,,,
3,60.0,Phạm Văn Đồng,secondary,855,,,secondary,,,,,Phạm Văn Đồng,,,,,,,"[5750497290, 5750497310, 4067981427, 2964936883, 4067981424, 2493364047, 2965453012, 3100248508, 3195000744, 3099101636, 2495735760, 2493364055, 5740707059, 4053262404, 2965453053]",,,,,,,yes,,,,60,,,,,,,,,,,,,,,,,,,,,,,,,,,,,,,,,,,,,,,,,,,,,,,,,,,,,,,,,,,,,,,,,,,,,,,,,,,,,,,,,,,,,,,,,,,,,,,,,,,,,,
2,40.0,Phạm Văn Đồng,primary,856,,,primary,,,,,Phạm Văn Đồng,,,,,,,"[2493366339, 4067976025, 2493366337, 4067976027, 2493363845]",,,,,,,yes,,,,40,,,,,,,,,,,,yes,,,,,,,,,,,,,,,,,,,,,,,,,,,,,,,,,,,,,,,,,,,,,,,,,,,,,,,,,,,,,,,,,,,,,,,,,,,,,,,,,,,,,,,,,,
2,40.0,Cầu Rạch Lăng,primary,857,,,primary,,,,,Cầu Rạch Lăng,,,,,,,"[2493366331, 2493366339]",,,,,,,yes,,,,40,,,1,,,yes,,,,,,,,,,,,,,,,,,,,,,,,,,,,,,,,,,,,,,,,,,,,,,,,,,,,,,,,,,,,,,,,,,,,,,,,,,,,,,,,,,,,,,,,,,,,,,,,
3,40.0,Cầu Bình Lợi,secondary,858,,,secondary,,,,,Cầu Bình Lợi,,,,,,,"[2493366326, 2493366324, 2493366340]",,,,,,,yes,,,,40,,,2,,,yes,,,,,,yes,,,,,,,,,,,,,,,,,,,,,,,,,,,,,,,,,,,,,,,,,,,,,,,,,,,,,,,,,,,,,,,,,,,,,,,,,,,,,,,,,,,,,,,,,,
2,40.0,Phạm Văn Đồng,primary,859,,,primary,,,,,Phạm Văn Đồng,,,,,,,"[5719731386, 3640193722, 3640193715, 2493366305, 4067967900, 2493366322, 2493366314, 2493366323, 4067993563, 4067973095, 4067993562, 5738008457]",Hồ Chí Minh,Gò Vấp,,,,,yes,,,,40,,,,,,,,,,,,yes,,,,,,,,,,,,,,,,,,,,,,,,,,,,,,,,,,,,,,,,,,,,,,,,,,,,,,,,,,,,,,,,,,,,,,,,,,,,,,,,,,,,,,,,,,
3,,Đường số 20,secondary,860,,,secondary,,,,,Đường số 20,,,,,,,"[2493364048, 4068001396, 2493362984, 5750497312, 5778903810]",,,,,,,,,,,,,,,,,,,,,,,,,,,,,,,,,,,,,,,,,,,,,,,,,,,,,,,,,,,,,,,,,,,,,,,,,,,,,,,,,,,,,,,,,,,,,,,,,,,,,,,,,,,,,,,,,
2,,Trường Chinh,primary,861,,,primary,,,,,Trường Chinh,,,,,,,"[2409402337, 3152700068, 2409404920, 3152700070, 366420561]",,,,,,,yes,,,,,,,,,,,,,,,,,,,,,,,,,,,,,,,,,,,,,,,,,,,,,,,,,,,,,,,,,,,,,,,,,,,,,,,,,,,,,,,,,,,,,,,,,,,,,,,,,,,,,,,,,,
4,,Lạc Long Quân,tertiary,862,,,tertiary,,,,,Lạc Long Quân,,,,,,,"[5769406279, 4638941682]",,Tan Binh,,,,,yes,,,,,,,,,,,,,,,,,,,,,,,,,,,,,,,,,,,,,,,,,,,,,,,,,,,,,,,,,,,,,,,,,,,,,,,,,,,,,,,,,,,,,,,,,,,,,,,,,,,,,,,,,,
4,,Bảy Hiền,tertiary,863,,,tertiary,,,,,Bảy Hiền,,,,,,,"[366385187, 366460195, 366378499, 4638976711, 2495794960, 366463772]",,,,,,,,,,,,,,,,,,,,,,,,,,,,,,,,,,,,,,,,,,,,,,,,,,,,,,,,,,,,,,,,,,,,,,,,,,,,,,,,,,,,,,,,,,,,,,,,,,,,,,,,,,,,,,,,,
4,,Bàu Cát,tertiary,864,,,tertiary,,,,,Bàu Cát,,,,,,,"[366428976, 2495745976, 2495745975, 2495745981, 2495745980, 5769329890, 5769329892]",,,,,,,yes,,,,,,,,,,,,,,,,,,,,,,,,,,,,,,,,,,,,,,,,,,,,,,,,,,,,,,,,,,,,,,,,,,,,,,,,,,,,,,,,,,,,,,,,,,,,,,,,,,,,,,,,,,
4,,Lạc Long Quân,tertiary,865,,,tertiary,,,,,Lạc Long Quân,,,,,,,"[723876641, 4217006584, 4217007500, 5757501777, 4217007537, 4217007572, 4217007599, 4217007642, 4217007668, 4217007686, 6175931663, 6175931668, 4217007807, 4217007835, 6036632816, 4217007848, 4217007852, 4217007875, 5765404722, 4217008048, 4217008067, 2495802642, 2495802645, 2495802637, 2495802597, 5765416807, 2495802621, 5765404728]",,,Lac Long Quan,,,,yes,,,,,,,,,,,,,,,,,,,,,,,,,,,,,,,,,,,,,,,,,,,,,,,,,,,,,,,,,,,,,,,,,,,,,,,,,,,,,,,,,,,,,,,,,,,,,,,,,,,,,,,,,,
3,,Âu Cơ,secondary_link,866,,,secondary_link,,,,,Âu Cơ,,,,,,,"[2495802645, 2495802632]",,,,,,,yes,,,,,,,,,,,,,,,,,,,,,,,,,,,,,,,,,,,,,,,,,,,,,,,,,,,,,,,,,,,,,,,,,,,,,,,,,,,,,,,,,,,,,,,,,,,,,,,,,,,,,,,,,,
3,,Âu Cơ,secondary,867,,,secondary,,,,,Âu Cơ,,,,,,,"[4102230933, 3152637749, 5467448202, 5097414399, 4102230932, 2084678127, 5109567413, 4102230934, 3830454069, 5003306351, 2084677939, 2084678053, 5721938895, 2084678245, 2084677823, 2084678063, 4617886234, 5767074404, 4102230930, 4597377752, 5721938879, 5073779504, 4102230926, 4102230928, 5769301503, 5769329866, 5769329900, 5769301520, 366406127, 5769301515, 5769329899, 5769329897, 5108957199, 4102230927, 5769329894, 4102230940, 5769329864, 5769301490, 5778136900, 4102230924, 4102230938, 5778136956, 5778136908, 2325187743, 6025186582, 5778143014, 3771420321, 5778143011, 366431366, 366415550, 6025186580, 4109605262, 4102230921, 366407106, 6025186569, 5772157708, 5772679821, 5772157706, 5358463327, 366370884, 6025186563, 4102230919, 5772194297, 5772157735, 5092124517, 366457709, 5092124922, 4102230918, 5092124924, 5772194268, 5092124926, 5092124937, 5092124941, 5092124944, 6025186436, 4102230917, 5765416821, 6025186434, 5765416832, 4102230915, 6175905346, 4658051298, 2495802600, 366421632, 2495802637, 2495802632, 2495802619, 4102230912, 5108957190, 4948305018, 4102230935, 5765416815, 4979904093, 366458700, 5765384647, 366429503, 4102230909, 4948305011, 3718439602, 4102230906, 4979904106, 4102230905, 6036632793, 5757549032]",,,Au Co,,,,no,,,,,,,,,,,,,,,,,,,,,,,,,,,,,,,,,,,,,,,,,,,,,,,,,,,,,,,,,,,,,,,,,,,,,,,,,,,,,,,,,,,,,,,,,,,,,,,,,,,,,,,,,,
3,,Lạc Long Quân,secondary_link,868,,,secondary_link,,,,,Lạc Long Quân,,,,,,,"[2495802600, 6175905349, 2495802635, 2495802602, 2495802607]",,,,,,,yes,,,,,,,,,,,,,,,,,,,,,,,,,,,,,,,,,,,,,,,,,,,,,,,,,,,,,,,,,,,,,,,,,,,,,,,,,,,,,,,,,,,,,,,,,,,,,,,,,,,,,,,,,,
4,,Lạc Long Quân,tertiary,869,,,tertiary,,,,,Lạc Long Quân,,,,,,,"[5765404728, 2495802629, 2495802595, 2665982246, 366421632, 2495802607, 6175905353, 2495802617, 6175905336, 6175905327, 4217008061, 4217008032, 6175905324, 4217008012, 5765404721, 4217007860, 4217007858, 4217007851, 4217007843, 4217007824, 4217007687, 4217007648, 5757501745, 5757501750, 4217007556, 5757501735, 4217007541, 4217007538, 4217007525, 5758029894, 4217007505, 4217007498, 4217007492, 4217006583]",,,Lac Long Quan,,,,yes,,,,,,,,,,,,,,,,,,,,,,,,,,,,,,,,,,,,,,,,,,,,,,,,,,,,,,,,,,,,,,,,,,,,,,,,,,,,,,,,,,,,,,,,,,,,,,,,,,,,,,,,,,
3,,Âu Cơ,secondary_link,870,,,secondary_link,,,,,Âu Cơ,,,,,,,"[2495802595, 2495802604, 2495802614, 2495802639, 4658051298]",,,,,,,yes,,,,,,,,,,,,,,,,,,,,,,,,,,,,,,,,,,,,,,,,,,,,,,,,,,,,,,,,,,,,,,,,,,,,,,,,,,,,,,,,,,,,,,,,,,,,,,,,,,,,,,,,,,
4,,Đường số 1,tertiary,871,,,tertiary,,,,,Đường số 1,,,,,,,"[366450563, 2495870434, 5755053135, 2495870410, 2495870416, 5755051516, 366450609, 366415395, 4976692698, 2495881520, 5750701970]",,,,,,,,,,,,,,,,,,,,,,,,,,,,,,,,,,,,,,,,,,,,,,,,,,,,,,,,,,,,,,,,,,,,,,,,,,,,,,,,,,,,,,,,,,,,,,,,,,,,,,,,,,,,,,,,,
3,,Trần Não,secondary,872,,,secondary,,,,,Trần Não,,,,,,,"[5735415555, 5735415554, 5735415568, 5735415553, 1497312810, 366404092, 5735415581, 366398340, 3283703572, 366465207, 3187126785, 366373684, 2692325112, 5738226790, 366369725, 2692325212, 3187128368, 2692325211, 5738429837, 366437344, 2692325197, 366467415, 2203582368, 2692325231, 2692325309, 2692325305, 366399103, 2692325251, 3187126779, 366428049, 5740364699]",,,,,,,yes,,,,,,,,,,,,,,,,,,,,,,,,,,,,,,,,,,,,,,,,,,,,,,,,,,,,,,,,,,,,,,,,,,,,,,,,,,,,,,,,,,,,,,,,,,,,,,,,,,,,,,,,,,
3,,,primary_link,873,,,primary_link,,,,,,,,,,,,"[2899585761, 2496913631, 3641987811, 2496913634, 2496913637, 2496913633, 3641987825, 3641987833, 2496913636]",,,,,,,yes,,,,,,,2,,,,,,,,,,,,,,,,,,,,,,,,,,,,,,,,,,,,,,,,,,,,,,,,,,,,,,,,,,,,,,,,,,,,,,,,,,,,,,,,,,,,,,,,,,,,,,,,,,,
3,,,primary_link,874,,,primary_link,,,,,,,,,,,,"[5719731388, 2496916437, 2496916435, 2496916429, 2496916483, 4067989313, 2496916474]",,,,,,,yes,,,,,,,,,,,,,,,,,,,,,,,,,,,,,,,,,,,,,,,,,,,,,,,,,,,,,,,,,,,,,,,,,,,,,,,,,,,,,,,,,,,,,,,,,,,,,,,,,,,,,,,,,,
2,,Nguyễn Thái Sơn,primary,875,,,primary,,,,,Nguyễn Thái Sơn,,,,,,,"[1401875313, 4936387459, 4672005351, 5737956381, 5737956374, 2496918269, 2496918268, 2496916476, 2496916479, 4440166383, 3167044462, 4440166384, 5783263370, 2496916468]",,,,,,,yes,,,,,,yes,,,,,no,,,,,,,,,,,,,,,,,,,,,,,,,,,,,,,,,,,,,,,,,,,,,,,,,,,,,,,,,,,,,,,,,,,,,,,,,,,,,,,,,,,,,,,,,,,,,,,
2,,Nguyễn Tất Thành,primary,876,,,primary,,,,,Nguyễn Tất Thành,,,,,,,"[1987339875, 1769173842, 2366581216, 2366581215, 3168950762, 2211350099, 1769173963, 1769173880, 5772633560, 3168949060, 2366592581, 5772599060, 1769173984, 5772129486, 3168949058, 2343994266, 2370077644, 5772129518, 1769173816]",,,Nguyen Tat Thanh Road,,,,yes,,,阮必诚路,,,,,,,,,,,,,,,,,,,,,,,,,,,,,,,,,,,,,,,,,,,,,,,,,,,,,,,,,,,,,,,,,,,,,,,,,,,,,,,,,,,,,,,,,,,,,,,,,,,,,,,
3,,,primary_link,877,,,primary_link,,,,,,,,,,,,"[4628105870, 2302073746]",,,,,,,,,,,,,,,,,,,,,,,,,,,,,,,,,,,,,,,,,,,,,,,,,,,,,,,,,,,,,,,,,,,,,,,,,,,,,,,,,,,,,,,,,,,,,,,,,,,,,,,,,,,,,,,,,
4,,Thành Thái,tertiary,878,,,tertiary,,,,,Thành Thái,,,,,,,"[5772606970, 2498079016, 2498079022, 2498079019, 2498079024, 5772557710, 2498079018, 5772558123]",,,,,,,yes,,,,,,,,,,,,,,,,,,,,,,,,,,,,,,,,,,,,,,,,,,,,,,,,,,,,,,,,,,,,,,,,,,,,,,,,,,,,,,,,,,,,,,,,,,,,,,,,,,,,,,,,,,
4,,Thành Thái,tertiary,879,,,tertiary,,,,,Thành Thái,,,,,,,"[5772606967, 3118842032, 3887838930, 3887793637, 366378916, 3887838927, 3887838920, 3887803775, 3887803773, 5778872954, 3887803778, 3887838919, 3887838910, 3118842033, 5073779363, 3887838914, 5778872955, 5778872956, 5778872957, 5778872958, 5778872959, 5778872960, 366457979, 5765019210, 5778872961, 5778872962, 5778872963, 5757841614, 5778872964, 5778872965, 5778872966, 5892098005, 5892098006]",,,Thanh Thai,,,,,,,,,,,,,,,,,,,,,,,,,,,,,,,,,,,,,,,,,,,,,,,,,,,,,,,,,,,,,,,,,,,,,,,,,,,,,,,,,,,,,,,,,,,,,,,,,,,,,,,,,,,,,,
4,,Thành Thái,tertiary_link,880,,,tertiary_link,,,,,Thành Thái,,,,,,,"[2233616175, 2498079022]",,,,,,,,,,,,,,,,,,,,,,,,,,,,,,,,,,,,,,,,,,,,,,,,,,,,,,,,,,,,,,,,,,,,,,,,,,,,,,,,,,,,,,,,,,,,,,,,,,,,,,,,,,,,,,,,,
2,,Lý Thái Tổ,primary,881,,,primary,,,,,Lý Thái Tổ,,,,,,,"[698217082, 2498090916, 3342060872, 366390222, 3150775226, 2498090913, 5758130729, 5758130724, 3768905105, 5758114516, 3150775227, 2498092000, 2498090917]",,,,,,,yes,,,,,,,,,,,,,,,,,,,,,,,,,,,,,,,,,,,,,,,,,,,,,,,,,,,,,,,,,,,,,,,,,,,,,,,,,,,,,,,,,,,,,,,,,,,,,,,,,,,,,,,,,,
4,,Kênh Nước Đen,unclassified,882,,,unclassified,,,,,Kênh Nước Đen,,,,,,,"[378247552, 5767488936, 2500252770, 5009735582, 2500252756, 5009735584, 2500252771, 2500252751, 4988328985, 4988329007, 2500252757, 2500252800, 2500252798, 4988328984, 2500252764, 2500252766, 2500252773, 4988329001, 2500252781, 2500252784, 2500252750, 2500252760, 2500252754, 2500252739, 2500252761, 2500252801, 4988328989, 2500252797, 2500252740, 2500252749, 2500252778, 5890133109, 2500252743, 2500252791, 2500252789, 2500252775, 2500252776, 2500252768, 2500252748, 2622318745, 2500252745, 2500252795, 2500252788, 2500252762, 2500252747, 2500252769, 2500252767, 2500252758, 2500252741, 2500252780, 2500252763, 2500252736, 2500252738, 2500252782, 2500252765, 2500252794, 366373927]",,,,,,,yes,,,,,,,,,,,,,,,,,,,,,,,,,,,,,,,,,,,,,,,,,,,,,,,,,,,,,,,,,,,,,,,,,,,,,,,,,,,,,,,,,,,,,,,,,,,,,,,,,,,,,,,,,,
4,,Hiền Vương,tertiary,883,,,tertiary,,,,,Hiền Vương,,,,,,,"[2500257353, 2500257354, 2500257356, 2500257352, 2500257355, 2500257350, 5778270829, 2500257346, 2500257357, 2500257349]",,,,,,,yes,,,,,,,,,,,,,,,,,,,,,,,,,,,,,,,,,,,,,,,,,,,,,,,,,,,,,,,,,,,,,,,,,,,,,,,,,,,,,,,,,,,,,,,,,,,,,,,,,,,,,,,,,,
4,,Lê Lai,tertiary,884,,,tertiary,,,,,Lê Lai,,,,,,,"[5762736913, 2527488815, 2527488819, 2527488811, 4608694745, 4610715696, 5444117926, 5444117927, 5444117928]",,,,,,,yes,,,黎来街,,,,,,,,,,,,,,,,,,,,,,,,,,,,,,,,,,,,,,,,,,,,,,,,,,,,,,,,,,,,,,,,,,,,,,,,,,,,,,,,,,,,,,,,,,,,,,,,,,,,,,,
4,,Nguyễn Lương Bằng,tertiary,885,,,tertiary,,,,,Nguyễn Lương Bằng,,,,,,,"[5811497893, 5811503402, 5811503403, 5811503404, 5811503405, 2527497664, 2527497667, 2527497661, 2527497627, 2527497647]",,,,,,,yes,,,,,,,,,,,,,,,,,,,,,,,,,,,,,,,,,,,,,,,,,,,,,,,,,,,,,,,,,,,,,,,,,,,,,,,,,,,,,,,,,,,,,,,,,,,,,,,,,,,,,,,,,,
4,,Nguyễn Lương Bằng,tertiary,886,,,tertiary,,,,,Nguyễn Lương Bằng,,,,,,,"[5788761262, 2527497636, 2934601303, 2527497624, 2527497656, 2527497654, 2527497653, 2527497666, 2527497641, 2527497651]",,,,,,,yes,,,,,,,,,,,,,,,,,,,,,,,,,,,,,,,,,,,,,,,,,,,,,,,,,,,,,,,,,,,,,,,,,,,,,,,,,,,,,,,,,,,,,,,,,,,,,,,,,,,,,,,,,,
4,,Cầu Số 7,tertiary_link,887,,,tertiary_link,,,,,Cầu Số 7,,,,,,,"[2579103919, 411919170]",,,,,,,yes,,,,,,,,,,,,,,,,,,,,,,,,,,,,,,,,,,,,,,,,,,,,,,,,,,,,,,,,,,,,,,,,,,,,,,,,,,,,,,,,,,,,,,,,,,,,,,,,,,,,,,,,,,
3,,Hậu Giang,secondary,888,,,secondary,,,,,Hậu Giang,,,,,,,"[5765322022, 5765322020, 5765322019, 3160562074, 4988324900, 5797704365, 5765322018, 4950067179, 366443493, 3160562075, 5800037267, 5800069578, 5800069579, 5800069347, 366413843, 1488527401, 366383455, 4195198479, 4195198487, 366409031, 4548017745, 366413512, 4931112887, 4931112888, 5800069663, 5800069582, 5800069583, 5800069581, 5800141355, 1802527660, 366414285, 366423555, 5502531280, 5502531282, 3160562076, 4984435279, 366405313, 366402366, 5502531298, 4195198521, 366441983, 4943487546, 366443262, 366374471, 3339195262, 5800215570]",Ho Chi Minh,6,,,,,,,,,,,,,,,,,,,,,,,,,,,,,,,,,,,,,,,,,,,,,,,,,,,,,,,,,,,,,,,,,,,,,,,,,,,,,,,,,,,,,,,,,,,,,,,,,,,,,,,,,,,,,,,
2,,Cộng Hòa,primary,889,,,primary,,,,,Cộng Hòa,,,,,,,"[2079964991, 4597420099, 2079964087, 2079964272, 1127291109, 2079964341, 2079964198, 2079964615, 2079964847, 5762726348, 2079964996, 1171550048, 2079964423, 2079964546, 5762735560, 5762735562, 2079964787, 2079964184, 1171550045, 2079964876, 5462219221]",,,,,,,yes,,,,,,,,,,,,,,,,,,,,,,,,,,,,,,,,,,,,,,,,,,,,,,,,,,,,,,,,,,,,,,,,,,,,,,,,,,,,,,,,,,,,,,,,,,,,,,,,,,,,,,,,,,
2,,Cộng Hòa,primary,890,,,primary,,,,,Cộng Hòa,,,,,,,"[5462219221, 2433201345, 5721820836, 2081762724, 2433201339, 2146838339, 2433201342, 2079964322, 2079964235]",,,,,,,yes,,,,,,,,,,,,,,,,,,,Cộng Hòa,,,,,,,,,,,,,,,,,,,,,,,,,,,,,,,,,,,,,,,,,,,,,,,,,,,,,,,,,,,,,,,,,,,,,,,,,,,,,,,,,,,,,,,
2,,Cộng Hòa,primary,891,,,primary,,,,,Cộng Hòa,,,,,,,"[2407526806, 2433192881, 2079964221, 2433201344, 366467129, 2433201343, 2078950513, 2078950574, 2078950886, 2407526807]",,,,,,,yes,,,,,,,,,,,,,,,,,,,Cộng Hòa,,,,,,,,,,,,,,,,,,,,,,,,,,,,,,,,,,,,,,,,,,,,,,,,,,,,,,,,,,,,,,,,,,,,,,,,,,,,,,,,,,,,,,,
2,,Cộng Hòa,primary,892,,,primary,,,,,Cộng Hòa,,,,,,,"[2079964945, 2079964886, 1204093614, 2079964536, 2079964925, 2079964894]",,Quan Tan Binh,,,,,yes,,,,,,,,,,,,,,,,,,,Cộng Hòa,,,,,,,,,,,,,,,,,,,,,,,,,,,,,,,,,,,,,,,,,,,,,,,,,,,,,,,,,,,,,,,,,,,,,,,,,,,,,,,,,,,,,,,
2,,Quang Trung,primary,893,,,primary,,,,,Quang Trung,,,,,,,"[2210845356, 5740397771, 3095373929, 2321456772]",,,,,,,yes,,,,,,,,,,,,,,,,,,,,,,,,,,,,,,,,,,,,,,,,,,,,,,,,,,,,,,,,,,,,,,,,,,,,,,,,,,,,,,,,,,,,,,,,,,,,,,,,,,,,,,,,,,
2,,Quang Trung,primary,894,,,primary,,,,,Quang Trung,,,,,,,"[366387641, 5740397773, 5740397772, 366384540]",,,,,,,yes,,,,,,,3,,,,,,,,,,,,,,,,,,,,,,,,,,,,,,,,,,,,,,,,,,,,,,,,,,,,,,,,,,,,,,,,,,,,,,,,,,,,,,,,,,,,,,,,,,,,,,,,,,,
3,40.0,,motorway_link,895,,,motorway_link,,,,,,,,,,,yes,"[5963137827, 5963137826, 5963137825, 2615888756, 5963137824, 2615888758, 2615888761, 5963137823, 2615888766, 2615888771, 5963137822, 3403562458, 5963137821, 2615888763, 3246076450, 2657236603]",,,,,,,yes,,,,40,,,,,,,,,,,,,motorway_link,,,,,,,,,,,,,,,,,,,,,,,,,,,,,,,,,,,,,,,,,,,,,,,,,,,,,,,,,,,,,,,,,,,,,,,,,,,,,,,,,,,,,,,,,
3,,,primary_link,896,,,primary_link,,,,,,,,,,,,"[2615888807, 2615888808]",,,,,,,,,,,,,,,,,,,,,,,,,,,,,,,,,,,,,,,,,,,,,,,,,,,,,,,,,,,,,,,,,,,,,,,,,,,,,,,,,,,,,,,,,,,,,,,,,,,,,,,,,,,,,,,,,
3,,Lê Trọng Tấn,secondary,897,,,secondary,,,,,Lê Trọng Tấn,,,,,,,"[2621185426, 5757543636, 3156027446, 2621185428, 2621185430, 2621185432, 2621185434, 2621185435, 2621185437, 2621185439, 2621185441, 2621185442, 2621185444, 5097414541, 2621185446, 5097414529, 3156027444, 2621185448, 5719489450, 2621185449, 2968038018, 5308082697, 3156007501, 2621185451, 4582793336, 5724574204, 2621185453, 5308082700, 3156007499, 5308082714, 5719489532, 2621185455, 2728343961, 3178460563, 2621185457, 2621185495, 2621185497, 2621185499, 2621185501, 5757776703, 2621185586, 2621185503]",,,Le Trong Tan,,,,yes,,,,,,,,,,,,,,,,,,,,,,,,,,,,,,,,,,,,,,,,,,,,,,,,,,,,,,,,,,,,,,,,,,,,,,,,,,,,,,,,,,,,,,,,,,,,,,,,,,,,,,,,,,
4,,Lê Văn Quới,tertiary,898,,,tertiary,,,,,Lê Văn Quới,,,,,,,"[5769575753, 5769575754, 5769575755, 5769575442, 5009191530, 4582793589, 4582793591, 3182335400, 4984435570, 4984435581, 4582793594, 5769603628, 4974587817, 4984435576, 2622319209, 5769603624, 4974587819, 5769603627, 5769603626, 5769603625, 2350355501, 4984435583, 5769742300, 5769742298, 5769742299, 5769808548, 366367392, 5769808524, 5769808542, 366450307, 2622319162, 2350355502, 5075577116, 5769809254, 366462081, 5075577364, 366383709, 2622319136, 4952170654, 5075577378, 4952170650, 3182335401, 4952170636, 366460919]",,,,,,,,,,,,,,,,,,,,,,,,,,,,,,,,,,,,,,,,,,,,,,,,,,,,,,,,,,,,,,,,,,,,,,,,,,,,,,,,,,,,,,,,,,,,,,,,,,,,,,,,,,,,,,,,,
4,,Trung Mỹ Tây 2A,unclassified,899,,,unclassified,,,,,Trung Mỹ Tây 2A,,,,,,,"[2631996940, 2631996939]",,,,,,,,,,,,,,,,,,,,,,,,,,,,,,,,,,,,,,,,,,,,,,,,,,,,,,,,,,,,,,,,,,,,,,,,,,,,,,,,,,,,,,,,,,,,,,,,,,,,,,,,,,,,,,,,,
3,40.0,Trần Văn Trà,secondary,900,,,secondary,,,,,Trần Văn Trà,,,,,,,"[444352834, 1861589220, 2638168580, 1612118689, 4122537314, 1612118626, 6150141520, 4122537313, 1612118722, 745746995, 1612118717, 5140843744, 6150135438, 6150135433, 745747030, 6150138983, 1861589221, 745747140]",,,,TL25B,,,,Liên Tỉnh lộ 25B,,,40,,,,,,,,,,,,,,,,,,,,,,,,,,,,,,,,,,,,,,,,,,,,,,,,,,,,,,,,,,,,,,,,,,,,,,,,,,,,,,,,,,,,,,,,,,,,,,,,,,,,,,
3,40.0,Tôn Đức Thắng,secondary,901,,,secondary,,,,,Tôn Đức Thắng,,,,,,,"[1588180672, 5599264356, 5599264355, 5599264357, 3704736578, 3704736579, 3704736584, 5599264410, 3704736590, 1612119610, 745747097]",,,,TL25B,,,,,,,40,,,,,,,,,,,,,,,,,,,,,,,,,,,,,,,,,,,,,,,,,,,,,,,,,,,,,,,,,,,,,,,,,,,,,,,,,,,,,,,,,,,,,,,,,,,,,,,,,,,,,,
2,60.0,Nguyễn Văn Linh,primary,902,,,primary,,,,,Nguyễn Văn Linh,,,,,,,"[2256735446, 2934764134, 2256741577]",,,,,,,yes,,,,60,,,,,,,,,,,,,,,,,,,,,,,,,,,,,,,,,,,,,,,,,,,,,,,,,,,,,,,,,,,,,,,,,,,,,,,,,,,,,,,,,,,,,,,,,,,,,,,,,,,,,,
3,,,secondary_link,903,,,secondary_link,,,,,,,,,,,,"[2661285212, 2661285215, 2661285217, 2661285220, 2661285222]",,,,,,,yes,,,,,,,,,,,,,,,,,,,,,,,,,,,,,,,,,,,,,,,,,,,,,,,,,,,,,,,,,,,,,,,,,,,,,,,,,,,,,,,,,,,,,,,,,,,,,,,,,,,,,,,,,,
4,,Quốc lộ 1,tertiary,904,,,tertiary,,,,,Quốc lộ 1,,,,,,,"[5772687776, 1958801663, 1958801672, 3371932986, 5468493452, 3334343878]",,,,,,,yes,,,,,,,,,,,,,,,,,,,,,,,,,,,,,,,,,,,,,,,,,,,,,,,,,,,,,,,,,,,,,,,,,,,,,,,,,,,,,,,,,,,,,,,,,,,,,,,,,,,,,,,,,,
4,,Lê Đức Thọ,tertiary,905,,,tertiary,,,,,Lê Đức Thọ,,,,,,,"[5716917501, 5724515851, 366418471, 5751099887, 5751099886, 3182311229, 5795232913, 5751099904, 5940794282, 5751099885, 3138809997, 366446438, 366420671, 5795232929, 366389101, 5751099884, 3138809972, 5751099883, 366376533, 366458944, 3182311228, 366447385, 4631526262, 3806430877, 2663390807, 366397057, 366375217, 4433902040]",,,,,,,,,,,,,,,,,,,,,,,,,,,,,,,,,,,,,,,,,,,,,,,,,,,,,,,,,,,,,,,,,,,,,,,,,,,,,,,,,,,,,,,,,,,,,,,,,,,,,,,,,,,,,,,,,
4,,Bưng Ông Thoàn,tertiary,906,,,tertiary,,,,,Bưng Ông Thoàn,,,,,,,"[366442751, 366386087]",,,,,,,,,,,,,,1,,,yes,,,,,,,,,,,,,,,,,,,,,,,,,,,,,,,,,,,,,,,,,,,,,,,,,,,,,,,,,,,,,,,,,,,,,,,,,,,,,,,,,,,,,,,,,,,,,,,,
4,,Cầu Calmette,tertiary,907,,,tertiary,,,,,Cầu Calmette,,,,,,,"[1767203802, 1985832649, 1767178668, 1985832570, 2044486401, 1767194040, 2044486389, 1767909383, 3335314147, 1767203803]",,,Calmette Bridge,,,,yes,,asphalt,卡尔梅特桥,,yes,,1,,,yes,,,,,3,,,,,,,,,,,,,,,,,,,,,,,,,,,,,,,,,,,,,,,,,,,,,,,,,,,,,,,,,,,,,,,,,,,,,,,,,,,,,,,,,,,,,,,,,,,
4,,Cầu Calmette,tertiary,908,,,tertiary,,,,,Cầu Calmette,,,,,,,"[1767203799, 2380787707, 1767909356, 3335314146, 3335314145, 2025938558, 1773240209, 2025938568, 1767178666, 1985832672, 1767909438]",,,Calmette Bridge,,,,yes,,asphalt,卡尔梅特桥,,yes,,1,,,yes,,,,,3,,,,,,,,,,,,,,,,,,,,,,,,,,,,,,,,,,,,,,,,,,,,,,,,,,,,,,,,,,,,,,,,,,,,,,,,,,,,,,,,,,,,,,,,,,,
4,,Trần Não,tertiary,909,,,tertiary,,,,,Trần Não,,,,,,,"[378299108, 366456143, 1497313021, 366425815, 1497313003, 366381136, 5418455040, 366460803, 1497313013, 5418455072, 366417142, 1497312985, 5418455079, 366470973, 1497312925, 5418455073, 5735415556]",,,Tran Nao,,,,yes,,,,,,,,,,,,,,,,,,,,,,,,,,,,,,,,,,,,,,,,,,,,,,,,,,,,,,,,,,,,,,,,,,,,,,,,,,,,,,,,,,,,,,,,,,,,,,,,,,,,,,,,,,
3,40.0,Quách Thị Trang,secondary,910,,,secondary,,,,,Quách Thị Trang,,,,,,,"[1588180672, 1612118726, 1612118631, 1612118604, 1612118634, 4122537310, 4122537312, 1612118745, 1605285891, 1605285358, 2592302003, 444352298, 4122537304, 2592302013, 1605285085, 1605285292, 4122537302, 1588180670, 4122537301, 4122537300, 766633241, 5140843872, 4122537299, 5140843884, 4122537316, 1612118743, 5140843894, 4122537315, 2638168581, 444352834]",,,,TL25B,,,,Liên Tỉnh lộ 25B,,,40,,,,,,,,,,,,,,,,,,,,,,,,,,,,,,,,,,,,,,,,,,,,,,,,,,,,,,,,,,,,,,,,,,,,,,,,,,,,,,,,,,,,,,,,,,,,,,,,,,,,,,
3,40.0,Lý Thái Tổ,secondary,911,,,secondary,,,,,Lý Thái Tổ,,,,,,,"[745747140, 2686826171, 2592302010, 745746960, 2686826170, 2592302015, 5599263997, 5599264009, 766466170, 1595859961]",,,,TL769,,,,Tỉnh lộ 769,,,40,,,,,,,,,,,,,,,,,,,,,,,,,,,,,,,,,,,,,,,,,,,,,,,,,,,,,,,,,,,,,,,,,,,,,,,,,,,,,,,,,,,,,,,,,,,,,,,,,,,,,,
4,,Bùi Hữu Nghĩa,tertiary,912,,,tertiary,,,,,Bùi Hữu Nghĩa,,,,,,,"[1497276493, 366432348, 5764779786, 1497276453, 366374786, 1497276439, 366381640, 366387780, 1998235277]",,Binh Thanh,Bui Huu Nghia Street,,,,,,,裴有义路,,,,,,,,,no,no,,,,,,,,,,,,,,,,,,,,,,,,,,,,,,,,,,,,,,,,,,,,,,,,,,,,,,,,,,,,,,,,,,,,,,,,,,,,,,,,,,,,,,,,,,,,,
2,,Cách Mạng Tháng Tám,primary,913,,,primary,,,,,Cách Mạng Tháng Tám,,,,,,,"[2393615146, 4100167207, 2393614152, 2393614157, 3164237717, 2393614147, 4607266228, 2393614146]",,,,,,,yes,,,,,,,,,,,,,,,,,,,,,,,,,,,,,,,,,,,,,,,,,,,,,,,,,,,,,,,,,,,,,,,,,,,,,,,,,,,,,,,,,,,,,,,,,,,,,,,,,,,,,,,,,,
4,,Tây Thạnh,tertiary,914,,,tertiary,,,,,Tây Thạnh,,,,,,,"[5719489517, 3156007495, 5719489535, 3655114320, 3655114321, 3655114324, 3655114323, 3655114318, 5719489441, 3271827669, 5719489446, 3655114530, 3655114317, 3655114529, 3655114528, 3655114526, 3655114322]",,,Tay Thanh,,,,yes,,,,,,,,,,,,,,,,,,,,,,,,,,,,,,,,,,,,,,,,,,,,,,,,,,,,,,,,,,,,,,,,,,,,,,,,,,,,,,,,,,,,,,,,,,,,,,,,,,,,,,,,,,
4,,Tây Thạnh,tertiary,915,,,tertiary,,,,,Tây Thạnh,,,,,,,"[2091954818, 2251580179, 2251580175, 3156007494, 366390133, 366473171, 3156007493, 5726976297, 366418691, 2728341918, 5735819659, 366428035, 5735819679, 5735819652, 366404610, 366424827, 366411133, 5719489536, 5735819672, 366399418, 366435398]",,,Tay Thanh,,,,yes,,,,,,,,,,,,,,,,,,,,,,,,,,,,,,,,,,,,,,,,,,,,,,,,,,,,,,,,,,,,,,,,,,,,,,,,,,,,,,,,,,,,,,,,,,,,,,,,,,,,,,,,,,
2,,Nguyễn Kiệm,primary,916,,,primary,,,,,Nguyễn Kiệm,,,,,,,"[366419576, 3198136313, 366444570, 3198136319, 5755399599, 3167052563, 366379655, 5755379363, 1394527860, 702328760]",,,,,,,yes,,,,,,,,,,,,,,,,,,,,,,,,,,,,,,,,,,,,,,,,,,,,,,,,,,,,,,,,,,,,,,,,,,,,,,,,,,,,,,,,,,,,,,,,,,,,,,,,,,,,,,,,,,
3,,,secondary_link,917,,,secondary_link,,,,,,,,,,,,"[4069466108, 4069456143, 4069456141, 4069456142, 2822307358, 5765425782]",,,,,,,yes,,,,,,,,,,,,,,,,,,,,,,,,,,,,,,,,,,,,,,,,,,,,,,,,,,,,,,,,,,,,,,,,,,,,,,,,,,,,,,,,,,,,,,,,,,,,,,,,,,,,,,,,,,
3,,,primary_link,918,,,primary_link,,,,,,,,,,,,"[2854592012, 2854592014, 2854592011, 2854592010, 4609314795]",,,,,,,yes,,,,,,,,,,,,,,,,,,,,,,,,,,,,,,,,,,,,,,,,,,,,,,,,,,,,,,,,,,,,,,,,,,,,,,,,,,,,,,,,,,,,,,,,,,,,,,,,,,,,,,,,,,
3,,Nguyễn Ảnh Thủ,secondary,919,,,secondary,,,,,Nguyễn Ảnh Thủ,,,,,,,"[366456166, 366383738, 5748776053, 366404164, 2869803758, 5750784161, 2869803752, 2869803746, 2869803747, 2869800815, 2869803735, 5750784220, 366463282, 366474757, 5750784206, 366458364, 5750784136, 366383597, 5750784196, 366470257, 3220145687, 366404312, 366372100, 5750784140, 366443411, 366420056, 2869798691, 5752848953, 366452351, 5752827275, 366449989, 5752827232, 5752849337, 5752848933, 5752848996, 366387590, 5752849002, 366425152, 366439931, 3220145954, 366431993, 5753414851, 5753415440, 366418610, 5753414875, 5753414871, 366426916, 366469173, 5753415435, 366417694, 3220146039, 3220146044, 5755254626, 3376112279]",,,Nguyen Anh Thu,,,,,,,,,,,,,,,,,,,,,,,,,,,,,,,,,,,,,,,,,,,,,,,,,,,,,,,,,,,,,,,,,,,,,,,,,,,,,,,,,,,,,,,,,,,,,,,,,,,,,,,,,,,,,,
4,,Phạm Ngũ Lão,tertiary,920,,,tertiary,,,,,Phạm Ngũ Lão,,,,,,,"[4609314796, 4603781754, 4603781755, 411918419, 3506704700, 411926483, 4616981011, 411922596, 4597097831, 4607240943, 4607240944, 3342113908, 3342113907, 4615523688, 4603761227, 4603761225, 4603761222, 5762726870, 5762711582]",Ho Chi Minh,1,,,,,no,,asphalt,,,,,,,,,,no,no,,3,,,,,,,,,,,,,,,,,,,,,,,,,,,,,,,,,,,,,,,,,,,,,,,,no,,,,,,,,,,,,,,,,,,,,,,,,,,,,,,,,,,,,,,,,,,,
2,60.0,Nguyễn Văn Linh,primary,921,,,primary,,,,,Nguyễn Văn Linh,,,,,,,"[2210777324, 2210777332, 2210777328, 2212337418, 2210777326, 2212337420, 2210780938]",,,,,,,yes,,,,60,,,,,,,,,,,,,,,,,,,,,,,,,,,,,,,,,,,,,,,,,,,,,,,,,,,,,,,,,,,,,,,,,,,,,,,,,,,,,,,,,,,,,,,,,,,,,,,,,,,,,,
4,,Nơ Trang Long,tertiary,922,,,tertiary,,,,,Nơ Trang Long,,,,,,,"[366476912, 366469312, 366385480, 3162351958, 5769514773, 5733213056, 5733213059, 5733217746, 5733213049, 5772099225, 366406551, 5733217738, 5769514843, 366441500, 5769514836, 366380436, 5769514846, 5738217728, 5738217620, 1635104045, 366414605, 5768556233, 5738217729, 366370472, 1635104056, 366415992, 5738217615, 5738217617, 5738217608, 5738217609, 5738217610, 5769516064, 5768556202, 5737979169]",,,,,,,,,,,,,,,,,,,,,,,,,,,,,,,,,,,,,,,,,,,,,,,,,,,,,,,,,,,,,,,,,,,,,,,,,,,,,,,,,,,,,,,,,,,,,,,,,,,,,,,,,,,,,,,,,
4,,Phan Văn Trị,tertiary,923,,,tertiary,,,,,Phan Văn Trị,,,,,,,"[5733213046, 5768416949, 5768416946, 5721506142, 5769514795, 366445900, 5738161180, 5738161179, 1671468777, 5768417079, 5738217765, 366467336, 5769516089, 366414951, 5738217760, 5769516073, 5769516094, 366440478, 5769516107, 5738217738, 5769516105, 5738217736, 366446450, 5738161176, 5738161214]",Ho Chi Minh,Bình Thạnh,Phan Van Tri,,,,,,,,,,,,,,,,,,,,,,,,,,,,,,,,,,,,,,,,,,,,,,,,,,,,,,,,,,,,,,,,,,,,,,,,,,,,,,,,,,,,,,,,,,,,,,,,,,,,,,,,,,,,,,
4,,Lê Quang Định,tertiary,924,,,tertiary,,,,,Lê Quang Định,,,,,,,"[5755175894, 366418591, 366457438, 5773400714, 5773400711, 5773400705, 3162348127, 366377086, 5773400725, 5773400686, 366437197, 5755149872, 366426183, 5773399941, 366432300, 5773399909, 5773399924, 5773399907, 5671875724, 366411560, 5755149899, 366402167, 5755149917, 5755149907, 366458462, 366387686, 3116339961, 366433635, 2351201590, 366423565]",,,,,,,,,,,,,,,,,,,,,,,,,,,,,,,,,,,,,,,,,,,,,,,,,,,,,,,,,,,,,,,,,,,,,,,,,,,,,,,,,,,,,,,,,,,,,,,,,,,,,,,,,,,,,,,,,
4,,Lê Quang Định,tertiary,925,,,tertiary,,,,,Lê Quang Định,,,,,,,"[5721505853, 5738102570, 5721505855, 5768556169, 5721505854, 5767581979, 5768556171, 366433540, 5767581998, 1671468755, 366447214, 5721506124, 5721506123, 366416608, 3175105775, 366412487, 5721506122, 5733269562, 5733269569, 366378027, 5733269540, 366400198]",,,,,,,,,,,,,,,,,,,,,,,,,,,,,,,,,,,,,,,,,,,,,,,,,,,,,,,,,,,,,,,,,,,,,,,,,,,,,,,,,,,,,,,,,,,,,,,,,,,,,,,,,,,,,,,,,
4,,Nguyễn Thiện Thuật,tertiary,926,,,tertiary,,,,,Nguyễn Thiện Thuật,,,,,,,"[2364059999, 411920215, 5382724127, 5382724126, 3462932131, 3164261852, 5758114505]",,,,,,,,,,,,,,,,,,,,,,,,,,,,,,,,,,,,,,,,,,,,,,,,,,,,,,,,,,,,,,,,,,,,,,,,,,,,,,,,,,,,,,,,,,,,,,,,,,,,,,,,,,,,,,,,,
2,,Nguyễn Thị Minh Khai,primary,927,,,primary,,,,,Nguyễn Thị Minh Khai,,,,,,,"[2364059996, 3160583016, 2364060002]",,,,,,,yes,,,,,,,,,,,,,,,,,,,,,,,,,,,,,,,,,,,,,,,,,,,,,,,,,,,,,,,,,,,,,,,,,,,,,,,,,,,,,,,,,,,,,,,,,,,,,,,,,,,,,,,,,,
2,,Nguyễn Thị Minh Khai,primary,928,,,primary,,,,,Nguyễn Thị Minh Khai,,,,,,,"[5762610054, 411922898, 411920948, 4604903936, 3160583017, 411924257, 411918366, 5763263836, 411922629, 4612970101, 411918706]",,,,,,,yes,,,,,,,,,,,,,,,,,,,,,,,,,,,,,,,,,,,,,,,,,,,,,,,,,,,,,,,,,,,,,,,,,,,,,,,,,,,,,,,,,,,,,,,,,,,,,,,,,,,,,,,,,,
4,,Trần Phú,tertiary,929,,,tertiary,,,,,Trần Phú,,,,,Trần Phú,,"[366416137, 5816800361, 4631150865, 4629021461, 366473174, 366466608]",,,,,,,,,,,,,,,,,,,,,,,,,,,,,,,,,,,,,,,,,,,,,,,,,,,,,,,,,,,,,,,,,,,,,,,,,,,,,,,,,,,,,,,,,,,,,,,,,,,,,,,,,,,,,,,,,
2,,Nguyễn Tri Phương,primary,930,,,primary,,,,,Nguyễn Tri Phương,,,,,,,"[2934000190, 2934000187]",,,Nguyen Tri Phuong,,,,yes,,,,,,,,,,,,,,,,,,,,,,,,,,,,,,,,,,,,,,,,,,,,,,,,,,,,,,,,,,,,,,,,,,,,,,,,,,,,,,,,,,,,,,,,,,,,,,,,,,,,,,,,,,
3,,Nguyễn Tri Phương,secondary,931,,,secondary,,,,,Nguyễn Tri Phương,,,,,,,"[2934006863, 2934006859, 2934006868, 5045757151, 5045757139, 5045757189, 2934006871, 4623078280, 3150110707, 5045757211, 4623078282, 5045757305, 5045757324, 5045757349, 5757841608, 4623078284, 2934006867, 2934006865, 2934006858, 2934006869, 2934006856, 2934006866]",,,,,,,yes,,,,,,,,,,,,,,,,,,,,,,,,,,,,,,,,,,,,,,,,,,,,,,,,,,,,,,,,,,,,,,,,,,,,,,,,,,,,,,,,,,,,,,,,,,,,,,,,,,,,,,,,,,
4,,Đường N,unclassified,932,,,unclassified,,,,,Đường N,,,,,,,"[5794916694, 1768281404, 2301108240, 2332734868, 366451376, 2934003243, 842051625]",,,Nguyen Nam,,,,,,,,,,,,,,,,,,,,,,,,,,,,,,,,,,,,,,,,,,,,,,,,,,,,,,,,,,,,,,,,,,,,,,,,,,,,,,,,,,,,,,,,,,,,,,,,,,,,,,,,,,,,,,
4,,Trần Văn Trà,tertiary,933,,,tertiary,,,,,Trần Văn Trà,,,,,Tran Van Tra,,"[5794938101, 2527497633, 366386708, 2244906871, 2527497661]",,,,,,,,,,,,,,,,,,,,,,,,,,,,,,,,,,,,,,,,,,,,,,,,,,,,,,,,,,,,,,,,,,,,,,,,,,,,,,,,,,,,,,,,,,,,,,,,,,,,,,,,,,,,,,,,,
3,,,trunk_link,934,,,trunk_link,,,,,,,,,,,,"[2936611175, 2936611176, 2936611177, 2936611178, 2936611179, 2936611180, 2936611181, 3816551657, 2936611182, 2936611183, 3816551658, 2210760506]",,,,,,,yes,,,,,,,,,,,,,,,,,,,,,,,,,,,,,,,,,,,,,,,,,,,,,,,,,,,,,,,,,,,,,,,,,,,,,,,,,,,,,,,,,,,,,,,,,,,,,,,,,,,,,,,,,,
4,,,tertiary,935,,,tertiary,,,,,,,,,,,,"[366445287, 366449648, 366443387, 366475095, 366456074, 3342113714, 2949172724, 366452191]",,,,,,,,,,,,,,,,,,,,,,,,,,,,,,,,,,,,,,,,,,,,,,,,,,,,,,,,,,,,,,,,,,,,,,,,,,,,,,,,,,,,,,,,,,,,,,,,,,,,,,,,,,,,,,,,,
4,,Đường D4,tertiary,936,,,tertiary,,,,,Đường D4,,,,,,,"[1997301769, 5800435982, 5800435997, 1997301737, 5780725236, 5780725246, 2154852419, 5780725251, 5780725245, 2154852414, 5778659769, 2154852411, 1997301760, 2347429688]",,,,,,,,,,,,,,,,,,,,,,,,,,,,,,,,,,,,,,,,,,,,,,,,,,,,,,,,,,,,,,,,,,,,,,,,,,,,,,,,,,,,,,,,,,,,,,,,,,,,,,,,,,,,,,,,,
4,,,tertiary,937,,,tertiary,,,,,,,,,,,,"[2938679171, 2938679153, 2938679145, 2938679166, 5753161684, 2938679178, 2938679143, 5753161685, 2938679180]",,,,,,,yes,,,,,,,,,,,,,,,,,,,,,,,,,,,,,,,,,,,,,,,,,,,,,,,,,,,,,,,,,,,,,,,,,,,,,,,,,,,,,,,,,,,,,,,,,,,,,,,,,,,,,,,,,,
4,,,tertiary,938,,,tertiary,,,,,,,,,,,,"[2938679182, 2938679158, 2938679136, 5753048950, 5753048954, 2938679194, 5753048952, 2938679152, 2949172725, 3149104935, 2938679179, 5753048956, 2939301402, 2938679190, 2949182370]",,,,,,,yes,,,,,,,,,,,,,,,,,,,,,,,,,,,,,,,,,,,,,,,,,,,,,,,,,,,,,,,,,,,,,,,,,,,,,,,,,,,,,,,,,,,,,,,,,,,,,,,,,,,,,,,,,,
4,,,unclassified,939,,,unclassified,,,,,,,,,,,,"[2938729561, 2938729568, 5750669934, 5750669935, 2938729567]",,,,,,,yes,,,,,,,,,,,,,,,,,,,,,,,,,,,,,,,,,,,,,,,,,,,,,,,,,,,,,,,,,,,,,,,,,,,,,,,,,,,,,,,,,,,,,,,,,,,,,,,,,,,,,,,,,,
4,,,unclassified,940,,,unclassified,,,,,,,,,,,,"[2938729564, 2938729565]",,,,,,,,,,,,,,,,,,,,,,,,,,,,,,,,,,,,,,,,,,,,,,,,,,,,,,,,,,,,,,,,,,,,,,,,,,,,,,,,,,,,,,,,,,,,,,,,,,,,,,,,,,,,,,,,,
1,50.0,Xa Lộ Hà Nội,trunk,941,,,trunk,,,,,Xa Lộ Hà Nội,,,,,,,"[1958801550, 366415574, 366400984, 366405885, 5778218394, 366464642, 1958801459, 5778615993, 366377467]",,,,QL.1,,,yes,,,,50,,,,,,,,,,,,,,,,,,,,,,,,,,,,,,,,,,,,,,,,,,,,,,,,,,,,,,,,,,,,,,,,,,,,,,,,,,,,,,,,,,,,,,,,,,,,,,,,,,,,,,
1,60.0,Xa Lộ Hà Nội,trunk,942,,,trunk,,,,,Xa Lộ Hà Nội,,,,,,,"[1958801428, 5778616011, 5778616006, 1958801433]",,,,52,,,yes,,,,60,,,,,,,,,,,,,,AH1,,,,,,,,,,,,,,,,,,,,,,,,,,,,,,,,,,,,,,,,,,,,,,,,,,,,,,,,,,,,,,,,,,,,,,,,,,,,,,,,,,,,,,,,
2,,Cầu Tân Thuận 2,primary,943,,,primary,,,,,Cầu Tân Thuận 2,,,,,,,"[1767858008, 406701350]",,,,,,,yes,,asphalt,2号新顺桥,,,,2,,,yes,,,,,3,,,,,,,,,,,,,,,,,,,,,,,,,,,,,,,,,,,,,,,,,,,,,,,,,,,,,,,,,,,,,,,,,,,,,,,,,,,,,,,,,,,,,,,,,,,
4,,Đường GS1,tertiary,944,,,tertiary,,,,,Đường GS1,,,,,,,"[2941435554, 5740745353, 5740745387, 2941435578, 5740745419]",,,,,,,,,,,,,,,,,,,,,,,,,,,,,,,,,,,,,,,,,,,,,,,,,,,,,,,,,,,,,,,,,,,,,,,,,,,,,,,,,,,,,,,,,,,,,,,,,,,,,,,,,,,,,,,,,
4,,,unclassified,945,,,unclassified,,,,,,,,,,,permissive,"[5742651972, 2942307741, 2942307753]",,,,,,,,,,,,,,,,,,,,,,,,,,,,,,,,,,,,,,,,,,,,,,,,,,,,,,,,,,,,,,,,,,,,,,,,,,,,,,,,,,,,,,,,,,,,,,,,,,,,,,,,,,,,,,,,,
4,,,unclassified,946,,,unclassified,,,,,,,,,,,permissive,"[2942307748, 2942307749, 2942307754, 2942307750, 2942307757, 2942307751, 2942307755, 2942307752, 2942307753]",,,,,,,yes,,,,,,,,,,,,,,,,,,,,,,,,,,,,,,,,,,,,,,,,,,,,,,,,,,,,,,,,,,,,,,,,,,,,,,,,,,,,,,,,,,,,,,,,,,,,,,,,,,,,,,,,,,
4,,,tertiary,947,,,tertiary,,,,roundabout,,,,,,,,"[2949182366, 2949182361, 2949182360, 2949182359, 2217928013, 2949182358, 2949182365, 2949182364, 2949182363, 2949182362, 2949182357, 2949182356, 2949182355, 2949182373, 2949182372, 2949182371, 2949182370, 2949182369, 2949182368, 2949182367, 2949182366]",,,,,,,yes,,,,,,,,,,,,,,,,,,,,,,,,,,,,,,,,,,,,,,,,,,,,,,,,,,,,,,,,,,,,,,,,,,,,,,,,,,,,,,,,,,,,,,,,,,,,,,,,,,,,,,,,,,
4,,,tertiary,948,,,tertiary,,,,,,,,,,,,"[2938679170, 2938679139, 2409487532, 2409487529, 1503295357, 5750505317, 2409487507, 1503295375, 5740356246, 5740356245, 2942307741]",,,,,,,yes,,,,,,,,,,,,,,,,,,,,,,,,,,,,,,,,,,,,,,,,,,,,,,,,,,,,,,,,,,,,,,,,,,,,,,,,,,,,,,,,,,,,,,,,,,,,,,,,,,,,,,,,,,
4,,,tertiary,949,,,tertiary,,,,,,,,,,,,"[2949182365, 2949182402, 2949182401, 2949182400, 2949182399, 2949182398, 5763116000, 2949182397, 2949182396, 5763116001, 2949182395, 2949182394, 2949182393, 2949182392, 2949182391, 5762890458]",,,,,,,yes,,,,,,,,,,,,,,,,,,,,,,,,,,,,,,,,,,,,,,,,,,,,,,,,,,,,,,,,,,,,,,,,,,,,,,,,,,,,,,,,,,,,,,,,,,,,,,,,,,,,,,,,,,
4,,Đường số 6,unclassified,950,,,unclassified,,,,,Đường số 6,,,,,,,"[366397068, 3216188978, 3216188982, 2952824784, 366386266, 366469083, 3216188998, 366414690, 2952826162, 2952824785, 5772027800, 2952824786, 2952824787, 2952824788, 2952824789, 2952824790, 3216189018, 2952824791, 5772089185, 2952824792, 5772089191, 2953642946, 5772089190, 5772089164, 2952824794, 2952824795, 2953642956, 2952824796, 2953642952, 2952824797, 2952824798, 2952824799, 5772089153, 2952824800, 2952824801, 2952824802, 5772096445]",,,Road No.6,,,,,,,,,,,,,,,,,,,,,,,,,,,,,,,,,,,,,,,,,,,,,,,,,,,,,,,,,,,,,,,,,,,,,,,,,,,,,,,,,,,,,,,,,,,,,,,,,,,,,,,,,,,,,,
4,,Tam Bình,tertiary,951,,,tertiary,,,,,Tam Bình,,,,,,,"[2952826390, 5772464409, 5772464365, 2952826392, 2952826403, 3216188951, 2952826393, 5769390107, 5769390154, 2952826394, 5769390184, 2952826395, 5769390113, 5769390142, 2952826396, 366429230]",,,Tam Binh,,,,,,,,,,,,,,,,,,,,,,,,,,,,,,,,,,,,,,,,,,,,,,,,,,,,,,,,,,,,,,,,,,,,,,,,,,,,,,,,,,,,,,,,,,,,,,,,,,,,,,,,,,,,,,
4,,Hẻm 341 Lạc Long Quân,unclassified,952,,,unclassified,,,,,Hẻm 341 Lạc Long Quân,,,,,,,"[5769345567, 366369337, 5758029917, 4550470913, 4563599755, 4563599756, 4563599754, 4563599753, 6022345234, 4217007525]",,,,,,,,,,,,,,,,,,,,,,,,,,,,,,,,,,,,,,,,,,,,,,,,,,,,,,,,,,,,,,,,,,,,,,,,,,,,,,,,,,,,,,,,,,,,,,,,,,,,,,,,,,,,,,,,,
4,,,unclassified,953,,,unclassified,,,,,,,,,,,,"[2954706550, 2954706546, 2954706547, 2954706548, 5762724085, 5762721228, 2954706549, 5753492034]",,,,,,,yes,,,,,,,,,,,,,,,,,,,,,,,,,,,,,,,,,,,,,,,,,,,,,,,,,,,,,,,,,,,,,,,,,,,,,,,,,,,,,,,,,,,,,,,,,,,,,,,,,,,,,,,,,,
3,,Phạm Văn Đồng,secondary,954,,,secondary,,,,,Phạm Văn Đồng,,,,,,,"[2493367344, 2899585761]",,,,,,,yes,,,,,,,2,,,,,,,,,,,,,,,,,,,,,,,,,,,,,,,,,,,,,,,,,,,,,,,,,,,,,,,,,,,,,,,,,,,,,,,,,,,,,,,,,,,,,,,,,,,,,,,,,,,
3,,,primary_link,955,,,primary_link,,,,,,,,,,,,"[2418505239, 2965453048, 2965453049, 2965453050, 2965453051, 2965453052, 5880487192, 3641987828]",,,,,,,yes,,,,,,,,,,,,,,,,,,,,,,,,,,,,,,,,,,,,,,,,,,,,,,,,,,,,,,,,,,,,,,,,,,,,,,,,,,,,,,,,,,,,,,,,,,,,,,,,,,,,,,,,,,
4,80.0,Đường ven hồ trung tâm,tertiary,956,,,tertiary,,,,,Đường ven hồ trung tâm,,,,,,,"[5238045561, 4508052534, 2965462041, 2965462040, 2965462039, 4508052527, 4952626067, 4952626066, 4508052526, 1519421392, 4508052525, 4508052524, 4508052523, 4508052522, 5740460913, 4508052521, 4508052520, 4508052519, 4508052518, 4508052517, 4952626222, 4508052516, 4066896505, 4907667982, 4952626245, 4952626257, 4952626242, 4952626256, 4952626238, 4952626255, 4952626254, 4508052535, 4952626232, 4952626248, 4952626241, 2692325276]",,,,,,,,,asphalt,,80,,,,,,,,,,,3,,secondary,,,,,,,,,,,,,,,,,,,,,,,,,,,,,,,,,,,,,,,,,,,,,,,,,,,,,,,,,,,,,,,,,,,,,,,,,,,,,,,,,,,,,,,,,
4,,Nguyễn Văn Nghi,tertiary,957,,,tertiary,,,,,Nguyễn Văn Nghi,,,,,,,"[2968005676, 5724515849, 366428121, 5793427581, 5724515850, 737167482, 3138804690]",,,,,,,no,,,,,,,,,,,,,,,,,,,,,,,,,,,,,,,,,,,,,,,,,,,,,,,,,,,,,,,,,,,,,,,,,,,,,,,,,,,,,,,,,,,,,,,,,,,,,,,,,,,,,,,,,,
1,120.0,Cao tốc TP. Hồ Chí Minh - Long Thành - Dầu Giây,motorway,958,,,motorway,,,,,Cao tốc TP. Hồ Chí Minh - Long Thành - Dầu Giây,,,,,,yes,"[2592830366, 5963818574, 5963818576, 3056721903, 2592830371, 2592830373, 2592830375, 5963818569, 2592830378, 3233979651, 3233979652, 3246076435, 3246076436, 3246076437]",,,,,,,yes,,,,120,,,2,,,yes,,,,,2,,,,,,,,,,,,,,,,,,,,,,,,,,,,,,,,,,,,,,,,,,,,,,,,,,,,,,,,,,,,,,,,,,,,,,,,,,,,,All,60,,,,,,,,,,,,,
1,120.0,Cao tốc TP. Hồ Chí Minh - Long Thành - Dầu Giây,motorway,959,,,motorway,,,,,Cao tốc TP. Hồ Chí Minh - Long Thành - Dầu Giây,,,,,,,"[2975892377, 5735829333, 4001387412, 2592845374, 5735829392, 4001387413, 2592845470, 4001387415, 2592845377]",,,,,,,yes,,asphalt,,120,no,no,2,,,yes,,,,no,2,,,,,,,,,,,,,,,,,,,,,,,Cầu Long Thành,,,,yes,,,,,,,,,,,,,,,,,,,,,,,,,,,,,,,,,,,,,,,,,,,,,,,,,,,60,,,,,,,,,,,,,
1,,Đường Cao tốc Tp. Hồ Chí Minh-Long Thành-Dầu Giây,motorway,960,,,motorway,,,,,Đường Cao tốc Tp. Hồ Chí Minh-Long Thành-Dầu Giây,,,,,Đường Cao tốc Tp. Hồ Chí Minh-Long Thành-Dầu Giây,,"[2975892378, 2592830362, 2592830364, 5963818571, 2592830366]",,,Ho Chi Minh City-Long Thanh-Dau Giay Expressway,,,,yes,,,胡志明市-隆城-油移高速公路,,,,2,,,,,,,,,,,,,,,,,,,,,,,,,,,,,,,,,,,,,,,,,,,,,,,,,,,,,,,,,,,,,,,,,,,,,,,,,,,,,,,,,,,,,,,,,,,,,,,,,,,
1,120.0,Cao tốc TP. Hồ Chí Minh - Long Thành - Dầu Giây,motorway,961,,,motorway,,,,,Cao tốc TP. Hồ Chí Minh - Long Thành - Dầu Giây,,,,,,,"[4690304808, 2592830356, 4001387414, 2592830359, 2975892378]",,,,,,,yes,,asphalt,,120,,,2,,,yes,,,,,2,,,,,,,,,,,,,,,,,,,,,,,Cầu Long Thành,,,,,,,,,,,,,,,,,,,,,,,,,,,,,,,,,,,,,,,,,,,,,,,,,,,,,,,60,,,,,,,,,,,,,
3,,Thành Thái,secondary,962,,,secondary,,,,,Thành Thái,,,,,,,"[2934006866, 2433653223]",,,Thanh Thai,,,,yes,,,,,,,,,,,,,,,,,,,,,,,,,,,,,,,,,,,,,,,,,,,,,,,,,,,,,,,,,,,,,,,,,,,,,,,,,,,,,,,,,,,,,,,,,,Thành Thái,4.6,,,,,,,,,,,,,,,
4,,Thành Thái,tertiary,963,,,tertiary,,,,,Thành Thái,,,,,,,"[5892098006, 2999030270]",,,Thanh Thai,,,,yes,,,,,,,,,,,,,,,,,,,,,,,,,,,,,,,,,,,,,,,,,,,,,,,,,,,,,,,,,,,,,,,,,,,,,,,,,,,,,,,,,,,,,,,,,,,4.6,,,,,,,,,,,,,,,
3,,Thành Thái,primary_link,964,,,primary_link,,,,,Thành Thái,,,,,,,"[2999030272, 2999030273, 2999030267, 5892098005]",,,,,,,yes,,,,,,,,,,,,,,,,,,,,,,,,,,,,,,,,,,,,,,,,,,,,,,,,,,,,,,,,,,,,,,,,,,,,,,,,,,,,,,,,,,,,,,,,,,,,,,,,,,,,,,,,,,
3,,,primary_link,965,,,primary_link,,,,,,,,,,,,"[5778872966, 2999040632, 4629703858, 4629703859]",,,,,,,yes,,,,,,,,,,,,,,,,,,,,,,,,,,,,,,,,,,,,,,,,,,,,,,,,,,,,,,,,,,,,,,,,,,,,,,,,,,,,,,,,,,,,,,,,,,Thành Thái,,,,,,,,,,,,,,,,
4,,Raymondienne,unclassified,966,,,unclassified,,,,,Raymondienne,,,,,,,"[2527497627, 5789152248, 5789152247, 5789152249, 2146838302, 1997301795]",,,Raymondienne,,,,no,,,,,,,,,,,,,,,4,,,,,,,,,,,,,,,,,,,,,,,,,,,,,,,,,,,,,,,,,,,,,,,,,,,,,,,,,,,,,,,,,,,,,,,,,,,,,,,,,,,,,,,,,,,
2,,Hoàng Văn Thụ,primary,967,,,primary,,,,,Hoàng Văn Thụ,,,,,,,"[3806810443, 3806810444, 2233772196, 2233748925, 5765334898, 2081753689, 2233756575]",,,,,,,yes,,,,,,,,,,,,,,,,,,,,,,,,,,,,,,,,,,,,,,,,,,,,,,,,,,,,,,,,,,,,,,,,,,,,,,,,,,,,,,,,,,,,,,,,,,,,,,,,,,,,,,,,,,
3,,,primary_link,968,,,primary_link,,,,,,,,,,,,"[3014433881, 3014455199, 3014455198, 3014455200, 3014433882]",,,,,,,yes,,,,,,,,,,,,,,,,,,,,,,,,,,,,,,,,,,,,,,,,,,,,,,,,,,,,,,,,,,,,,,,,,,,,,,,,,,,,,,,,,,,,,,,,,,,,,,,,,,,,,,,,,,
4,,Trường Sa,tertiary,969,,,tertiary,,,,,Trường Sa,,,,,,,"[1497276435, 1998781532, 1998235357]",,,,,,,no,,,,,,,,,,,,,,,,,,,,,,,,,,,,,,,,,,,,,,,,,,,,,,,,,,,,,,,,,,,,,,,,,,,,,,,,,,,,,,,,,,,,,,,,,,,,,,,,,,,,,,,,,,
4,,Trường Sa,tertiary,970,,,tertiary,,,,,Trường Sa,,,,,,,"[3285275358, 2230563433, 1998235280, 5767300567, 366367451, 3717158270, 366439851, 366392773, 366460515, 366465987, 366421972, 1998235248, 366401455, 3415437370, 5767300405, 366387388, 366429577, 366385638, 5350664463, 3415437371, 366479295, 3415437372, 2231265590, 366406424, 366400189, 3415439421, 366477562, 3415439857, 366452968, 3717158258, 366456481, 1998781635, 366400528, 3415439858, 366419844, 3415439856, 3415439855, 366468183, 2686613220, 366378988]",,,Truong Sa Road,,,,no,,,长沙路,,,,,,,,,,,,,,,,,,,,,,,,,,,,,,,,,,,,,,,,,,,,,,,,,,,,,,,,,,,,,,,,,,,,,,,,,,,,,,,,,,,,,,,,,,,,,,,,,,,,,,,
3,,,secondary,971,,,secondary,,,,,,,,,,,,"[5806275363, 1614573719, 5346676291, 5767300684, 1614573689, 5346676298, 5303276217, 366391641, 366423736, 366464356, 3632311808, 366404559, 366468571, 4690647097, 366402544, 3632311804, 366479048, 366430660, 4568796759, 366451514]",,,,18,,,,,,,,,,,,,,,,,,,,,,,,,,,,,,,,,,,,,,,,,,,,,,,,,,,,,,,,,,,,,,,,,,,,,,,,,,,,,,,,,,,,,,,,,,,,,,,,,,,,,,,,,,,,,
3,,Hương lộ 10,secondary,972,,,secondary,,,,,Hương lộ 10,,,,,,,"[366451514, 366442073, 4986046125, 366427768, 366476931, 5764885538, 366469605, 5764804999, 5764805160, 3632310723, 5764805038, 5764805003, 5764805043, 5764805039, 366397351, 5764805011, 5764785931, 2871790722, 5764805186, 5764898237, 366428941, 5764885544, 5764805163, 5764804980, 366437807]",,,,HL 10,,,,,,,,,,,,,,,,,,,,,,,,,,,,,,,,,,,,,,,,,,,,,,,,,,,,,,,,,,,,,,,,,,,,,,,,,,,,,,,,,,,,,,,,,,,,,,,,,,,,,,,,,,,,,
1,60.0,Mai Chí Thọ,trunk,973,,,trunk,,,,,Mai Chí Thọ,,,,,,,"[714480480, 4066405825, 714480383, 4066405826, 714480647, 4066405830, 714480596, 4066405828, 714480526, 1833373666, 714480470, 714480430, 1833373654, 714480381, 2275303211, 3234394776]",,,,,,,yes,,,,60,,,,,,,,,,,3,yes,,,,,,,,,,,,,,,,,,,,,,,,,,,,,,,,,,,,,,,,,,,,,,,,,,,,,,,,,,,,,,,,,,,,,,,,,,,,,,,,,,,,,,,,,,
3,,Quốc lộ 1,trunk_link,974,,,trunk_link,,,,,Quốc lộ 1,,,,,,,"[1500226605, 1500226593, 4066503714, 1500226579, 1500226567, 4066503715, 1500226547]",,,,QL 1,,,,,,,,,,,,,,,,,,,,,,,,,,,,,,,,,,,,,,,,,,,,,,,,,,,,,,,,,,,,,,,,,,,,,,,,,,,,,,,,,,,,,,,,,,,,,,,,,,,,,,,,,,,,,
2,,Hoàng Diệu,primary,975,,,primary,,,,,Hoàng Diệu,,,,,,,"[366408252, 2027773690, 3171491270, 1767234732, 1767235000, 1768404084, 2305201705, 2305201711]",Ho Chi Minh,4,,,,,yes,,,,,,,,,,,,,,,,,,,,,,,,,,,,,,,,,,,,,,,,,,,,,,,,,,,,,,,,,,,,,,,,,,,,,,,,,,,,,,,,,,,,,,,,,,,,,,,,,,,,,,,,,,
4,,Đường D2,unclassified,976,,,unclassified,,,,,Đường D2,,,,,,,"[5722292370, 3037240436, 5757838445, 5920728591, 3037240435]",,,,,,,yes,,,,,,,,,,,,,,,,,,,,,,,,,,,,,,,,,,,,,,,,,,,,,,,,,,,,,,,,,,,,,,,,,,,,,,,,,,,,,,,,,,,,,,,,,,,,,,,,,,,,,,,,,,
1,80.0,Đường Cao tốc Tp. Hồ Chí Minh-Long Thành-Dầu Giây,motorway,977,,,motorway,,,,,Đường Cao tốc Tp. Hồ Chí Minh-Long Thành-Dầu Giây,,,,,Đường Cao tốc Tp. Hồ Chí Minh-Long Thành-Dầu Giây,yes,"[2592830384, 5963137820, 5963137818, 5963137817, 2657236603, 3403562459]",,,Ho Chi Minh City-Long Thanh-Dau Giay Expressway,CT01,,,yes,,,胡志明市-隆城-油移高速公路,80,,,,,,,,,,,2,,motorway,,,,,,,,,,,,,,,,,,,,,,,,,,,,,,,,,,,,,,,,,,,,,,,,,,,,,,,,,,,,,,,,,,,,,,,,,,,All,,,,,,,,,,,,,,
4,,Tân Vĩnh,unclassified,978,,,unclassified,,,,,Tân Vĩnh,,,,,,,"[3040289479, 3040289483, 1987340002, 1780010830, 1992606661, 2026784419, 1777960204, 2026784433, 746617465]",,,Tan Vinh,,,,no,,,,,,,,,,,,,,,,,,,,,,,,,,,,,,,,,,,,,,,,,,,,,,,,,,,,,,,,,,,,,,,,,,,,,,,,,,,,,,,,,,,,,,,,,,,,,,,,,,,,,,,,,,
4,,,tertiary,979,,,tertiary,,,,,,,,,,,,"[1497313079, 5418455067, 2623026566, 366444984]",,,,,,,no,,,,,,,,,,,,,,,,,,,,,,,,,,,,,,,,,,,,,,,,,,,,,,,,,,,,,,,,,,,,,,,,,,,,,,,,,,,,,,,,,,,,,,,,,,,,,,,,,,,,,,,,,,
3,30.0,,trunk_link,980,,,trunk_link,,,,,,,,,,,,"[3058532709, 1834117021, 1834117017, 1834117009, 1834117005, 1834116971, 1834116966, 1834116959, 1834116941, 1834116927, 4066306776, 1834116879, 1834116872]",,,,A,,,yes,,,,30,,,1,,,yes,,,,,,,,,,,,,,,,,,,,,,,,,,,,,,,,,,,,,,,,,,,,,,,,,,,,,,,,,,,,,,,,,,,,,,,,,,,,,,,,,,,,,,,,,,,,,,,,
4,,Trần Quang Khải,tertiary,981,,,tertiary,,,,,Trần Quang Khải,,,,,,,"[411926343, 411926241, 411918153, 411917986, 411921646, 411926140]",,,,,,,,,,,,,,,,,,,,,,,,,,,,,,,,,,,,,,,,,,,,,,,,,,,,,,,,,,,,,,,,,,,,,,,,,,,,,,,,,,,,,,,,,,,,,,,,,,,,,,,,,,,,,,,,,
2,,Nam Kỳ Khởi Nghĩa,primary,982,,,primary,,,,,Nam Kỳ Khởi Nghĩa,,,,,,,"[2036141704, 2036141730, 411926532]",,,,,,,yes,,,,,,,,,,,,,,,,,,,,,,,,,,,,,,,,,,,,,,,,,,,,,,,,,,,,,,,,,,,,,,,,,,,,,,,,,,,,,,,,,,,,,,,,,,,,,,,,,,,,,,,,,,
4,,,tertiary_link,983,,,tertiary_link,,,,,,,,,,,,"[3081156047, 5593946363, 5593946364, 5593946365, 5593946366, 5593946362, 5593946367, 5593946368, 5593946369, 5593946370, 3081156049]",,,,,,,yes,,,,,,,,,,,,,,,,,,,,,,,,,,,,,,,,,,,,,,,,,,,,,,,,,,,,,,,,,,,,,,,,,,,,,,,,,,,,,,,,,,,,,,,,,,,,,,,,,,,,,,,,,,
4,30.0,Kênh Tân Hoá,tertiary,984,,,tertiary,,,,,Kênh Tân Hoá,,,,,,,"[3806810006, 4538839122, 3806810034, 3806810043, 4538839123, 3806810132, 5769345553]",,,,,,,,,asphalt,,30,,,,,,,,,,,,,,,,,,,,,,,,,,,,,,,,,,,,,,,,,,,,,,,,,,,,,,,,,,,,,,,,,,,,,,,,,,,,,,,,,,,,,,,,,,,,,,,,,,,,,,
4,,Võ Văn Tần,tertiary,985,,,tertiary,,,,,Võ Văn Tần,,,,,,,"[4604865410, 411924251, 411924582, 411924562, 411921863, 4604920479, 411921157, 411920780, 411925620, 411925913]",,,Vo Van Tan,,,,,,,,,,,,,,,,,,,,,,,,,,,,,,,,,,,,,,,,,,,,,,,,,,,,,,,,,,,,,,,,,,,,,,,,,,,,,,,,,,,,,,,,,,,,,,,,,,,,,,,,,,,,,,
4,,Nguyễn Ðình Chiểu,tertiary,986,,,tertiary,,,,,Nguyễn Ðình Chiểu,,,,,Nguyễn Ðình Chiểu,,"[2393614152, 411925765, 5763263834, 411918386, 3167004171, 4649999510, 411918700, 4627745553, 4627742716, 5763263953, 411920483, 5763263852, 411924561, 4607499383, 5763263851, 5763263832, 5763263831, 411922702, 4607549727, 5764789632, 4899423023, 411921846, 3167004172, 411923488, 411924537, 411924316, 411923251, 411923168, 411922744, 5764789631, 411924323, 5764789630, 411918472, 411923852, 411920294, 5764789629, 411918736, 5764789628, 5764789627, 5764789626, 5762610094]",,,Nguyen Dinh Chieu Street,,,,yes,,,,,,,,,,,,,,,,,,,,,,,,,,,,,,,,,,,,,,,,,,,,,,,,,,,,,,,,,,,,,,,,,,,,,,,,,,,,,,,,,,,,,,,,,,,,,,,,,,,,,,,,,,
4,,Võ Văn Tần,tertiary,987,,,tertiary,,,,,Võ Văn Tần,,,,,,,"[411925913, 411926324, 411925854, 411926282, 411924321, 411925704, 411925807, 411918681, 411918679, 411926469]",,,Vo Van Tan,,,,,,,,,,,,,,,,,,,,,,,,,,,,,,,,,,,,,,,,,,,,,,,,,,,,,,,,,,,,,,,,,,,,,,,,,,,,,,,,,,,,,,,,,,,,,,,,,,,,,,,,,,,,,,
4,,,tertiary,988,,,tertiary,,,,,,,,,,,private,"[2302073741, 4074705333, 4074702171, 4074724631, 4074702240, 4074722837, 2964357825, 2964357828, 4774007052, 4074719908, 4074720677, 3088844992, 4074720686, 3088844993]",,,,,,,,,asphalt,,,,,,,,,,,,,,,,,,,,,,,,,,,,,,,,,,,,,,,,,,,,,,,,,,,,,,,,,,,,,,,,,,,,,,,,,,,,,,,,,,,,,,,,,,,,,,,,,,,,,,,,
4,,Nguyễn Thị Nhỏ,tertiary,989,,,tertiary,,,,,Nguyễn Thị Nhỏ,,,,,,,"[5765289876, 3088859052, 3088859053, 3088859054, 3088859055]",,,,,,,yes,,,,,,,,,,,,,,,,,,,,,,,,,,,,,,,,,,,,,,,,,,,,,,,,,,,,,,,,,,,,,,,,,,,,,,,,,,,,,,,,,,,,,,,,,,,,,,,,,,,,,,,,,,
4,,Nguyễn Thị Nhỏ,tertiary,990,,,tertiary,,,,,Nguyễn Thị Nhỏ,,,,,,,"[5765289876, 5765289877, 3150112491, 5765289878, 5765384643, 5765289879, 5765384641, 5765289880, 5765289881, 5765289884, 5765289885, 5765289886, 5765289887, 5765289888, 5765289906]",,,,,,,no,,,,,,,,,,,,,,,,,,,,,,,,,,,,,,,,,,,,,,,,,,,,,,,,,,,,,,,,,,,,,,,,,,,,,,,,,,,,,,,,,,,,,,,,,,,,,,,,,,,,,,,,,,
4,,Thống Nhất,tertiary,991,,,tertiary,,,,,Thống Nhất,,,,,,,"[366376094, 366376364, 5736013557, 5736013558, 3342343909, 5894559615, 5736013559, 5769558628, 5769558605, 370818151]",,,,,,,,,,,,,,,,,,,,,,,,,,,,,,,,,,,,,,,,,,,,,,,,,,,,,,,,,,,,,,,,,,,,,,,,,,,,,,,,,,,,,,,,,,,,,,,,,,,,,,,,,,,,,,,,,
4,,Kha Vạn Cân,tertiary,992,,,tertiary,,,,,Kha Vạn Cân,,,,,,,"[366452505, 366465110, 366455881, 2493362991, 366405250, 366368866, 2984626142, 366386881, 366370205, 366385395, 366370579, 762368942, 366431795, 366393184, 4068001378, 366464035]",,,Kha Van Can,,,,,,,,,,,,,,,,,,,,,secondary,,,,,,,,,,,,,,,,,,,,,,,,,,,,,,,,,,,,,,,,,,,,,,,,,,,,,,,,,,,,,,,,,,,,,,,,,,,,,,,,,,,,,,,,,
4,,Kha Vạn Cân,tertiary,993,,,tertiary,,,,,Kha Vạn Cân,,,,,,,"[5750623182, 1958801266, 1958801265, 366385246, 4068001381, 366415536, 4068001380, 366429442, 4068001379, 849260517, 366421360, 4068001377, 366464035]",,,,,,,yes,,,,,,,,,,,,,,,,,,,,,,,,,,,,,,,,,,,,,,,,,,,,,,,,,,,,,,,,,,,,,,,,,,,,,,,,,,,,,,,,,,,,,,,,,,,,,,,,,,,,,,,,,,
4,,Hiệp Bình,tertiary,994,,,tertiary,,,,,Hiệp Bình,,,,,,,"[366464035, 366456937, 366390296, 5750511769, 366438230, 366423527, 366429992, 4049955343, 3727355772, 5752773316, 366387708, 3118891620, 366447948, 5752775062, 5752775028, 366442085, 5752773311, 366380969, 366425139, 3137388751, 366448278, 366447283, 5752827865, 5751160690]",,,Hiep Binh,,,,,,,,,,,,,,,,,,,,,,,,,,,,,,,,,,,,,,,,,,,,,,,,,,,,,,,,,,,,,,,,,,,,,,,,,,,,,,,,,,,,,,,,,,,,,,,,,,,,,,,,,,,,,,
1,60.0,Cầu Sài Gòn 2,trunk,995,,,trunk,,,,,Cầu Sài Gòn 2,,,,,,,"[2659114286, 4066357029, 4066319865, 4066319864, 4066319863, 4066355290, 4066319853, 4066319854, 4066319855, 4066319856, 3057506130, 2361894737]",,,,,,,yes,,asphalt,,60,,no,2,,,yes,,,,,,,,,,,,,,,,,,,,,,,,,,,,,,,,,,,,,,,,,,,,,,,,,,,,,,,,,,,,,,,,,,,,,,,,,,,,,,,,,,,,,,,,,,,,,,,,
2,60.0,Cầu Sài Gòn 2,primary,996,,,primary,,,,,Cầu Sài Gòn 2,,,,,,,"[2659114287, 4066363892, 4066319861, 4066392267, 4066319866, 4066319862, 4066319857, 4066319859, 4066319858, 4066319860, 2028465952, 2361894737]",,,,,,,yes,,,,60,,,2,,,yes,,,,,,,,,,,,,,,,,,,,,,,,,,,,,,,,,,,,,,,,,,,,,,,,,,,,,,,,,,,,,,,,,,,,,,,,,,,,,,,,,,,,,,,,,,,,,,,,
2,,Hai Bà Trưng,primary,997,,,primary,,,,,Hai Bà Trưng,,,,,,,"[411926523, 411926465, 411925826, 3167010079, 411918249, 2230280818, 411918564, 411926477]",,,,,,,,,,,,,,,,,,,,,,,,,,,,,,,,,,,,,,,,,,,,,,,,,,,,,,,,,,,,,,,,,,,,,,,,,,,,,,,,,,,,,,,,,,,,,,,,,,,,,,,,,,,,,,,,,
2,,Nguyễn Oanh,primary,998,,,primary,,,,,Nguyễn Oanh,,,,,,,"[3129476042, 5939097366, 2466118980, 5752826002, 3168055838, 5752825940, 2466118956, 4461950367, 4447328624, 5753314612, 5948832472, 4447328628, 5753314603, 366419307, 5753314604, 5151366694]",,,,,,,yes,,,,,,,,,,,,,,,,,,,,,,,,,,,,,,,,,,,,,,,,,,,,,,,,,,,,,,,,,,,,,,,,,,,,,,,,,,,,,,,,,,,,,,,,,,,,,,,,,,,,,,,,,,
3,,,primary_link,999,,,primary_link,,,,,,,,,,,,"[366397954, 4067981423, 2965453060, 2965453061, 3641987814, 2965453062, 2965453063, 2965453064, 5742410688]",,,,,,,yes,,,,,,,,,,,,,,,,,,,,,,,,,,,,,,,,,,,,,,,,,,,,,,,,,,,,,,,,,,,,,,,,,,,,,,,,,,,,,,,,,,,,,,,,,,,,,,,,,,,,,,,,,,
4,,,unclassified,1000,,,unclassified,,,,,,,,,,,,"[3137602602, 3137602604]",,,,,,,,,,,,,,1,,,yes,,,,,,,,,,,,,,,,,,,,,,,,,,,,,,,,,,,,,,,,,,,,,,,,,,,,,,,,,,,,,,,,,,,,,,,,,,,,,,,,,,,,,,,,,,,,,,,,
4,,,unclassified,1001,,,unclassified,,,,,,,,,,,,"[2217934747, 366436136, 5762750241, 366425571, 366429180, 2938679192, 5762750249, 366418465, 366417357, 366454330, 366404846, 2940783498, 366466154, 366462163, 2940783500, 366382461, 366464486, 366445262, 366456240, 2948303248, 366450210, 2948303251, 366473149, 5765436133, 5765436140, 5762750256, 366373024, 366453474, 5765076450, 2946995085, 2946995054, 2946995055, 2946995056, 5765079456, 5765079453, 2946995057, 2946995058, 3164002581, 5765436070, 5765436107, 3334343870]",,,,,,,,,,,,,,,,,,,,,,,,,,,,,,,,,,,,,,,,,,,,,,,,,,,,,,,,,,,,,,,,,,,,,,,,,,,,,,,,,,,,,,,,,,,,,,,,,,,,,,,,,,,,,,,,,
4,,,unclassified,1002,,,unclassified,,,,,,,,,,,,"[2938681601, 3149104935, 3149104934, 3149104933, 3149104932, 3149104931, 3149104930, 3149104929, 3149096728, 3149096727, 3149096726, 4828147822, 3149096725, 3149096724, 3149096723, 3149096722, 4765763151, 3149096721, 3149096720, 3149096719, 5753090655, 3149096718, 5753161664, 3149096717, 3149096716, 5753090657, 5753090656, 3149096715, 4837895725, 3149096714, 3149096713]",,,,,,,yes,,,,,,,,,,,,,,,,,,,,,,,,,,,,,,,,,,,,,,,,,,,,,,,,,,,,,,,,,,,,,,,,,,,,,,,,,,,,,,,,,,,,,,,,,,,,,,,,,,,,,,,,,,
2,,Vòng xoay,primary,1003,,,primary,,,,roundabout,Vòng xoay,,,,,,,"[3170153787, 3170153778, 3170153790, 4067973624, 4448584537, 2493364037, 5719317997, 4067973619, 3170153780, 3170153788, 3170153781, 4067973620, 3170153783, 4067973621, 4067973622, 4067973623, 2493366320, 3170153791, 3170153789, 2493362975, 3170153785, 2493363844, 3170153787]",,,,,,,yes,,,,,,,,,,,,,,,,,,,,,,,,,,,,,,,,,,,,,,,,,,,,,,,,,,,,,,,,,,,,,,,,,,,,,,,,,,,,,,,,,,,,,,,,,,,,,,,,,,,,,,,,,,
4,,Phan Văn Trị,tertiary,1004,,,tertiary,,,,,Phan Văn Trị,,,,,,,"[4448584537, 3642386254, 5738447125, 5738447126, 4631562535, 5719317999]",,,,,,,yes,,,,,,,,,,,,no,no,,,,,,,,,,,,,,,,,,,,,,,,,,,,,,,,,,,,,,,,,,,,,,,,,,,,,,,,,,,,,,,,,,,,,,,,,,,,,,,,,,,,,,,,,,,,,
1,120.0,Cao tốc TP. Hồ Chí Minh - Long Thành - Dầu Giây,motorway,1005,,,motorway,,,,,Cao tốc TP. Hồ Chí Minh - Long Thành - Dầu Giây,,,,,,,"[3032866819, 2592845390, 2592845378, 5963818570, 2592845420, 2592845381, 2592845384]",,,,,,,yes,,asphalt,,120,no,no,2,,,yes,,,,no,2,,,,,,,,,,,,,,,,,,,,,,,,,,,yes,,,,,,,,,,,,,,,,,,,,,,,,,,,,,,,,,,,,,,,,,,,,,,,,,,,,,,,,,,,,,,,,
1,80.0,Cao tốc TP. Hồ Chí Minh - Long Thành - Dầu Giây,motorway,1006,,,motorway,,,,,Cao tốc TP. Hồ Chí Minh - Long Thành - Dầu Giây,,,,,,,"[2592845384, 3056721902]",,,,,,,yes,,asphalt,,80,no,no,2,,,yes,,,,no,2,,,,,,,,,,,,,,,,,,,,,,,,,,,yes,,,,,,,,,,,,,,,,,,,,,,,,,,,,,,,,,,,,,,,,,,,,,,,,,,,,,,,,,,,,,,,,
1,60.0,Đường Cao tốc Tp. Hồ Chí Minh-Long Thành-Dầu Giây,motorway,1007,,,motorway,,,,,Đường Cao tốc Tp. Hồ Chí Minh-Long Thành-Dầu Giây,,,,,Đường Cao tốc Tp. Hồ Chí Minh-Long Thành-Dầu Giây,,"[3056721902, 5963818575, 5963818573, 2592845383]",,,Ho Chi Minh City-Long Thanh-Dau Giay Expressway,CT01,,,yes,,asphalt,,60,no,no,2,,,yes,,,,no,2,,,,,,,,,,,,,,,,,,,,,,,,,,,yes,,,,,,,,,,,,,,,,,,,,,,,,,,,,,,,,,,,,,,,,,,,,,,,,,,,,,,,,,,,,,,,,
4,,Trường Sa,tertiary,1008,,,tertiary,,,,,Trường Sa,,,,,,,"[3734437567, 411919230, 411919231, 3758592384, 411919232, 411919226, 411919276, 2722861550, 411919275, 411919274, 411919272, 411919271, 411919269, 411919228, 411919063, 411919287, 411919289, 411919290, 411919284, 2929935006, 411919312, 411919314, 411919307, 411919309, 411919308, 411919305, 411919301, 4643948226, 411919264, 411919265, 411919172, 2332689271, 411919127, 411919129, 411919128, 411919112, 411919113, 411919116, 2081881155, 411919109, 411920441, 2081880959, 411919122, 411919119, 2164852619, 2164852620, 2173080033, 411921702, 411919291, 411919170, 3798940838, 727568376, 411918717, 411919167, 4954046679, 5769510055, 726686173, 3463112612, 3463112613, 2081881501, 727568359, 5769486903, 727568354, 3463112616, 366462923, 366378162, 3463112619, 2081881257, 366466529, 2081881534, 2081881351, 2081881032, 366478601, 727571939, 366475971, 2081881411, 3463112641, 2081881366, 2081881244, 366458659, 366408120, 366476402, 366367996, 366418160, 6015565838, 4706741309, 726686193, 2081881039, 2081881163, 366434351, 5769467956, 2822151227, 366428749, 5349532715, 2081881511, 2081881066, 2822154902, 366459932, 2822154936, 366413808, 2081881503, 5349532962, 2081881482, 2822152672, 366470806, 726686207, 6151401311, 4961428518, 6151468200, 2081881078, 2081881404, 2081880986, 2081881326, 726686198, 726686200, 2081881302, 726686188, 2081880950, 726686190, 2081881060, 726686192, 2081881352, 2081881442, 4879063680, 5765292378]",,,Truong Sa Road,,,,yes,,,长沙路,,,,,,,,,,,,,,,,,,,,,,,,,,,,,,,,,,,,,,,,,,,,,,,,,,,,,,,,,,,,,,,,,,,,,,,,,,,,,,,,,,,,,,,,,,,,,,,,,,,,,,,
4,,,unclassified,1009,,,unclassified,,,,,,,,,,,,"[3217666086, 5769446775, 5769446770, 5769447261, 3217666102, 5757534210]",,,,,,,,,,,,,,,,,,,,,,,,,,,,,,,,,,,,,,,,,,,,,,,,,,,,,,,,,,,,,,,,,,,,,,,,,,,,,,,,,,,,,,,,,,,,,,,,,,,,,,,,,,,,,,,,,
4,,Thạnh Lộc 29,tertiary,1010,,,tertiary,,,,,Thạnh Lộc 29,,,,,,,"[3217904585, 3342273878, 5755332280, 3218507239, 3218507238, 4788273397]",,,,,,,,,,,,,,,,,,,,,,,,,,,,,,,,,,,,,,,,,,,,,,,,,,,,,,,,,,,,,,,,,,,,,,,,,,,,,,,,,,,,,,,,,,,,,,,,,,,,,,,,,,,,,,,,,
2,,,primary,1011,,,primary,,,,,,,,,,,,"[3217904597, 5742932295, 5742932288, 5742932284, 3217904594, 5750834798, 3217904596, 5750834797, 3217904599, 5750834791, 3217904601]",,,,,,,yes,,,,,,,,,,,,,,,,,,,,,,,,,,,,,,,,,,,,,,,,,,,,,,,,,,,,,,,,,,,,,,,,,,,,,,,,,,,,,,,,,,,,,,,,,,,,,,,,,,,,,,,,,,
2,,Hà Huy Giáp,primary,1012,,,primary,,,,,Hà Huy Giáp,,,,,,,"[366429651, 5755332319, 366477808]",,,Ha Huy Giap,,,,,,,,,,,,,,,,,,,,,,,,,,,,,,,,,,,,,,,,,,,,,,,,,,,,,,,,,,,,,,,,,,,,,,,,,,,,,,,,,,,,,,,,,,,,,,,,,,,,,,,,,,,,,,
4,,Thạnh Lộc 29,unclassified,1013,,,unclassified,,,,,Thạnh Lộc 29,,,,,,,"[3218507240, 3218507241]",,,,,,,,,,,,,,1,,,yes,,,,,,,,,,,,,,,,,,,,,,,,,,,,,,,,,,,,,,,,,,,,,,,,,,,,,,,,,,,,,,,,,,,,,,,,,,,,,,,,,,,,,,,,,,,,,,,,
1,80.0,Mai Chí Thọ,trunk,1014,,,trunk,,,,,Mai Chí Thọ,,,,,,,"[3234394776, 714480645, 1519422343]",,,Mai Chi Tho Boulevard,,,,yes,,,,80,,,,,,,,,,,3,yes,,,,,,,,,,,,,,,,,,,,,,,,,,,,,,,,,,,,,,,,,,,,,,,,,,,,,,,,,,,,,,,,,,,,,,,,,,,,,,,,,,,,,,,,,,
4,,Nguyễn Thông,unclassified,1015,,,unclassified,,,,,Nguyễn Thông,,,,,,,"[411926229, 411918213, 411917856, 411926137, 411918501, 411926139, 411926052, 411926172, 4932267125, 5778212575, 3081520486, 3257247348, 411926049, 3257259160, 411926050, 2520636900, 3744246109, 411919149]",,,Nguyen Thong,,,,no,,asphalt,阮通路,,,,,,,,,,,,,,,,,,,,,,,,,,,,,,,,,,,,,,,,,,,,,,,,,,,,,,,,,,,,,,,,,,,,,,,,,,,,,,,,,,,,,,,,,,,,,,,,,,,,,,,
2,,Cầu vượt Lý Thái Tổ - Nguyễn Tri Phương,primary,1016,,,primary,,,,,Cầu vượt Lý Thái Tổ - Nguyễn Tri Phương,,,,,,,"[5462344911, 5462344910, 3262508964, 5757841587, 5757841588]",,,,,,,,,,,,no,yes,1,,,yes,,,,no,2,,,,,,,,,,,,,,,,,,,,,,,,,,,yes,,,,,,,,,,,,,,,,,,,,,,,,,,,,,,,,,,,,,,,,,,,,,,,,,,,,,,,,,,,,,,,,
4,,Trường Sa,tertiary,1017,,,tertiary,,,,,Trường Sa,,,,,,,"[366378988, 2332692768, 366387642, 5764862104, 712140207, 366420308, 366448352, 366380569, 366435980, 366371330, 366409521, 366389059, 366476780, 718436354, 366403534, 366440712, 366442775, 366443156, 366476496, 3761201967, 3761201966, 366433645, 366371473, 1395538133, 366428785, 1395036526, 366369636, 366447510, 2686613224, 366416033, 366390906, 711358198, 366472076, 5764914936, 366438400, 742135364, 366402893, 366414682, 3717158226, 366437438, 366400571, 366453677, 366378625, 366382086, 2686613209, 366408005, 2366457793]",,,,,,,no,,,,,,,,,,,,,,,,,,,,,,,,,,,,,,,,,,,,,,,,,,,,,,,,,,,,,,,,,,,,,,,,,,,,,,,,,,,,,,,,,,,,,,,,,,,,,,,,,,,,,,,,,,
4,,Lê Thánh Tôn,tertiary,1018,,,tertiary,,,,,Lê Thánh Tôn,,,,,,,"[411919215, 411926545, 411926537, 5763135365, 411926505, 411926438, 411926429, 411926437, 4608280833, 5444117923, 4605017103]",,,Le Thanh Ton Street,,,,yes,,,黎圣宋街,,,,,,,,,,,,,,,,,,,,,,,,,,,,,,,,,,,,,,,,,,,,,,,,,,,,,,,,,,,,,,,,,,,,,,,,,,,,,,,,,,,,,,,,,,,,,,,,,,,,,,,
1,60.0,Đường cao tốc Tp. Hồ Chí Minh-Long Thành-Dầu Giây,motorway,1019,,,motorway,,,,,Đường cao tốc Tp. Hồ Chí Minh-Long Thành-Dầu Giây,,,,,,,"[3275610376, 3275610375, 5963137792, 5963124764, 5963124763, 5963124780]",,,,,,,yes,,,,60,,,,,,,,,,,,,motorway,,,,,,,,,,,,,,,,,,,,,,,,,,,,,,,,,,,,,,,,,,,,,,,,,,,,,,,,,,,,,,,,,,,,,,,,,,,,,,,,,,,,,,,,,
3,60.0,Nhánh A2,motorway_link,1020,,,motorway_link,,,,,Nhánh A2,,,,,,,"[4622816953, 3275610378, 3275610372, 3275610385, 3275610387, 3275610361, 5963104805, 3275610366]",,,,,,,yes,,,,60,,,,,,,,,,,,,,,,,,,,,,,,,,,,,,,,,,,,,,,,,,,,,,,,,,,,,,,,,,,,,,,,,,,,,,,,,,,,,,,,,,,,,,,,,,,,,,,,,,,,,,
1,80.0,Xa Lộ Hà Nội,trunk,1021,,,trunk,,,,,Xa Lộ Hà Nội,,,,,,,"[2024973315, 4066319852, 2028465702, 1271148311, 676116558, 2028465937, 676116238, 4066297972, 4066297973, 676115970, 5735480594, 4066297975, 795262657, 4066304444, 4066304445, 4066307262, 4066321022, 2028465800]",,,Hanoi Highway,QL.52,,,yes,,,,80,,,,,,,,,,,3,yes,,,,,,,,,,,,,,,,,,,,,,,,,,,,,,,,,,,,,,,,,,,,,,,,,,,,,,,,,,,,,,,,,,,,,,,,,,,,,,,,,,,,,,,,,,
1,60.0,Nhánh A1,motorway,1022,,,motorway,,,,,Nhánh A1,,,,,,,"[3037237804, 4622816953, 3275610374, 3275610380, 4001093370, 5963137833, 5963144334, 5963104797]",,,,,,,,,,,60,,,,,,,,,,,,,,,,,,,,,,,,,,,,,,,,,,,,,,,,,,,,,,,,,,,,,,,,,,,,,,,,,,,,,,,,,,,,,,,,,,,,,,,,,,,,,,,,,,,,,,
3,,Nguyễn Trãi,secondary,1023,,,secondary,,,,,Nguyễn Trãi,,,,,,,"[4605034948, 5762726890, 411922074, 5762711603, 411921473, 4608876661, 411926098, 4608876662]",,,,,,,no,,,,,,,,,,,,,,,,,,,,,,,,,,,,,,,,,,,,,,,,,,,,,,,,,,,,,,,,,,,,,,,,,,,,,,,,,,,,,,,,,,,,,,,,,,,,,,,,,,,,,,,,,,
4,,Lê Lai,tertiary,1024,,,tertiary,,,,,Lê Lai,,,,,,,"[411922074, 5762711597, 4608867550, 2692556834, 411925056, 5762780541, 3342113909, 3342113910, 411923196, 3342113911, 411923354, 3342113912, 411919062, 3342113913, 411918407, 5762736906, 2854592012, 5762736912]",,,,,,,,,,黎来街,,,,,,,,,no,no,,,,,,,,,,,,,,,,,,,,,,,,,,,,,,,,,,,,,,,,,,,,,,,,,,,,,,,,,,,,,,,,,,,,,,,,,,,,,,,,,,,,,,,,,,,,,
2,,Trần Hưng Ðạo,primary,1025,,,primary,,,,,Trần Hưng Ðạo,,,,,,,"[2365199344, 4612970107, 4612970106, 4609802777]",,,,,,,yes,,asphalt,,,,,,,,,,,,,,,,,,,,,,,,,,,,,,,,,,,,,,,,,,,,,,,,,,,,,,,,,,,,,,,,,,,,,,,,,,,,,,,,,,,,,,,,,,,,,,,,,,,,,,,,
3,,Hàm Nghi,secondary,1026,,,secondary,,,,,Hàm Nghi,,,,,Hàm Nghi,,"[2034589355, 2353541588, 4610019119]",,,,,,,yes,Rue de lka Somme,,咸宜路,,,,,,,,,,,,,,,,,,,,,,,,,,,,,,,,,,,,,,,,,,,,,,,,,,,,,,,,,,,,,,Rue de lka Somme,,,,,,,,,,,,,,,,,,,,,,,,,,,,,,,,,,,,,,,,,
4,,Pasteur,tertiary,1027,,,tertiary,,,,,Pasteur,,,,,,,"[1769277481, 4600756852, 411919209, 2392496459, 2392496464, 2953682933, 2392496463, 411919215, 5763135331, 5763135323, 411919193]",,,Pasteur Street,,,,yes,,paved,巴斯德路,,,,,,,,,,,,,,,,,,,,,,,,,,,,,,,,,,,,,,,,,,,,,,,,,,,,,,,,,,,,,,,,,,,,,,,,,,,,,,,,,,,,,,,,,,,,,,,,,,,,,,,
2,,Pasteur,primary,1028,,,primary,,,,,Pasteur,,,,,,,"[411926559, 411921809, 411924732, 411921817, 411926160]",,,,,,,yes,,,,,,,,,,,,,,,,,,,,,,,,,,,,,,,,,,,,,,,,,,,,,,,,,,,,,,,,,,,,,,,,,,,,,,,,,,,,,,,,,,,,,,,,,,,,,,,,,,,,,,,,,,
4,,Quốc lộ 1,tertiary,1029,,,tertiary,,,,,Quốc lộ 1,,,,,,,"[1958801664, 3371932972, 1958801654, 1958801651]",,,,,,,yes,,,,,,,,,,,,,,,,,,,,,,,,,,,,,,,,,,,,,,,,,,,,,,,,,,,,,,,,,,,,,,,,,,,,,,,,,,,,,,,,,,,,,,,,,,,,,,,,,,,,,,,,,,
1,60.0,Cầu vượt Linh Xuân,trunk,1030,,,trunk,,,,,Cầu vượt Linh Xuân,,,,,,,"[3334343869, 1958801725]",,,,1A,,,yes,,,,60,,,1,,,yes,,,,,,,,,,,,,,,,,,,,,,,,,,,,,,,,,,,,,,,,,,,,,,,,,,,,,,,,,,,,,,,,,,,,,,,,,,,,,,,,,,,,,,,,,,,,,,,,
1,60.0,Quốc lộ 1,trunk,1031,,,trunk,,,,,Quốc lộ 1,,,,,,,"[3117088457, 1958801587, 1958801586, 1958801585, 1958801583, 4068070645, 4068070646, 1958801581, 366415497, 1958801578, 1958801577, 1958801575, 5772493244, 4068070644, 1958801573]",Ho Chi Minh,Thu Duc,,QL.1,,,yes,,,,60,,,,,,,,,,,,,,AH1,,,,,,,,,,,,,,,,,,,,,,,,,,,,,,,,,,,,,,,,,,,,,,,,,,,,,,,,,,,,,,,,,,,,,,,,,,,,,,,,,,,,,,,,
1,60.0,Quốc lộ 1,trunk,1032,,,trunk,,,,,Quốc lộ 1,,,,,,,"[3164002582, 1958801596, 2946995079, 3117088459, 1958801599, 1958801605, 3117088460, 5772687822, 1958801607, 5772687823, 1958801609, 5765346864, 1958801612, 1958801614, 5765346887, 5765346531, 366376079, 5765347146, 5765347148, 3164002584, 5765347086, 5765347083, 5772493229, 5765347170, 5765347165, 5765347166, 5772493221, 366441302, 4068017994, 4068017993, 366372384, 5767085845, 5767087207, 5767087215, 1958801630, 5767087208, 1958801633, 1958801634, 5767087057, 3117088485, 5772493610, 5767087054, 366424947, 5767087104, 4068017990, 4068017991, 1958801652]",,,,QL.1,,,yes,,,,60,,,,,,,,,,,,,,AH1,,,,,,,,,,,,,,,,,,,,,,,,,,,,,,,,,,,,,,,,,,,,,,,,,,,,,,,,,,,,,,,,,,,,,,,,,,,,,,,,,,,,,,,,
4,,,tertiary,1033,,,tertiary,,,,,,,,,,,,"[2946995071, 5765430241, 5772493588, 2946995079]",,,,,,,yes,,,,,,,,,,,,,,,,,,,,,,,,,,,,,,,,,,,,,,,,,,,,,,,,,,,,,,,,,,,,,,,,,,,,,,,,,,,,,,,,,,,,,,,,,,,,,,,,,,,,,,,,,,
4,,Dương Văn Cam,tertiary,1034,,,tertiary,,,,,Dương Văn Cam,,,,,,,"[366385739, 366410061]",,,,,,,,,,,,,,,,,,,,,,,,,,,,,,,,,,,,,,,,,,,,,,,,,,,,,,,,,,,,,,,,,,,,,,,,,,,,,,,,,,,,,,,,,,,,,,,,,,,,,,,,,,,,,,,,,
2,50.0,Điện Biên Phủ,primary,1035,,,primary,,,,,Điện Biên Phủ,,,,,,,"[701671562, 1797562616, 5773531527, 701671563, 701671560, 5773531522, 701671561, 5773531510, 5733266232, 701671558, 1497313067, 5733266237, 1497313167, 701671559, 5733482451, 1497313050, 701671556, 5733266224, 701671557, 5733266221, 5733266039, 3068639714, 3162543049, 5737980828, 701671550, 5737980831, 1497276440, 5773531462, 5737980853, 701671552, 701671549]",,,Dien Bien Phu Road,,,,yes,,,奠边府路,50,,,,,,,,,,,3,,,,,,,,,,,,,,,,,,,,,,,,,,,,,,,,,,,,,,,,,,,,,,,,,,,,,,,,,,,,,,,,,,,,,,,,,,,,,,,,,,,,,,,,,,,
4,,Nguyễn Bỉnh Khiêm,tertiary,1036,,,tertiary,,,,,Nguyễn Bỉnh Khiêm,,,,,,,"[411925984, 411918486, 2230424925, 411925391, 411918455, 411926028]",,,,,,,,,,,,,,,,,,,,,,,,,,,,,,,,,,,,,,,,,,,,,,,,,,,,,,,,,,,,,,,,,,,,,,,,,,,,,,,,,,,,,,,,,,,,,,,,,,,,,,,,,,,,,,,,,
4,,Nguyễn Ðình Chiểu,tertiary,1037,,,tertiary,,,,,Nguyễn Ðình Chiểu,,,,,Nguyễn Ðình Chiểu,,"[411926164, 411926496, 5778360143, 5778360141, 411925926, 411925999, 2341633617, 4010811131, 411926667, 3167001369, 411926609]",,,Nguyen Dinh Chieu Street,,,,yes,,,阮廷炤街,,,,,,,,,,,,,,,,,,,,,,,,,,,,,,,,,,,,,,,,,,,,,,,,,,,,,,,,,,,,,,,,,,,,,,,,,,,,,,,,,,,,,,,,,,,,,,,,,,,,,,,
4,,Nam Kỳ Khởi Nghĩa,tertiary,1038,,,tertiary,,,,,Nam Kỳ Khởi Nghĩa,,,,,Nam Kỳ Khởi Nghĩa,,"[411917839, 2146838328, 2146838326, 411917837]",,,Nam Ky Khoi Nghia Road,,,,yes,Maréchal de Lattre de Tassigny,,南圻起义路,,,,,,,,,,,,,,,,,,,,,,,,,,,,,,,,,,,,,,,,,,,,,,,,,,,,,,,,,,,,,Maréchal de Lattre de Tassigny,Maréchal de Lattre de Tassigny,,,,,,,,,,,,,,,,,,,,,,,,,,,,,,,,,,,,,,,,,
4,,Cầu Calmette,tertiary,1039,,,tertiary,,,,,Cầu Calmette,,,,,,,"[1773240209, 3335314142, 3335314141, 3335314140, 3335314139, 2044486904, 1773240188, 1987339999, 1773240185, 1773240208, 3335314137]",,,Calmette Bridge,,,,yes,,,,,,,1,,,yes,,,,,,,,,,,,,,,,,,,,,,,,,,,,,,,,,,,,,,,,,,,,,,,,,,,,,,,,,,,,,,,,,,,,,,,,,,,,,,,,,,,,,,,,,,,,,,,,
3,40.0,Châu Văn Liêm,secondary,1040,,,secondary,,,,,Châu Văn Liêm,,,,,,,"[5890133163, 1996655464, 1996655766, 4617708124, 4614188862]",,,Chau Van Liem Street,,,,yes,,asphalt,周文廉路,40,yes,yes,,,,,no,,,no,1,,,,,,,,,,designated,,,,,,,,,,,,,,,,,,,,,,,,,,,,,,,,,,,,,,,,,,,,,,,,,,,,,,,,,,,,,,,,,,,,,,,,,,,,,,,,,
2,,Công Trường Mê Linh,primary,1041,,,primary,,,,roundabout,Công Trường Mê Linh,,,,,Công Trường Mê Linh,,"[2036083066, 4675153895, 411918792]",,,Cong Truong Me Linh,,,,yes,,,麊泠广场,,,,,,,,,,,,,,,,,,,,,,,,,,,,,,,,,,,,,,,,,,,,,,,,,,,,,,,,,,,,,,,,,,,,,,,,,,,,,,,,,,,,,,,,,,,,,,,,,,,,,,,
2,,Hai Bà Trưng,primary,1042,,,primary,,,,,Hai Bà Trưng,,Hai Bà Trưng,24,,Hai Bà Trưng,,"[411926393, 411926378, 411926702, 3257659069, 3166179576, 411926701, 411926594]",Thành phố Hồ Chí Minh,District 1,,,,,,,,二徵夫人路,,,,,,,,,,,,,,,,,,,,,,,,,,,,,,,,,,,,,,,,,,,,,,,,,,,,,,,,,,,,,,,,,,,,,,08,,,,,,,,,,,,,,,,,,,,,,,,,,,,,,,,,
4,,Lê Lợi,tertiary,1043,,,tertiary,,,,,Lê Lợi,,,,,,,"[411919209, 2476387781, 4600755115, 411919357, 411919356, 5307201457, 3166133536, 2383425454, 411918918, 2034589326, 4603175867]",,,Le Loi Street,,,,yes,Rue Bonard,,黎利街,,,,,,,,,,,,,,,,,,,,,,,,,,,,,,,,,,,,,,,,,,,,,,,,,,,,,,,,,,,,,,Rue Bonard,,,,,,,,,,,,,,,,,,,,,,,,,,,,,,,,,,,,,,,,,
4,,Nguyễn Trãi,tertiary,1044,,,tertiary,,,,,Nguyễn Trãi,,,,,,,"[4614188869, 366475600, 2068659851, 5674570715, 5813896020, 366404094, 3116339930, 5813896025, 2068659853, 4613947570, 4620058161, 4589132512, 5816931390, 3116339932, 5816931387, 366466828, 366440428, 5816931420, 4979973986, 1997154840, 1997154670, 4191281725, 3116339937, 366401636, 5816931363, 366404649]",,,Nguyen Trai,,,,yes,,,,,,,,,,,,,,,,,,,,,,,,,,,,,,,,,,,,,,,,,,,,,,,,,,,,,,,,,,,,,,,,,,,,,,,,,,,,,,,,,,,,,,,,,,,,,,,,,,,,,,,,,,
4,,Phó Ðức Chính,tertiary,1045,,,tertiary,,,,,Phó Ðức Chính,,,,,,,"[3334355736, 1768565068]",Ho Chi Minh,1,Pho Duc Chinh Street,,,,,,,副德政街,,,,,,,,,,,,,,,,,,,,,,,,,,,,,,,,,,,,,,,,,,,,,,,,,,,,,,,,,,,,,,,,,,,,,,,,,,,,,,,,,,,,,,,,,,,,,,,,,,,,,,,
4,,Phó Ðức Chính,tertiary,1046,,,tertiary,,,,,Phó Ðức Chính,,,,,,,"[3335337342, 3334355736]",,,Pho Duc Chinh,,,,,,,,,,,,,,,,,,,,,,,,,,,,,,,,,,,,,,,,,,,,,,,,,,,,,,,,,,,,,,,,,,,,,,,,,,,,,,,,,,,,,,,,,,,,,,,,,,,,,,,,,,,,,,
4,,Phó Ðức Chính,tertiary,1047,,,tertiary,,,,,Phó Ðức Chính,,,,,,,"[411926648, 411918200, 411918297, 1769173868]",Ho Chi Minh,1,Pho Duc Chinh Street,,,,,,,副德政街,,,,,,,,,,,,,,,,,,,,,,,,,,,,,,,,,,,,,,,,,,,,,,,,,,,,,,,,,,,,,,,,,,,,,,,,,,,,,,,,,,,,,,,,,,,,,,,,,,,,,,,
4,10.0,Đường dẫn Sảnh Đến Quốc tế,tertiary,1048,,,tertiary,,,,,Đường dẫn Sảnh Đến Quốc tế,,,,,,,"[3335375565, 2072605060, 2072605221]",,,International Terminal Arrival Drive,,,,yes,,,,10,,,,,,,,,,,,,,,,,,,,,,,,,,,,,,,,,,,,,,,,,,,,,,,,,,,,,,,,,,,,,,,,,,,,,,,,,,,,,,,,,,,,,,,,,,,,,,,,,,,,,,
2,,Nam Kỳ Khởi Nghĩa,primary,1049,,,primary,,,,,Nam Kỳ Khởi Nghĩa,,,,,,,"[2036141666, 411925308, 3167018763, 411926466, 411925506, 411926215, 2036141698, 411918595, 411926487, 411921673, 3167018764, 411925300, 411925162, 411926300, 411922954, 3167018765, 411923575, 2036141688, 411919023]",,,,,,,yes,,,,,,,,,,,,,,,,,,,,,,,,,,,,,,,,,,,,,,,,,,,,,,,,,,,,,,,,,,,,,,,,,,,,,,,,,,,,,,,,,,,,,,,,,,,,,,,,,,,,,,,,,,
2,,Pasteur,primary,1050,,,primary,,,,,Pasteur,,,,,,,"[411926604, 411925942, 5778360098, 3168095082, 411926554, 411918613, 3168095083, 411925340, 411918558, 411926559]",,,,,,,yes,,,,,,,,,,,,,,,,,,,,,,,,,,,,,,,,,,,,,,,,,,,,,,,,,,,,,,,,,,,,,,,,,,,,,,,,,,,,,,,,,,,,,,,,,,,,,,,,,,,,,,,,,,
3,,Trường Sơn,secondary,1051,,,secondary,,,,,Trường Sơn,,,,,,,"[2074208764, 5738593650, 1774952063, 4671854643, 366464142]",,,,,,,yes,,,,,,,,,,,,,,,,,,,,,,,,,,,,,,,,,,,,,,,,,,,,,,,,,,,,,,,,,,,,,,,,,,,,,,,,,,,,,,,,,,,,,,,,,,,,,,,,,,,,,,,,,,
2,,Võ Thị Sáu,primary,1052,,,primary,,,,,Võ Thị Sáu,,,,,,,"[2036141706, 4597431798, 411926251]",,,,,,,yes,,,,,,,,,,,,,,,,,,,,,,,,,,,,,,,,,,,,,,,,,,,,,,,,,,,,,,,,,,,,,,,,,,,,,,,,,,,,,,,,,,,,,,,,,,,,,,,,,,,,,,,,,,
2,,Võ Thị Sáu,primary,1053,,,primary,,,,,Võ Thị Sáu,,,,,,,"[411926160, 3162508872, 2036141706]",,,Vo Thi Sau,,,,yes,,,,,,,,,,,,,,,,,,,,,,,,,,,,,,,,,,,,,,,,,,,,,,,,,,,,,,,,,,,,,,,,,,,,,,,,,,,,,,,,,,,,,,,,,,,,,,,,,,,,,,,,,,
3,,Đường số 9A,secondary,1054,,,secondary,,,,,Đường số 9A,,,,,,,"[746617458, 2156215257, 5964304997, 5964304998, 5964304999, 706286214]",,,,,,,yes,,,,,,,,,,,,,,,,,,,,,,,,,,,,,,,,,,,,,,,,,,,,,,,,,,,,,,,,,,,,,,,,,,,,,,,,,,,,,,,,,,,,,,,,,,,,,,,,,,,,,,,,,,
4,,Nguyễn Ðình Chiểu,tertiary,1055,,,tertiary,,,,,Nguyễn Ðình Chiểu,,,,,Nguyễn Ðình Chiểu,,"[411926609, 411918637, 5763263827, 411926563, 2393614152]",,,,,,,yes,,,,,,,,,,,,,,,,,,,,,,,,,,,,,,,,,,,,,,,,,,,,,,,,,,,,,,,,,,,,,,,,,,,,,,,,,,,,,,,,,,,,,,,,,,,,,,,,,,,,,,,,,,
2,,Nguyễn Văn Cừ,primary,1056,,,primary,,,,,Nguyễn Văn Cừ,,,,,,,"[2364089053, 2364089048]",,,Nguyen Van Cu,,,,yes,,asphalt,,,,,,,,,,,,,6,,,,,,,,,,,,,,,,,,,,,,,,,,,,,,,,,,,,,,,,,,,,,,,,,,,,,,,,,,,,,,,,,,,,,,,,,,,,,,,,,,,,,,,,,,,
2,,Ðiện Biên Phủ,primary,1057,,,primary,,,,,Ðiện Biên Phủ,,,,,,,"[411926532, 411926559, 5772088448, 3116339952, 411926419, 411926051, 411926477]",,Quan 3,,,,,yes,,asphalt,,,,,,,,,,,,,,,,,,,,,,,,,,,,,,,,,,,,,,,,,,,,,,,,,,,,,,,,,,,,,,,,,,,,,,,,,,,,,,,,,,,,,,,,,,,,,,,,,,,,,,,,
4,,Cầu Nguyễn Văn Cừ,tertiary,1058,,,tertiary,,,,,Cầu Nguyễn Văn Cừ,,,,,,,"[4594916756, 4594916761, 734894520]",,,,,,,,,paved,,,no,,1,,,yes,,,,,1,,,,,,,,,,,,,,,,,,,,,,,,,,,,,,,,,,,,,,,,,,,,,,,,,,,,,,,,,,,,,,,,,,,,,,,,,,,,,,,,,,,,,,,,,,,
2,,Võ Văn Kiệt,primary,1059,,,primary,,,,,Võ Văn Kiệt,,,,,,,"[3338019269, 3338019268, 3338019267, 3338019266, 3338019265, 3338019264, 3338019262, 3338019261, 3338019260, 3338019259, 3338019256, 3338019255, 3338019254, 3338019252, 3338019249, 3338019248, 3338019246, 3338019245, 3338019244, 3338019243, 3338019242, 5814336817, 3338019241, 3338019238, 3338019237, 3338019236, 3338019240, 1996745180, 1996745405, 5814337657, 5813779732, 5814337674, 5813779729, 1996655783, 3338019258, 4415006544, 5816774506, 4415006546, 4415006545, 4618427498, 5816774536, 4415006543, 4415006542, 5813867356, 4415006538, 4415006540, 4618427497, 4618427496, 4415006541, 4415006539, 4618427495, 4618427494, 4618427493, 4109567455, 1996655730]",,,,,,,yes,,,,,,,,,,,,,,,2,,,,,,,,,,,,,,,,,,,,,,,,,,,,,,,,,,,,,,,,,,,,,,,,,,,,,,,,,,,,,,,,,,,,,,,,,,,,,,,,,,,,,,,,,,,
4,,Cao Thắng,tertiary,1060,,,tertiary,,,,,Cao Thắng,,,,,,,"[5762610087, 5762610088, 2364060002]",,,Cao Thang,,,,no,,,,,,,,,,,,no,no,,,,,,,,,,,,,,,,,,,,,,,,,,,,,,,,,,,,,,,,,,,,,,,,,,,,,,,,,,,,,,,,,,,,,,,,,,,,,,,,,,,,,,,,,,,,,
2,,Kinh Dương Vương,primary,1061,,,primary,,,,,Kinh Dương Vương,,,,,,,"[366382491, 5797843866, 366412656, 3186147127, 366459745, 5794808761, 5794808768, 5794808770, 5797843875, 366437265, 5023969311, 366413832, 5794808791, 5794808807, 5797843894, 366385752, 5797843899, 366425086, 5757507430, 4453411212, 366431350, 5023969314, 5797843774, 3164037421, 5757507435, 366443434, 5757507451, 5757507447, 5757507496, 366389396, 5797843782, 366450190, 366441803, 366375021, 3164037419, 5679833260, 5752816802, 366439533, 366436706, 5752816797, 366419819, 366427896, 5023969315, 5748258036, 366435193, 5748257705, 5748258043, 5748258040, 366416897, 5737984610, 5737984540, 5737984619, 5737984613, 3164037417, 1648946682]",Ho Chi Minh,Binh Tan,,,,,yes,,,,,,,,,,,,,,,,,,,,,,,,,,,,,,,,,,,,,,,,,,,,,,,,,,,,,,,,,,,,,,,,,,,,,,,,,,,,,,,,,,,,,,,,,,,,,,,,,,,,,,,,,,
2,,Nguyễn Thị Minh Khai,primary,1062,,,primary,,,,,Nguyễn Thị Minh Khai,,,,,,,"[2364059999, 2498091942, 5762610072]",,,,,,,yes,,,,,,,,,,,,,,,,,,,,,,,,,,,,,,,,,,,,,,,,,,,,,,,,,,,,,,,,,,,,,,,,,,,,,,,,,,,,,,,,,,,,,,,,,,,,,,,,,,,,,,,,,,
4,,Nguyễn Văn Luông,tertiary,1063,,,tertiary,,,,,Nguyễn Văn Luông,,,,,,,"[366405313, 3339195254, 5502531299, 366417672, 366397765, 366402400, 366450195, 4984435424, 366424336, 4931112880, 5813660488, 1802527925]",,,,,,,yes,,,,,,,,,,,,,,,,,,,,,,,,,,,,,,,,,,,,,,,,,,,,,,,,,,,,,,,,,,,,,,,,,,,,,,,,,,,,,,,,,,,,,,,,,,,,,,,,,,,,,,,,,,
3,,vòng xoay Thái Bình,secondary,1064,,,secondary,,,,roundabout,vòng xoay Thái Bình,,,,,,,"[4666227463, 4608887950, 4608887951, 4666227464, 5464084933, 5464084934, 4666227465, 3338165671, 4608881458, 4666227460, 4666227461, 3338165680, 5464084931, 3338165682, 2935020237, 4666227468, 3338165691, 5464084932, 4608877607, 3338165894, 4666236714, 3338165893, 4614001608, 4666227462, 4666227463]",,,,,,,yes,,,,,,,,,,,,,,,,,,,,,,,,,,,,,,,,,,,,,,,,,,,,,,,,,,,,,,,,,,,,,,,,,,,,,,,,,,,,,,,,,,,,,,,,,,,,,,,,,,,,,,,,,,
2,,Ðiện Biên Phủ,primary,1065,,,primary,,,,,Ðiện Biên Phủ,,,,,Ðiện Biên Phủ,,"[5764817340, 411922729, 5764869372, 5764817341, 3462932165, 3116339945, 411922186, 5764817342, 5764817343, 5764817344, 5764817345, 5764817346, 411923871, 5764817347, 411925485, 411921112, 5059499368, 5059499372, 3462940809, 5764817348]",,,Dien Bien Phu Road,,,,yes,,asphalt,奠边府路,,,,,,,,,,,,,,,,,,,,,,,,,,,,,,,,,,,,,,,,,,,,,,,,,,,,,,,,,,,,,,,,,,,,,,,,,,,,,,,,,,,,,,,,,,,,,,,,,,,,,,,
2,,Ðiện Biên Phủ,primary,1066,,,primary,,,,,Ðiện Biên Phủ,,,,,Ðiện Biên Phủ,,"[5764817348, 5764817349, 5764817350, 5764817351, 5764817352, 5764818653, 5764818654, 5764818655, 5764818656, 5764789633, 5764789634, 5764789635, 5764789636, 5764789637, 5764789638, 5764789639, 5764789640, 5764789641, 5764789642, 5764789646, 411921105, 5764789645, 4605582026]",,Quan 10,Dien Bien Phu Road,,,,yes,,asphalt,奠边府路,,,,,,,,,,,,,,,,,,,,,,,,,,,,,,,,,,,,,,,,,,,,,,,,,,,,,,,,,,,,,,,,,,,,,,,,,,,,,,,,,,,,,,,,,,,,,,,,,,,,,,,
4,,Cao Thắng,tertiary,1067,,,tertiary,,,,,Cao Thắng,,,,,,,"[2364060002, 3339100849, 3339100851, 5762610097, 4607247007, 5762610093, 5762610096, 411926469, 5762610095, 411924811, 411922516, 5762610091, 5762610094, 411920657, 411918630, 411924642, 411925487, 5764778952, 411918475]",,Quan 3,Cao Thang,,,,no,,,,,,,,,,,,no,no,,,,,,,,,,,,,,,,,,,,,,,,,,,,,,,,,,,,,,,,,,,,,,,,,,,,,,,,,,,,,,,,,,,,,,,,,,,,,,,,,,,,,,,,,,,,,
4,,Cống Quỳnh,tertiary,1068,,,tertiary,,,,,Cống Quỳnh,,,,,,,"[3338165688, 4603797315, 5762726884, 5762711578, 5762711577, 5762726869, 4607399412, 5762711576, 2691192014, 4603586522, 5762610087]",,,,,,,,,,,,,,,,,,,,,,,,,,,,,,,,,,,,,,,,,,,,,,,,,,,,,,,,,,,,,,,,,,,,,,,,,,,,,,,,,,,,,,,,,,,,,,,,,,,,,,,,,,,,,,,,,
4,,Nguyễn Ðình Chiểu,tertiary,1069,,,tertiary,,,,,Nguyễn Ðình Chiểu,,,,,,,"[5758114505, 411922615, 5758114506, 5758114507, 5758114508, 5758114509, 3164261850, 5758114510, 5758114511, 5758114512, 5758114513]",,,Nguyen Dinh Chieu,,,,yes,,,,,,,,,,,,no,no,,,,,,,,,,,,,,,,,,,,,,,,,,,,,,,,,,,,,,,,,,,,,,,,,,,,,,,,,,,,,,,,,,,,,,,,,,,,,,,,,,,,,,,,,,,,,
4,,Nguyễn Ðình Chiểu,tertiary,1070,,,tertiary,,,,,Nguyễn Ðình Chiểu,,,,,,,"[5764869373, 4605752816, 3164261851, 5778872996, 4605752800, 5758114505]",,,Nguyen Dinh Chieu,,,,yes,,,,,,,,,,,,no,no,,,,,,,,,,,,,,,,,,,,,,,,,,,,,,,,,,,,,,,,,,,,,,,,,,,,,,,,,,,,,,,,,,,,,,,,,,,,,,,,,,,,,,,,,,,,,
2,,Nguyễn Thị Minh Khai,primary,1071,,,primary,,,,,Nguyễn Thị Minh Khai,,,,,,,"[2364060002, 2364060010, 3160583014, 2364060005, 2364059999]",,,Nguyen Thi Minh Khai Road,,,,yes,,,阮氏明开路,,,,,,,,,,,,,,,,,,,,,,,,,,,,,,,,,,,,,,,,,,,,,,,,,,,,,,,,,,,,,,,,,,,,,,,,,,,,,,,,,,,,,,,,,,,,,,,,,,,,,,,
4,,,tertiary,1072,,,tertiary,,,,,,,,,,,,"[3342113696, 3342113688, 3342113681, 3342113675, 3342113672, 3342113670, 3342113665, 3342113660, 3342113656, 3342113654, 3342113651, 3342113647, 3342113641, 3342113639, 3342113634, 3342113633, 3342113635, 3342113636, 3342113638, 3342113640, 3342113645, 3342113650, 3342113653, 5762890444, 3342113661, 5762890439, 3342113667, 3342113673, 3342113677, 3342113684, 3342113690, 3342113693, 3342113699, 3342113701, 3342113703, 3342113704, 3342113706, 3342113714]",,,,,,,yes,,,,,,,,,,,,,,,,,,,,,,,,,,,,,,,,,,,,,,,,,,,,,,,,,,,,,,,,,,,,,,,,,,,,,,,,,,,,,,,,,,,,,,,,,,,,,,,,,,,,,,,,,,
4,,,tertiary,1073,,,tertiary,,,,,,,,,,,,"[366452191, 3342113707, 3342113705, 3342113702, 3342113700, 3342113698, 3342113692, 3342113686, 3342113683, 3342113678, 3342113674, 3342113668, 3342113664, 3342113659, 3342113644, 3342113642, 3342113628, 3342113627, 3342113622, 3342113621, 2645632729, 3342113619, 3342113620, 3342113623, 3342113625, 3342113637, 3342113643, 3342113648, 3342113652, 3342113655, 3342113658, 3342113663, 3342113666, 3342113671, 3342113676, 3342113680, 3342113685, 3342113687, 3342113691, 3342113696]",,,,,,,yes,,,,,,,,,,,,,,,,,,,,,,,,,,,,,,,,,,,,,,,,,,,,,,,,,,,,,,,,,,,,,,,,,,,,,,,,,,,,,,,,,,,,,,,,,,,,,,,,,,,,,,,,,,
2,,Phạm Văn Đồng,primary,1074,,,primary,,,,,Phạm Văn Đồng,,,,,,,"[366428705, 5762654859, 5762654860, 4068009417, 4068009418, 366401422, 3334343877]",,,,,,,no,,,,,,,,,,,,,,,,,,,,,,,,,,,,,,,,,,,,,,,,,,,,,,,,,,,,,,,,,,,,,,,,,,,,,,,,,,,,,,,,,,,,,,,,,,,,,,,,,,,,,,,,,,
2,60.0,Phạm Văn Đồng,primary,1075,,,primary,,,,,Phạm Văn Đồng,,,,,,,"[3349900029, 3349900028, 3349900025, 3349900023, 3349900021, 3349900019, 3349900017, 3349900015, 5767128972, 3349900013, 3349900011, 3349900009, 3349900007, 3349900005, 3349900003, 3349900001, 3349899999, 3349899997, 3349899993, 5767184419, 3349899990]",,,,,,,yes,,,,60,,,,,,,,,,,,,,,,,,,,,,,,,,,,,,,,,,,,,,,,,,,,,,,,,,,,,,,,,,,,,,,,,,,,,,,,,,,,,,,,,,,,,,,,,,,,,,,,,,,,,,
2,,Hà Huy Giáp,primary,1076,,,primary,,,,,Hà Huy Giáp,,,,,,,"[366477808, 3296659857, 366390736, 3296661861, 366459274, 5755332247, 366416271, 5753206246, 5753204965, 366457476, 3296661888, 366473681, 3296661905, 366414628, 366378816, 366442034, 5755332246, 3296661924, 366426126, 366399247, 366446599, 3296661942, 366438644, 366388615, 366457523, 366461298, 366393447, 5750779480, 366414769, 5750779483, 366403783, 5750779320, 366379193, 3296662183, 366465977, 366435395, 366465228, 5750779318, 366476803, 5750779305, 366401207]",,,Ha Huy Giap,,,,,,,,,,,,,,,,,,,,,,,,,,,,,,,,,,,,,,,,,,,,,,,,,,,,,,,,,,,,,,,,,,,,,,,,,,,,,,,,,,,,,,,,,,,,,,,,,,,,,,,,,,,,,,
2,,Hai Bà Trưng,primary,1077,,,primary,,,,,Hai Bà Trưng,,,,,Hai Bà Trưng,,"[411926624, 4616201238, 411926033, 411926547, 4600196007, 4650065739, 411918714, 3166179578, 411926580, 4088783458, 3474054214, 411926578, 3167001367, 411926523]",,,,,,,,,,二徵夫人路,,,,,,,,,,,,,,,,,,,,,,,,,,,,,,,,,,,,,,,,,,,,,,,,,,,,,,,,,,,,,,,,,塘𠄩婆徵,,,,,,,,,,,,,,,,,,,,,,,,,,,,,,,,,,,,,,
2,,Hai Bà Trưng,primary,1078,,,primary,,,,,Hai Bà Trưng,,,,,Hai Bà Trưng,,"[411926594, 3166179577, 411926624]",,,,,,,,,,二徵夫人路,,,,,,,,,,,,,,,,,,,,,,,,,,,,,,,,,,,,,,,,,,,,,,,,,,,,,,,,,,,,,,,,,,,,,,,,,,,,,,,,,,,,,,,,,,,,,,,,,,,,,,,
2,,Hoàng Văn Thụ,primary,1079,,,primary,,,,,Hoàng Văn Thụ,,,,,,,"[366446893, 3654066960, 3798940822, 366387291, 1395036579, 3758592304, 366387300, 366375452, 1390350846, 712140184, 1271240171, 3700550783, 2293477511, 5724654562]",Ho Chi Minh,Phu Nhuan,Hoang Van Thu,,,,yes,,,,,,,,,,,,,,,,,,,,,,,,,,,,,,,,,,,,,,,,,,,,,,,,,,,,,,,,,,,,,,,,,,,,,,,,,,,,,,,,,,,,,,,,,,,,,,,,,,,,,,,,,,
3,,Lý Tự Trọng,secondary,1080,,,secondary,,,,,Lý Tự Trọng,,,,,Lý Tự Trọng,,"[411919193, 411926380, 3178952974, 2043347017, 411926594]",,,Ly Tu Trong Road,,,,yes,Gia Long,,李自重路,,,,,,,,,,,,,,,,,,,,,,,,,,,,,,,,,,,,,,,,,,,,,,,,,,,,,,,,,,,,,Gia Long,Rue de la Grandière,,,,嘉隆路,,,,,,,,,,,,,,,,,,,,,,,,,,,,,,,,,,,,,
3,,Lý Tự Trọng,secondary,1081,,,secondary,,,,,Lý Tự Trọng,,,,,,,"[411926594, 411921534, 411925945, 2036083316]",,,,,,,yes,Gia Long,,,,,,,,,,,,,,,,,,,,,,,,,,,,,,,,,,,,,,,,,,,,,,,,,,,,,,,,,,,,,,,Gia Long,Rue de la Grandière,,,,嘉隆路,,,,,,,,,,,,,,,,,,,,,,,,,,,,,,,,,,,,,
4,,Nam Kỳ Khởi Nghĩa,tertiary,1082,,,tertiary,,,,,Nam Kỳ Khởi Nghĩa,,,,,,,"[1769277420, 411919360, 2032267525, 5735791238, 411919229, 3168120098, 411917839]",,,,,,,yes,Maréchal de Lattre de Tassigny,,,,,,,,,,,,,,,,,,,,,,,,,,,,,,,,,,,,,,,,,,,,,,,,,,,,,,,,,,,,,,,Maréchal de Lattre de Tassigny,Maréchal de Lattre de Tassigny,,,,,,,,,,,,,,,,,,,,,,,,,,,,,,,,,,,,,,,,,
4,,Pasteur,tertiary,1083,,,tertiary,,,,,Pasteur,,,,,,,"[411919193, 2043347100, 3168095079, 2043347112, 411919306, 3168095080, 4605453644, 411918857, 4600173005, 2937782011, 4600400530, 411918866, 3168095081, 411926604]",,,Pasteur Street,,,,yes,,,巴斯德路,,,,,,,,,,,,,,,,,,,,,,,,,,,,,,,,,,,,,,,,,,,,,,,,,,,,,,,,,,,,,,,,,,,,,,,,,,,,,,,,,,,,,,,,,,,,,,,,,,,,,,,
4,,Pasteur,tertiary,1084,,,tertiary,,,,,Pasteur,,,,,,,"[411919405, 1769277481]",,,Pasteur,,,,yes,,,,,,,,,,,,,,,,,,,,,,,,,,,,,,,,,,,,,,,,,,,,,,,,,,,,,,,,,,,,,,,,,,,,,,,,,,,,,,,,,,,,,,,,,,,,,,,,,,,,,,,,,,
3,,Phan Đình Giót,secondary,1085,,,secondary,,,,,Phan Đình Giót,,,,,,,"[5721685975, 4019074154, 366426004, 2081907928, 3803100625, 366402294, 366460445, 698217151, 366464026, 5462156836, 5755563485, 2077773728]",,,,,,,yes,,,,,,,,,,,,,,,,,,,,,,,,,,,,,,,,,,,,,,,,,,,,,,,,,,,,,,,,,,,,,,,,,,,,,,,,,,,,,,,,,,,,,,,,,,,,,,,,,,,,,,,,,,
2,80.0,Trường Chinh,primary,1086,,,primary,,,,,Trường Chinh,,,,,,,"[2091954946, 5752850585, 4069480290]",,,,,,,yes,,,,80,,,,,,,,,,,,,,,,,,,,,,,,,,,,,,,,,,,,,,,,,,,,,,,,,,,,,,,,,,,,,,,,,,,,,,,,,,,,,,,,,,,,,,,,,,,,,,,,,,,,,,
1,60.0,Quốc lộ 22,trunk,1087,,,trunk,,,,,Quốc lộ 22,,,,,,,"[2631996939, 5740714221, 5740713417, 2351909324, 366453604, 1409379537, 366442681, 5748108650, 1409379546, 1409379547, 366423594, 366414465, 5753062899, 366462743, 5753213438, 366369010, 366403715, 366393363, 5753213453, 5753213442, 5752950454, 1409379551, 5778712231, 366376600, 5752951932, 5752951927, 5752833663, 5752833664, 1409379568, 5748684192, 366409093, 5748684209, 5748684143, 5156683422, 366445618, 366441534, 366441651, 2414265437, 5748074824, 366370969, 5748074768, 5740180446, 5740175013, 5740180435, 366386222, 5740174992, 366431515, 5738080742, 366368058, 5738080744, 5738080729, 366372201, 5738080750, 366438581, 366426230, 366388548, 366464696, 5735302646, 5735892125, 366367875, 5733528185, 4118197107, 366474314, 366373666, 5733528148, 5733528158, 366427543, 366368105, 366369219, 366452651, 366380517, 5733258115, 366469250, 366369880, 366424860, 5733298825, 366370467, 5735273317, 5755254550, 5755403309, 5755254551, 366416094, 366417042, 5778364289, 5778480823, 366406287, 5778480814, 5778480821, 366411426, 5778480813, 2931338524, 366432628, 370630664]",,,,22,,,yes,,,,60,,,,,,,,,,,,,,AH1,Xuyên Á,,,,,,,,,,,,,,,,,,,,,,,,,,,,,,,,,,,,,,,,,,,,,,,,,,,,,,,,,,,,,,,,,,,,,,,,,,,,,,,,,,,,,,,
1,60.0,Quốc lộ 22,trunk,1088,,,trunk,,,,,Quốc lộ 22,,,,,,,"[2631996940, 2092411200, 2869800811, 5748108678, 2351909315]",,,,22,,,yes,,,,60,,,,,,,,,,,,,,AH1,Xuyên Á,,,,,,,,,,,,,,,,,,,,,,,,,,,,,,,,,,,,,,,,,,,,,,,,,,,,,,,,,,,,,,,,,,,,,,,,,,,,,,,,,,,,,,,
1,60.0,Quốc lộ 22,trunk,1089,,,trunk,,,,,Quốc lộ 22,,,,,,,"[2210872180, 5748254861, 5748108663, 3153992148, 2869793018, 5470917629, 2869793030, 2631996939]",,,,,,,yes,,,,60,,,,,,,,,,,,,,AH1,Xuyên Á,,,,,,,,,,,,,,,,,,,,,,,,,,,,,,,,,,,,,,,,,,,,,,,,,,,,,,,,,,,,,,,,,,,,,,,,,,,,,,,,,,,,,,,
2,60.0,Quốc lộ 22,primary,1090,,,primary,,,,,Quốc lộ 22,,,,,,,"[2351909315, 5748254867, 5748254911, 5748254865, 2242317782, 4069486253, 2092411325, 2092411475]",,,,,,,yes,,,,60,,,,,,,,,,,,,,AH1,Xuyên Á,,,,,,,,,,,,,,,,,,,,,,,,,,,,,,,,,,,,,,,,,,,,,,,,,,,,,,,,,,,,,,,,,,,,,,,,,,,,,,,,,,,,,,,
2,,Hoàng Văn Thụ,primary,1091,,,primary,,,,,Hoàng Văn Thụ,,,,,,,"[3337595374, 5762747868, 366381601, 5762825452, 723876650, 5762825874, 366462099, 2008273931]",Ho Chi Minh,Tan Binh,,,,,yes,,,,,,,,,,,,,,,,,,,,,,,,,,,,,,,,,,,,,,,,,,,,,,,,,,,,,,,,,,,,,,,,,,,,,,,,,,,,,,,,,,,,,,,,,,,,,,,,,,,,,,,,,,
2,80.0,Trường Chinh,primary,1092,,,primary,,,,,Trường Chinh,,,,,,,"[5748694416, 2091954880, 723876663, 4069480298, 366440778, 5740748947, 4069480299, 2091954886, 5462256012]",,,Truong Chinh,,,,yes,,,,80,,,,,,,,,,,,,,,,,,,,,,,,,,,,,,,,,,,,,,,,,,,,,,,,,,,,,,,,,,,,,,,,,,,,,,,,,,,,,,,,,,,,,,,,,,,,,,,,,,,,,,
2,80.0,Trường Chinh,primary,1093,,,primary,,,,,Trường Chinh,,,,,,,"[366398319, 2091954875, 3370353433, 3370353432, 3370353431, 3370353430, 2091954811, 2091954912, 3370353429, 3370353428, 3370353427, 3370353426, 3370353425, 3370353424, 3370353423, 3370353422, 3370353421, 2251580175, 3655114528, 3655114319, 3370353420, 3370353419, 3370353418, 3370353417, 3370353416, 3370353415, 3370353414, 3370353413, 3370353412, 3370353411, 3370353410, 3370353409, 5735332156, 3370353408, 3370353407, 4597419812, 2091954877]",,,,,,,yes,,,,80,,,,,,,,,,,,,,,,,,,,,,,,,,,,,,,,,,,,,,,,,,,,,,,,,,,,,,,,,,,,,,,,,,,,,,,,,,,,,,,,,,,,,,,,,,,,,,,,,,,,,,
2,,Quốc lộ 1K,primary,1094,,,primary,,,,,Quốc lộ 1K,,,,,,,"[5468478168, 3371908051, 3371908049, 2941425702, 3792257441, 2941425701, 5762654754, 2941425700, 5762654857, 2941425699]",,,,1K,,,yes,,,,,,,,,,,,,,,,,,,,,,,,,,,,,,,,,,,,,,,,,,,,,,,,,,,,,,,,,,,,,,,,,,,,,,,,,,,,,,,,,,,,,,,,,,,,,,,,,,,,,,,,,,
2,,Quốc lộ 1K,primary,1095,,,primary,,,,,Quốc lộ 1K,,,,,,,"[5468478164, 5468478165, 4068017787, 5468478166, 3334343878]",,,,1K,,,yes,,,,,,,,,,,,,,,,,,,,,,,,,,,,,,,,,,,,,,,,,,,,,,,,,,,,,,,,,,,,,,,,,,,,,,,,,,,,,,,,,,,,,,,,,,,,,,,,,,,,,,,,,,
2,60.0,Phạm Văn Đồng,primary,1096,,,primary,,,,,Phạm Văn Đồng,,,,,,,"[3349899985, 3349899987, 3349899992, 5767269896, 3349899996, 5767128968, 3349899998, 5767269891, 3349900000, 3349900002, 3349900004, 3349900006, 3349900008, 5767269794, 3349900010, 3349900012, 3349900014, 3349900016, 5767269788, 3349900018, 3349900020, 5767269819, 3349900022, 3349900024, 3349900027, 3371937700, 3349900030, 5767269542, 3349900031, 3371908046]",,,,,,,yes,,,,60,,,,,,,,,,,,,,,,,,,,,,,,,,,,,,,,,,,,,,,,,,,,,,,,,,,,,,,,,,,,,,,,,,,,,,,,,,,,,,,,,,,,,,,,,,,,,,,,,,,,,,
2,60.0,Phạm Văn Đồng,primary,1097,,,primary,,,,,Phạm Văn Đồng,,,,,,,"[3349899990, 3349899988, 4519460872, 3349899984, 5767184404, 3349899982, 3349899978, 5772137764, 3349899976, 3349899974, 3349899970, 3349899968, 3349899966, 3349899964, 4447240197, 366415382, 3349899962, 4447240198, 5772089073, 3349899960, 4447240199, 3349899958, 3349899956, 3349899953, 3349899951, 5772508535, 4936584702, 5772511384, 3349899945, 5772511366, 4447240200, 4936584703, 3349899939, 3349899937, 3349899933, 3349899929, 4447240202, 4447240201, 3349899927, 3349899925, 4447240203, 3349899923, 4447240204, 3349899919, 4447240205, 3349899917, 3349899915, 3349899914, 3349899912, 366435241, 3349899910, 3349899909, 3349899908, 3349899907, 3349899906, 3349899903, 3349899901, 3349899900, 3349899895, 3349899893, 5750623149, 3349899392, 4447240206, 3727350727, 4447240207, 3349899390, 3349899389, 5752823280, 3349899387, 366427879, 5750623158, 5750476260]",,,,,,,yes,,,,60,,,,,,,,,,,,,,,,,,,,,,,,,,,,,,,,,,,,,,,,,,,,,,,,,,,,,,,,,,,,,,,,,,,,,,,,,,,,,,,,,,,,,,,,,,,,,,,,,,,,,,
3,,,primary_link,1098,,,primary_link,,,,,,,,,,,,"[3371932986, 3371932990, 3371932992, 3371934695, 3371934697, 3371934700, 5468478167]",,,,,,,yes,,,,,,,,,,,,,,,,,,,,,,,,,,,,,,,,,,,,,,,,,,,,,,,,,,,,,,,,,,,,,,,,,,,,,,,,,,,,,,,,,,,,,,,,,,,,,,,,,,,,,,,,,,
4,,Lê Hồng Phong,tertiary,1099,,,tertiary,,,,,Lê Hồng Phong,,,,,,,"[366446521, 3116339942, 5794883969, 5794913339, 366400249, 366466647]",,,,,,,no,,,,,,,,,,,,,,,,,,,,,,,,,,,,,,,,,,,,,,,,,,,,,,,,,,,,,,,,,,,,,,,,,,,,,,,,,,,,,,,,,,,,,,,,,,,,,,,,,,,,,,,,,,
4,,Lê Quang Sung,tertiary,1100,,,tertiary,,,,,Lê Quang Sung,,,,,,,"[1996745450, 1996745843, 366456369, 3373356731, 366420778, 1996745799, 366397332]",,,,,,,yes,,,,,,,,,,,,,,,,,,,,,,,,,,,,,,,,,,,,,,,,,,,,,,,,,,,,,,,,,,,,,,,,,,,,,,,,,,,,,,,,,,,,,,,,,,,,,,,,,,,,,,,,,,
2,,Quốc lộ 13,primary,1101,,,primary,,,,,Quốc lộ 13,,,,,,,"[724227317, 366478536, 3116339967, 5779522909, 366441391, 5737826572, 366450872, 5779522896, 366405841, 5737933071, 2030639695, 3116339969, 366419043, 5737933034, 2030638499, 5737933043, 366472768, 5737826581, 366417928, 5737799932, 5737799930, 5737799935, 5737798904, 724227322, 366450818]",,,National Route 13,13,,,yes,,,,,,,,,,,,,,,,,,,,,,,,,,,,,,,,,,,,,,,,,,,,,,,,,,,,,,,,,,,,,,,,,,,,,,,,,,,,,,,,,,,,,,,,,,,,,,,,,,,,,,,,,,
2,,Quốc lộ 13,primary,1102,,,primary,,,,,Quốc lộ 13,,,,,,,"[366450818, 2418498356, 366445187, 366465187]",,,National Route 13,13,,,yes,,,,,,,,,,,,,,,,,,,,,,,,,,,,,,,,,,,,,,,,,,,,,,,,,,,,,,,,,,,,,,,,,,,,,,,,,,,,,,,,,,,,,,,,,,,,,,,,,,,,,,,,,,
3,,Ngô Gia Tự,secondary,1103,,,secondary,,,,,Ngô Gia Tự,,,,,,,"[4614030565, 5045757172, 5045756810, 5045757166, 5045757162, 5045756805, 4621862964, 5045757093, 5045757076, 5045757053, 5050082260, 5050082259, 5045757043, 5045757038, 366450098]",,,Ngo Gia Tu,,,,,,,,,,,,,,,,,,,,,,,,,,,,,,,,,,,,,,,,,,,,,,,,,,,,,,,,,,,,,,,,,,,,,,,,,,,,,,,,,,,,,,,,,,,,,,,,,,,,,,,,,,,,,,
4,,Nguyễn Chí Thanh,tertiary,1104,,,tertiary,,,,,Nguyễn Chí Thanh,,,,,,,"[366380992, 5674570643, 5674570644, 5802861322, 5802861323]",,,Nguyen Chi Thanh,,,,,,,,,,,,,,,,,,,,,,,,,,,,,,,,,,,,,,,,,,,,,,,,,,,,,,,,,,,,,,,,,,,,,,,,,,,,,,,,,,,,,,,,,,,,,,,,,,,,,,,,,,,,,,
1,60.0,Quốc lộ 1,trunk,1105,,,trunk,,,,,Quốc lộ 1,,,,,,,"[2240993963, 4068481125, 2240985478]",,,,1,,,yes,,,,60,,,,,,,,,,,,,,,,,,,,,,,,,,,,,,,,,,,,,,,,,,,,,,,,,,,,,,,,,,,,,,,,,,,,,,,,,,,,,,,,,,,,,,,,,,,,,,,,,,,,,,
2,,Trần Phú,primary,1106,,,primary,,,,,Trần Phú,,,,,,,"[2300363358, 4616143770, 5805637469, 5805637470, 366429715, 5794771156, 5794883960, 5805637459, 5805831221, 366400249, 5794913350, 5794913320, 5794913309, 5794913304, 5794913328, 366418906, 3185762981, 634134021]",,,,,,,yes,,,,,,,,,,,,,,,,,,,,,,,,,,,,,,,,,,,,,,,,,,,,,,,,,,,,,,,,,,,,,,,,,,,,,,,,,,,,,,,,,,,,,,,,,,,,,,,,,,,,,,,,,,
1,60.0,Quốc lộ 1,trunk,1107,,,trunk,,,,,Quốc lộ 1,,,,,,,"[1958801764, 5772687828, 1958801722]",,,,1,,,yes,,,,60,,,,,,,,,,,,,,,,,,,,,,,,,,,,,,,,,,,,,,,,,,,,,,,,,,,,,,,,,,,,,,,,,,,,,,,,,,,,,,,,,,,,,,,,,,,,,,,,,,,,,,
2,,Hùng Vương,primary,1108,,,primary,,,,,Hùng Vương,,,,,,,"[366446521, 5794854820, 5794854819, 5794854821, 5794883987, 5794771159, 5788927095, 5794854831, 5794884014, 3185778720, 366454289, 1997154257, 1997154284, 366479267, 3185778721, 5803536170, 4621941574, 4620532888, 4620534189]",,,Hung Vuong,,,,yes,,,,,,,,,,,,,,,,,,,,,,,,,,,,,,,,,,,,,,,,,,,,,,,,,,,,,,,,,,,,,,,,,,,,,,,,,,,,,,,,,,,,,,,,,,,,,,,,,,,,,,,,,,
4,,Trang Tử,tertiary,1109,,,tertiary,,,,,Trang Tử,,,,,,,"[1996654934, 366409794, 5802782527, 5802782528, 1996745106, 366468340, 4583483799]",,,Trang Tu,,,,no,,paved,莊子路,,,,,,,,,,,no,2,,,,,,,,,,,,,,,,,,,,,,,,,,,,,,,,,,,,,,,,,,,,,,,,,,,,,,,,,,,,,,,,,,,,,,,,,,,,,,,,,,,,,,,,,,,
4,,Võ Văn Tần,tertiary,1110,,,tertiary,,,,,Võ Văn Tần,,,,,,,"[411925922, 3744246112, 5763263830, 5763269259, 5763263841, 411926551]",,,,,,,yes,,,,,,,,,,,,,,,,,,,,,,,,,,,,,,,,,,,,,,,,,,,,,,,,,,,,,,,,,,,,,,,,,,,,,,,,,,,,,,,,,,,,,,,,,,,,,,,,,,,,,,,,,,
1,60.0,Quốc lộ 1,trunk,1111,,,trunk,,,,,Quốc lộ 1,,,,,,,"[1958801762, 5762654878, 1958801783, 3792257398, 1958801803, 3792257401, 5762697165, 1958801838, 5762697167, 366428437, 1958801865, 5762600151, 5762601953, 5762613598, 1958801919, 2951396137, 1958801931, 366412394, 4068085505, 1958801961, 1958801933, 1958801915]",,,,1,,,yes,,,,60,,,,,,,,,,,,,,,,,,,,,,,,,,,,,,,,,,,,,,,,,,,,,,,,,,,,,,,,,,,,,,,,,,,,,,,,,,,,,,,,,,,,,,,,,,,,,,,,,,,,,,
1,50.0,Điện Biên Phủ,trunk,1112,,,trunk,,,,,Điện Biên Phủ,,,,,,,"[2028465914, 366432667, 366428699, 366469545, 366445627, 4066392264, 366466514, 366455690, 1497312963, 766466154, 5778236260, 1204093480, 2030638711]",,,,,,,yes,,,,50,,,,,,,,,,,,,,,,,,,,,,,,,,,,,,,,,,,,,,,,,,,,,,,,,,,,,,,,,,,,,,,,,,,,,,,,,,,,,,,,,,,,,,,,,,,,,,,,,,,,,,
2,50.0,Điện Biên Phủ,primary,1113,,,primary,,,,,Điện Biên Phủ,,,,,,,"[729523394, 2030639125, 2030639513]",,,Dien Bien Phu Road,,,,yes,,,奠边府路,50,,,,,,,,,,,,,,,,,,,,,,,,,,,,,,,,,,,,,,,,,,,,,,,,,,,,,,,,,,,,,,,,,,,,,,,,,,,,,,,,,,,,,,,,,,,,,,,,,,,,,,
1,50.0,Điện Biên Phủ,trunk,1114,,,trunk,,,,,Điện Biên Phủ,,,,,,,"[2030638711, 366392502, 366448540, 366378369, 373544381]",,,,,,,yes,,,,50,,no,,,,,,,,,,,,,,,,,,,,,,,,,,,,,,,,,,,,,,,,,,,,,,,,,,,,,,,,,,,,,,,,,,,,,,,,,,,,,,,,,,,,,,,,,,,,,,,,,,,,
3,50.0,Điện Biên Phủ,trunk_link,1115,,,trunk_link,,,,,Điện Biên Phủ,,,,,,,"[2030639513, 4066381545, 4066381544, 676548019]",,,Dien Bien Phu,,,,yes,,,,50,,yes,,,,,,,,,,,,,,,,,,,,,,,,,,,,,,,,,,,,,,,,,,,,,,,,,,,,,,,,,,,,,,,,,,,,,,,,,,,,,,,,,,,,,,,,,,,,,,,,,,,,
3,,Đỗ Xuân Hợp,secondary,1116,,,secondary,,,,,Đỗ Xuân Hợp,,,,,,,"[2028465717, 5748737730, 676035822, 2217837564]",,,Do Xuan Hop,,,,,,,,,,,,,,,,,,,,,,,,,,,,,,,,,,,,,,,,,,,,,,,,,,,,,,,,,,,,,,,,,,,,,,,,,,,,,,,,,,,,,,,,,,,,,,,,,,,,,,,,,,,,,,
1,80.0,Xa lộ Hà Nội,trunk,1117,,,trunk,,,,,Xa lộ Hà Nội,,,,,,,"[2028465800, 4066321021, 2024972839, 2360063334, 4066321020, 2024973184, 676115971, 4066321019, 2623035424, 1127297776, 1834116788, 4066321017, 676115512, 676115514, 3985459711, 676038965, 4066321016, 1834116863, 676038761, 2028465760, 1834116933, 1834116969, 676038341, 4066307264, 676038342, 4066307265, 1834117096, 1834117114]",,,,QL.52,,,yes,,,,80,,,,,,,,,,,,yes,,,,,,,,,no,,,,,,,,,,,,,,,,,,,,,,,,,,,,,,,,,,,,,,,,,,,,,,,,,,,,,,,,,,,,,,,,,,,,,,,,,,,,,,,,,
3,50.0,,trunk_link,1118,,,trunk_link,,,,,,,,,,,,"[403543372, 5456094849, 403543370, 5456094850, 5456094851, 403543368, 403543366, 1834117108, 2275243782, 403543364, 2955875960, 2955875959, 5881087062, 403543362, 403543360, 366406568, 403543358, 5735567968, 2955875941, 403543356, 676038923, 403543351, 2955875938, 3822238960, 2955875940, 2955875939]",,,,QL.52,,,yes,,,,50,,,,,,,,,,,,,,,,,,,,,,,,,,,,,,,,,,,,,,,,,,,,,,,,,,,,,,,,,,,,,,,,,,,,,,,,,,,,,,,,,,,,,,,,,,,,,,,,,,,,,,
1,80.0,Xa Lộ Hà Nội,trunk,1119,,,trunk,,,,,Xa Lộ Hà Nội,,,,,,,"[2028465888, 366396940, 1497313064, 2028465964]",,,,QL.52,,,yes,,,,80,,,,,,,,,,,,yes,,,,,,,,,,,,,,,,,,,,,,,,,,,,,,,,,,,,,,,,,,,,,,,,,,,,,,,,,,,,,,,,,,,,,,,,,,,,,,,,,,,,,,,,,,
1,80.0,Xa Lộ Hà Nội,trunk,1120,,,trunk,,,,,Xa Lộ Hà Nội,,,,,,,"[1834117114, 745747077, 3647300401, 676038262, 676038267, 2028465889]",,,,QL.52,,,yes,,,,80,,,,,,,,,,,,yes,,,,,,,,,,,,,,,,,,,,,,,,,,,,,,,,,,,,,,,,,,,,,,,,,,,,,,,,,,,,,,,,,,,,,,,,,,,,,,,,,,,,,,,,,,
1,60.0,Xa Lộ Hà Nội,trunk,1121,,,trunk,,,,,Xa Lộ Hà Nội,,,,,,,"[2028465815, 4066319834, 4066297974, 366406408, 4066297970, 366426524, 4066297971, 366446468, 2038584716, 366380113]",,,,QL.52,,,yes,,,,60,,,,,,,,,,,3,yes,,,,,,,,,,,,,,,,,,,,,,,,,,,,,,,,,,,,,,,,,,,,,,,,,,,,,,,,,,,,,,,,,,,,,,,,,,,,,,,,,,,,,,,,,,
1,60.0,Xa Lộ Hà Nội,trunk,1122,,,trunk,,,,,Xa Lộ Hà Nội,,,,,,,"[5735567932, 4066319835, 1127297775, 366379096, 2967612865, 2024973309, 2028465815]",,,,QL.52,,,yes,,,,60,,,,,,,,,,,5,yes,,,,,,,,,,,,,,,,,,,,,,,,,,,,,,,,,,,,,,,,,,,,,,,,,,,,,,,,,,,,,,,,,,,,,,,,,,,,,,,,,,,,,,,,,,
2,,Hồng Bàng,primary,1123,,,primary,,,,,Hồng Bàng,,,,,Hồng Bàng,,"[366368264, 5813814365, 4615972583, 4616029222, 366384829, 1996745205, 1996745427]",,,Hong Bang,,,,yes,,,,,,,,,,,,,,,,,,,,,,,,,,,,,,,,,,,,,,,,,,,,,,,,,,,,,,,,,,,,,,,,,,,,,,,,,,,,,,,,,,,,,,,,,,,,,,,,,,,,,,,,,,
2,,Hùng Vương,primary,1124,,,primary,,,,,Hùng Vương,,,,,,,"[4620534189, 4620515990, 3185778722, 2934292885, 1996654472, 4646989208, 5802993762, 4616051263]",,,,,,,yes,,,,,,,,,,,,,,,,,,,,,,,,,,,,,,,,,,,,,,,,,,,,,,,,,,,,,,,,,,,,,,,,,,,,,,,,,,,,,,,,,,,,,,,,,,,,,,,,,,,,,,,,,,
4,,Lê Văn Chí,tertiary,1125,,,tertiary,,,,,Lê Văn Chí,,,,,,,"[2024972764, 2024972988]",,,,,,,,,,,,,,,,,,,,,,,,,,,,,,,,,,,,,,,,,,,,,,,,,,,,,,,,,,,,,,,,,,,,,,,,,,,,,,,,,,,,,,,,,,,,,,,,,,,,,,,,,,,,,,,,,
1,60.0,Quốc lộ 1,trunk,1126,,,trunk,,,,,Quốc lộ 1,,,,,,,"[1958801572, 1958801576, 1958801579, 5765056918, 1958801580, 1958801582, 1958801584, 1958801588, 4068070647, 1958801591, 5772276159, 5772276162, 1958801594]",,,,QL.1,,,yes,,,,60,,,,,,,,,,,,,,AH1,,,,,,,,,,,,,,,,,,,,,,,,,,,,,,,,,,,,,,,,,,,,,,,,,,,,,,,,,,,,,,,,,,,,,,,,,,,,,,,,,,,,,,,,
2,,Nguyễn Tri Phương,primary,1127,,,primary,,,,,Nguyễn Tri Phương,,,,,,,"[4631057700, 4631390893, 5805637521, 3116315718, 4620515588, 4620532888, 4620515992, 4620515991, 3150110711, 734894515]",,,Nguyen Tri Phuong,,,,yes,,,,,,,,,,,,,,,,,,,,,,,,,,,,,,,,,,,,,,,,,,,,,,,,,,,,,,,,,,,,,,,,,,,,,,,,,,,,,,,,,,,,,,,,,,,,,,,,,,,,,,,,,,
2,,Nguyễn Văn Cừ,primary,1128,,,primary,,,,,Nguyễn Văn Cừ,,,,,,,"[366462922, 411922222, 3171506752, 366467217, 2289923634, 3171506754, 5806004398, 2364089053]",,,,,,,yes,,asphalt,,,,,,,,,,,,,6,,,,,,,,,,,,,,,,,,,,,,,,,,,,,,,,,,,,,,,,,,,,,,,,,,,,,,,,,,,,,,,,,,,,,,,,,,,,,,,,,,,,,,,,,,,
2,,Nguyễn Văn Cừ,primary,1129,,,primary,,,,,Nguyễn Văn Cừ,,,,,,,"[2289923629, 5795001569, 3150775230, 2469697624, 2469697626, 2935020197, 5780783992, 3150775229, 5780784040, 5780758078, 634134026]",,,,,,,yes,,,,,,,,,,,,,,,,,,,,,,,,,,,,,,,,,,,,,,,,,,,,,,,,,,,,,,,,,,,,,,,,,,,,,,,,,,,,,,,,,,,,,,,,,,,,,,,,,,,,,,,,,,
4,,Võ Văn Ngân,tertiary,1130,,,tertiary,,,,,Võ Văn Ngân,,,,,,,"[2024972876, 5755653758, 5755653756]",,,,,,,,,,,,,,,,,,,,,,,,,,,,,,,,,,,,,,,,,,,,,,,,,,,,,,,,,,,,,,,,,,,,,,,,,,,,,,,,,,,,,,,,,,,,,,,,,,,,,,,,,,,,,,,,,
4,,Võ Văn Ngân,tertiary,1131,,,tertiary,,,,,Võ Văn Ngân,,,,,,,"[5758041258, 3116282961, 2984717730, 366448285, 4965780574, 2984717727, 5762593083, 366419447, 4447256922, 5762593079, 4965780608, 4967192318, 2333136101, 366419393, 3259392956, 366377549, 3117081298, 366403787, 3104265000, 5762626858, 2984717726, 5762610270, 5762626727, 5762626861, 3116282957, 5762610261, 366450040, 5762610268, 5762610256, 5762593074, 5762610266, 366414791, 5762593067, 366467790, 2947041240, 2947041239, 2947041241, 366472293]",,,Vo Van Ngan,,,,,,,,,,,,,,,,,,,,,,,,,,,,,,,,,,,,,,,,,,,,,,,,,,,,,,,,,,,,,,,,,,,,,,,,,,,,,,,,,,,,,,,,,,,,,,,,,,,,,,,,,,,,,,
2,50.0,Xa lộ Hà Nội,primary,1132,,,primary,,,,,Xa lộ Hà Nội,,,,,,,"[2217837564, 3112765122, 4066481008, 4066481007, 4934947959, 4066481009, 2217842114, 2360081512, 2697217614, 366452432, 4066458564, 4934947961, 4066458565, 366405940, 4066414553, 4934947970, 366385636, 4934947963, 366460221, 366461014, 366410278, 4066414552, 4066458578, 4066458579, 4066470692, 5778616002, 2217869570, 2217869577, 2024973291, 3385455009, 4066470693, 2024973162]",,,,QL.52,,,yes,,,,50,,,,,,,,,,,,yes,,,,,,,,,,,,,,,,,,,,,,,,,,,,,,,,,,,,,,,,,,,,,,,,,,,,,,,,,,,,,,,,,,,,,,,,,,,,,,,,,,,,,,,,,,
1,50.0,Xa Lộ Hà Nội,trunk,1133,,,trunk,,,,,Xa Lộ Hà Nội,,,,,,,"[1958801433, 676029452, 676029458, 1958801546, 5780790447, 5780790446, 5778173039, 5778173050, 676029561, 5778172650, 676029334, 2984625916, 676029152, 2024973137, 2951381866, 676029156, 676029176, 2024973238, 676029180, 2024973329, 676025037]",,,,QL.1,,,yes,,,,50,,,,,,,,,,,,,,AH1,,,,,,,,,,,,,,,,,,,,,,,,,,,,,,,,,,,,,,,,,,,,,,,,,,,,,,,,,,,,,,,,,,,,,,,,,,,,,,,,,,,,,,,,
1,60.0,Xa lộ Hà Nội,trunk,1134,,,trunk,,,,,Xa lộ Hà Nội,,,,,,,"[366425001, 5778217313, 5778217304, 366377002, 5778271877, 1958801276, 5778630686, 4446924680, 2024972848, 4446924681, 370523228]",,,,QL.52,,,yes,,,,60,,,,,,,,,,,,yes,,,,,,,,,,,,,,,,,,,,,,,,,,,,,,,,,,,,,,,,,,,,,,,,,,,,,,,,,,,,,,,,,,,,,,,,,,,,,,,,,,,,,,,,,,
2,,Xô Viết Nghệ Tĩnh,primary,1135,,,primary,,,,,Xô Viết Nghệ Tĩnh,,,,,,,"[676534735, 1497276515]",,,Xo Viet Nghe Tinh Road,,,,yes,,,乂静苏维埃路,,,,,,,,,,,,,,,,,,,,,,,,,,,,,,,,,,,,,,,,,,,,,,,,,,,,,,,,,,,,,,,,,,,,,,,,,,,,,,,,,,,,,,,,,,,,,,,,,,,,,,,
2,40.0,Xa Lộ Hà Nội,primary,1136,,,primary,,,,,Xa Lộ Hà Nội,,,,,,,"[2217835605, 1274090837, 2274972982, 2274972981, 2274972984, 5748445136]",,,,QL.52,,,yes,,,,40,,,,,,,,,,,,yes,,,,,,,,,,,,,,,,,,,,,,,,,,,,,,,,,,,,,,,,,,,,,,,,,,,,,,,,,,,,,,,,,,,,,,,,,,,,,,,,,,,,,,,,,,
4,,,tertiary,1137,,,tertiary,,,,,,,,,,,,"[3164002582, 5772493587, 2946995065, 5772269440, 5772493218, 2946995066, 2946995067, 3334343870]",,,,,,,yes,,,,,,,,,,,,,,,,,,,,,,,,,,,,,,,,,,,,,,,,,,,,,,,,,,,,,,,,,,,,,,,,,,,,,,,,,,,,,,,,,,,,,,,,,,,,,,,,,,,,,,,,,,
2,50.0,Điện Biên Phủ,primary,1138,,,primary,,,,,Điện Biên Phủ,,,,,,,"[2030639374, 2030638743, 2350400672, 1497276525]",,,Dien Bien Phu Road,,,,yes,,,奠边府路,50,,,,,,,,,,,,,,,,,,,,,,,,,,,,,,,,,,,,,,,,,,,,,,,,,,,,,,,,,,,,,,,,,,,,,,,,,,,,,,,,,,,,,,,,,,,,,,,,,,,,,,
2,,Nguyễn Thị Minh Khai,primary,1139,,,primary,,,,,Nguyễn Thị Minh Khai,,,,,Nguyễn Thị Minh Khai,,"[2403047190, 3347875826, 2403047193, 2403047191, 2403047194, 3168273003, 2403047192, 2037756050, 2037756059]",,,Nguyen Thi Minh Khai Road,,,,yes,Hồng Thập Tự,,阮氏明开路,,,,,,,,,,,,,,,,,,,,,,,,,,,,,,,,,,,,,,,,,,,,,,,,,,,,,,,,,,,,,Hồng Thập Tự,,,,,,,,,,,,,,,,,,,,,,,,,,,,,,,,,,,,,,,,,,
4,,Tôn Thất Thuyết,tertiary,1140,,,tertiary,,,,,Tôn Thất Thuyết,,,,,,,"[366445426, 2027772997, 2027772753, 366433810, 2027772752, 2027773608, 366448238, 2027773129, 2027772750, 2027772618, 2293409284, 366466543, 2293409283, 2293417993, 366426882, 2027773469, 2026783954, 366452650, 5778222802, 5778222834, 738217349, 1767909453, 366440357, 1992606830, 5778287269, 2355583406, 1992606845, 5778287275, 1992606807, 2295381728, 5778363295, 5778287280, 5778363282, 5778222784, 5778222785, 5778414844, 2026784165, 5778362245, 5778414812, 5778363262, 366439362, 2295369075, 5778414834, 5778362216, 5778362215, 1987338657, 5778452683, 5778452750, 2312383379, 5778452679, 366438643, 2295381736, 366453380, 366454397, 366406895, 366466719, 5778452728, 366417537, 5778509642, 2487607678, 366382349, 1767858091, 5778509639, 5778509633, 5778779240, 1767858064]",,,Ton That Thuyet,,,,no,,,,,,,,,,,,,,,4,,,,,,,,,,,,,,,,,,,,,,,,,,,,,,,,,,,,,,,,,,,,,,,,,,,,,,,,,,,,,,,,,,,,,,,,,,,,,,,,,,,,,,,,,,,
1,100.0,Đường Cao tốc Tp. Hồ Chí Minh-Long Thành-Dầu Giây,motorway,1141,,,motorway,,,,,Đường Cao tốc Tp. Hồ Chí Minh-Long Thành-Dầu Giây,,,,,Đường Cao tốc Tp. Hồ Chí Minh-Long Thành-Dầu Giây,yes,"[3246076437, 3246076438, 3246076439, 2592830384]",,,Ho Chi Minh City-Long Thanh-Dau Giay Expressway,CT01,,,yes,,,胡志明市-隆城-油移高速公路,100,,,2,,,yes,,,,,2,,,,,,,,,,,,,,,,,,,,,,,,,,,,,,,,,,,,,,,,,,,,,,,,,,,,,,,,,,,,,,,,,,,,,,,,,,,,,All,,,,,,,,,,,,,,
1,80.0,Cao tốc TP. Hồ Chí Minh - Long Thành - Dầu Giây,motorway,1142,,,motorway,,,,,Cao tốc TP. Hồ Chí Minh - Long Thành - Dầu Giây,,,,,,,"[3403562459, 5963137802]",,,,,,,yes,,,,80,,,1,,,yes,,,,,,,motorway,,,,,,,,,,,,,,,,,,,,,,,,,,,,,,,,,,,,,,,,,,,,,,,,,,,,,,,,,,,,,,,,,,,,,,,,,,,,,,,,,,,,,,,,,
1,50.0,Xa Lộ Hà Nội,trunk,1143,,,trunk,,,,,Xa Lộ Hà Nội,,,,,,,"[366380113, 4066392441, 2028465888]",,,,QL.52,,,yes,,,,50,,,,,,,,,,,3,yes,,,,,,,,,,,,,,,,,,,,,,,,,,,,,,,,,,,,,,,,,,,,,,,,,,,,,,,,,,,,,,,,,,,,,,,,,,,,,,,,,,,,,,,,,,
4,,Trần Văn Giàu,tertiary,1144,,,tertiary,,,,,Trần Văn Giàu,,,,,,,"[2613094722, 5802898262, 3081156049, 5802898257, 5802897326, 3630715337, 3630715343, 3630715347, 2613094719, 3630715331, 4560085066, 2386053883, 2386053880, 2386053886, 2386053891, 366433916, 2386053894]",,,,10B,,,yes,,,,,,,,,,,,,,,,,,,,,,,,,,,,,,,,,,,,,,,,,,,,,,,,,,,,,,,,,,,,,,,,,,,,,,,,,,,,,,,,,,,,,,,,,,,,,,,,,,,,,,,,,,
4,,Tân Sơn,tertiary,1145,,,tertiary,,,,,Tân Sơn,,,,,,,"[3638271150, 3638271147, 3638271146, 3638271144, 5750646237, 3638271145, 5717004826, 5724654566]",,,,,,,yes,,,,,,,,,,,,,,,,,,,,,,,,,,,,,,,,,,,,,,,,,,,,,,,,,,,,,,,,,,,,,,,,,,,,,,,,,,,,,,,,,,,,,,,,,,,,,,,,,,,,,,,,,,
4,,Tân Sơn,tertiary,1146,,,tertiary,,,,,Tân Sơn,,,,,,,"[2499049242, 3806429951, 3806429968, 3806430028]",,,,,,,,,,,,,,,,,,,,,,,,,,,,,,,,,,,,,,,,,,,,,,,,,,,,,,,,,,,,,,,,,,,,,,,,,,,,,,,,,,,,,,,,,,,,,,,,,,,,,,,,,,,,,,,,,
4,,Tân Sơn,tertiary,1147,,,tertiary,,,,,Tân Sơn,,,,,,,"[2499049242, 3806429858, 3806429843, 2942885412, 2942885410, 2942885411, 2712170810, 2712170811, 2712170812, 2712170813, 2712170814]",,,,,,,,,,,,,,,,,,,,,,,,,,,,,,,,,,,,,,,,,,,,,,,,,,,,,,,,,,,,,,,,,,,,,,,,,,,,,,,,,,,,,,,,,,,,,,,,,,,,,,,,,,,,,,,,,
4,,Tân Sơn,tertiary,1148,,,tertiary,,,,,Tân Sơn,,,,,,,"[3640176500, 4956194589, 4957752163, 3640176497, 4957752154, 5158407742, 4957752164, 5158407744, 4957752172, 3640176505, 4957752173, 4957752180, 5748192739, 4932465928, 4932465929, 5748192620, 3640176496, 4932465986, 3674448723, 4932465981, 4932465993, 4932465985, 4932465984, 4932465983, 4932465992]",,,,,,,yes,,,,,,,,,,,,,,,,,,,,,,,,,,,,,,,,,,,,,,,,,,,,,,,,,,,,,,,,,,,,,,,,,,,,,,,,,,,,,,,,,,,,,,,,,,,,,,,,,,,,,,,,,,
4,,,unclassified,1149,,,unclassified,,,,,,,,,,,,"[3640176497, 5158407753, 5719098205, 4956194618, 4956194922, 3640170977, 3640170968, 3640170969, 4956194979, 4956194983, 3640170986, 4956194990, 4956194993, 4956194997, 3640170982, 3640170978, 4956195012, 4956195014, 3640170992, 5719111826, 3640170970, 4788294834]",,,,,,,,,,,,,,,,,,,,,,,,,,,,,,,,,,,,,,,,,,,,,,,,,,,,,,,,,,,,,,,,,,,,,,,,,,,,,,,,,,,,,,,,,,,,,,,,,,,,,,,,,,,,,,,,,
4,,Nguyễn Xí,tertiary,1150,,,tertiary,,,,,Nguyễn Xí,,,,,,,"[4067989170, 1635104209, 366451465, 366477683, 1534954571, 5772155155, 366455471, 5740088386, 366467134]",,,,,,,,,,,,,,,,,,,,,,,,,,,,,,,,,,,,,,,,,,,,,,,,,,,,,,,,,,,,,,,,,,,,,,,,,,,,,,,,,,,,,,,,,,,,,,,,,,,,,,,,,,,,,,,,,
4,,Phan Văn Trị,tertiary,1151,,,tertiary,,,,,Phan Văn Trị,,,,,,,"[5719318002, 366377799, 366464994, 5400592009, 366446366, 2822232608, 2822232619, 2822232618, 4905096814, 2822232621, 3168915062, 4850943298, 366379020, 3706215495, 5742768240, 3326713915, 366440966, 5793426502, 4447252162, 5719318337, 366378818, 5719318336, 5726962505, 4850943236, 5798935315, 366401815, 366413008]",Ho Chi Minh,Go Vap,Phan Van Tri,,,,yes,,,,,,,,,,,,no,no,,,,,,,,,,,,,,,,,,,,,,,,,,,,,,,,,,,,,,,,,,,,,,,,,,,,,,,,,,,,,,,,,,,,,,,,,,,,,,,,,,,,,,,,,,,,,
4,,Lê Quang Định,tertiary,1152,,,tertiary,,,,,Lê Quang Định,,,,,,,"[5467459909, 366444868, 366389514]",,,,,,,,,,,,,,,,,,,,,,,,,,,,,,,,,,,,,,,,,,,,,,,,,,,,,,,,,,,,,,,,,,,,,,,,,,,,,,,,,,,,,,,,,,,,,,,,,,,,,,,,,,,,,,,,,
4,,Lê Quang Định,tertiary,1153,,,tertiary,,,,,Lê Quang Định,,,,,,,"[3642368010, 2968005676]",,,,,,,,,,,,,,1,,,yes,,,,,,,,,,,,,,,,,,,,,,,,,,,,,,,,,,,,,,,,,,,,,,,,,,,,,,,,,,,,,,,,,,,,,,,,,,,,,,,,,,,,,,,,,,,,,,,,
4,,Nguyễn Văn Nghi,tertiary,1154,,,tertiary,,,,,Nguyễn Văn Nghi,,,,,,,"[5742713535, 5799069502, 366466786, 5798936914, 5799069499, 5798936912, 366475985, 5798936908, 5742713536, 3326713916, 366368534, 5818114200, 4903050776, 366418051, 5799069981, 366409550, 5818114195, 4903050761, 4903027072, 366375627, 5799069994, 5742713550, 5742713553, 4903050768, 366409913, 5818114185, 366460142, 4903025819, 4451424912, 366417390, 4903027033, 366400164, 5799070000, 366420865, 366465550, 5799070002, 3175110461, 4903025792, 366463307, 366445712, 5799069506, 366477524, 5799070048, 701670585, 5799070043, 3640191262, 5726962507, 701670582]",,,,,,,,,,,,,,,,,,,no,no,,,,,,,,,,,,,,,,,,,,,,,,,,,,,,,,,,,,,,,,,,,,,,,,,,,,,,,,,,,,,,,,,,,,,,,,,,,,,,,,,,,,,,,,,,,,,
2,40.0,Phạm Văn Đồng,primary,1155,,,primary,,,,,Phạm Văn Đồng,,,,,,,"[2493364034, 5738008488, 5738008489, 2493364044, 4067993564, 2493364043, 4067967899, 3640193708, 2493364056, 2496916446]",Hồ Chí Minh,Gò Vấp,Pham Van Dong,,,,yes,,,,40,,,,,,,,,,,,yes,,,,,,,,,,,,,,,,,,,,,,,,,,,,,,,,,,,,,,,,,,,,,,,,,,,,,,,,,,,,,,,,,,,,,,,,,,,,,,,,,,,,,,,,,,
2,40.0,Phạm Văn Đồng,primary,1156,,,primary,,,,,Phạm Văn Đồng,,,,,,,"[3642303456, 3642303435, 4067973617, 4067973618, 3641850239, 3170153783]",,,,,,,yes,,,,40,,,,,,,,,,,,yes,,,,,,,,,,,,,,,,,,,,,,,,,,,,,,,,,,,,,,,,,,,,,,,,,,,,,,,,,,,,,,,,,,,,,,,,,,,,,,,,,,,,,,,,,,
4,,Lê Quang Định,tertiary,1157,,,tertiary,,,,,Lê Quang Định,,,,,,,"[5467459910, 2493366312, 3641844558, 5738537391, 5738537545, 3175105777, 366457009, 5738102609, 5721506203, 2496916454, 2496916462, 5782013210, 5782113447, 5782013207, 366374009, 5738102593, 366475371, 366420596, 5738102590, 5721506135, 5738102592, 5738102591, 5721505853]",,,,,,,,,,,,,,,,,,,,,,,,,,,,,,,,,,,,,,,,,,,,,,,,,,,,,,,,,,,,,,,,,,,,,,,,,,,,,,,,,,,,,,,,,,,,,,,,,,,,,,,,,,,,,,,,,
4,,Lê Quang Định,tertiary,1158,,,tertiary,,,,,Lê Quang Định,,,,,,,"[366389514, 5782013075, 366451955, 5782013077, 366400793, 5782013152, 5782013162, 366426156, 5738537558, 3642368010]",,,,,,,,,,,,,,,,,,,,,,,,,,,,,,,,,,,,,,,,,,,,,,,,,,,,,,,,,,,,,,,,,,,,,,,,,,,,,,,,,,,,,,,,,,,,,,,,,,,,,,,,,,,,,,,,,
4,,,unclassified,1159,,,unclassified,,,,,,,,,,,,"[5748143015, 5748143016, 5748143017, 5743100847, 5743100848, 5743100850, 3656167770, 5742751000, 5742751001, 5742751002, 5742750999, 3656167771, 3744096199, 5742751122, 3656167772, 5742751007]",,,,,,,,,,,,,,,,,,,,,,,,,,,,,,,,,,,,,,,,,,,,,,,,,,,,,,,,,,,,,,,,,,,,,,,,,,,,,,,,,,,,,,,,,,,,,,,,,,,,,,,,,,,,,,,,,
4,,Tân Sơn,tertiary,1160,,,tertiary,,,,,Tân Sơn,,,,,,,"[366409303, 2499049291, 2499049294, 3638282776, 5724654567, 366425128, 5724654566]",,,,,,,,,,,,,,,,,,,,,,,,,,,,,,,,,,,,,,,,,,,,,,,,,,,,,,,,,,,,,,,,,,,,,,,,,,,,,,,,,,,,,,,,,,,,,,,,,,,,,,,,,,,,,,,,,
4,,Tân Sơn,tertiary,1161,,,tertiary,,,,,Tân Sơn,,,,,,,"[3638313082, 5743315779, 5097414559, 4932465938, 4932465939, 4932465944, 5097414564, 3640164172, 5719078982, 5097414562, 3638313075, 2251527151, 5112594980, 5719078983, 3806430028]",,,,,,,yes,,,,,,,,,,,,,,,,,,,,,,,,,,,,,,,,,,,,,,,,,,,,,,,,,,,,,,,,,,,,,,,,,,,,,,,,,,,,,,,,,,,,,,,,,,,,,,,,,,,,,,,,,,
4,,Tân Sơn,tertiary,1162,,,tertiary,,,,,Tân Sơn,,,,,,,"[3806430028, 3674450830, 3674448724, 3674450828, 4956194614, 3638334317]",,,,,,,yes,,,,,,,,,,,,,,,,,,,,,,,,,,,,,,,,,,,,,,,,,,,,,,,,,,,,,,,,,,,,,,,,,,,,,,,,,,,,,,,,,,,,,,,,,,,,,,,,,,,,,,,,,,
2,,Bạch Đằng,primary,1163,,,primary,,,,,Bạch Đằng,,,,,,,"[2351201584, 5671815988, 5671815981, 5671815991, 5777195901, 1171587740, 2351203664, 5671815995, 5777273644, 5777273646, 2351201565, 5777274189, 5777274184, 5733023036, 5777274194, 1204093501, 5777274198, 2351201559, 5777274213, 2351201562]",,Binh Thanh,,,,,yes,,,,,,,,,,,,,,,,,,,,,,,,,,,,,,,,,,,,,,,,,,,,,,,,,,,,,,,,,,,,,,,,,,,,,,,,,,,,,,,,,,,,,,,,,,,,,,,,,,,,,,,,,,
2,,Hoàng Văn Thụ,primary,1164,,,primary,,,,,Hoàng Văn Thụ,,,,,,,"[3700550788, 3700550787, 2293477509, 3700550785, 1127292566, 2293477514, 2293477523, 2293477520, 3654066959, 5213699008, 2293477529, 3654562874, 3654067022, 3141309026, 2293477506]",Ho Chi Minh,Phu Nhuan,,,,,yes,,,,,,,,,,,,,,,,,,,,,,,,,,,,,,,,,,,,,,,,,,,,,,,,,,,,,,,,,,,,,,,,,,,,,,,,,,,,,,,,,,,,,,,,,,,,,,,,,,,,,,,,,,
2,,Phan Đăng Lưu,primary,1165,,,primary,,,,,Phan Đăng Lưu,,,,,,,"[5724654562, 3700550786, 2351177725, 2351177738, 2351177727, 1171615063, 5763160840, 2351177730, 1171615064, 2351177743, 2351177724, 2351177726, 2351177733, 2351177736, 2351177723, 2351177739, 1171615073, 2351177728, 2351177732, 2351177744, 2351177737, 3141309028, 2351201598, 2351177729, 5721574877, 2351177734, 1226457739, 2351177731, 2351201575, 5767300421, 2351177722, 2351177741, 366417290]",,,,,,,yes,,,,,,,,,,,,,,,,,,,,,,,,,,,,,,,,,,,,,,,,,,,,,,,,,,,,,,,,,,,,,,,,,,,,,,,,,,,,,,,,,,,,,,,,,,,,,,,,,,,,,,,,,,
4,,Bà Huyện Thanh Quan,tertiary,1166,,,tertiary,,,,,Bà Huyện Thanh Quan,,,,,,,"[5772101018, 2300361543, 411918088, 5778212581, 411926675, 411926679, 5778300404, 411917834, 411917833, 411917832, 4013900152, 5778300422, 5778300433, 411926144, 411926143, 411926609]",,,,,,,yes,,,,,,,,,,,,,,,,,,,,,,,,,,,,,,,,,,,,,,,,,,,,,,,,,,,,,,,,,,,,,,,,,,,,,,,,,,,,,,,,,,,,,,,,,,,,,,,,,,,,,,,,,,
4,,Cầu Trần Quang Diệu,tertiary,1167,,,tertiary,,,,,Cầu Trần Quang Diệu,,,,,,,"[3700830097, 3700830096]",,,,,,,,,,,,,,1,,,yes,,,,,,,,,,,,,,,,,,,,,,,,,,,,,,,,,,,,,,,,,,,,,,,,,,,,,,,,,,,,,,,,,,,,,,,,,,,,,,,,,,,,13,,,,,,,,,,,,
4,,Hẻm 506 Lạc Long Quân,unclassified,1168,,,unclassified,,,,,Hẻm 506 Lạc Long Quân,,,,,,,"[4217007807, 4217007795, 4217007792, 6175931660, 4217007683, 6175931648, 6015476017, 5765404723, 5765404724]",,,,,,,,,,,,,,,,,,,,,,,,,,,,,,,,,,,,,,,,,,,,,,,,,,,,,,,,,,,,,,,,,,,,,,,,,,,,,,,,,,,,,,,,,,,,,,,,,,,,,,,,,,,,,,,,,
4,,,unclassified,1169,,,unclassified,,,,,,,,,,,,"[4628241282, 3718634760, 1552973874, 5765078813, 1552973884, 5765078807, 5765078820, 4462444546, 1552973897, 5772557737, 5772557740, 1552973899, 5772557742, 2498079247, 5772557744, 1552973905]",,,,,,,,,,,,,,,,,,,,,,,,,,,,,,,,,,,,,,,,,,,,,,,,,,,,,,,,Bing,,,,,,,,,,,,,,,,,,,,,,,,,,,,,,,,,,,,,,,,,,,,,,,,,,,,,,,,,
4,,,tertiary,1170,,,tertiary,,,,,,,,,,,,"[4447270625, 5778252695, 4935305930, 5778252692, 4935305926, 4935305934, 4935305932, 5763285330, 4935305928, 3722374264, 5455972578, 5763159552, 3722374265, 5763160554, 4935305935, 3722374266, 3722356028, 4935305927, 4935305931, 4935305933, 4935305925, 4935305929, 5455969241]",,,,,,,yes,,,,,,,,,,,,,,,,,,,,,,,,,,,,,,,,,,,,,,,,,,,,,,,,,,,,,,,,,,,,,,,,,,,,,,,,,,,,,,,,,,,,,,,,,,,,,,,,,,,,,,,,,,
2,60.0,Phạm Văn Đồng,primary,1171,,,primary,,,,,Phạm Văn Đồng,,,,,,,"[5750476261, 5750623177, 5750623163, 3349899385, 3099990674, 3349899388, 3099990669, 3349899391, 3727350725, 5750623168, 3099990682, 5752825335, 3349899894, 5757987019, 3349899896, 5758161293, 3349899902, 3349899904, 5758041732, 3349899905, 5758041729, 5758041722, 5758041283, 3316038918, 2326571664, 3349899913, 3099990681, 3349899916, 5769474310, 3349899918, 5762874811, 3349899920, 3349899922, 3349899924, 5769474338, 3349899926, 3117088028, 3349899928, 5769474359, 3349899934, 3349899936, 3349899938, 5772511408, 4936584704, 3349899944, 4936584701, 3349899948, 3349899950, 3349899954, 3349899955, 3349899957, 2970556463, 5772089053, 3349899961, 3349899963, 3349899965, 3349899967, 3349899969, 3349899971, 3349899973, 3349899975, 3349899977, 3349899979, 3349899981, 5767184405, 3349899983, 3349899985]",,,,,,,yes,,,,60,,,,,,,,,,,,,,,,,,,,,,,,,,,,,,,,,,,,,,,,,,,,,,,,,,,,,,,,,,,,,,,,,,,,,,,,,,,,,,,,,,,,,,,,,,,,,,,,,,,,,,
2,,,primary,1172,,,primary,,,,,,,,,,,,"[3726299021, 3726299023]",,,,,,,yes,,,,,,,1,,,yes,,,,,,,,,,,,,,,,,,,,,,,,,,,,,,,,,,,,,,,,,,,,,,,,,,,,,,,,,,,,,,,,,,,,,,,,,,,,,,,,,,,,,,,,,,,,,,,,
3,,Phạm Văn Đồng,secondary,1173,,,secondary,,,,,Phạm Văn Đồng,,,,,,,"[5750623535, 5750623600, 4067981432, 4067981431, 4067981433, 5750511750, 3726301425, 3726308735, 3726308727, 3726301426, 5750476319, 4068001357, 4068001358, 5750476169]",,,,,,,yes,,,,,,,,,,,,,,,,,,,,,,,,,,,,,,,,,,,,,,,,,,,,,,,,,,,,,,,,,,,,,,,,,,,,,,,,,,,,,,,,,,,,,,,,,,,,,,,,,,,,,,,,,,
3,,Phạm Văn Đồng,secondary,1174,,,secondary,,,,,Phạm Văn Đồng,,,,,,,"[1958801268, 4068001362, 5750623182, 3726301427, 4068001359, 3726301428, 4068001361, 3726301429, 4068007609, 4068001360, 3726301430, 4068001376, 4067981430, 5750623533, 5750623596]",,,,,,,yes,,,,,,,,,,,,,,,,,,,,,,,,,,,,,,,,,,,,,,,,,,,,,,,,,,,,,,,,,,,,,,,,,,,,,,,,,,,,,,,,,,,,,,,,,,,,,,,,,,,,,,,,,,
2,,Phạm Văn Đồng,primary,1175,,,primary,,,,,Phạm Văn Đồng,,,,,,,"[3170153780, 3726316309, 3642303446, 4067973616, 3726316308, 3642303455]",,,,,,,yes,,,,,,,,,,,,,,,,,,,,,,,,,,,,,,,,,,,,,,,,,,,,,,,,,,,,,,,,,,,,,,,,,,,,,,,,,,,,,,,,,,,,,,,,,,,,,,,,,,,,,,,,,,
2,,Phạm Văn Đồng,primary,1176,,,primary,,,,,Phạm Văn Đồng,,,,,,,"[2493364051, 3726316313, 5740061447, 3726316312, 3726316311, 3726316310, 3170153787]",,,,,,,yes,,,,,,,,,,,,,,,,,,,,,,,,,,,,,,,,,,,,,,,,,,,,,,,,,,,,,,,,,,,,,,,,,,,,,,,,,,,,,,,,,,,,,,,,,,,,,,,,,,,,,,,,,,
2,,Phạm Văn Đồng,primary,1177,,,primary,,,,,Phạm Văn Đồng,,,,,,,"[3170153789, 3726316317, 3726316316, 3726316315, 3726316314, 2493366331]",,,,,,,yes,,,,,,,,,,,,,,,,,,,,,,,,,,,,,,,,,,,,,,,,,,,,,,,,,,,,,,,,,,,,,,,,,,,,,,,,,,,,,,,,,,,,,,,,,,,,,,,,,,,,,,,,,,
3,,Phạm Văn Đồng,secondary,1178,,,secondary,,,,,Phạm Văn Đồng,,,,,,,"[3726329965, 3726321215, 5750511745, 5750623601, 5750623534]",,,,,,,yes,,,,,,,,,,,,,,,,,,,,,,,,,,,,,,,,,,,,,,,,,,,,,,,,,,,,,,,,,,,,,,,,,,,,,,,,,,,,,,,,,,,,,,,,,,,,,,,,,,,,,,,,,,
3,60.0,Phạm Văn Đồng,secondary,1179,,,secondary,,,,,Phạm Văn Đồng,,,,,,,"[3641987830, 5742410686, 3726329952, 5742410662, 4053262389, 3726329954, 3195000746, 3726329955, 3100248509, 3726329966, 3726329956, 4067981425, 3726329957, 4067981426, 3726329958]",,,,,,,yes,,,,60,,,,,,,,,,,,,,,,,,,,,,,,,,,,,,,,,,,,,,,,,,,,,,,,,,,,,,,,,,,,,,,,,,,,,,,,,,,,,,,,,,,,,,,,,,,,,,,,,,,,,,
3,30.0,Cầu vượt Ngã tư Gò Dưa,trunk_link,1180,,,trunk_link,,,,,Cầu vượt Ngã tư Gò Dưa,,,,,,,"[2326562001, 4068478171, 4068478172, 2326573912, 4068478173, 4068478174, 2326573922, 4068478175, 4068478176, 2326573917, 4068478177, 4720214172, 4720214173, 4068478169, 4068478170, 3744066389, 4068478168, 3744066390, 3744066391]",,,,,,,yes,,,,30,,,,,,,,,,,,,,,,,,,,,,,,,,,,,,,,,,,,,,,,,,,,,,,,,,,,,,,,,,,,,,,,,,,,,,,,,,,,,,,,,,,,,,,,,,,,,,,,,,,,,,
4,,Huỳnh Văn Bánh,tertiary,1181,,,tertiary,,,,,Huỳnh Văn Bánh,,,,,,,"[366469186, 5769562629, 5769504939, 3758592352, 5765047065, 1672907080, 1672907081, 710021175, 2164847258, 3798940826, 727568377, 366437246, 860695661, 366382100, 3463112599, 5778872978, 5778872979, 5769486900, 5769486901, 366452675, 3463112601, 4958074299, 2822144410, 3463112647, 4958074301, 727568369, 4958074304, 710021174, 4958074306, 3463112646, 710021162, 3463112626, 4958074313, 366466697]",,,,,,,,,,,,,,,,,,,,,,,,,,,,,,,,,,,,,,,,,,,,,,,,,,,,,,,,,,,,,,,,,,,,,,,,,,,,,,,,,,,,,,,,,,,,,,,,,,,,,,,,,,,,,,,,,
4,,Tân Sơn,tertiary,1182,,,tertiary,,,,,Tân Sơn,,,,,,,"[3674450833, 4932465943, 4932465934, 4956194579, 2942885417]",,,,,,,yes,,,,,,,,,,,,,,,,,,,,,,,,,,,,,,,,,,,,,,,,,,,,,,,,,,,,,,,,,,,,,,,,,,,,,,,,,,,,,,,,,,,,,,,,,,,,,,,,,,,,,,,,,,
2,50.0,Cách Mạng Tháng Tám,primary,1183,,,primary,,,,,Cách Mạng Tháng Tám,,,,,,,"[4875814765, 3806810441, 3806810443, 3806810442]",,Quan Tan Binh,,,,,,,,,50,,,,,,,,,,,,,,,,,,,,,,,,,,,,,,,,,,,,,,,,,,,,,,,,,,,,,,,,,,,,,,,,,,,,,,,,,,,,,,,,,,,,,,,,,,,,,,,,,,,,,,
2,,Lý Thường Kiệt,primary,1184,,,primary,,,,,Lý Thường Kiệt,,,,,,,"[3806810442, 2233747331, 2233747323, 3116882998, 4638941673, 4638941672, 2233791271, 5769406285, 4638956679, 2233791272, 4638941676, 4638956985, 3011826140, 4638956987, 2061032831]",,,,,,,yes,,,,,,,,,,,,,,,,,,,,,,,,,,,,,,,,,,,,,,,,,,,,,,,,,,,,,,,,,,,,,,,,,,,,,,,,,,,,,,,,,,,,,,,,,,,,,,,,,,,,,,,,,,
3,,,primary_link,1185,,,primary_link,,,,,,,,,,,,"[3806810579, 3806810581, 3806810582, 3806810583, 3806810585, 3806810586, 3806810587, 3806810588]",,,,,,,yes,,,,,,,,,,,,,,,,,,,,,,,,,,,,,,,,,,,,,,,,,,,,,,,,,,,,,,,,,,,,,,,,,,,,,,,,,,,,,,,,,,,,,,,,,,,,,,,,,,,,,,,,,,
4,,Đồng Đen,tertiary,1186,,,tertiary,,,,,Đồng Đen,,,,,,,"[3806810241, 5093747293, 4618479944, 4541470634, 3186191727, 5769329882, 5769329449, 3771420297, 5769329883, 5769329884, 5769329885]",,,,,,,,,,,,,,,,,,,,,,,,,,,,,,,,,,,,,,,,,,,,,,,,,,,,,,,,,,,,,,,,,,,,,,,,,,,,,,,,,,,,,,,,,,,,,,,,,,,,,,,,,,,,,,,,,
4,,Nguyễn Huệ,tertiary,1187,,,tertiary,,,,,Nguyễn Huệ,,,,,,,"[2036083168, 5247691966, 5247691973, 411917880, 5740258249, 2034589236, 3335337343, 3490015104, 1769277431, 3335337346, 1769277472]",,,Nguyen Hue Boulevard,,,,yes,Boulevard Charner,,阮惠街,,,,,,,,,,,,3,,tertiary,,,,,,,,,,,,,,,,,,,,,,,,,,,,,,,,,,,,,,,,,,,,,right,,,Boulevard Charner,,,,,,,,,,,,,,,,,,,,,,,,,,,,,,,,,,,,,,,,,
1,80.0,Nguyễn Văn Linh,trunk,1188,,,trunk,,,,,Nguyễn Văn Linh,,,,,,,"[2358286024, 2209413916, 5963060340, 5743103936, 5963060350, 2208294619]",,,,,,,yes,,,,80,no,no,,,,,,,,,,,,,,,,,,,,,,,,,,,,,,,,,,,,,,,,,,,,,,,,,,,,,,,,,,,,,,,,,,,,,,,,,,,,,,,,,,no,,,,,,,,,,,,,,,,,,
4,,Bắc Hải,tertiary,1189,,,tertiary,,,,,Bắc Hải,,,,,,,"[2498077593, 5772558124, 4618442883, 5772558121, 5772558074, 5772558106, 5772557750, 1349033432, 5772558123, 4878046792, 4878046790, 4014197867]",,Quan 10,,,,,,,,,,,,,,,,,,,,,,,,,,,,,,,,,,,,,,,,,,,,,,,,,,,,,,,,,,,,,,,,,,,,,,,,,,,,,,,,,,,,,,,,,,,,,,,,,,,,,,,,,,,,,,,
2,,Quang Trung,primary,1190,,,primary,,,,,Quang Trung,,,,,,,"[378247925, 366466067, 5740594858]",,,,,,,yes,,,,,,,3,,,,,,,,,,,,,,,,,,,,,,,,,,,,,,,,,,,,,,,,,,,,,,,,,,,,,,,,,,,,,,,,,,,,,,,,,,,,,,,,,,,,,,,,,,,,,,,,,,,
2,,Quang Trung,primary,1191,,,primary,,,,,Quang Trung,,,,,,,"[2211069707, 5740594857, 2210813256]",,,,,,,yes,,,,,,,,,,,,,,,,,,,,,,,,,,,,,,,,,,,,,,,,,,,,,,,,,,,,,,,,,,,,,,,,,,,,,,,,,,,,,,,,,,,,,,,,,,,,,,,,,,,,,,,,,,
4,,Phạm Văn Hai,tertiary,1192,,,tertiary,,,,,Phạm Văn Hai,,,,,,,"[5762747868, 5762747869, 5762747882, 5762747891, 5762747870, 5762747873, 5762747871]",,,Pham Van Hai,,,,no,,,,,,,,,,,,,,,,,,,,,,,,,,,,,,,,,,,,,,,,,,,,,,,,,,,,,,,,,,,,,,,,,,,,,,,,,,,,,,,,,,,,,,,,,,,,,,,,,,,,,,,,,,
2,,Phan Đình Phùng,primary,1193,,,primary,,,,,Phan Đình Phùng,,,,,,,"[1773893846, 2291062340, 4426095095, 366422618, 4530467515, 711335740, 5764914924, 5764914901, 5764914902, 3717158280, 5724654557, 3758605180, 5724654559, 5764914940, 5724654558, 5724654561]",,Phú Nhuận,,,,,no,,,,,,,,,,,,,,,2,,,,,,,,,,,,,,,,,,,,,,,,,,,,,,,,,,,,,,,,,,,,,,,,,,,,,,,,,,,,,,,,,,,,,,,,,,,,,,,,,,,,,,,,,,,
4,,Trịnh Phong Đáng,unclassified,1194,,,unclassified,,,,,Trịnh Phong Đáng,,,,,,,"[2496976458, 366448632, 366418147, 366393302, 5772089121, 5772089120, 366378801, 5772089117, 366369155, 5772089118, 5772089112, 5772089106, 366409420, 366376311, 5772089108, 4463894507, 366478608]",,,,,,,,,,,,,,,,,,,,,,,,,,,,,,,,,,,,,,,,,,,,,,,,,,,,,,,,,,,,,,,,,,,,,,,,,,,,,,,,,,,,,,,,,,,,,,,,,,,,,,,,,,,,,,,,,
3,,Trường Sơn,secondary_link,1195,,,secondary_link,,,,,Trường Sơn,,,,,,,"[4035870280, 4035870279]",,,,,,,,,,,,,,,,,,,,,,,,,,,,,,,,,,,,,,,,,,,,,,,,,,,,,,,,,,,,,,,,,,,,,,,,,,,,,,,,,,,,,,,,,,,,,,,,,,,,,,,,,,,,,,,,,
2,60.0,Cầu Bình Lợi,primary,1196,,,primary,,,,,Cầu Bình Lợi,,,,,,,"[4053262290, 4053262292, 5742410689]",,,,,,,yes,,,,60,,,2,,,yes,,,,,,,,,,,,,,,,,,,,,,,,,,,,,,,,,,,,,,,,,,,,,,,,,,,,,,,,,,,,,,,,,,,,,,,,,,,,,,,,,,,,,,,,,,,,,,,,
2,60.0,,primary,1197,,,primary,,,,,,,,,,,,"[4053262318, 5742410690, 4053262311]",,,,,,,yes,,,,60,,,2,,,,,,,,,,,,,,,,,,,,,,,,,,,,,,,,,,,,,,,,,,,,,,,,,,,,,,,,,,,,,,,,,,,,,,,,,,,,,,,,,,,,,,,,,,,,,,,,,,,
2,60.0,Phạm Văn Đồng,primary,1198,,,primary,,,,,Phạm Văn Đồng,,,,,,,"[4053262291, 4067989169]",,,,,,,yes,,,,60,,,1,,,yes,,,,,,,,,,,,,,,,,,,,,,,,,,,,,,,,,,,,,,,,,,,,,,,,,,,,,,,,,,,,,,,,,,,,,,,,,,,,,,,,,,,,,,,,,,,,,,,,
2,60.0,Phạm Văn Đồng,primary,1199,,,primary,,,,,Phạm Văn Đồng,,,,,,,"[4053262308, 4053262315, 4067978576, 4053262343]",,,,,,,yes,,,,60,,,1,,,yes,,,,,,,,,,,,,,,,,,,,,,,,,,,,,,,,,,,,,,,,,,,,,,,,,,,,,,,,,,,,,,,,,,,,,,,,,,,,,,,,,,,,,,,,,,,,,,,,
2,60.0,Phạm Văn Đồng,primary,1200,,,primary,,,,,Phạm Văn Đồng,,,,,,,"[4053262407, 4053262406, 5740707055, 4053262403]",,,,,,,yes,,,,60,,,2,,,,,,,,,,,,,,,,,,,,,,,,,,,,,,,,,,,,,,,,,,,,,,,,,,,,,,,,,,,,,,,,,,,,,,,,,,,,,,,,,,,,,,,,,,,,,,,,,,,
3,,,primary_link,1201,,,primary_link,,,,,,,,,,,,"[4447252166, 2493367344]",,,,,,,yes,,,,,,,,,,,,,,,,,,,,,,,,,,,,,,,,,,,,,,,,,,,,,,,,,,,,,,,,,,,,,,,,,,,,,,,,,,,,,,,,,,,,,,,,,,,,,,,,,,,,,,,,,,
3,,,primary_link,1202,,,primary_link,,,,,,,,,,,,"[2493367341, 5742410690]",,,,,,,yes,,,,,,,,,,,,,,,,,,,,,,,,,,,,,,,,,,,,,,,,,,,,,,,,,,,,,,,,,,,,,,,,,,,,,,,,,,,,,,,,,,,,,,,,,,,,,,,,,,,,,,,,,,
1,70.0,,trunk,1203,,,trunk,,,,,,,,,,,,"[1834116801, 4066321008, 4066321009, 4066321010]",,,,,,,yes,,,,70,,,,,,,,,,,,,,,,,,,,,,,,,,,,,,,,,,,,,,,,,,,,,,,,,,,,,,,,,,,,,,,,,,,,,,,,,,,,,,,,,,,,,,,,,,,,,,,,,,,,,,
1,70.0,,trunk,1204,,,trunk,,,,,,,,,,,,"[4066321010, 4066321011, 4066321012, 4066321013, 4066321014, 4066321015, 1834116863]",,,,,,,yes,,,,70,,,,,,,,,,,,,,,,,,,,,designated,,,,,,,,,,,,,,,,,,,,,,,,,,,,,,,,,,,,,,,,,,,,,,,,,,,,,,,,,,,,,,,,,,,,,,,,,,,,,,,,,
3,60.0,,trunk_link,1205,,,trunk_link,,,,,,,,,,,,"[2360063334, 4066321023, 4066321025, 4066321026, 4066321027, 4066321028, 2623035424]",,,,,,,yes,,,,60,,,,,,,,,,,,,,,,,,,,,,,,,,,,,,,,,,,,,,,,,,,,,,,,,,,,,,,,,,,,,,,,,,,,,,,,,,,,,,,,,,,,,,,,,,,,,,,,,,,,,,
3,60.0,,trunk_link,1206,,,trunk_link,,,,,,,,,,,,"[5735567932, 4066319830, 4066319831, 4066319832]",,,,,,,yes,,,,60,,,,,,,,,,,,,,,,,,,,,,,,,,,,,,,,,,,,,,,,,,,,,,,,,,,,,,,,,,,,,,,,,,,,,,,,,,,,,,,,,,,,,,,,,,,,,,,,,,,,,,
3,60.0,,trunk_link,1207,,,trunk_link,,,,,,,,,,,,"[4066319832, 4066319833, 2024973309]",,,,,,,yes,,,,60,,,,,,,,,,,,,,,,,,,,,,,,,,,,,,,,,,,,,,,,,,,,,,,,,,,,,,,,,,,,,,,,,,,,,,,,,,,,,,,,,,,,,,,,,,,,,,,,,,,,,,
1,60.0,,trunk,1208,,,trunk,,,,,,,,,,,,"[366386176, 4066319845, 4066319846, 4066319847, 4066319848, 4066319849, 4066319850, 4066319851, 4066319836]",,,,,,,yes,,,,60,,,,,,,,,,,,,,,,,,,,,,,,,,,,,,,,,,,,,,,,,,,,,,,,,,,,,,,,,,,,,,,,,,,,,,,,,,,,,,,,,,,,,,,,,,,,,,,,,,,,,,
1,60.0,Điện Biên Phủ,trunk,1209,,,trunk,,,,,Điện Biên Phủ,,,,,,,"[676534187, 766466151, 676534188, 4066357030, 1497312833, 5738206939, 403556180, 676534189]",,,,,,,yes,,,,60,,yes,,,,,,,,,,,,,,,,,,,,,,,,,,,,,,,,,,,,,,,,,,,,,,,,,,,,,,,,,,,,,,,,,,,,,,,,,,,,,,,,,,,,,,,,,,,,,,,,,,,,
3,,Điện Biên Phủ,primary_link,1210,,,primary_link,,,,,Điện Biên Phủ,,,,,,,"[2028465981, 4066357027, 2028466025, 2146838337, 2028465676, 1497312780]",,,,,,,yes,,,,,,,,,,,,,,,,,,,,,,,,,,,,,,,,,,,,,,,,,,,,,,,,,,,,,,,,,,,,,,,,,,,,,,,,,,,,,,,,,,,,,,,,,,,,,,,,,,,,,,,,,,
3,50.0,,primary_link,1211,,,primary_link,,,,,,,,,,,,"[4066357027, 4066357031, 1497312813]",,,,,,,yes,,,,50,,,,,,,,,,,,,,,,,,,,,,,,,,,,,,,,,,,,,,,,,,,,,,,,,,,,,,,,,,,,,,,,,,,,,,,,,,,,,,,,,,,,,,,,,,,,,,,,,,,,,,
3,50.0,Điện Biên Phủ,trunk_link,1212,,,trunk_link,,,,,Điện Biên Phủ,,,,,,,"[366441141, 4066381551, 4066381550, 2030639374]",,,Dien Bien Phu,,,,yes,,,,50,,,,,,,,,,,,,,,,,,,,,,,,,,,,,,,,,,,,,,,,,,,,,,,,,,,,,,,,,,,,,,,,,,,,,,,,,,,,,,,,,,,,,,,,,,,,,,,,,,,,,,
2,50.0,Xa lộ Hà Nội,primary,1213,,,primary,,,,,Xa lộ Hà Nội,,,,,,,"[4066414552, 4934947998, 4066414555, 4066470690, 4066470691, 5778616002]",,,,QL.52,,,yes,,,,50,,,,,,,,,,,,yes,,,,,,,,,,,,,,,,,,,,,,,,,,,,,,,,,,,,,,,,,,,,,,,,,,,,,,,,,,,,,,,,,,,,,,,,,,,,,,,,,,,,,,,,,,
2,60.0,,primary,1214,,,primary,,,,,,,,,,,,"[2024973162, 4066470694, 4066470695, 5778616035, 5778616034, 5778616033, 5778616003, 5778616032, 5778616031, 5778616030, 5778616028]",,,,,,,yes,,,,60,,,,,,,,,,,,,,,,,,,,,,,,,,,,,,,,,,,,,,,,,,,,,,,,,,,,,,,,,,,,,,,,,,,,,,,,,,,,,,,,,,,,,,,,,,,,,,,,,,,,,,
1,60.0,Xa Lộ Hà Nội,trunk,1215,,,trunk,,,,,Xa Lộ Hà Nội,,,,,,,"[2217825343, 4066470696, 676031635, 2024973215, 4066458586, 2024972965, 366479158, 2024972978, 366409088, 676031636, 1958801271, 2940185170, 4934947972, 676031638]",,,,,,,yes,,,,60,,,,,,,,,,,,yes,,,,,,,,,,,,,,,,,,,,,,,,,,,,,,,,,,,,,,,,,,,,,,,,,,,,,,,,,,,,,,,,,,,,,,,,,,,,,,,,,,,,,,,,,,
4,50.0,,tertiary,1216,,,tertiary,,,,,,,,,,,,"[4066799667, 4066799664, 4066799665, 2439978966]",,,,,,,yes,,,,50,,,,,,,,,,,,,,,,,,,,,,,,,,,,,,,,,,,,,,,,,,,,,,,,,,,,,,,,,,,,,,,,,,,,,,,,,,,,,,,,,,,,,,,,,,,,,,,,,,,,,,
2,40.0,Phạm Văn Đồng,primary,1217,,,primary,,,,,Phạm Văn Đồng,,,,,,,"[5738008456, 2493366335, 4067973098, 2496916404, 2493366338, 3642303437, 5467463646]",,,,,,,yes,,asphalt,,40,,,,,,,,,,,,yes,,,,,,,,,,,,,,,,,,,,,,,,,,,,,,,,,,,,,,,,,,,,,,,,,,,,,,,,,,,,,,,,,,,,,,,,,,,,,,,,,,,,,,,,,,
3,60.0,Phạm Văn Đồng,secondary,1218,,,secondary,,,,,Phạm Văn Đồng,,,,,,,"[5778903811, 5778903812, 5742675572, 4067981428, 3726329959, 3726329960, 5742760733, 3726329961, 4068001406, 3726329962, 3195000749, 3726329963, 3195000747, 5750511751, 5750512032, 3726329964, 5750511803, 3100059809, 3726329965]",,,,,,,yes,,,,60,,,,,,,,,,,,,,,,,,,,,,,,,,,,,,,,,,,,,,,,,,,,,,,,,,,,,,,,,,,,,,,,,,,,,,,,,,,,,,,,,,,,,,,,,,,,,,,,,,,,,,
2,40.0,Phạm Văn Đồng,primary,1219,,,primary,,,,,Phạm Văn Đồng,,,,,,,"[4067989169, 4067976026, 2493364049, 3641850242, 2493364052]",,,,,,,yes,,,,40,,,,,,,,,,,,yes,,,,,,,,,,,,,,,,,,,,,,,,,,,,,,,,,,,,,,,,,,,,,,,,,,,,,,,,,,,,,,,,,,,,,,,,,,,,,,,,,,,,,,,,,,
3,40.0,Phạm Văn Đồng,secondary,1220,,,secondary,,,,,Phạm Văn Đồng,,,,,,,"[4067989170, 2493366307, 3641972812, 2493367343, 5742463930, 3641972801]",,,,,,,yes,,,,40,,,,,,,,,,,,yes,,,,,,,,,,,,,,,,,,,,,,,,,,,,,,,,,,,,,,,,,,,,,,,,,,,,,,,,,,,,,,,,,,,,,,,,,,,,,,,,,,,,,,,,,,
3,60.0,,secondary,1221,,,secondary,,,,,,,,,,,,"[5738446564, 4067989176, 4067989177, 4067989178, 4067989179, 4448584549, 4067989180, 4067989181, 4067989182, 4067989183, 4067989184, 4067973624]",,,,,,,yes,,,,60,,,,,,,,,,,,,,,,,,,,,,,,,,,,,,,,,,,,,,,,,,,,,,,,,,,,,,,,,,,,,,,,,,,,,,,,,,,,,,,,,,,,,,,,,,,,,,,,,,,,,,
3,60.0,,secondary,1222,,,secondary,,,,,,,,,,,,"[5719317997, 4067989185, 5782012115, 4067989186, 5738446578, 4067989187, 5738537569, 5738537412, 5782013082, 4067989188, 5467459908]",,,,,,,yes,,,,60,,,,,,,,,,,,,,,,,,,,,,,,,,,,,,,,,,,,,,,,,,,,,,,,,,,,,,,,,,,,,,,,,,,,,,,,,,,,,,,,,,,,,,,,,,,,,,,,,,,,,,
3,60.0,,secondary,1223,,,secondary,,,,,,,,,,,,"[5467463648, 4067989289, 4067989290, 5738537541, 5782013145, 4067989291, 4067989292]",,,,,,,yes,,,,60,,,,,,,,,,,,,,,,,,,,,,,,,,,,,,,,,,,,,,,,,,,,,,,,,,,,,,,,,,,,,,,,,,,,,,,,,,,,,,,,,,,,,,,,,,,,,,,,,,,,,,
3,50.0,,secondary,1224,,,secondary,,,,,,,,,,,,"[5719731385, 4067988981, 4851135953, 4067988982]",,,,,,,yes,,,,50,,,,,,,,,,,,,,,,,,,,,,,,,,,,,,,,,,,,,,,,,,,,,,,,,,,,,,,,,,,,,,,,,,,,,,,,,,,,,,,,,,,,,,,,,,,,,,,,,,,,,,
3,50.0,,secondary,1225,,,secondary,,,,,,,,,,,,"[2496916458, 4067993572, 4067989703, 5738537542, 4067989704, 5721506217]",,,,,,,yes,,,,50,,,,,,,,,,,,,,,,,,,,,,,,,,,,,,,,,,,,,,,,,,,,,,,,,,,,,,,,,,,,,,,,,,,,,,,,,,,,,,,,,,,,,,,,,,,,,,,,,,,,,,
3,60.0,,secondary,1226,,,secondary,,,,,,,,,,,,"[5738008451, 4067989299, 5789200204, 5789200240, 5789200246, 5738008487, 4067989300, 4067989301, 4067989302, 5738008430, 4067989303, 5786407217, 4067993565, 4067989304, 3193847887, 4067989305, 4067989306, 4067989307, 4067989308, 5786407181, 5737956386, 4067989309, 5786407179, 5737956402, 4067989310, 5786407170, 4067989311, 5719731388]",,,,,,,yes,,,,60,,,,,,,,,,,,,,,,,,,,,,,,,,,,,,,,,,,,,,,,,,,,,,,,,,,,,,,,,,,,,,,,,,,,,,,,,,,,,,,,,,,,,,,,,,,,,,,,,,,,,,
3,50.0,,secondary,1227,,,secondary,,,,,,,,,,,,"[4067988982, 4067988983, 5786408013, 5719731376, 5719731375, 4067988984, 4067988985, 5738008474, 4067988986, 3193847884, 4067988988, 5738008480, 4067989689, 4067989690, 4067989691, 4067989692, 5738008473, 4067989693, 4067989694, 5738008470, 4067989695]",,,,,,,yes,,,,50,,,,,,,,,,,,,,,,,,,,,,,,,,,,,,,,,,,,,,,,,,,,,,,,,,,,,,,,,,,,,,,,,,,,,,,,,,,,,,,,,,,,,,,,,,,,,,,,,,,,,,
3,60.0,,secondary,1228,,,secondary,,,,,,,,,,,,"[4067989292, 5738537563, 4067989293, 5782013135, 3194982192, 5782013137, 4067989294]",,,,,,,yes,,asphalt,,60,,,,,,,,,,,,,,,,,,,,,,,,,,,,,,,,,,,,,,,,,,,,,,,,,,,,,,,,,,,,,,,,,,,,,,,,,,,,,,,,,,,,,,,,,,,,,,,,,,,,,,
3,50.0,,secondary,1229,,,secondary,,,,,,,,,,,,"[3170153791, 4067993579, 5769532539, 4067993580, 4067993581, 5769532541, 5738446609, 5769532555, 4067993582, 5769532557, 4067993583, 5769532559, 5769532560, 4067993584, 4067993585, 4067993586, 4067993587, 4067993588]",,,,,,,yes,,,,50,,,,,,,,,,,,,,,,,,,,,,,,,,,,,,,,,,,,,,,,,,,,,,,,,,,,,,,,,,,,,,,,,,,,,,,,,,,,,,,,,,,,,,,,,,,,,,,,,,,,,,
2,70.0,,primary,1230,,,primary,,,,,,,,,,,,"[5750497301, 5778903811, 4068001328, 4068001329, 4068001330, 2493363003, 4068001331, 4068001333, 4068001335, 4068001337, 4068001338, 4068001339, 4068001340, 4068001341, 4068001342, 4068001343, 4068001344, 4068001345, 5750623534, 5750623594]",,,,,,,yes,,,,70,,,,,,,,,,,,,,,,,,,,,,,,,,,,,,,,,,,,,,,,,,,,,,,,,,,,,,,,,,,,,,,,,,,,,,,,,,,,,,,,,,,,,,,,,,,,,,,,,,,,,,
2,70.0,,primary,1231,,,primary,,,,,,,,,,,,"[3726299023, 5750476276, 4068001363, 4068001364, 4068001365, 4068001366, 4068001367, 4068001368, 4068001369, 4068001370, 4068001408, 4068001371, 5750623596, 5750623595]",,,,,,,yes,,,,70,,,,,,,,,,,,,,,,,,,,,,,,,,,,,,,,,,,,,,,,,,,,,,,,,,,,,,,,,,,,,,,,,,,,,,,,,,,,,,,,,,,,,,,,,,,,,,,,,,,,,,
2,70.0,,primary,1232,,,primary,,,,,,,,,,,,"[4068001373, 4068001382, 4068001383, 4068001384, 4068001385, 4068001386, 4068001387, 4068001388, 5750655055, 4068001389, 4068001390, 4068001391, 4068001392, 4068001393, 4068001394, 4068001395, 5750497291, 5778903810, 5750497309]",,,,,,,yes,,,,70,,,,,,,,,,,,,,,,,,,,,,,,,,,,,,,,,,,,,,,,,,,,,,,,,,,,,,,,,,,,,,,,,,,,,,,,,,,,,,,,,,,,,,,,,,,,,,,,,,,,,,
2,,,primary,1233,,,primary,,,,,,,,,,,,"[1958801315, 4068051919, 4068051920]",,,,,,,yes,,,,,,,,,,,,,,,,,,,,,,,,,,,,,,,,,,,,,,,,,,,,,,,,,,,,,,,,,,,,,,,,,,,,,,,,,,,,,,,,,,,,,,,,,,,,,,,,,,,,,,,,,,
1,70.0,,trunk,1234,,,trunk,,,,,,,,,,,,"[1958801589, 5772276210, 3117088457]",,,,,,,yes,,,,70,,,,,,,,,,,,,,,,,,,,,,,,,,,,,,,,,,,,,,,,,,,,,,,,,,,,,,,,,,,,,,,,,,,,,,,,,,,,,,,,,,,,,,,,,,,,,,,,,,,,,,
2,,Phạm Văn Đồng,primary,1235,,,primary,,,,,Phạm Văn Đồng,,,,,,,"[2955347974, 5767269730, 3185767538, 5767128919, 5767128915, 3349900029]",,,,,,,yes,,,,,,,,,,,,,,,,,,,,,,,,,,,,,,,,,,,,,,,,,,,,,,,,,,,,,,,,,,,,,,,,,,,,,,,,,,,,,,,,,,,,,,,,,,,,,,,,,,,,,,,,,,
2,60.0,Phạm Văn Đồng,primary,1236,,,primary,,,,,Phạm Văn Đồng,,,,,,,"[3371908046, 3334343877]",,,,,,,yes,,,,60,,,,,,,,,,,,,,,,,,,,,,,,,,,,,,,,,,,,,,,,,,,,,,,,,,,,,,,,,,,,,,,,,,,,,,,,,,,,,,,,,,,,,,,,,,,,,,,,,,,,,,
4,40.0,,tertiary_link,1237,,,tertiary_link,,,,,,,,,,,,"[4068495475, 4068495476, 4068495477, 4068495478, 4068495479, 4068495480, 4068495481, 4068495482, 4068495484, 4068495485, 4068495486, 4068495487, 5653036059, 4068495488, 4068497289, 4068495474]",,,,,,,yes,,,,40,,,,,,,,,,,,,,,,,,,,,,,,,,,,,,,,,,,,,,,,,,,,,,,,,,,,,,,,,,,,,,,,,,,,,,,,,,,,,,,,,,,,,,,,,,,,,,,,,,,,,,
2,,Hà Huy Giáp,primary,1238,,,primary,,,,,Hà Huy Giáp,,,,,,,"[4069450311, 5655391054, 5655391053, 5767341871, 366377806, 366462955, 4069450316, 366447237, 366413515, 3349992371, 366374523, 3349992373, 5764786226, 5764786231, 366445062, 5655390648, 366419501, 3349992378, 3349992380, 366398314, 366461795, 5764786695, 366412790]",,,Ha Huy Giap,,,,,,,,,,,,,,,,,,,,,,,,,,,,,,,,,,,,,,,,,,,,,,,,,,,,,,,,,,,,,,,,,,,,,,,,,,,,,,,,,,,,,,,,,,,,,,,,,,,,,,,,,,,,,,
4,60.0,Quốc lộ 1,tertiary,1239,,,tertiary,,,,,Quốc lộ 1,,,,,,,"[3636147080, 5735642405, 4069486202, 4069486203, 4069486204, 4069486205, 2931027768]",,,,,,,yes,,,,60,,,,,,,,,,,,,,,,,,,,,,,,,,,,,,,,,,,,,,,,,,,,,,,,,,,,,,,,,,,,,,,,,,,,,,,,,,,,,,,,,,,,,,,,,,,,,,,,,,,,,,
4,60.0,Quốc lộ 1,tertiary,1240,,,tertiary,,,,,Quốc lộ 1,,,,,,,"[4069486212, 4069486213, 4069486214, 5748282250, 4069486215, 4069486244, 5043145832, 4069486216]",,,,,,,yes,,,,60,,,,,,,,,,,,,,,,,,,,,,,,,,,,,,,,,,,,,,,,,,,,,,,,,,,,,,,,,,,,,,,,,,,,,,,,,,,,,,,,,,,,,,,,,,,,,,,,,,,,,,
4,60.0,Quốc lộ 1,tertiary,1241,,,tertiary,,,,,Quốc lộ 1,,,,,,,"[4069486230, 4069486231, 4069486232, 5740628093, 5740628088, 4069486233, 4069486234, 4069486235, 4069486236, 4069486237, 4069486238, 5468534961]",,,,,,,yes,,,,60,,,,,,,,,,,,,,,Xa lộ Đại Hàn,,,,,,,,,,,,,,,,,,,,,,,,,,,,,,,,,,,,,,,,,,,,,,,,,,,,,,,,,,,,,,,,,,,,,,,,,,,,,,,,,,,,,,,
4,60.0,Quốc lộ 1,tertiary,1242,,,tertiary,,,,,Quốc lộ 1,,,,,,,"[4069486216, 5043145834, 4069486217, 5043145804, 5043145811, 4069486221, 5748263626, 4069486218]",,,,,,,yes,,,,60,,,,,,,,,,,,,,,,,,,,,,,,,,,,,,,,,,,,,,,,,,,,,,,,,,,,,,,,,,,,,,,,,,,,,,,,,,,,,,,,,,,,,,,,,,,,,,,,,,,,,,
4,60.0,Quốc lộ 1,tertiary,1243,,,tertiary,,,,,Quốc lộ 1,,,,,,,"[4069486262, 5748263420, 4069486263, 5748263403, 4069486264, 5748263397, 4069486265, 4069486266, 4069486267, 5748282221, 4069486230]",Ho Chi Minh,12,,,,,yes,,,,60,,,,,,,,,,,,,,,,,,,,,,,,,,,,,,,,,,,,,,,,,,,,,,,,,,,,,,,,,,,,,,,,,,,,,,,,,,,,,,,,,,,,,,,,,,,,,,,,,,,,,,
3,,Tô Ký,trunk_link,1244,,,trunk_link,,,,,Tô Ký,,,,,,,"[5735642404, 4069480177, 2210916270, 2210916272, 2210916269, 2210916273, 2210916268, 2867873963, 3636147063, 3636147065, 3636147079, 2210916271, 3636147076, 366478779]",,,,,,,yes,,,,,,,,,,,,,,,,,,,,,,,,,,,,,,,,,,,,,,,,,,,,,,,,,,,,,,,,,,,,,,,,,,,,,,,,,,,,,,,,,,,,,,,,,,,,,,,,,,,,,,,,,,
3,,,trunk_link,1245,,,trunk_link,,,,,,,,,,,,"[4069469205, 2210845359, 4069486241, 4069469206, 2210845348, 2210845347, 2210845345, 2210845346, 5740594877, 2210845355, 5740594875, 2210845354, 4069469207, 5740397771]",,,,,,,yes,,,,,,,,,,,,,,,,,,,,,,,,,,,,,,,,,,,,,,,,,,,,,,,,,,,,,,,,,,,,,,,,,,,,,,,,,,,,,,,,,,,,,,,,,,,,,,,,,,,,,,,,,,
4,50.0,Quốc lộ 1,tertiary,1246,,,tertiary,,,,,Quốc lộ 1,,,,,,,"[5765425824, 4069492261, 5767074534, 5767074499, 5767074495, 4069492262, 5767074206, 5767074487, 4069492276, 5767431368]",,,,,,,yes,,,,50,,,,,,,,,,,,,,,,,,,,,,,,,,,,,,,,,,,,,,,,,,,,,,,,,,,,,,,,,,,,,,,,,,,,,,,,,,,,,,,,,,,,,,,,,,,,,,,,,,,,,,
4,60.0,Quốc lộ 1,tertiary,1247,,,tertiary,,,,,Quốc lộ 1,,,,,,,"[4069486242, 4069486207, 4069486208, 4069486209, 5740628070, 4069486210, 4069486211]",,,,,,,yes,,,,60,,,,,,,,,,,,,,,,,,,,,,,,,,,,,,,,,,,,,,,,,,,,,,,,,,,,,,,,,,,,,,,,,,,,,,,,,,,,,,,,,,,,,,,,,,,,,,,,,,,,,,
4,,,tertiary,1248,,,tertiary,,,,,,,,,,,,"[4074702165, 4074722833, 4074702166, 4074718465, 4074702239, 4074715713, 4074702168, 4074702170, 4074702171]",,,,,,,,,,,,,,,,,,,,,,,,,,,,,,,,,,,,,,,,,,,,,,,,,,,,,,,,,,,,,,,,,,,,,,,,,,,,,,,,,,,,,,,,,,,,,,,,,,,,,,,,,,,,,,,,,
4,,,tertiary,1249,,,tertiary,,,,,,,,,,,,"[4074702239, 4074726930, 4074702240]",,,,,,,,,,,,,,,,,,,,,,,,,,,,,,,,,,,,,,,,,,,,,,,,,,,,,,,,,,,,,,,,,,,,,,,,,,,,,,,,,,,,,,,,,,,,,,,,,,,,,,,,,,,,,,,,,
4,,,tertiary,1250,,,tertiary,,,,,,,,,,,,"[4074702171, 4074715713]",,,,,,,,,,,,,,,,,,,,,,,,,,,,,,,,,,,,,,,,,,,,,,,,,,,,,,,,,,,,,,,,,,,,,,,,,,,,,,,,,,,,,,,,,,,,,,,,,,,,,,,,,,,,,,,,,
4,,,tertiary,1251,,,tertiary,,,,,,,,,,,,"[4074715713, 4074726929, 4074726930]",,,,,,,,,,,,,,,,,,,,,,,,,,,,,,,,,,,,,,,,,,,,,,,,,,,,,,,,,,,,,,,,,,,,,,,,,,,,,,,,,,,,,,,,,,,,,,,,,,,,,,,,,,,,,,,,,
3,,Tôn Đức Thắng,secondary,1252,,,secondary,,,,,Tôn Đức Thắng,,,,,,,"[2036083316, 411925944, 2036082949]",,,,,,,,,,,,,,,,,,,,,,,,,,,,,,,,,,,,,,,,,,,,,,,,,,,,,,,,,,,,,,,,,,,,,,,,,,,,,,,,,,,,,,,,,,,,,,,,,,,,,,,,,,,,,,,,,
2,,Ðiện Biên Phủ,primary,1253,,,primary,,,,,Ðiện Biên Phủ,,,,,,,"[411926477, 3116339953, 5642914065, 411918853, 2231192590, 411926585, 2364031759, 411918497, 411922212, 411925979, 3116339954, 2297774611, 411918914]",,Quan 3,Dien Bien Phu Road,,,,yes,,asphalt,,,,,,,,,,,,,,,,,,,,,,,,,,,,,,,,,,,,,,,,,,,,,,,,,,,,,,,,,,,,,,,,,,,,,,,,,,,,,,,,,,,,,,,,,,,,,,,,,,,,,,,,
2,,Hai Bà Trưng,primary,1254,,,primary,,,,,Hai Bà Trưng,,,,,,,"[411926477, 3167010080, 411926344]",,,Hai Ba Trung,,,,,,,二徵夫人路,,,,,,,,,,,,,,,,,,,,,,,,,,,,,,,,,,,,,,,,,,,,,,,,,,,,,,,,,,,,,,,,,,,,,,,,,,,,,,,,,,,,,,,,,,,,,,,,,,,,,,,
4,,Bùi Thị Xuân,unclassified,1255,,,unclassified,,,,,Bùi Thị Xuân,,,,,,,"[366462993, 2081881226, 4617886276, 2081881337, 2081881061, 2081881223, 366403417, 2081881397, 2081880951, 4618442872, 366375943, 5765216982, 5765216979, 366449401, 2822158425, 366400309, 2332691245, 2822164865, 2822151221, 5769467343, 2822151220, 4706741309]",,Quan Tan Binh,,,,,,,,,,,,,,,,,,,,,,,,,,,,,,,,,,,,,,,,,,,,,,,,,,,,,,,,,,,,,,,,,,,,,,,,,,,,,,,,,,,,,,,,,,,,,,,,,,,,,,,,,,,,,,,
4,,Cao Thắng,tertiary,1256,,,tertiary,,,,,Cao Thắng,,,,,,,"[411918475, 1784329627, 3164261855, 411925572, 411925590, 411921223, 411921218, 411918638, 411918482, 411918655, 5764817348]",,,Cao Thang,,,,no,,,,,,,,,,,,no,no,,,,,,,,,,,,,,,,,,,,,,,,,,,,,,,,,,,,,,,,,,,,,,,,,,,,,,,,,,,,,,,,,,,,,,,,,,,,,,,,,,,,,,,,,,,,,
4,,Tam Bình,tertiary,1257,,,tertiary,,,,,Tam Bình,,,,,,,"[366429230, 2952826398, 5769390203, 366372123]",,,Tam Binh,,,,,,,,,,,,,,,,,,,,,,,,,,,,,,,,,,,,,,,,,,,,,,,,,,,,,,,,,,,,,,,,,,,,,,,,,,,,,,,,,,,,,,,,,,,,,,,,,,,,,,,,,,,,,,
4,,Nguyễn Văn Bá,tertiary,1258,,,tertiary,,,,,Nguyễn Văn Bá,,,,,,,"[366450784, 366383490, 3091108615, 366405065, 366386227, 366421744, 366475114, 2217824803, 366381962, 4934840853, 2024972894]",,,Nguyen Van Ba,,,,,,,,,,,,,,,,,,,,,,,,,,,,,,,,,,,,,,,,,,,,,,,,,,,,,,,,,,,,,,,,,,,,,,,,,,,,,,,,,,,,,,,,,,,,,,,,,,,,,,,,,,,,,,
4,,Chu Văn An,unclassified,1259,,,unclassified,,,,,Chu Văn An,,,,,,,"[696860119, 366371920, 366443605, 762368925, 366439873, 1671468738, 366420566, 5733500323, 696860132, 696860126, 696860135]",,,Chu Van An,,,,,,,,,,,,,,,,,,,,,,,,,,,,,,,,,,,,,,,,,,,,,,,,,,,,,,,,,,,,,,,,,,,,,,,,,,,,,,,,,,,,,,,,,,,,,,,,,,,,,,,,,,,,,,
2,,Cách Mạng Tháng Tám,primary,1260,,,primary,,,,,Cách Mạng Tháng Tám,,,,,,,"[411926011, 411926428, 3250474561, 3164258337, 2520636461, 411926439, 411926405, 3164258339, 4879876939, 411919210]",,,,,,,yes,,,,,,,,,,,,,,,,,,,,,,,,,,,,,,,,,,,,,,,,,,,,,,,,,,,,,,,,,,,,,,,,,,,,,,,,,,,,,,,,,,,,,,,,,,,,,,,,,,,,,,,,,,
2,,Cách Mạng Tháng Tám,primary,1261,,,primary,,,,,Cách Mạng Tháng Tám,,,,,,,"[2340037589, 5074799088, 4883565871, 5074799049, 4883565873, 5074798995, 5074798993, 411918005, 4891619180]",,Quan Tan Binh,,,,,no,,,,,,,,,,,,,,,,,,,,,,,,,,,,,,,,,,,,,,,,,,,,,,,,,,,,,,,,,,,,,,,,,,,,,,,,,,,,,,,,,,,,,,,,,,,,,,,,,,,,,,,,,,
4,,Tân Kỳ Tân Quý,tertiary,1262,,,tertiary,,,,,Tân Kỳ Tân Quý,,,,,,,"[5758081997, 5721940328, 3156045471, 5758081998, 4976736757, 4988329173, 4988329167, 5758260883, 3156045472, 5758082328, 366427501, 5758081983, 366476542, 2049202724, 2049202725, 4988329199, 5758260911, 5758261422, 5726999590, 5758260871, 366456260, 3156045473, 5758012981, 5758012982, 5758012983, 5758012984, 5758012985, 5758012986, 5109568403, 3156045474, 5109568410, 5109568401, 2968037988, 5109568413, 5758012987, 5757838448, 5722292371, 5722292370, 5722292369, 4952170130, 5757838449, 3156045475, 2894944270, 5109568377, 5109568381, 5757818750, 5757818749, 2049202722, 5757818748, 5757818747, 3156045476, 3101583446, 5767275141, 2620586801, 4617758062, 5767275368, 5767275377, 5767275127, 5767275425, 2622318578, 5890133117, 5890133129, 366451799, 2622318619, 2500258449, 366447664, 2622318758, 366411573, 2622318727, 366373927, 5767352504]",,Tan Phu,Tan Ky Tan Quy,,,,,,,,,,,,,,,,no,no,,,,,,,,,,,,,,,,,,,,,,,,,,,,,,,,,,,,,,,,,,,,,,,,,,,,,,,,,,,,,,,,,,,,,,,,,,,,,,,,,,,,,,,,,,,,,
2,,Cộng Hòa,primary,1263,,,primary,,,,,Cộng Hòa,,,,,,,"[3123395468, 1120760987, 2079964853, 2079964673, 2247570697, 5663188334, 2079964707, 2079964226, 2079964543, 2079964400, 2079964717, 2079964979, 3168079236, 2079964072]",,Quan Tan Binh,,,,,yes,,,,,,,,,,,,,,,,,,,Cộng Hòa,,,,,,,,,,,,,,,,,,,,,,,,,,,,,,,,,,,,,,,,,,,,,,,,,,,,,,,,,,,,,,,,,,,,,,,,,,,,,,,,,,,,,,,
2,,Lý Thường Kiệt,primary,1264,,,primary,,,,,Lý Thường Kiệt,,,,,Lý Thường Kiệt,,"[2302073736, 4615680535, 3116882975, 2302073735, 2302073719, 2302073750, 2302073717, 2302073747, 2302073751, 3116882976, 2302073732, 2302073726, 3116882978, 5051610789, 5044255759, 5051610787, 5044255758, 2302073724, 2841304747, 2302073729, 2302074153, 2302073743, 2433653211, 5073779464, 3116882980, 5047258241, 5073779440, 5047258244, 5073779438, 5073779431, 4661273983, 5757673265, 4628119689, 2302073721, 5047258232, 5073779404, 3116882983, 5757673284, 2302073725, 2302073741, 5242148773, 5240704521, 5240703919, 5240704522, 5765078828, 5765078830, 4628241282, 5765078843, 366466362, 4628241280, 5765078838, 3116882987, 2302073746, 5772558103, 2498077593]",,,Ly Thuong Kiet,,,,yes,,,,,,,,,,,,,,,,,,,,,,,,,,,,,,,,,,,,,,,,,,,,,,,,,,,,,,,,,,,,,,,,,,,,,,,,,,,,,,,,,,,,,,,,,,,,,,,,,,,,,,,,,,
4,,Nguyễn Văn Lượng,unclassified,1265,,,unclassified,,,,,Nguyễn Văn Lượng,,,,,,,"[5151366697, 5755049017, 3806430914, 5151366694]",,,,,,,yes,,,,,,,,,,,,,,,,,,,,,,,,,,,,,,,,,,,,,,,,,,,,,,,,,,,,,,,,,,,,,,,,,,,,,,,,,,,,,,,,,,,,,,,,,,,,,,,,,,,,,,,,,,
4,,Võ Văn Ngân,tertiary,1266,,,tertiary,,,,,Võ Văn Ngân,,,,,,,"[366472293, 5762609744, 2947041242, 2333139495, 2947041243, 2947041244, 366428704, 2987193111, 366451012, 366406615]",,,Vo Van Ngan,,,,,,,,,,,,,,,,,,,,,,,,,,,,,,,,,,,,,,,,,,,,,,,,,,,,,,,,,,,,,,,,,,,,,,,,,,,,,,,,,,,,,,,,,,,,,,,,,,,,,,,,,,,,,,
4,,Đặng Văn Bi,tertiary,1267,,,tertiary,,,,,Đặng Văn Bi,,,,,,,"[5753041875, 366459708, 366379207, 5753041874, 366453301, 366410324, 5753041884, 3116282967, 5753041873, 5753041872, 5753041868, 5753041869, 5753041870, 5753041871, 4974340565, 366424283, 3376089931, 4974340391, 366427828, 5627047696, 4974340568, 366450125]",,,Dang Van Bi Street,,,,,,,,,,,,,,,,,,,,,,,,,,,,,,,,,,,,,,,,,,,,,,,,,,,,,,,,,,,,,,,,,,,,,,,,,,,,,,,,,,,,,,,,,,,,,,,,,,,,,,,,,,,,,,
4,,Hồng Lạc,tertiary,1268,,,tertiary,,,,,Hồng Lạc,,,,,,,"[5769329442, 5093747295, 5769329854, 4541470634, 5769329448, 4023206285, 5769329443, 5769343963, 3771420294, 366403027, 5769343545, 5769343964, 5769343965, 5769343966, 366433451, 5769343518, 5769343517, 5769343967]",,,Thoai Ngoc Hau,,,,,,,,,,,,,,,,,,,,,,,,,,,,,,,,,,,,,,,,,,,,,,,,,,,,,,,,,,,,,,,,,,,,,,,,,,,,,,,,,,,,,,,,,,,,,,,,,,,,,,,,,,,,,,
4,,Ngô Quyền,tertiary,1269,,,tertiary,,,,,Ngô Quyền,,,,,,,"[5788957692, 5780574592, 5780574591, 5803394837, 5803395579, 5803394848, 5803394815, 5803394840, 5803395557, 5780574590]",,,Ngo Quyen,,,,,,,,,,,,,,,,,,,,,,,,,,,,,,,,,,,,,,,,,,,,,,,,,,,,,,,,,,,,,,,,,,,,,,,,,,,,,,,,,,,,,,,,,,,,,,,,,,,,,,,,,,,,,,
2,,Cách Mạng Tháng Tám,primary,1270,,,primary,,,,,Cách Mạng Tháng Tám,,,,,,,"[4875814748, 4875814750, 5769467342, 4875814752, 366443061, 3671440866, 4617816425]",,Quan Tan Binh,,,,,no,,,,,,,,,,,,,,,,,,,,,,,,,,,,,,,,,,,,,,,,,,,,,,,,,,,,,,,,,,,,,,,,,,,,,,,,,,,,,,,,,,,,,,,,,,,,,,,,,,,,,,,,,,
1,,Vòng xoay Điện Biên Phủ,trunk,1271,,,trunk,,,,roundabout,Vòng xoay Điện Biên Phủ,,,,,,,"[1998235262, 1797562608, 4122304306, 676561471, 2233152864, 4066381579, 676561476, 4122304307, 676561480, 676561482, 1998235279, 676561486, 676561488, 676561490]",,,Dien Bien Phu Roundabout,,,,yes,,,奠边府路环形交叉,,,,,,,,,,,,,,,,,,,,,,,,,,,,,,,,,,,,,,,,,,,,,,,,,,,,,,,,,,,,,,,,,,,,,,,,,,,,,,,,,,,,,,,,,,,,,,,,,,,,,,,
4,,Đường số 10,tertiary,1272,,,tertiary,,,,,Đường số 10,,,,,,,"[366398713, 5780792956, 366377317, 366429378, 366412298, 2304890110, 366370992, 2305858980, 366442161, 2156217085]",,,Road No. 10,,,,,,,,,,,,,,,,,,,,,,,,,,,,,,,,,,,,,,,,,,,,,,,,,,,,,,,,,,,,,,,,,,,,,,,,,,,,,,,,,,,,,,,,,,,,,,,,,,,,,,,,,,,,,,
4,,Bắc Hải,tertiary,1273,,,tertiary,,,,,Bắc Hải,,,,,,,"[4014197867, 4878248002, 4878248000, 4903697615, 4618443198, 366372109, 366384637, 4878046785]",P.6 Q.TB TPHCM,Tan Binh,,,,,,,,,,,,,,,,,,,,,,,,,,,,,,,,,,,,,,,,,,,,,,,,,,,,,,,,,,,,,,,,,,,,,,,,,,,,,,,,,,,,,,,,,,,,,,,,,,,,,,,,,,,,,,,
2,,Ðiện Biên Phủ,primary,1274,,,primary,,,,,Ðiện Biên Phủ,,,,,Ðiện Biên Phủ,,"[411920295, 2393614148, 411926439, 2520636462, 3116339948, 411918640, 411926054, 3257247348, 3116339949, 5778212336, 411917834, 5778300411, 411926607, 3116339950, 411926415, 5772088371, 5772088373, 411926403, 5772027667, 3116339951, 411926532]",,,Dien Bien Phu Road,,,,yes,,asphalt,奠边府路,,,,,,,,,,,,,,,,,,,,,,,,,,,,,,,,,,,,,,,,,,,,,,,,,,,,,,,,,,,,,,,,,,,,,,,,,,,,,,,,,,,,,,,,,,,,,,,,,,,,,,,
2,,Ðiện Biên Phủ,primary,1275,,,primary,,,,,Ðiện Biên Phủ,,,,,,,"[411918914, 5772015884, 411926705]",,Quan 3,Dien Bien Phu Road,,,,yes,,asphalt,,,,,,,,,,,,,,,,,,,,,,,,,,,,,,,,,,,,,,,,,,,,,,,,,,,,,,,,,,,,,,,,,,,,,,,,,,,,,,,,,,,,,,,,,,,,,,,,,,,,,,,,
4,,Đinh Tiên Hoàng,tertiary,1276,,,tertiary,,,,,Đinh Tiên Hoàng,,,,,,,"[411926705, 1998235336, 411925896, 3175085972, 411925997, 411926524, 411925963]",,,Dinh Tien Hoang Street,,,,yes,,,丁先皇街,,,,,,,,,,,,,,,,,,,,,,,,,,,,,,,,,,,,,,,,,,,,,,,,,,,,,,,,,,,,,,,,,,,,,,,,,,,,,,,,,,,,,,,,,,,,,,,,,,,,,,,
2,,Đinh Tiên Hoàng,primary,1277,,,primary,,,,,Đinh Tiên Hoàng,,,,,,,"[4989081992, 5764779795, 4989081988]",,,Dinh Tien Hoang,,,,yes,,,,,,,,,,,,,,,,,,,,,,,,,,,,,,,,,,,,,,,,,,,,,,,,,,,,,,,,,,,,,,,,,,,,,,,,,,,,,,,,,,,,,,,,,,,,,,,,,,,,,,,,,,
2,,Bạch Đằng,primary,1278,,,primary,,,,,Bạch Đằng,,,,,,,"[366423565, 366426897, 5767300386, 1226457742, 1671468580, 366441473, 5767156763, 366448642, 5733481802, 3116339962, 366439179, 366469508, 1497260137]",,,Bach Dang,,,,yes,,,,,,,,,,,,,,,,,,,,,,,,,,,,,,,,,,,,,,,,,,,,,,,,,,,,,,,,,,,,,,,,,,,,,,,,,,,,,,,,,,,,,,,,,,,,,,,,,,,,,,,,,,
4,,Võ Văn Ngân,tertiary,1279,,,tertiary,,,,,Võ Văn Ngân,,,,,,,"[366406615, 2984717721, 2963929783, 366408509, 366479294, 366449145, 2987193110, 5755653748, 2024972876]",,,Vo Van Ngan Street,,,,,,,武文银路,,,,,,,,,,,,,,,,,,,,,,,,,,,,,,,,,,,,,,,,,,,,,,,,,,,,,,,,,,,,,,,,,,,,,,,,,,,,,,,,,,,,,,,,,,,,,,,,,,,,,,,
4,,Đông Hồ,tertiary,1280,,,tertiary,,,,,Đông Hồ,,,,,,,"[5769343546, 4023236582, 1606180624, 5092125133, 366401647, 3727813436, 5092125139, 5772508111, 1525911386]",,Quan Tan Binh,Dong Ho,,,,,,,,,,,,,,,,,,,,,,,,,,,,,,,,,,,,,,,,,,,,,,,,,,,,,,,,,,,,,,,,,,,,,,,,,,,,,,,,,,,,,,,,,,,,,,,,,,,,,,,,,,,,,,
4,,Nguyễn Đức Thuận,unclassified,1281,,,unclassified,,,,,Nguyễn Đức Thuận,,,,,,,"[366398253, 2922938337, 366452161, 4025380902, 2081354720, 366369902, 366461661, 366459033, 366449698, 2081354745, 2081354651, 366431037, 366415745, 4025380904, 2081355282, 2081355114, 366439522]",,,,,,,,,,,,,,,,,,,,,,,,,,,,,,,,,,,,,,,,,,,,,,,,,,,,,,,,,,,,,,,,,,,,,,,,,,,,,,,,,,,,,,,,,,,,,,,,,,,,,,,,,,,,,,,,,
4,,Nguyễn Văn Nghi,tertiary,1282,,,tertiary,,,,,Nguyễn Văn Nghi,,,,,,,"[3138804690, 366379451, 3175105778, 366378675, 5793427531, 5793427533, 366449181, 5793427517, 5762755207]",,,,,,,no,,,,,,,,,,,,,,,,,,,,,,,,,,,,,,,,,,,,,,,,,,,,,,,,,,,,,,,,,,,,,,,,,,,,,,,,,,,,,,,,,,,,,,,,,,,,,,,,,,,,,,,,,,
4,,Nguyễn Văn Nghi,tertiary,1283,,,tertiary,,,,,Nguyễn Văn Nghi,,,,,,,"[5762755207, 366445185, 4447252158, 4631562546, 5742713535]",,,,,,,no,,,,,,,,,,,,,,,,,,,,,,,,,,,,,,,,,,,,,,,,,,,,,,,,,,,,,,,,,,,,,,,,,,,,,,,,,,,,,,,,,,,,,,,,,,,,,,,,,,,,,,,,,,
4,,Lê Đức Thọ,tertiary,1284,,,tertiary,,,,,Lê Đức Thọ,,,,,,,"[1402473254, 366381588, 4441525389, 366427547, 4441523977]",,,,,,,,,,,,,,,,,,,,,,,,,,,,,,,,,,,,,,,,,,,,,,,,,,,,,,,,,,,,,,,,,,,,,,,,,,,,,,,,,,,,,,,,,,,,,,,,,,,,,,,,,,,,,,,,,
4,,Thống Nhất,tertiary,1285,,,tertiary,,,,,Thống Nhất,,,,,,,"[5751081825, 2470756528, 366427650, 5750804455, 5751286005, 5750804476, 5750804459, 366386305, 5738236432, 366477888, 366401556, 5917810056, 5738169990, 366389113, 5920728662, 5920728653, 5917810053, 5920728592, 366399426, 5917810050, 4632222677, 4423145835, 5906595672, 5894559889, 5894559892, 5738555073, 5736013551, 5736013552, 366435396, 5894559867, 5736013553, 3342343776, 4423141307, 366413347, 3342343788, 5735834099, 366383958, 5736013554, 5736013555, 5736013556, 366376094]",,,,,,,,,,,,,,,,,,,,,,,,,,,,,,,,,,,,,,,,,,,,,,,,,,,,,,,,,,,,,,,,,,,,,,,,,,,,,,,,,,,,,,,,,,,,,,,,,,,,,,,,,,,,,,,,,
4,,Phạm Ngọc Thạch,tertiary,1286,,,tertiary,,,,,Phạm Ngọc Thạch,,,,,,,"[411925946, 411918451, 5842295443, 411918898]",Ho Chi Minh,3,,,,,,Duy Tân,,,,,,,,,,,,,,,,,,,,,,,,,,,,,,,,,,,,,,,,,,,,,,,,,,,,,,,,,,,,,,,,,,,,,,,,,,,,,,,,,,,,,,,,,,,,,,,,,,,,,,,,,
2,,Nguyễn Thị Minh Khai,primary,1287,,,primary,,,,,Nguyễn Thị Minh Khai,,,,,,,"[411925946, 1226517253, 1770193819, 5772019369, 411926580, 5772019361, 2037755924, 2037756039]",,,Nguyen Thi Minh Khai Road,,,,yes,Hồng Thập Tự,,阮氏明开路,,,,,,,,,,,,,,,,,,,,,,,,,,,,,,,,,,,,,,,,,,,,,,,,,,,,,,,,,,,,,Hồng Thập Tự,,,,,,,,,,,,,,,,,,,,,,,,,,,,,,,,,,,,,,,,,,
3,,Nguyễn Hữu Cảnh,secondary,1288,,,secondary,,,,,Nguyễn Hữu Cảnh,,,,,,,"[2036083244, 2036083419, 2036083457, 3166144991, 2036083274, 5775221878, 2036083108, 2036082820, 2036083423, 2036082922, 2036082834, 2036083190, 2036083427, 2036083608, 2036083240]",,,,,,,,,,,,,,,,,,,,,,,yes,,,,,,,,,,,,,,,,,,,,,,,,,,,,,,,,,,,,,,,,,,,,,,,,,,,,,,,,,,,,,,,,,,,,,,,,,,,,,,,,,,,,,,,,,,
4,,Nguyễn Chí Thanh,tertiary,1289,,,tertiary,,,,,Nguyễn Chí Thanh,,,,,Nguyễn Chí Thanh,,"[366472932, 5778381623]",,,Nguyen Chi Thanh,,,,,,,,,,,,,,,,,,,,,,,,,,,,,,,,,,,,,,,,,,,,,,,,,,,,,,,,,,,,,,,,,,,,,,,,,,,,,,,,,,,,,,,,,,,,,,,,,,,,,,,,,,,,,,
4,,Nguyễn Xuân Khoát,unclassified,1290,,,unclassified,,,,,Nguyễn Xuân Khoát,,,,,,,"[5767074384, 5767074385, 5767074386]",,,,,,,,,,,,,,,,,,,,,,,,,,,,,,,,,,,,,,,,,,,,,,,,,,,,,,,,,,,,,,,,,,,,,,,,,,,,,,,,,,,,,,,,,,,,,,,,,,,,,,,,,,,,,,,,,
4,,Nguyễn Chí Thanh,tertiary,1291,,,tertiary,,,,,Nguyễn Chí Thanh,,,,,Nguyễn Chí Thanh,,"[5778381624, 5778381625, 5802888811, 5778381626, 5802888799, 5802888809, 5778381627, 5778381632]",,,Nguyen Chi Thanh,,,,,,,,,,,,,,,,,,,,,,,,,,,,,,,,,,,,,,,,,,,,,,,,,,,,,,,,,,,,,,,,,,,,,,,,,,,,,,,,,,,,,,,,,,,,,,,,,,,,,,,,,,,,,,
4,,Hoà Bình,tertiary,1292,,,tertiary,,,,,Hoà Bình,,,,,,,"[5769345553, 3168357169, 5769337240, 366427004, 366410014, 3806810130, 366426957, 5755681760, 366457722, 366469183, 4568796728, 366455053, 3700972734, 3168357168, 3700972733, 5757501803, 366397186, 5757501759, 4931113063, 366451414, 6022345230, 366456572, 5757501804, 5757501805, 3700972676, 3700972674, 4931113067, 5757501802]",Ho Chi Minh,11,Hoa Binh,,3,,,,,,,,,,,,,,,,,,,,,,,,,,,,,,,,,,,,,,,,,,,,,,,,,,,,,,,,,,,,,,,,,,,,,,,,,,,,,,,,,,,,,,,,,,,,,,,,,,,,,,,,,,,,
4,30.0,Kênh Tân Hoá,tertiary,1293,,,tertiary,,,,,Kênh Tân Hoá,,,,,,,"[5769345553, 3088564997, 5769345565, 5769345564, 5769345563, 5001800251, 5769337247, 3186191730, 5108957174, 5769345562, 5769345561, 5769901365, 6025220623, 5769901371, 5769345560, 5769345559, 5001799215, 5769901364, 3081292109, 3186191729, 5001800221, 5093747236, 5772107330, 366398591, 5001800226, 5001800229, 5001800235, 6025186774, 5093747232, 5093747224, 5001800233, 5093747228, 5772157709, 5772157724, 4213562609, 4213562612, 5772157713, 5772157712, 5772157711, 4213562618, 5772679852, 5772157710, 4213562622, 4213562624, 4213562626, 5778136950, 5778136951, 5778136952, 4213562640, 5778136953, 5778136954, 5778136949, 5778136964, 4213562649, 5778136963, 5778136962, 5778136961, 5778136960, 6025186757, 6025186761, 5778136959, 3186191728, 5778136955, 5778136958, 5778136957, 5778136956]",,,,,,,,,asphalt,,30,,,,,,,,,,,,,,,,,,,,,,,,,,,,,,,,,,,,,,,,,,,,,,,,,,,,,,,,,,,,,,,,,,,,,,,,,,,,,,,,,,,,,,,,,,,,,,,,,,,,,,
4,,Hòa Bình,tertiary,1294,,,tertiary,,,,,Hòa Bình,,,,,,,"[5769345553, 5001800256, 5755681746, 5778872983, 5778872984, 4931113081, 4929861403, 4929831405, 4124623696, 366433522, 5769421761, 4109444339, 6044253386, 3806810138, 366443537, 4535968548, 4535968547, 4550522883, 5769482780, 366387635, 4550522881, 366430943, 4535968533, 4530356888, 5769482788, 5769482813, 5769482811, 4550523297, 5769482825, 5769482831, 5769482761, 5769482759, 5769575446, 5769575753]",Ho Chi Minh,Tan Phu,Hoa Binh,,,,,,,,,,,,,,,,,,,,,,,,,,,,,,,,,,,,,,,,,,,,,,,,,,,,,,,,,,,,,,,,,,,,,,,,,,,,,,,,,,,,,,,,,,,,,,,,,,,,,,,,,,,,,,
4,,Hoà Hảo,tertiary,1295,,,tertiary,,,,,Hoà Hảo,,,,,,,"[5802717069, 6022611609, 5674570400, 366436992, 6022611608, 366383937, 2302073732, 5788740498, 5788740511, 5778688792]",Ho Chi Minh,,Hoa Hao,,,,,,,,,,,,,,,,,,,,,,,,,,,,,,,,,,,,,,,,,,,,,,,,,,,,,,,,,,,,,,,,,,,,,,,,,,,,,,,,,,,,,,,,,,,,,,,,,,,,,,,,,,,,,,
4,,Hoàng Minh Giám,tertiary,1296,,,tertiary,,,,,Hoàng Minh Giám,,,,,,,"[2363997552, 5326481853, 5467207472, 5733488455]",Hồ Chí Minh,Go Vap,,,,,yes,,,,,,,,,,,,,,,,,,,,,,,,,,,,,,,,,,,,,,,,,,,,,,,,,,,,,,,,,,,,,,,,,,,,,,,,,,,,,,,,,,,,,,,,,,,,,,,,,,,,,,,,,,
4,,Hoàng Minh Giám,tertiary,1297,,,tertiary,,,,,Hoàng Minh Giám,,,,,,,"[4672026875, 702328766, 366453524, 3167038259, 5755430588, 366372531, 5755430603, 2363997553, 366409374]",,,,,,,yes,,asphalt,,,,,,,,,,,,,,,,,,,,,,,,,,,,,,,,,,,,,,,,,,,,,,,,,,,,,,,,,,,,,,,,,,,,,,,,,,,,,,,,,,,,,,,,,,,,,,,,,,,,,,,,
2,,Hoàng Văn Thụ,primary,1298,,,primary,,,,,Hoàng Văn Thụ,,,,,,,"[2293477506, 5763097069, 2293477505, 3116902315, 2293477507, 4936461872, 5727064144, 5727064135, 5727064151, 2293477510, 3116902314, 4936461876, 2293477503, 2293477522, 2293477518, 4936461906, 5762825855, 2613196712]",Ho Chi Minh,Tan Binh,,,,,yes,,,,,,,,,,,,,,,,,,,,,,,,,,,,,,,,,,,,,,,,,,,,,,,,,,,,,,,,,,,,,,,,,,,,,,,,,,,,,,,,,,,,,,,,,,,,,,,,,,,,,,,,,,
4,,Nguyễn Thị Nhỏ,tertiary,1299,,,tertiary,,,,,Nguyễn Thị Nhỏ,,,,,,,"[5778381638, 5778381637, 5778381636, 5778381635, 5778381634, 5778381633, 5778381632, 5778381631, 6174054767, 4988324837, 4988324832, 366368680, 5778381640, 5778381641, 5778381639, 5778381642]",,,,,,,,,,,,,,,,,,,,,,,,,,,,,,,,,,,,,,,,,,,,,,,,,,,,,,,,,,,,,,,,,,,,,,,,,,,,,,,,,,,,,,,,,,,,,,,,,,,,,,,,,,,,,,,,,
2,,Hồng Bàng,primary,1300,,,primary,,,,,Hồng Bàng,,,,,Hồng Bàng,,"[1996655099, 4616029223, 5813858462, 1996745564, 4616029221, 4615972582, 5778381638]",,,Hong Bang,,,,yes,,,,,,,,,,,,,,,,,,,,,,,,,,,,,,,,,,,,,,,,,,,,,,,,,,,,,,,,,,,,,,,,,,,,,,,,,,,,,,,,,,,,,,,,,,,,,,,,,,,,,,,,,,
4,,Khuông Việt,tertiary,1301,,,tertiary,,,,,Khuông Việt,,,,,,,"[4109605262, 4109605261, 4109605260, 5772679823, 2495812611, 5772157732, 5772157733, 366438846, 3771420383, 5772157696, 3178332765, 5772157701, 5772679814, 366466652, 5092124516, 3088578157, 5772679837, 366475197, 366431495, 366417494, 366390355, 366474730, 5001799208, 366441493, 366426464, 3771444844, 366368977, 5001799211, 3718634731, 366432208, 3178332764, 5769337235, 3718634730, 5769337248, 5769337246, 5769337243, 6025220624, 5769337242, 366457563, 6025220630, 3700972736, 5108957175, 3700972735, 366403510, 5769345566, 366457722]",Ho Chi Minh,Tan Phu,Khuong Viet,,,,,,,,,,,,,,,,,,,,,,,,,,,,,,,,,,,,,,,,,,,,,,,,,,,,,,,,,,,,,,,,,,,,,,,,,,,,,,,,,,,,,,,,,,,,,,,,,,,,,,,,,,,,,,
2,,Phan Đăng Lưu,primary,1302,,,primary,,,,,Phan Đăng Lưu,,,,,,,"[366435365, 1667250167, 1171583921, 692838889, 366400248, 1408031698, 5767691740, 5767691738, 366403965, 1171583920, 366463139, 366413279, 683772963, 1171583911, 1497255633]",Hồ Chí Minh,Phú Nhuận,,,,,yes,,,,,,,,,,,,,,,,,,,,,,,,,,,,,,,,,,,,,,,,,,,,,,,,,,,,,,,,,,,,,,,,,,,,,,,,,,,,,,,,,,,,,,,,,,,,,,,,,,,,,,,,,,
4,,Nơ Trang Long,tertiary,1303,,,tertiary,,,,,Nơ Trang Long,,,,,,,"[366417290, 5778872968, 5778872969, 3116339958, 5773400802, 366458024, 5755176848, 5755343591, 5755175919, 366411711, 5755175893, 5773400692, 5773400685, 5768416895, 5755149889, 3162351957, 5755175892, 5755176829, 5755175894]",,,,,,,,,,,,,,,,,,,,,,,,,,,,,,,,,,,,,,,,,,,,,,,,,,,,,,,,,,,,,,,,,,,,,,,,,,,,,,,,,,,,,,,,,,,,,,,,,,,,,,,,,,,,,,,,,
2,,Phan Đình Phùng,primary,1304,,,primary,,,,,Phan Đình Phùng,,,,,,,"[5724654562, 366454129]",,,Phan Dinh Phung,,,,,,,,,,,,,,,,no,no,,,,,,,,,,,,,,,,,,,,,,,,,,,,,,,,,,,,,,,,,,,,,,,,,,,,,,,,,,,,,,,,,,,,,,,,,,,,,,,,,,,,,,,,,,,,,
2,,Phan Đình Phùng,primary,1305,,,primary,,,,,Phan Đình Phùng,,,,,,,"[5724654561, 5724654562]",,,Phan Dinh Phung,,,,,,,,,,,,,,,,no,no,,,,,,,,,,,,,,,,,,,,,,,,,,,,,,,,,,,,,,,,,,,,,,,,,,,,,,,,,,,,,,,,,,,,,,,,,,,,,,,,,,,,,,,,,,,,,
3,,Phan Văn Hớn,secondary,1306,,,secondary,,,,,Phan Văn Hớn,,,,,,,"[2091954874, 5725202085, 5462256013, 5740748935, 366378312, 5303276310, 366476001, 5303276311, 5740635772, 5303276316, 366397212, 5718945604, 5740635775, 5726976309, 2918604052, 5726976303, 5718945618, 5748420443, 366434182, 5725202077, 2918600427, 2918606258, 366374684, 3178335373, 5303276329, 366468027, 5740635773, 366428023, 2918606261, 366382686, 5724574140, 366391875, 366452853]",Ho Chi Minh,12,,14,,,yes,,,,,,,,,,,,,,,,,,,,,,,,,,,,,,,,,,,,,,,,,,,,,,,,,,,,,,,,,,,,,,,,,,,,,,,,,,,,,,,,,,,,,,,,,,,,,,,,,,,,,,,,,,
4,,Nguyễn Chí Thanh,tertiary,1307,,,tertiary,,,,,Nguyễn Chí Thanh,,,,,,,"[5802861323, 5802861324, 5674570641, 5802861325, 5802861321, 5802861326, 3152632050, 366472932]",,,Nguyen Chi Thanh,,,,,,,,,,,,,,,,,,,,,,,,,,,,,,,,,,,,,,,,,,,,,,,,,,,,,,,,,,,,,,,,,,,,,,,,,,,,,,,,,,,,,,,,,,,,,,,,,,,,,,,,,,,,,,
4,,Xuân Thới Sơn 21,tertiary,1308,,,tertiary,,,,,Xuân Thới Sơn 21,,,,,,,"[366398485, 5748684152, 2632001654, 5755254604, 2092411212]",,,,,,,,,,,,,,,,,,,,,,,,,,,,,,,,,,,,,,,,,,,,,,,,,,,,,,,,,,,,,,,,,,,,,,,,,,,,,,,,,,,,,,,,,,,,,,,,,,,,,,,,,,,,,,,,,
4,,Sư Van Hạnh,tertiary,1309,,,tertiary,,,,,Sư Van Hạnh,,,,,,,"[4629021465, 4628932720]",Ho Chi Minh,,Su Van Hanh,,,,,,,,,,,,,,,,,,,,,,,,,,,,,,,,,,,,,,,,,,,,,,,,,,,,,,,,,,,,,,,,,,,,,,,,,,,,,,,,,,,,,,,,,,,,,,,,,,,,,,,,,,,,,,
4,,Nguyễn Chí Thanh,tertiary,1310,,,tertiary,,,,,Nguyễn Chí Thanh,,,,,,,"[5794854831, 5794771158]",,,,,,,yes,,,,,,,,,,,,,,,,,,,,,,,,,,,,,,,,,,,,,,,,,,,,,,,,,,,,,,,,,,,,,,,,,,,,,,,,,,,,,,,,,,,,,,,,,,,,,,,,,,,,,,,,,,
4,,Tạ Uyên,tertiary,1311,,,tertiary,,,,,Tạ Uyên,,,,,,,"[5778381623, 1996745627, 3152632051, 5813858459, 1996655559, 5813858137, 5813858136, 1996745628]",Ho Chi Minh,5,Ta Uyen,,,,no,,,,,,,,,,,,,,,,,,,,,,,,,,,,,,,,,,,,,,,,,,,,,,,,,,,,,,,,,,,,,,,,,,,,,,,,,,,,,,,,,,,,,,,,,,,,,,,,,,,,,,,,,,
4,,Nguyễn Chí Thanh,tertiary,1312,,,tertiary,,,,,Nguyễn Chí Thanh,,,,,Nguyễn Chí Thanh,,"[5778381623, 5778381624]",,,Nguyen Chi Thanh,,,,,,,,,,,,,,,,,,,,,,,,,,,,,,,,,,,,,,,,,,,,,,,,,,,,,,,,,,,,,,,,,,,,,,,,,,,,,,,,,,,,,,,,,,,,,,,,,,,,,,,,,,,,,,
3,,Hàm Nghi,secondary,1313,,,secondary,,,,,Hàm Nghi,,,,,Hàm Nghi,,"[5735511409, 2032267453, 5307221671, 5307223430, 5307223431, 2966416217]",,,,,,,yes,Rue de lka Somme,,咸宜路,,,no,,,,,,,,,,,,,,,,,,,,,,,,,,,,,,,,,,,,,,,,,,,,,,,,,,,,,,,,,,,Rue de lka Somme,,,,,,,,,,,,,,,,,,,,,,,,,,,,,,,,,,,,,,,,,
4,,Hoàng Sa,tertiary,1314,,,tertiary,,,,,Hoàng Sa,,,,,,,"[4122304310, 4122304298, 4122304301, 4122304315, 4122304311, 4122304312, 4122304306]",Ho Chi Minh,1,Hoang Sa,,,,yes,,,,,,,,,,,,,,,,,,,,,,,,,,,,,,,,,,,,,,,,,,,,,,,,,,,,,,,,,,,,,,,,,,,,,,,,,,,,,,,,,,,,,,,,,,,,,,,,,,,,,,,,,,
3,40.0,Lý Thái Tổ,secondary,1315,,,secondary,,,,,Lý Thái Tổ,,,,,,,"[4122530711, 934968939, 2686826248, 934969008, 934969037, 2686826247, 934969082, 2686826246, 934969112, 2686826245, 2686826244, 934969149, 934969208, 934969238, 934969282, 934969342, 2686826243, 2686826242, 934969362, 2686826241, 934969386, 2686826240, 2686826239, 934969411, 934969450, 1593318253, 934969610, 934969651, 2686826238, 934969691, 2686826237, 934969728, 2686826236, 2686826235, 934969776, 2686826234, 934969821, 934969864, 2686826233, 934969905, 2686826232, 934969944, 934969985, 934970014, 934970050, 934970087, 2686826231, 934970148, 2686826230, 2686826229, 934970182, 934970228, 934970275, 934970322, 2686826228, 2686826227, 934970377, 934970416, 1593309947, 2686826223, 2686826225, 2686826226, 2686826220, 934970506, 934970566, 2686826218, 934970618, 934970672, 2686826216, 2686826214, 934970715, 934970781, 2686826212, 2686826210, 2686826209, 934970813, 934970872, 934970920, 934970979, 2686826208, 934971042, 2686826207, 2686826206, 934971101, 934971169, 934971233, 934971340, 2686826205, 2686826204, 934971381, 934971413, 2686826203, 2686826202, 934971464, 934971499, 2686826201, 2686826199, 934971539, 2686826200, 934971575, 934971614, 934971651, 934971696, 2686826198, 2686826197, 934971725, 934971772, 2686826196, 934971798, 2686826195, 934971831, 2686826194, 934971870, 2686826193, 2686826192, 934971954, 1593309944, 934972040, 2686826191, 934972074, 934972110, 934972151, 934972209, 2686826190, 2686826189, 934972261, 934972351, 2686826188, 2686826187, 934972399, 934972453, 2686826186, 934972496, 934972521, 934972578, 1593309846, 934972625, 2686826185, 934972663, 2686826184, 934972694, 2686826183, 934972740, 934972790, 934972816, 2686826182, 2686826181, 934972866, 934972912, 934972952, 934972996, 2686826180, 934973054, 934973202]",,,,TL769,,,,Tỉnh lộ 769,,,40,,,,,,,,,,,,,,,,,,,,,,,,,,,,,,,,,,,,,,,,,,,,,,,,,,,,,,,,,,,,,,,,,,,,,,,,,,,,,,,,,,,,,,,,,,,,,,,,,,,,,,
3,,Trần Hưng Ðạo,secondary,1316,,,secondary,,,,,Trần Hưng Ðạo,,,,,,,"[2032267383, 4303175609, 2032267315, 5781158289, 2032267290, 4606995349, 4606995347, 2290050435, 2691192106, 4612970105, 4612970108, 4640689699, 4640689702, 4640687100, 411926146, 5762893332, 4609760516]",,,,,,,yes,,,,,,,,,,,,,,,,,,,,,,,,,,,,,,,,,,,,,,,,,,,,,,,,,,,,,,,,,,,,,,,,,,,,,,,,,,,,,,,,,,,,,,,,,,,,,,,,,,,,,,,,,,
4,,Nguyễn Cư Trinh,tertiary,1317,,,tertiary,,,,,Nguyễn Cư Trinh,,,,,,,"[411926503, 4650003015, 4634456201, 5781023253, 4616261994, 5780842950]",,,Nguyen Cu Trinh Street,,,,no,,,阮居貞路,,,,,,,,,,,,,,,,,,,,,,,,,,,,,,,,,,,,,,,,,,,,,,,,,,,,,,,,,,,,,,,,,,,,,,,,,,,,,,,,,,,,,,,,,,,,,,,,,,,,,,,
2,,Trần Hưng Ðạo,primary,1318,,,primary,,,,,Trần Hưng Ðạo,,,,,,,"[411926503, 411926413, 5781023255, 4302891987, 411922968, 4603729665, 2032267297, 411926591, 5795188301, 2364089047, 3337595378, 2032267286, 4613083208, 2364089062, 3160554148, 4609802782]",,,,,,,yes,,asphalt,,"40,50,60",,,,,,,,,,,2,,,,,,,,,,,,,,,,,,,,,,,,,,,,,,,,,,,,,,,,,,,,,,,,,,,,,,,,,,,,,,,,,,,,,,,,,,,,,,,,,,,,,,,,,,,
2,,Ngã sáu Cộng Hòa,primary,1319,,,primary,,,,roundabout,Ngã sáu Cộng Hòa,,,,,,,"[634134022, 5762610078, 5762610077, 5762610076, 5762610075, 5762610074, 634134026, 634134027, 634134028, 4623110639, 5762610073, 1793489526, 634134030, 634134031, 5762610072, 634134032, 4613344546, 5762610071, 634134017, 5762610085, 5762610084, 5762610083, 5762610082, 2498090917, 634134018, 5762610081, 5762610079, 5762610080, 4623110641, 634134021, 634134022]",,,,,,,yes,,,,,,,,,,,,,,,,,,,,,,,,,,,,,,,,,,,,,,,,,,,,,,,,,,,,,,,,,,,,,,,,,,,,,,,,,,,,10,,,,,,,,,,,,,,,,,,,,,,,,,,,,,,
2,,Công Trường Quách Thị Trang,primary,1320,,,primary,,,,roundabout,Công Trường Quách Thị Trang,,,,,,,"[411919485, 4610019130, 4610019119, 1723867950, 725885084, 411919338, 725885082, 411919363, 4610019131, 725885085, 4610019123, 1861212922, 4610019122, 4603175867]",,,,,,,yes,,,,,,,,,,,,,,,,,,,,,,,,,,,,,,,,,,,,,,,,,,,,,,,,,,,,,,,,,,,,,,,,,,,,,,,,,,,,,,,,,,,,,,,,,,,,,,,,,,,,,,,,,,
3,,Nguyễn Trãi,secondary,1321,,,secondary,,,,,Nguyễn Trãi,,,,,,,"[366404649, 5802993726, 3116339939, 5805666000, 5794854810, 5805666012, 366466608, 5794854818, 5805665972, 5794854817, 5794854816, 5794854815, 5805665964, 5794854814, 5794854813, 5794854812, 5794854811, 5794854830, 5598913755, 5805831206, 366472120, 5805966975, 5598914629, 3186257042, 5806315850, 1997154501, 5598914622, 5805962828, 5805962832, 5805831173, 2233965366, 5805831177, 5805966958, 5805831183, 5805962780, 5794854809, 5805831180, 5805962773, 5794854808, 3186257043, 5805831163, 5806004697, 5806004698, 5806004675, 5806004661, 5795001638, 366467217]",,,,,,,no,,,,,,,,,,,,,,,,,,,,,,,,,,,,,,,,,,,,,,,,,,,,,,,,,,,,,,,,,,,,,,,,,,,,,,,,,,,,,,,,,,,,,,,,,,,,,,,,,,,,,,,,,,
3,,Đường D1,secondary,1322,,,secondary,,,,,Đường D1,,,,,,,"[4331856392, 4068051923, 2024972940, 2024972863, 2024973159, 2024972687, 2024972686, 2024972698, 2024972819, 2217879425, 2217878488, 2217876802, 4068051921, 2024972830, 2024973042, 2024973122, 2024972896, 2024972892, 2024972762, 2024973161, 2024972803, 2217876803, 2217876786, 2024972768, 4934947978, 5778616000, 4461953069, 4446924680]",,,,,,,yes,,,,,,,,,,,,,,,,,,,,,,,,,,,,,,,,,,,,,,,,,,,,,,,,,,,,,,,,,,,,,,,,,,,,,,,,,,,,,,,,,,,,,,,,,,,,,,,,,,,,,,,,,,
4,,Hưng Phú,tertiary,1323,,,tertiary,,,,,Hưng Phú,,Hưng Phú,,,,,"[5816976729, 5816976731, 5816976730, 5816976732, 5816976726, 366397116, 5816976725, 5816976723, 5816976724, 5816976722, 5816976720, 366419201, 5816976963, 5816976721, 5816976719, 5816976718, 5816976727, 2042473535, 5816976712, 5816976711, 5816976713, 5816976977, 5816976714, 5816976953, 5816976716, 5816976715, 5816976717, 366478762, 4202267672, 366431170, 2042473430, 366441798, 4703263948, 366388392]",Hồ Chí Minh,8,Hung Phu,,9,,,,,,,,,,,,,,,,,,,,,,,,,,,,,,,,,,,,,,,,,,,,,,,,,,,,,,,,,,,,,,,,,,,,,,,,,,,,,,,,,,,,,,,,,,,,,,,,,,,,,,,,,,,,
4,,Lê Đức Thọ,tertiary,1324,,,tertiary,,,,,Lê Đức Thọ,,,,,,,"[4433902041, 366465519, 3182311219, 1402473254]",,,,,,,,,,,,,,,,,,,,,,,,,,,,,,,,,,,,,,,,,,,,,,,,,,,,,,,,,,,,,,,,,,,,,,,,,,,,,,,,,,,,,,,,,,,,,,,,,,,,,,,,,,,,,,,,,
4,,Lê Đức Thọ,tertiary,1325,,,tertiary,,,,roundabout,Lê Đức Thọ,,,,,,,"[4433902055, 4433902056, 4433902057, 4433902040, 4433902042, 4433902043, 4433902044, 4433902045, 4433902046, 4433902047, 4433902048, 4433902041, 4433902049, 4433902050, 4433902051, 4433902052, 4433902039, 4433902053, 4433902054, 366439593, 4433902055]",,,,,,,yes,,,,,,,,,,,,,,,,,,,,,,,,,,,,,,,,,,,,,,,,,,,,,,,,,,,,,,,,,,,,,,,,,,,,,,,,,,,,,,,,,,,,,,,,,,,,,,,,,,,,,,,,,,
4,,Phan Văn Trị,tertiary,1326,,,tertiary,,,,,Phan Văn Trị,,,,,,,"[5891954876, 4447332023, 5886778540, 5458418469, 4441523964, 5458426817, 5458418451, 5886778513, 4441523962, 5458418461, 4905117721, 5455593130, 5455593137, 5455593126, 5750809009, 5455593010, 5455593008, 5716927839, 5455592992, 5455592994, 5886777906, 5455592986, 5455593003, 4441523966, 5455593004, 4461952129, 5458418433, 4441523967, 4556670340, 5886313841, 5886313843, 4441523970, 4461962492, 4461962997, 4441523971, 4441523972, 4441523973, 4461933943, 4441523963]",,,,,,,yes,,,,,,,,,,,,,,,,,,,,,,,,,,,,,,,,,,,,,,,,,,,,,,,,,,,,,,,,,,,,,,,,,,,,,,,,,,,,,,,,,,,,,,,,,,,,,,,,,,,,,,,,,,
4,,Phan Văn Trị,tertiary,1327,,,tertiary,,,,,Phan Văn Trị,,,,,,,"[4447328655, 4905092630, 4441523981, 4441523977, 4461960803, 5719318338, 4451424943, 4441523978, 366385365, 366452698, 5798935336, 4441523979, 4441525393, 4441523980]",,,,,,,yes,,,,,,,,,,,,,,,,,,,,,,,,,,,,,,,,,,,,,,,,,,,,,,,,,,,,,,,,,,,,,,,,,,,,,,,,,,,,,,,,,,,,,,,,,,,,,,,,,,,,,,,,,,
4,,Phan Văn Trị,tertiary,1328,,,tertiary,,,,,Phan Văn Trị,,,,,,,"[4441523980, 4462008041, 4441525398, 5742768254, 4850943115, 4850943297, 5793427502, 4850943225, 4462008206, 5719318007, 4461948113, 5793427630, 5793427629, 5738446566, 4465538341, 4441525394, 4462019263, 4447252164, 5738537401, 5400592010, 4441525396, 4448584534, 5738537531, 5719318001]",,,,,,,yes,,,,,,,,,,,,,,,,,,,,,,,,,,,,,,,,,,,,,,,,,,,,,,,,,,,,,,,,,,,,,,,,,,,,,,,,,,,,,,,,,,,,,,,,,,,,,,,,,,,,,,,,,,
2,60.0,,primary,1329,,,primary,,,,,,,,,,,,"[5742410689, 4447252166, 4053262308]",,,,,,,yes,,,,60,,,2,,,,,,,,,,,,,,,,,,,,,,,,,,,,,,,,,,,,,,,,,,,,,,,,,,,,,,,,,,,,,,,,,,,,,,,,,,,,,,,,,,,,,,,,,,,,,,,,,,,
2,60.0,Cầu Bình Lợi,primary,1330,,,primary,,,,,Cầu Bình Lợi,,,,,,,"[4053262311, 4053262293, 4053262291]",,,,,,,yes,,,,60,,,2,,,yes,,,,,,,,,,,,,,,,,,,,,,,,,,,,,,,,,,,,,,,,,,,,,,,,,,,,,,,,,,,,,,,,,,,,,,,,,,,,,,,,,,,,,,,,,,,,,,,,
3,40.0,Cầu Bình Lợi,secondary,1331,,,secondary,,,,,Cầu Bình Lợi,,,,,,,"[3641987813, 3641987824, 2493364046]",,,,,,,yes,,,,40,,,2,,,yes,,,,,,yes,,,,,,,,,,,,,,,,,,,,,,,,,,,,,,,,,,,,,,,,,,,,,,,,,,,,,,,,,,,,,,,,,,,,,,,,,,,,,,,,,,,,,,,,,,
3,40.0,,secondary,1332,,,secondary,,,,,,,,,,,,"[2493366340, 2493367344]",,,,,,,yes,,,,40,,,2,,,,,,,,,yes,,,,,,,,,,,,,,,,,,,,,,,,,,,,,,,,,,,,,,,,,,,,,,,,,,,,,,,,,,,,,,,,,,,,,,,,,,,,,,,,,,,,,,,,,,
2,60.0,Phạm Văn Đồng,primary,1333,,,primary,,,,,Phạm Văn Đồng,,,,,,,"[4053262343, 4053262393, 5740707056]",,,,,,,yes,,,,60,,,1,,,yes,,,,,,,,,,,,,,,,,,,,,,,,,,,,,,,,,,,,,,,,,,,,,,,,,,,,,,,,,,,,,,,,,,,,,,,,,,,,,,,,,,,,,,,,,,,,,,,,
2,60.0,Phạm Văn Đồng,primary,1334,,,primary,,,,,Phạm Văn Đồng,,,,,,,"[4447252167, 4053262325, 4053262318]",,,,,,,yes,,,,60,,,1,,,yes,,,,,,,,,,,,,,,,,,,,,,,,,,,,,,,,,,,,,,,,,,,,,,,,,,,,,,,,,,,,,,,,,,,,,,,,,,,,,,,,,,,,,,,,,,,,,,,,
4,,,tertiary,1335,,,tertiary,,,,,,,,,,,,"[4447270626, 4447270628, 4447270625]",,,,,,,yes,,,,,,,,,,,,,,,,,,,,,,,,,,,,,,,,,,,,,,,,,,,,,,,,,,,,,,,,,,,,,,,,,,,,,,,,,,,,,,,,,,,,,,,,,,,,,,,,,,,,,,,,,,
4,,,tertiary,1336,,,tertiary,,,,,,,,,,,,"[3349899982, 3349899981, 4447270631, 5767184396, 4447270632, 5767184391, 5767184400, 4447270630]",,,,,,,yes,,,,,,,,,,,,,,,,,,,,,,,,,,,,,,,,,,,,,,,,,,,,,,,,,,,,,,,,,,,,,,,,,,,,,,,,,,,,,,,,,,,,,,,,,,,,,,,,,,,,,,,,,,
4,,Lê Đức Thọ,tertiary,1337,,,tertiary,,,,,Lê Đức Thọ,,,,,,,"[3242683061, 5753212999, 3138810157, 5940794225, 366369613, 3138810155, 3138810154, 3138810153, 3138810151, 3138810150, 5940794234, 3138810149, 5940794236, 3182311230, 5753213009, 5940794240, 3138810135, 3138810025, 5795232900, 5716917499, 5716917501]",,,,,,,,,,,,,,,,,,,,,,,,,,,,,,,,,,,,,,,,,,,,,,,,,,,,,,,,,,,,,,,,,,,,,,,,,,,,,,,,,,,,,,,,,,,,,,,,,,,,,,,,,,,,,,,,,
2,,Nguyễn Oanh,primary,1338,,,primary,,,,,Nguyễn Oanh,,,,,,,"[4447328622, 4461950366, 2466118939, 5753038211, 5793456748, 2466118951, 2466118978, 3168057762, 4937808169, 5738555085, 2466118987, 4937808165, 3168057764, 3217665991, 2466118950, 2466118970]",,,,,,,yes,,,,,,,,,,,,,,,,,,,,,,,,,,,,,,,,,,,,,,,,,,,,,,,,,,,,,,,,,,,,,,,,,,,,,,,,,,,,,,,,,,,,,,,,,,,,,,,,,,,,,,,,,,
2,,Nguyễn Oanh,primary,1339,,,primary,,,,,Nguyễn Oanh,,,,,,,"[5151366694, 5750992604, 4447328634, 5750992617, 4447328633, 4447328635, 4447328646, 4447328647, 4447328648, 4447328636, 5751014827, 4447328637, 4447328638, 5394870317, 4447328639, 4447328644, 4447328640, 4447328643, 4447328642, 4447328641, 4461933943, 4447328651, 4447328653, 4447328654, 4447328652, 4447328659, 4933638687, 4672038999]",,,,,,,yes,,,,,,,,,,,,,,,,,,,,,,,,,,,,,,,,,,,,,,,,,,,,,,,,,,,,,,,,,,,,,,,,,,,,,,,,,,,,,,,,,,,,,,,,,,,,,,,,,,,,,,,,,,
4,,Phan Văn Trị,tertiary,1340,,,tertiary,,,,,Phan Văn Trị,,,,,,,"[5719318000, 5782012118, 4448584535, 4448584536, 5782012107, 2493364037]",,,,,,,yes,,,,,,,,,,,,,,,,,,,,,,,,,,,,,,,,,,,,,,,,,,,,,,,,,,,,,,,,,,,,,,,,,,,,,,,,,,,,,,,,,,,,,,,,,,,,,,,,,,,,,,,,,,
2,60.0,Phạm Văn Đồng,primary,1341,,,primary,,,,,Phạm Văn Đồng,,,,,,,"[4461835742, 4053262290]",Hồ Chí Minh,Bình Thạnh,,,,,yes,,,,60,,,1,,,yes,,,,,,,,,,,,,,,,,,,,,,,,,,,,,,,,,,,,,,,,,,,,,,,,,,,,,,,,,,,,,,,,,,,,,,,,,,,,,,,,,,,,,,,,,,,,,,,,
4,,,tertiary,1342,,,tertiary,,,,,,,,,,,,"[4501735856, 5778258702, 4447270626]",,,,,,,yes,,,,,,,,,,,,,,,,,,,,,,,,,,,,,,,,,,,,,,,,,,,,,,,,,,,,,,,,,,,,,,,,,,,,,,,,,,,,,,,,,,,,,,,,,,,,,,,,,,,,,,,,,,
4,,,tertiary,1343,,,tertiary,,,,,,,,,,,,"[4501735858, 5778615992, 5778252726, 4501735857]",,,,,,,yes,,,,,,,,,,,,,,,,,,,,,,,,,,,,,,,,,,,,,,,,,,,,,,,,,,,,,,,,,,,,,,,,,,,,,,,,,,,,,,,,,,,,,,,,,,,,,,,,,,,,,,,,,,
4,,Đường Song Hành Xa lộ Hà Nội,tertiary,1344,,,tertiary,,,,,Đường Song Hành Xa lộ Hà Nội,,,,,,,"[4501735859, 5778217295, 4501735861, 5300854753, 4501735860, 4505459984, 4501735858]",,,,,,,yes,,,,,,,,,,,,,,,,,,,,,,,,,,,,,,,,,,,,,,,,,,,,,,,,,,,,,,,,,,,,,,,,,,,,,,,,,,,,,,,,,,,,,,,,,,,,,,,,,,,,,,,,,,
4,,Đặng Nguyên Cẩn,tertiary,1345,,,tertiary,,,,,Đặng Nguyên Cẩn,,,,,,,"[5811620402, 5811620387, 5811834383, 5658156019, 4530357193, 366452673, 4530357194, 5811834382, 4530357195, 5800295289, 366412756, 5811834437, 4530357196, 4530357197, 5772562636, 366397324, 5772563012]",,,,,,,,,,,,,,,,,,,,,,,,,,,,,,,,,,,,,,,,,,,,,,,,,,,,,,,,,,,,,,,,,,,,,,,,,,,,,,,,,,,,,,,,,,,,,,,,,,,,,,,,,,,,,,,,,
3,30.0,Bà Hom,secondary,1346,,,secondary,,,,,Bà Hom,,,,,,,"[723909516, 3174533668, 366423166, 5813660653, 5813660663, 366412756, 366406841, 2350480204, 2350480210, 2350480242, 5811834439, 2350439968, 4976735412, 3174533669, 4538876536, 4929830707, 2350480227, 4950067434, 5811834434, 4992050561, 1488714232, 4950067220, 4929831336, 5681323792, 4950067187, 3174533670, 366464051, 5800295310, 5800295285]",,,Ba Hom,TL 10,,,yes,,,,30,,,,,,,,no,no,,,,,,,,,,,,,,,,,,,,,,,,,,,,,,,,,,,,,,,,,,,,,,,,,,,,,,,,,,,,,,,,,,,,,,,,,,,,,,,,,,,,,,,,,,,,,
4,,Trần Văn Giàu,tertiary,1347,,,tertiary,,,,,Trần Văn Giàu,,,,,,,"[366380404, 4983065199, 366478246, 4974882003, 5044256104, 5044256106, 366461346, 5805975134, 2446660356, 366389743, 4974881999, 5769510072, 4066783627, 366451444, 4974881986, 366463252, 2439978965, 366470490, 366445566, 2439978970, 366376697, 366445439, 366370433, 2439978972, 366372976, 2439978967, 366374611, 366399924, 2446661500, 366457406, 5803234329, 366368522]",,,,7,,,yes,Đường số 7,,,,,,,,,,,,,,,,,,,,,,,,,,,,,,,,,,,,,,,,,,,,,,,,,,,,,,,,,,,,,,,,,,,,,,,,,,,,,,,,,,,,,,,,,,,,,,,,,,,,,,,,,
1,50.0,Xa Lộ Hà Nội,trunk,1348,,,trunk,,,,,Xa Lộ Hà Nội,,,,,,,"[4567613042, 2028465751, 2028465880]",,,,QL.52,,,yes,,,,50,,no,,,,,,,,,,yes,,,,,,,,,,,,,,,,,,,,,,,,,,,,,,,,,,,,,,,,,,,,,,,,,,,,,,,,,,,,,,,,,,,,,,,,,,,,,,,,,,,,,,,,,,
4,,Đường số 18B,unclassified,1349,,,unclassified,,,,,Đường số 18B,,,,,,,"[4952170173, 5009736479, 5762649346, 4952170678, 4952170209, 5011011874, 4952170172, 5757816871, 5757816875, 5757816867, 5757816844, 4952170199, 4582296874, 5009735614, 5757816828, 5757832573, 5757816823, 5757816892, 5757816896, 4582296875, 5757816887, 5009735619, 5009736421, 5009735602, 4582296876, 5009736424, 5009735597, 5009735587, 4582296877, 5009736431, 5009736433, 5009736435, 5757762085, 5009736437, 5757762091, 4582296878, 5757762093, 5009736426, 4582296879, 4582296880, 4582296881, 5757816906]",,,,,,,,,,,,,,,,,,,,,,,,,,,,,,,,,,,,,,,,,,,,,,,,,,,,,,,,,,,,,,,,,,,,,,,,,,,,,,,,,,,,,,,,,,,,,,,,,,,,,,,,,,,,,,,,,
3,,Hải Thượng Lãn Ông,secondary,1350,,,secondary,,,,,Hải Thượng Lãn Ông,,,,,,,"[4614188854, 3160564529, 366398700, 1996654045, 366446800, 3160616370, 1996654194, 1996655285]",,,,,,,yes,,,,,,,,,,,,,,,3,,,,,,,,,,,,,,,,,,,,,,,,,,,,,,,,,,,,,,,,,,,,,,,,,,,,,,,,,,,,,,,,,,,,,,,,,,,,,,,,,,,,,,,,,,,
3,,Tháp Mười,secondary,1351,,,secondary,,,,,Tháp Mười,,,,,Tháp Mười,,"[366476907, 4618448969, 366422238, 366392641, 366469852, 366381977, 366456118, 5674570680, 4658499310, 3160564528]",,,Thap Muoi Street,,,,yes,,,塔梅路,,,,,,,,,,,,,,,,,,,,,,,,,,,,,,,,,,,,,,,,,,,,,,,,,,,,,,,,,,,,,,,,,,,,,,,,,,,,,,,,,,,,,,,,,,,,,,,,,,,,,,,
4,,,tertiary,1352,,,tertiary,,,,,,,,,,,,"[4202268830, 1996745606]",,,,,,,no,,asphalt,,,,,,,,,,,,,,,,,,,,,,,,,,,,,,,,,,,,,,,,,,,,,,,,,,,,,,,,,,,,,,,,,,,,,,,,,,,,,,,,,,,,,,,,,,,,,,,,,,,,,,,,
3,40.0,,primary_link,1353,,,primary_link,,,,,,,,,,,,"[2302073734, 4583512674]",,,,,,,yes,,,,40,,,,,,,,,,no,1,,,,,,,,,,,,,,,,,,,,,,,,,,,,,,,,,,,,,,,,,,,,,,,,,,,,,,,,,,,,,,,,,,,,,,,,,,,,,,,,,,,,,,,,,,,
4,,Lê Quang Sung,tertiary,1354,,,tertiary,,,,,Lê Quang Sung,,,,,,,"[366397332, 5802782529, 1996745589, 5800279211, 5800279210, 4618459388, 4585475255, 4618459385, 4618459386, 4618170028, 4618459387, 4618460289, 4585475256, 4202268579, 4618180350, 4618170027, 4618180349, 4618180351, 4585475254, 4618180353, 4585475257, 4585475253, 4618180352, 4618170026, 4618170025, 4585475251, 4585475252, 4618180354, 4202268583, 4618170020, 4618170024, 4618170023, 4618170021, 4618170022, 366385631, 4585475248, 4585475240, 4585475239, 4585475241, 4585475245, 4585475247, 4585475237, 4585475246, 4585475244, 4585475243, 4585475242, 5772562955, 4585475226, 4585475238, 4585475225, 4585475230, 4585475232, 4585475227, 4585475231, 4585475224, 4585475223, 4927867403, 4585475222, 6049157946, 4608889219, 4608889218, 4608889217, 5811859671, 4608889216, 4585475221, 4585475229, 4585475220, 4585475228, 4585475219, 4608889220, 366376708]",,,,,,,,,,,,,,,,,,,,,,,,,,,,,,,,,,,,,,,,,,,,,,,,,,,,,,,,,,,,,,,,,,,,,,,,,,,,,,,,,,,,,,,,,,,,,,,,,,,,,,,,,,,,,,,,,
4,,Tản Đà,tertiary,1355,,,tertiary,,,,,Tản Đà,,,,,Tản Đà,,"[4589132512, 1997154780, 4613947575, 366370846]",,,Tan Da,,,,,,,,,,,,,,,,,,,,,,,,,,,,,,,,,,,,,,,,,,,,,,,,,,,,,,,,,,,,,,,,,,,,,,,,,,,,,,,,,,,,,,,,,,,,,,,,,,,,,,,,,,,,,,
2,,3 Tháng 2,primary,1356,,,primary,,,,,3 Tháng 2,,,,,,,"[4632009842, 5552002855, 4595642992, 4595642998, 5802782534, 4594218799, 2434653584]",,,3 Thang 2,,,,yes,,,,,,,,,,,,,,,,,,,,,,,,,,,,,,,,,,,,,,,,,,,,,,,,,,,,,,,,,,,,,,,,,,,,,,,,,,,,,,,,,,,,,,,,,,,,,,,,,,,,,,,,,,
2,,3 Tháng 2,primary,1357,,,primary,,,,,3 Tháng 2,,,,,,,"[4631890834, 4632239801, 5788625777, 4632261550, 3160527871, 3339199226, 2434653582, 3339199221, 4929793662, 2434653585, 3160522901, 4986067945, 4979973933, 5802861313, 4927819041, 4929127552, 4927819022, 5802716344, 2434653576, 5778381647, 4530359172, 3160526928, 5802717054, 2434653577, 5802716332, 2434653583]",,Quan 11,3 Thang 2,,,,yes,,,,,,,,,,,,,,,,,,,,,,,,,,,,,,,,,,,,,,,,,,,,,,,,,,,,,,,,,,,,,,,,,,,,,,,,,,,,,,,,,,,,,,,,,,,,,,,,,,,,,,,,,,
4,,đường song hành cao tốc Long Thành Dầu Giây,unclassified,1358,,,unclassified,,,,,đường song hành cao tốc Long Thành Dầu Giây,,,,,,,"[5758075896, 4592039875]",,,,,,,,,,,,,,,,,,,,,,,,,,,,,,,,,,,,,,,,,,,,,,,,,,,,,,,,,,,,,,,,,,,,,,,,,,,,,,,,,,,,,,,,,,,,,,,,,,,,,,,,,,,,,,,,,
3,,,primary_link,1359,,,primary_link,,,,,,,,,,,,"[4595642999, 5802614750, 5802614739, 5802614744, 4595643013, 4595648045, 4595643025, 4595643012, 5813728916, 4595648046, 4595643000]",,,,,,,yes,,asphalt,,,,,,,,,,,,,,,,,,,,,,,,,,,,,,,,,,,,,,,,,,,,,,,,,,,,,,,,,,,,,,,,,,,,,,,,,,,,,,,,,,,,,,,,,,,,,,,,,,,,,,,,
2,,,primary,1360,,,primary,,,,,,,,,,,,"[4595642993, 2434662188]",,,,,,,yes,,,,,,,,,,,,,,,,,,,,,,,,,,,,,,,,,,,,,,,,,,,,,,,,,,,,,,,,,,,,,,,,,,,,,,,,,,,,,,,,,,,,,,,,,,,,,,,,,,,,,,,,,,
2,,Hồng Bàng,primary,1361,,,primary,,,,,Hồng Bàng,,,,,,,"[5778381638, 5813814396, 4202268830, 4988324879, 5813814389, 5813814386, 4616029220, 5813814423, 6022344375, 5552002898, 1996745529, 6022344378, 4595648042, 4595648041, 4202268839, 366454446, 5813728910, 6022344363, 4088944089, 5044255953, 4109515593, 5772562982, 723909590, 5813728938, 6110251001, 5813728954, 6110251010, 1488714221, 4933675391, 4595655891, 6110251022, 4595655890, 6110251035, 6110251033, 6110251036, 6025220637, 6025220645, 5813728958, 4202268870, 6110251045, 4983065186, 4608229087]",Ho Chi Minh,11,,,,,yes,,,,,,,,,,,,,,,,,,,,,,,,,,,,,,,,,,,,,,,,,,,,,,,,,,,,,,,,,,,,,,,,,,,,,,,,,,,,,,,,,,,,,,,,,,,,,,,,,,,,,,,,,,
4,,Lê Duẩn,tertiary,1362,,,tertiary,,,,,Lê Duẩn,,,,,,,"[4597281310, 4605144502, 4601963705]",,,,,,,yes,,,,,,,,,,,,,,,,,,,,,,,,,,,,,,,,,,,,,,,,,,,,,,,,,,,,,,,,,,,,,,,,,,,,,,,,,,,,,,,,,,,,,,,,,,,,,,,,,,,,,,,,,,
4,,Bưng Ông Thòan,unclassified,1363,,,unclassified,,,,,Bưng Ông Thòan,,,,,,,"[4598665267, 4598665266]",,,,,,,,,,,,,,1,,,yes,,,,,,,,,,,,,,,,,,,,,,,,,,,,,,,,,,,,,,,,,,,,,,,,,,,,,,,,,,,,,,,,,,,,,,,,,,,,,,,,,,,,,,,,,,,,,,,,
4,,Nguyễn Bỉnh Khiêm,tertiary,1364,,,tertiary,,,,,Nguyễn Bỉnh Khiêm,,,,,,,"[411925950, 4664512480, 4601580281, 5740324106]",,,,,,,,,,,,,,,,,,,,,,,,,,,,,,,,,,,,,,,,,,,,,,,,,,,,,,,,,,,,,,,,,,,,,,,,,,,,,,,,,,,,,,,,,,,,,,,,,,,,,,,,,,,,,,,,,
4,,,tertiary,1365,,,tertiary,,,,,,,,,,,,"[1773321401, 5462422211, 4602705518]",,,,,,,yes,,,,,,,,,,,,,,,,,,,,,,,,,,,,,,,,,,,,,,,,,,,,,,,,,,,,,,,,,,,,,,,,,,,,,,,,,,,,,,,,,,,,,,,,,,,,,,,,,,,,,,,,,,
4,,Công Xã Paris,tertiary,1366,,,tertiary,,,,,Công Xã Paris,,,,,,,"[411926201, 4602958136]",,,,,,,yes,Công trường Tổng thống John F. Kennedy,,,,,,,,,,,,,,,,,,,,,,,,,,,,,,,,,,,,,,,,,,,,,,,,,,,,,,,,,,,,,,,Công trường Tổng thống John F. Kennedy,,,,,,,President John F. Kennedy Square,,,,,,,,,,,,,,,,,,,,,,,,,,,,,,,,,,,
3,40.0,Hải Thượng Lãn Ông,secondary,1367,,,secondary,,,,,Hải Thượng Lãn Ông,,,,,,,"[1996655545, 5462393775, 4608979341, 366434468, 4608981230, 1996654131, 4608981227, 4608979336, 4608981228, 366412646, 4608981229, 1996655330, 1996655065, 1996654515, 366447019, 4609551766, 1996654114, 366399303, 1996745772, 1996654237, 366390159, 1996655096, 4609022571, 5814325565, 4609529066]",,,,,,,yes,,asphalt,,40,yes,yes,,,,,,,,no,,,,,,,,,,,,,,,,,,,,,,,,,,,,yes,,,,,,,,,,,,,,,,,,,,,,,,,,,,,,,,,,,,,,,,,,,,,,,,,,,,,,,,,,,,,,,,
3,40.0,Hải Thượng Lãn Ông,secondary,1368,,,secondary,,,,,Hải Thượng Lãn Ông,,,,,,,"[4609022572, 1996653942, 1996655850, 1996654128, 1996655288, 1996655551, 4589132515, 1996654109, 4608979339, 1996655738, 4609551765, 1996654617, 1996655779, 1996654859, 4608979337, 1996655291, 1996655000, 4608981231, 4608979338, 1996655296, 1996745613, 5674570711, 5462393780, 1996654802]",,,,,,,yes,,asphalt,,40,yes,yes,,,,,,,,no,3,,,,,,,,,,,,,,,,,,,,,,,,,,,yes,,,,,,,,,,,,,,,,,,,,,,,,,,,,,,,,,,,,,,,,,,,,,,,,,,,,,,,,,,,,,,,,
3,,,secondary_link,1369,,,secondary_link,,,,,,,,,,,,"[4609529066, 4609022572]",,,,,,,yes,,,,,yes,yes,,,,,,,,no,,,,,,,,,,,,,,,,,,,,,,,,,,,,yes,,,,,,,,,,,,,,,,,,,,,,,,,,,,,,,,,,,,,,,,,,,,,,,,,,,,,,,,,,,,,,,,
3,40.0,Vạn Kiếp,secondary,1370,,,secondary,,,,,Vạn Kiếp,,,,,,,"[366434468, 4609087192, 366450760]",,,,,,,yes,,asphalt,,40,,,,,,,,,,,,,,,,,,,,,,,,,,,,,,,,,,,,,,,,,,,,,,,,,,,,,,,,,,,,,,,,,,,,,,,,,,,,,,,,,,,,,,,,,,,,,,,,,,,,,,
2,,Nguyễn Thị Nghĩa,primary,1371,,,primary,,,,,Nguyễn Thị Nghĩa,,,,,,,"[4609314795, 4609314797, 4609314796]",,,Nguyen Thi Nghia Street,,,,yes,,,阮氏义街,,,,,,,,,,,,,,,,,,,,,,,,,,,,,,,,,,,,,,,,,,,,,,,,,,,,,,,,,,,,,,,,,,,,,,,,,,,,,,,,,,,,,,,,,,,,,,,,,,,,,,,
2,50.0,Võ Văn Kiệt,primary,1372,,,primary,,,,,Võ Văn Kiệt,,,,,,,"[2358137400, 2358137428, 2358137411, 2358137415, 2358137386, 2358137406, 2358137424, 2358137402, 2358137383, 2358137410, 2358137414, 2358137416, 5813867127, 2358137394, 2358137395, 2358137413, 2358142172, 2358137375, 2359660071, 2358137398, 2358137388, 2358137399, 2358137401, 2358137404, 5813835564, 2358142171, 2358142173, 5813835562, 2358137426, 2358137377, 2358137384, 2358137371, 2358137373, 2358137381, 2358137391, 5462422206, 2358137385, 5813779756, 2358137412, 2359646390, 2358137372, 2358137389, 2358137418, 2358137422, 2358137420, 2358141240, 2358137376, 3338019281, 2358137407, 2358137374, 2358140873, 2358137408, 2358137378, 2358137397, 2358137425, 2358137370, 2358137396, 2358137421, 2358137403, 2358137427, 2358137419, 2358137379, 2358137382, 5781158294, 2358137417, 4594765211, 2358140553, 2358137423, 5781158297]",,,,,,,yes,,asphalt,,50,no,yes,,,,,no,,,no,1,,,,,,,,,,designated,,,,,,,,,,,,,,,,,,,,,,,,,,,,,,,,,,,,,,,,,,,,,,,,,,,,,,,,,,,,,,,,,,,,,,,,,,,,,,,,,
2,,Nguyễn Tri Phương,primary,1373,,,primary,,,,,Nguyễn Tri Phương,,,,,,,"[1996654153, 1996655091, 366411464, 5817380553, 5817378552, 5817378551]",,,,,,,yes,,,,,no,no,,,,,,,,no,,,,,,,,,,,,,,,,,,,,,,,,,,,,,,,,,,,,,,,,,,,,,,,,,,,,,,,,,,,,,,,,,,,,,,,,,,,,,,,,,,,,,,,,,,,,
2,,3 Tháng 2,primary,1374,,,primary,,,,,3 Tháng 2,,,,,,,"[4595643021, 4632018752, 6022344357, 4595642990, 4632009842]",,,3 Thang 2,,,,yes,,,,,,,,,,,,,,,,,,,,,,,,,,,,,,,,,,,,,,,,,,,,,,,,,,,,,,,,,,,,,,,,,,,,,,,,,,,,,,,,,,,,,,,,,,,,,,,,,,,,,,,,,,
3,,,secondary,1375,,,secondary,,,,,,,,,,,,"[4609544943, 4609356049]",,,,,,,yes,,,,,yes,yes,1,,,yes,,,,no,,,,,,,,,,,,,,,,,,,,,,,,,,,,yes,,,,,,,,,,,,,,,,,,,,,,,,,,,,,,,,,,,,,,,,,,,,,,,,,,,,,,,,,,,,,,,,
3,30.0,Trần Hưng Ðạo,secondary,1376,,,secondary,,,,,Trần Hưng Ðạo,,,,,,,"[4609877991, 5320970075, 4649999511, 4649967850, 4609802775, 4649953992, 4650010744, 5762780550, 5780886570, 5780886571, 5780886568, 5780886569, 5773191261, 5780886567, 4650003015, 5781023254, 4603729666, 4594506059, 411918668, 2032267468, 4603846870, 5811285127, 5795068449, 4613083209, 5806268214, 2032267494, 2032267197, 2032267140, 5806004712]",,,,,,,yes,,,,30,,,,,,,,,,,,,,,,,,,,,,,,,,,,,,,,,,,,,,,,,,,,,,,,,,,,,,,,,,,,,,,,,,,,,,,,,,,,,,,,,,,,,,,,,,,,,,,,,,,,,,
3,30.0,Trần Hưng Ðạo,secondary,1377,,,secondary,,,,,Trần Hưng Ðạo,,,,,,,"[5806004711, 4603798461, 4696682347, 4603817780, 4603817787, 4603826290, 4603826291, 4603826296, 5811285123, 4603835832, 4603846874, 4603846872, 5795188289, 4603846867, 5795068424, 5795068427, 5795188299, 4761168721, 4607050266, 5795188291, 4603720647, 5780886557, 5780886564, 2032267383]",,,,,,,yes,,asphalt,,30,,,,,,,,,,,,,,,,,,,,,,,,,,,,,,,,,,,,,,,,,,,,,,,,,,,,,,,,,,,,,,,,,,,,,,,,,,,,,,,,,,,,,,,,,,,,,,,,,,,,,,
3,,,secondary,1378,,,secondary,,,,,,,,,,,,"[4609877991, 4609917916]",,,,,,,,,,,,,,,,,,,,,,,,,,,,,,,,,,,,,,,,,,,,,,,,,,,,,,,,,,,,,,,,,,,,,,,,,,,,,,,,,,,,,,,,,,,,,,,,,,,,,,,,,,,,,,,,,
4,,Nguyễn Cư Trinh,tertiary,1379,,,tertiary,,,,,Nguyễn Cư Trinh,,,,,,,"[4609969792, 5780842940, 5780842943, 4603731414, 411921169, 411918465, 5795068451, 4609473130, 4609522255, 411926194]",,,,,,,no,,asphalt,,,,,,,,,,,,,,,,,,,,,,,,,,,,,,,,,,,,,,,,,,,,,,,,,,,,,,,,,,,,,,,,,,,,,,,,,,,,,,,,,,,,,,,,,,,,,,,,,,,,,,,,
4,,Phạm Hồng Thái,tertiary,1380,,,tertiary,,,,,Phạm Hồng Thái,,,,,,,"[4666207256, 5444117924, 5444117925, 4605017322]",,,Pham Hong Thai Street,,,,yes,,,范鸿泰街,,,,,,,,,,,,,,,,,,,,,,,,,,,,,,,,,,,,,,,,,,,,,,,,,,,,,,,,,,,,,,,,,,,,,,,,,,,,,,,,,,,,,,,,,,,,,,,,,,,,,,,
2,,,primary,1381,,,primary,,,,roundabout,,,,,,,,"[4610625915, 4610625916, 4610625917, 4610625918, 4610625919, 4610625920, 4610621999, 4610622001, 4610625909, 4666207251, 4610625910, 4610625911, 4666207253, 4610625912, 5444117922, 5763168821, 4610625914, 4610622002, 5500064107, 4610622003, 5763168822, 4610622004, 4610622005, 5500064108, 4610649700, 4610625915]",,,,,,,yes,,,,,,,,,,,,,,,,,,,,,,,,,,,,,,,,,,,,,,,,,,,,,,,,,,,,,,,,,,,,,,,,,,,,,,,,,,,,,,,,,,,,,,,,,,,,,,,,,,,,,,,,,,
3,,,secondary,1382,,,secondary,,,,,,,,,,,,"[2616958835, 4666207251]",,,,,,,yes,,,,,,,,,,,,,,,,,,,,,,,,,,,,,,,,,,,,,,,,,,,,,,,,,,,,,,,,,,,,,,,,,,,,,,,,,,,,,,,,,,,,,,,,,,,,,,,,,,,,,,,,,,
1,60.0,Võ Văn Kiệt,trunk,1383,,,trunk,,,,,Võ Văn Kiệt,,,,,,,"[4611587120, 2358165988, 4611587119, 678487853, 4611772184, 4583437513, 4611772889, 4613915240, 4583485485, 4611587105, 4611587104, 4611587106, 4611587110, 4611587107, 4611587116, 4611587111, 4609356024, 678487869, 4609253544, 678487886, 4609253542, 4609253538, 4609253537, 4609356057, 4609356056, 3181284830, 678487892, 925138129, 4609356053, 5814325568, 4621552215, 4621548458, 5814325566, 5816921535, 925138136, 3181284828, 678487903, 925138132, 4609356055, 2359660075, 4609356054, 678487909, 4609544939, 4609356038, 4609544940, 925113586, 4609356039, 706286217, 1996745826, 5817380553, 4609356099, 3181284826, 1996654523, 4609356035, 1996654393, 706286083, 4609356036, 706286033, 4609356071, 4609356033, 4609356032, 2327217355, 925113579, 925113594, 1996653972, 4611905374, 4611905371, 925113582, 706286126, 4671747214, 925113577, 4671747215, 706286129, 706286085, 706286194, 706286166, 706286001, 706286232, 706286107, 925138128, 706286065, 3181284824, 706286066, 706286016, 706286149, 4609356081, 706286111, 4609356080, 925138135, 1996745413, 2359660072, 3181281960, 706286219, 706286185, 1996745110, 2327219050, 706286035, 1996745738, 706286245, 1996745414, 706286247, 706286222, 5813835565, 1996745531, 706286089, 5813835563, 1996745859, 3181281958, 706286046, 1996745479, 706286170, 706286134, 5462422207, 706286238, 1996654906, 706286200, 1996655718, 1996745854, 706286206, 3761180034, 1996655278, 4419663830, 1996745861, 1767760204, 3338019284, 3181281956, 706286024, 706286242, 2358140872, 1996745348, 706286116, 706286072, 706286189, 1996745689, 3181281953, 706286156, 2358140554, 706286160, 706286120, 706286225, 3181281952, 1998504366, 706286229, 5781158295, 706286105, 5781158297, 1996655496]",,,,,,,yes,,asphalt,,60,no,no,,,,,designated,,,no,2,,,,,,,,,,no,,,,,,,,,,,,,,,,,,,,,,,,,,,,,,,,,,,,,,,,,,,,,,,,,,,,,,,,,,,,,,,,,,,,,,,,,,,,,,,,,
4,,Phạm Phú Thứ,tertiary,1384,,,tertiary,,,,,Phạm Phú Thứ,,,,,,,"[4611772186, 4202267059, 5001800522, 5764926146, 5001800317, 366377295, 5001800316, 5764989562, 4195285724, 4195285740, 2327210232]",Ho Chi Minh,6,Pham Phu Thu,,,,no,,,,,,,,,,,,,,,,,,,,,,,,,,,,,,,,,,,,,,,,,,,,,,,,,,,,,,,,,,,,,,,,,,,,,,,,,,,,,,,,,,,,,,,,,,,,,,,,,,,,,,,,,,
4,,,tertiary,1385,,,tertiary,,,,roundabout,,,,,,,,"[4614008662, 4614008663, 4614008664, 4666242306, 4666242309, 4666242310, 4614008665, 4614008666, 4614008667, 4614008669, 4614007681, 4614007682, 4603755778, 4614008656, 4614008657, 4614008658, 4666242302, 4666242303, 4666242300, 4614008660, 4614008661, 4666242301, 4614007684, 4614008662]",,,,,,,yes,,,,,,,,,,,,,,,,,,,,,,,,,,,,,,,,,,,,,,,,,,,,,,,,,,,,,,,,,,,,,,,,,,,,,,,,,,,,,,,,,,,,,,,,,,,,,,,,,,,,,,,,,,
3,,,secondary,1386,,,secondary,,,,,,,,,,,,"[5890133164, 5813896034, 5890133160]",,,,,,,yes,,,,,,,,,,,,,,,,,,,,,,,,,,,,,,,,,,,,,,,,,,,,,,,,,,,,,,,,,,,,,,,,,,,,,,,,,,,,,,,,,,,,,,,,,,,,,,,,,,,,,,,,,,
3,40.0,Châu Văn Liêm,secondary,1387,,,secondary,,,,,Châu Văn Liêm,,,,,,,"[4614188864, 5816921542, 4614188865]",,,,,,,yes,,asphalt,,40,yes,yes,,,,,,,,no,2,,,,,,,,,,,,,,,,,,,,,,,,,,,designated,,,,,,,,,,,,,,,,,,,,,,,,,,,,,,,,,,,,,,,,,,,,,,,,,,,,,,,,,,,,,,,,
3,,,secondary,1388,,,secondary,,,,,,,,,,,,"[4614188870, 4614188871, 4614188863, 4614188864, 4614188862]",,,,,,,no,,,,,,,,,,,,,,,,,,,,,,,,,,,,,,,,,,,,,,,,,,,,,,,,,,,,,,,,,,,,,,,,,,,,,,,,,,,,,,,,,,,,,,,,,,,,,,,,,,,,,,,,,,
3,40.0,Châu Văn Liêm,secondary,1389,,,secondary,,,,,Châu Văn Liêm,,,,,,,"[4614188870, 4614188869, 366419904, 4614188855, 5890133161]",,,Chau Van Liem Street,,,,yes,,,周文　政,40,yes,yes,,,,,no,,,no,,,,,,,,,,,designated,,,,,,,,,,,,,,,,,,,,,,,,,,,,,,,,,,,,,,,,,,,,,,,,,,,,,,,,,,,,,,,,,,,,,,,,,,,,,,,,,
3,40.0,Châu Văn Liêm,secondary,1390,,,secondary,,,,,Châu Văn Liêm,,,,,,,"[4614188863, 5813896033, 5813896032, 5890133159]",,,Chau Van Liem Street,,,,no,,asphalt,,40,no,no,,,,,designated,,,no,2,,,,,,,,,,no,,,,,,,,,,,,,,,,,,,,,,,,,,,,,,,,,,,,,,,,,,,,,,,,,,,,,,,,,,,,,,,,,,,,,,,,,,,,,,,,,
4,,,tertiary,1391,,,tertiary,,,,,,,,,,,,"[4617708124, 5813896033, 4614188869]",,,,,,,yes,,,,,,,,,,,,,,,,,,,,,,,,,,,,,,,,,,,,,,,,,,,,,,,,,,,,,,,,,,,,,,,,,,,,,,,,,,,,,,,,,,,,,,,,,,,,,,,,,,,,,,,,,,
4,,,tertiary,1392,,,tertiary,,,,,,,,,,,,"[5778381638, 5778381629, 366368264]",,,,,,,,,asphalt,,,,,,,,,,,,,,,,,,,,,,,,,,,,,,,,,,,,,,,,,,,,,,,,,,,,,,,,,,,,,,,,,,,,,,,,,,,,,,,,,,,,,,,,,,,,,,,,,,,,,,,,
4,,,tertiary,1393,,,tertiary,,,,,,,,,,,,"[4616029240, 4191281738, 4613947565]",,,,,,,,,,,,,,,,,,,,,,,,,,,,,,,,,,,,,,,,,,,,,,,,,,,,,,,,,,,,,,,,,,,,,,,,,,,,,,,,,,,,,,,,,,,,,,,,,,,,,,,,,,,,,,,,,
4,,Ngô Quyền,tertiary,1394,,,tertiary,,,,,Ngô Quyền,,,,,,,"[5802993761, 5802993728, 5802993727, 5816931420, 5816931384, 5816931419, 5816931143, 5816931144]",,,Ngo Quyen,,,,,,,,,,,,,,,,,,,,,,,,,,,,,,,,,,,,,,,,,,,,,,,,,,,,,,,,,,,,,,,,,,,,,,,,,,,,,,,,,,,,,,,,,,,,,,,,,,,,,,,,,,,,,,
4,,,tertiary,1395,,,tertiary,,,,,,,,,,,,"[5802993761, 5780574588, 4616051263, 5817284442, 5780574590]",,,,,,,yes,,,,,,,,,,,,,,,,,,,,,,,,,,,,,,,,,,,,,,,,,,,,,,,,,,,,,,,,,,,,,,,,,,,,,,,,,,,,,,,,,,,,,,,,,,,,,,,,,,,,,,,,,,
4,,,tertiary,1396,,,tertiary,,,,,,,,,,,,"[5780574590, 5780574589, 4616029241, 5802993761]",,,,,,,yes,,,,,,,,,,,,,,,,,,,,,,,,,,,,,,,,,,,,,,,,,,,,,,,,,,,,,,,,,,,,,,,,,,,,,,,,,,,,,,,,,,,,,,,,,,,,,,,,,,,,,,,,,,
2,,,primary,1397,,,primary,,,,,,,,,,,,"[4616029241, 5780574588]",,,,,,,yes,,,,,,,,,,,,,,,,,,,,,,,,,,,,,,,,,,,,,,,,,,,,,,,,,,,,,,,,,,,,,,,,,,,,,,,,,,,,,,,,,,,,,,,,,,,,,,,,,,,,,,,,,,
2,,,primary,1398,,,primary,,,,,,,,,,,,"[4616051263, 5780574589]",,,,,,,yes,,,,,,,,,,,,,,,,,,,,,,,,,,,,,,,,,,,,,,,,,,,,,,,,,,,,,,,,,,,,,,,,,,,,,,,,,,,,,,,,,,,,,,,,,,,,,,,,,,,,,,,,,,
4,40.0,Ngô Gia Tự,tertiary,1399,,,tertiary,,,,,Ngô Gia Tự,,,,,,,"[5817284442, 5802993763, 4616051257, 4616051266, 4616051258]",,,,,,,no,,asphalt,,40,no,no,,,,,designated,,,no,2,,,,,,,,,,no,,,,,,,,,,,,,,,,,,,,,,,,,,,,,,,,,,,,,,,,,,,,,,,,,,,,,,,,,,,,,,,,,,,,,,,,,,,,,,,,,
4,,Ngô Gia Tự,tertiary,1400,,,tertiary,,,,,Ngô Gia Tự,,,,,,,"[4621933724, 4616051260, 5803395566, 5803394824, 4616051259, 5802993763]",,,,,,,yes,,asphalt,,,yes,yes,,,,,no,,,no,1,,,,,,,,,,designated,,,,,,,,,,,,,,,,,,,,,,,,,,,,,,,,,,,,,,,,,,,,,,,,,,,,,,,,,,,,,,,,,,,,,,,,,,,,,,,,,
4,,Nguyễn Trãi,tertiary,1401,,,tertiary,,,,,Nguyễn Trãi,,,,,Nguyễn Trãi,,"[5813814365, 1996745296, 1996745496, 366429233, 366440116, 3160543549, 2309763576]",,,Nguyen Trai,,,,yes,,,,,,,,,,,,,,,,,,,,,,,,,,,,,,,,,,,,,,,,,,,,,,,,,,,,,,,,,,,,,,,,,,,,,,,,,,,,,,,,,,,,,,,,,,,,,,,,,,,,,,,,,,
4,,Nguyễn Trãi,tertiary,1402,,,tertiary,,,,,Nguyễn Trãi,,,,,,,"[2309763576, 5674570729, 5674570728, 366454699, 366416214, 5813858115, 4617708124]",,,Nguyen Trai,,,,yes,,,,,,,,,,,,,,,,,,,,,,,,,,,,,,,,,,,,,,,,,,,,,,,,,,,,,,,,,,,,,,,,,,,,,,,,,,,,,,,,,,,,,,,,,,,,,,,,,,,,,,,,,,
2,50.0,Võ Văn Kiệt,primary,1403,,,primary,,,,,Võ Văn Kiệt,,,,,,,"[2358165983, 2358166005, 4611587100]",,,,,,,yes,,asphalt,,50,yes,yes,,,,,,,,no,1,,,,,,,,,,yes,,,,,,,,,,,,,,,,,,,,,,,,,,,,,,,,,,,,,,,,,,,,,,,,,,,,,,,,,,,,,,,,,,,,,,,,,,,,,,,,,
4,,Phổ Quang,tertiary,1404,,,tertiary,,,,,Phổ Quang,,,,,,,"[698217149, 4619358329, 4619358328, 4619358327, 366438848, 5725018642, 4619358333, 3167034798, 5755535166, 2214339206, 366471524, 5725018622, 5725018623, 2077773968, 5755535165, 5721685981, 5727024003, 5727024002, 5727024001, 366427287, 1404352952, 5721685979, 366383913, 3167034799, 1404352955, 5755535164, 2214355194, 366405748, 5727024000, 366404398, 2214355209, 5755430610, 5755430608, 5755535134, 712140218, 366454574, 1394527853, 368335509, 5873236320, 1394527852, 366451973, 3167034800, 701716345, 701716346, 2363989610, 4936461883, 701716347, 5820097393, 4936464069, 366463600, 366409374]",Ho Chi Minh,Tan Binh;Phu Nhuan,Pho Quang,,,,no,,,,,,,,,,,,,,,,,,,,,,,,,,,,,,,,,,,,,,,,,,,,,,,,,,,,,,,,,,,,,,,,,,,,,,,,,,,,,,,,,,,,,,,,,,,,,,,,,,,,,,,,,,
3,,,secondary,1405,,,secondary,,,,,,,,,,,,"[4626959290, 5816921532, 5814325566]",,,,,,,yes,,,,,no,yes,,,,,no,,,no,,,,,,,,,,,designated,,,,,,,,,,,,,,,,,yes,,,,,,,,,,,,,,,,,,,,,,,,,,,,,,,,,,,,,,,,,,,,,,,,,,,,,,,,,,,,,,,,
2,,An Dương Vương,primary,1406,,,primary,,,,,An Dương Vương,,,,,An Dương Vương,,"[4621858728, 4631403302, 4621858729, 5805665984, 4640056766, 3151254798, 2300363368]",,Quan 5,An Duong Vuong Street,,,,yes,,,安阳王街,,,,,,,,,,,,,,,,,,,,,,,,,,,,,,,,,,,,,,,,,,,,,,,,,,,,,,,,,,,,,,,,,,,,,,,,,,,,,,,,,,,,,,,,,,,,,,,,,,,,,,,
2,,Nguyễn Cơ Thạch,primary,1407,,,primary,,,,,Nguyễn Cơ Thạch,,,,,,,"[4673278136, 4622811301, 4669863061, 4622811302, 4622811303, 4907667977, 4622811304, 4669863060, 4907667976, 4622811305, 4622811306, 4622811307, 2275303159]",,,,,,,,,,,,,,,,,,,,,,8,,,,,,,,,,,,,,,,,,,,,,,,,,,,,,,,,,,,,,,,,,,,,,,,,,,,,,,,,,,,,,,,,,,,,,,,,,,,,,,,,,,,,,,,,,,
4,,Trần Bình Trọng,tertiary,1408,,,tertiary,,,,,Trần Bình Trọng,,,,,,,"[5780641549, 5598914636, 366418906, 4623159860, 5794913295, 4623159863, 5794913327, 5794928488, 1793489523, 5805831189, 5805831170, 4623110647]",,,,,,,,,,,,,,,,,,,,,,,,,,,,,,,,,,,,,,,,,,,,,,,,,,,,,,,,,,,,,,,,,,,,,,,,,,,,,,,,,,,,,,,,,,,,,,,,,,,,,,,,,,,,,,,,,
4,,Trần Bình Trọng,tertiary,1409,,,tertiary,,,,,Trần Bình Trọng,,,,,,,"[4623110645, 4623113263, 4623113264, 4315295141, 4315295125, 4623110649, 4623110646, 5805962764, 4623113265, 5805962762, 4631762591]",,,Tran Binh Trong,,,,,,,,,,,,,,,,,,,,,,,,,,,,,,,,,,,,,,,,,,,,,,,,,,,,,,,,,,,,,,,,,,,,,,,,,,,,,,,,,,,,,,,,,,,,,,,,,,,,,,,,,,,,,,
4,,Trần Bình Trọng,tertiary,1410,,,tertiary,,,,,Trần Bình Trọng,,,,,,,"[4623110647, 5794854808, 5805962767, 4623110645]",,,Tran Binh Trong,,,,,,,,,,,,,,,,,,,,,,,,,,,,,,,,,,,,,,,,,,,,,,,,,,,,,,,,,,,,,,,,,,,,,,,,,,,,,,,,,,,,,,,,,,,,,,,,,,,,,,,,,,,,,,
4,,Lê Lợi,tertiary,1411,,,tertiary,,,,,Lê Lợi,,,,,,,"[4600756852, 4649997168, 4634456202, 4610019123]",,,Le Loi Street,,,,yes,Rue Bonard,,黎利街,,,no,,,,,,,,,,,,,,,,,,,,,,,,,,,,,,,,,,,,,,,,,,,,,,,,,,,,,,,,,,,Rue Bonard,,,,,,,,,,,,,,,,,,,,,,,,,,,,,,,,,,,,,,,,,
1,60.0,Võ Chí Công,trunk,1412,,,trunk,,,,,Võ Chí Công,,,,,,,"[4625335671, 714480492, 714480447, 714480591, 1833100878]",,,,,,,yes,,,,60,,,,,,,,,,,,,,,,,,,,,,,,,,,,,,,,,,,,,,,,,,,,,,,,,,,,,,,,,,,,,,,,,,,,,,,,,,,,,,,,,,,,,,,,,,,,,,,,,,,,,,
2,60.0,Võ Chí Công,primary,1413,,,primary,,,,,Võ Chí Công,,,,,,,"[4625335672, 2274992956, 4625335671]",,,,,,,yes,,,,60,,,,,,,,,,,,,,,,,,,,,,,,,,,,,,,,,,,,,,,,,,,,,,,,,,,,,,,,,,,,,,,,,,,,,,,,,,,,,,,building_passage,,,,,,,,,,,,,,,,,,,,,,,
4,,,tertiary,1414,,,tertiary,,,,,,,,,,,,"[4629359725, 5778688814, 4627953644]",,,,,,,,,,,,,,,,,,,,,,,,,,,,,,,,,,,,,,,,,,,,,,,,,,,,,,,,,,,,,,,,,,,,,,,,,,,,,,,,,,,,,,,,,,,,,,,,,,,,,,,,,,,,,,,,,
2,,Lý Thường Kiệt,primary,1415,,,primary,,,,,Lý Thường Kiệt,,,,,,,"[2302073734, 5803147463, 5803147462, 5803147461]",,,Ly Thuong Kiet,,,,yes,,,,,,,,,,,,,,,,,,,,,,,,,,,,,,,,,,,,,,,,,,,,,,,,,,,,,,,,,,,,,,,,,,,,,,,,,,,,,,,,,,,,,,,,,,,,,,,,,,,,,,,,,,
3,,,primary_link,1416,,,primary_link,,,,,,,,,,,,"[4628241280, 4628241281]",,,,,,,,,,,,,,,,,,,,,,,,,,,,,,,,,,,,,,,,,,,,,,,,,,,,,,,,,,,,,,,,,,,,,,,,,,,,,,,,,,,,,,,,,,,,,,,,,,,,,,,,,,,,,,,,,
4,,Trần Phú,tertiary,1417,,,tertiary,,,,,Trần Phú,,,,,Trần Phú,,"[366466608, 5805665987, 5805665969, 5805665976, 4629021464]",,,Tran Phu Street,,,,,,,陈富街,,,,,,,,,,,,,,,,,,,,,,,,,,,,,,,,,,,,,,,,,,,,,,,,,,,,,,,,,,,,,,,,,,,,,,,,,,,,,,,,,,,,,,,,,,,,,,,,,,,,,,,
4,,Sư Van Hạnh,tertiary,1418,,,tertiary,,,,,Sư Van Hạnh,,,,,Sư Van Hạnh,,"[366450098, 5057828465, 3160542986, 5057828559, 5057828470, 5057828536, 5057828481, 5057828543, 366372448, 5057828560, 5057828582, 5057828587, 366412106]",Su Van Hanh,10,Su Van Hanh,,,,,,,,,,,,,,,,,,,,,,,,,,,,,,,,,,,,,,,,,,,,,,,,,,,,,,,,,,,,,,,,,,,,,,,,,,,,,,,,,,,,,,,,,,,,,,,,,,,,,,,,,,,,,,
3,,Ngô Gia Tự,secondary,1419,,,secondary,,,,,Ngô Gia Tự,,,,,,,"[366450098, 5057828557, 5057828549, 5045756505, 5057828532, 5045756509, 5057828518, 366390755, 5045756726, 366403042, 411919626]",,,Ngo Gia Tu,,,,,,,,,,,,,,,,,,,,,,,,,,,,,,,,,,,,,,,,,,,,,,,,,,,,,,,,,,,,,,,,,,,,,,,,,,,,,,,,,,,,,,,,,,,,,,,,,,,,,,,,,,,,,,
4,,Sư Van Hạnh,tertiary,1420,,,tertiary,,,,,Sư Van Hạnh,,,,,,,"[4628932720, 5805637480, 3160542988, 5805637486, 5805637489, 5805637493, 5805637503, 5794883996, 366454289, 5788927097, 5794771169]",Hồ Chí Minh,5,Su Van Hanh,,,,,,,,,,,,,,,,,,,,,,,,,,,,,,,,,,,,,,,,,,,,,,,,,,,,,,,,,,,,,,,,,,,,,,,,,,,,,,,,,,,,,,,,,,,,,,,,,,,,,,,,,,,,,,
4,,Sư Van Hạnh,tertiary,1421,,,tertiary,,,,,Sư Van Hạnh,,,,,,,"[5794771169, 5794771153, 5794771170, 5794771171, 5794771172, 5794771173, 5794771174, 5794771175, 5794771176, 5794771177, 5045657150, 366450098]",,,Su Van Hanh,,,,,,,,,,,,,,,,,,,,,,,,,,,,,,,,,,,,,,,,,,,,,,,,,,,,,,,,,,,,,,,,,,,,,,,,,,,,,,,,,,,,,,,,,,,,,,,,,,,,,,,,,,,,,,
4,,,tertiary,1422,,,tertiary,,,,,,,,,,,,"[2433276952, 4629145035]",,,,,,,,,,,,,,,,,,,,,,,,,,,,,,,,,,,,,,,,,,,,,,,,,,,,,,,,,,,,,,,,,,,,,,,,,,,,,,,,,,,,,,,,,,,,,,,,,,,,,,,,,,,,,,,,,
4,,Sư Van Hạnh,tertiary,1423,,,tertiary,,,,,Sư Van Hạnh,,,,,Sư Van Hạnh,,"[2498090051, 5758077802, 5058499920, 5058499915, 5058499891, 5598917851, 5058499906, 5058499903, 5058499913, 5058499910]",,,Su Van Hanh,,,,,,,,,,,,,,,,,,,,,,,,,,,,,,,,,,,,,,,,,,,,,,,,,,,,,,,,,,,,,,,,,,,,,,,,,,,,,,,,,,,,,,,,,,,,,,,,,,,,,,,,,,,,,,
4,,,tertiary,1424,,,tertiary,,,,,,,,,,,,"[366412106, 2498090051]",Su Van Hanh,10,,,,,,,,,,,,,,,,,,,,,,,,,,,,,,,,,,,,,,,,,,,,,,,,,,,,,,,,,,,,,,,,,,,,,,,,,,,,,,,,,,,,,,,,,,,,,,,,,,,,,,,,,,,,,,,
2,,3 Tháng 2,primary,1425,,,primary,,,,,3 Tháng 2,,,,,3 Tháng 2,,"[4629359730, 2841256338, 4629703848]",,,3 Thang 2,,,,yes,,,,,no,yes,,,,,,,,no,,,,,,,,,,,,,,,,,,,,,,,,,,,,designated,,,,,,,,,,,,,,,,,,,,,,,,,,,,,,,,,,,,,,,,,,,,,,,,,,,,,,,,,,,,,,,,
2,,3 Tháng 2,primary,1426,,,primary,,,,,3 Tháng 2,,,,,,,"[4629381644, 4629359717]",,,,,,,yes,,,,,no,yes,,,,,,,,no,,,,,,,,,,,,,,,,,,,,,,,,,,,,designated,,,,,,,,,,,,,,,,,,,,,,,,,,,,,,,,,,,,,,,,,,,,,,,,,,,,,,,,,,,,,,,,
2,,3 Tháng 2,primary,1427,,,primary,,,,,3 Tháng 2,,,,,,,"[4629703848, 2934006866, 5057828781, 5057828776, 2289929124, 2433653213]",,,3 Thang 2,,,,yes,,,,,yes,yes,,,,,,,,no,,,,,,,,,,,,,,,,,,,,,,,,,,,,yes,,,,,,,,,,,,,,,,,,,,,,,,,,,,,,,,,,,,,,,,,,,,,,,,,,,,,,,,,,,,,,,,
2,,Lý Thái Tổ,primary,1428,,,primary,,,,,Lý Thái Tổ,,,,,,,"[2433653213, 4623087036, 2289929132, 5057828764, 5057828708, 5057828690, 3150775221, 5057828687, 2498090062, 5057828641, 366384363, 5057828620, 5057828618, 5042143292, 5057828597, 5057828604, 5057828601, 366412106, 5057828573, 5057828580, 5057828568, 3150775223, 411919629]",,,,,,,yes,,,,,,,,,,,,,,,,,,,,,,,,,,,,,,,,,,,,,,,,,,,,,,,,,,,,,,,,,,,,,,,,,,,,,,,,,,,,,,,,,,,,,,,,,,,,,,,,,,,,,,,,,,
2,,,primary,1429,,,primary,,,,,,,,,,,,"[4629703863, 4629703861]",,,,,,,yes,,,,,,,,,,,,,,,,,,,,,,,,,,,,,,,,,,,,,,,,,,,,,,,,,,,,,,,,,,,,,,,,,,,,,,,,,,,,,,,,,,,,,,,,,,,,,,,,,,,,,,,,,,
2,,3 Tháng 2,primary,1430,,,primary,,,,,3 Tháng 2,,,,,3 Tháng 2,,"[4629703861, 5462344908, 2433276964, 4629381644]",,,,,,,yes,,,,,no,yes,,,,,,,,no,,,,,,,,,,,,,,,,,,,,,,,,,,,,designated,,,,,,,,,,,,,,,,,,,,,,,,,,,,,,,,,,,,,,,,,,,,,,,,,,,,,,,,,,,,,,,,
2,,3 Tháng 2,primary,1431,,,primary,,,,,3 Tháng 2,,,,,,,"[4629703864, 2433276952, 5058499877, 5058499868, 5058499849, 366409140, 4646816753]",,,3 Thang 2,,,,yes,,,,,yes,yes,,,,,,,,no,,,,,,,,,,,,,,,,,,,,,,,,,,,,designated,,,,,,,,,,,,,,,,,,,,,,,,,,,,,,,,,,,,,,,,,,,,,,,,,,,,,,,,,,,,,,,,
2,,Nguyễn Tri Phương,primary,1432,,,primary,,,,,Nguyễn Tri Phương,,,,,,,"[4631390894, 5674570733, 5816931372, 366404649, 5816931355, 5816931421, 2934000190]",,,Nguyen Tri Phuong,,,,yes,,,,,,,,,,,,,,,,,,,,,,,,,,,,,,,,,,,,,,,,,,,,,,,,,,,,,,,,,,,,,,,,,,,,,,,,,,,,,,,,,,,,,,,,,,,,,,,,,,,,,,,,,,
2,,Nguyễn Tri Phương,primary,1433,,,primary,,,,,Nguyễn Tri Phương,,,,,,,"[366416137, 2934000190]",,,Nguyen Tri Phuong,,,,no,,,,,,,,,,,,,,,,,,,,,,,,,,,,,,,,,,,,,,,,,,,,,,,,,,,,,,,,,,,,,,,,,,,,,,,,,,,,,,,,,,,,,,,,,,,,,,,,,,,,,,,,,,
2,,Nguyễn Tri Phương,primary,1434,,,primary,,,,,Nguyễn Tri Phương,,,,,,,"[2934000187, 5802993726, 2934000185, 4631390895]",,,Nguyen Tri Phuong,,,,yes,,,,,,,,,,,,,,,,,,,,,,,,,,,,,,,,,,,,,,,,,,,,,,,,,,,,,,,,,,,,,,,,,,,,,,,,,,,,,,,,,,,,,,,,,,,,,,,,,,,,,,,,,,
2,,,primary,1435,,,primary,,,,,,,,,,,,"[4631143724, 4631143716]",,,,,,,yes,,,,,,,,,,,,,,,,,,,,,,,,,,,,,,,,,,,,,,,,,,,,,,,,,,,,,,,,,,,,,,,,,,,,,,,,,,,,,,,,,,,,,,,,,,,,,,,,,,,,,,,,,,
3,,Trần Hưng Ðạo,secondary,1436,,,secondary,,,,,Trần Hưng Ðạo,,,,,Trần Hưng Ðạo,,"[4631178582, 3160548762, 5816800364, 366446370, 3335337341]",,,Tran Hung Dao Street,,,,yes,,,陳興道路,,,,,,,,,,,,,,,,,,,,,,,,,,,,,,,,,,,,,,,,,,,,,,,Tran Hung Dao Street,,,,,,,,,,,,,,,,,,,,,,,,,,,,,,,,,,,,,,,,,,,,,,,,,,,,,,,,
3,,Trần Hưng Ðạo,secondary,1437,,,secondary,,,,,Trần Hưng Ðạo,,,,,Trần Hưng Ðạo,,"[4631178581, 366432387, 4631178582]",,,Tran Hung Dao Street,,,,yes,,,陳興道路,,,,,,,,,,,,,,,,,,,,,,,,,,,,,,,,,,,,,,,,,,,,,,,,,,,,,,,,,,,,,,,,,,,,,,,,,,,,,,,,,,,,,,,,,,,,,,,,,,,,,,,
3,,Trần Hưng Ðạo,secondary,1438,,,secondary,,,,,Trần Hưng Ðạo,,,,,,,"[366451156, 5806004428, 3160554146, 5806004438, 5806004435, 4631762591, 3160548852, 5805962804, 5805962805, 5816774800, 366386196]",,,Tran Hung Dao Street,,,,yes,,,陳興道路,,,,,,,,,,,,,,,,,,,,,,,,,,,,,,,,,,,,,,,,,,,,,,,,,,,,,,,,,,,,,,,,,,,,,,,,,,,,,,,,,,,,,,,,,,,,,,,,,,,,,,,
3,,Trần Hưng Ðạo,secondary,1439,,,secondary,,,,,Trần Hưng Ðạo,,,,,,,"[366448311, 3160548763, 5816791148, 366444496, 5816800357, 4631178581]",,,Tran Hung Dao Street,,,,yes,,,陳興道路,,,,,,,,,,,,,,,,,,,,,,,,,,,,,,,,,,,,,,,,,,,,,,,Tran Hung Dao Street,,,,,,,,,,,,,,,,,,,,,,,,,,,,,,,,,,,,,,,,,,,,,,,,,,,,,,,,
3,,Trần Hưng Ðạo,secondary,1440,,,secondary,,,,,Trần Hưng Ðạo,,,,,,,"[366386196, 5816774808, 3160548849, 5598913762, 5816774801, 5794854825, 366377903, 3160548764, 366438154, 5816791142, 366448311]",,,Tran Hung Dao Street,,,,yes,,,陳興道路,,,,,,,,,,,,,,,,,,,,,,,,,,,,,,,,,,,,,,,,,,,,,,,,,,,,,,,,,,,,,,,,,,,,,,,,,,,,,,,,,,,,,,,,,,,,,,,,,,,,,,,
4,,Huỳnh Mẫn Đạt,tertiary,1441,,,tertiary,,,,,Huỳnh Mẫn Đạt,,,,,,,"[5794854825, 5816774815, 5816774818, 5794854826, 5794854827, 5805966980, 5805966984, 5794854828, 5805966988, 5794854829, 5805966992, 5794854830, 5598914634, 5598914627, 5598913799, 5598913794, 366371650, 5794771154, 5794771156]",,,Huynh Man Dat,,,,,,,,,,,,,,,,,,,,,,,,,,,,,,,,,,,,,,,,,,,,,,,,,,,,,,,,,,,,,,,,,,,,,,,,,,,,,,,,,,,,,,,,,,,,,,,,,,,,,,,,,,,,,,
2,,Nguyễn Tri Phương,primary,1442,,,primary,,,,,Nguyễn Tri Phương,,,,,,,"[4631390895, 4621858728, 4631508798]",,,Nguyen Tri Phuong,,,,yes,,,,,,,,,,,,,,,,,,,,,,,,,,,,,,,,,,,,,,,,,,,,,,,,,,,,,,,,,,,,,,,,,,,,,,,,,,,,,,,,,,,,,,,,,,,,,,,,,,,,,,,,,,
2,,,primary,1443,,,primary,,,,,,,,,,,,"[5802993757, 5802993756, 5802993760, 4621858728]",,,,,,,yes,,,,,,,,,,,,,,,,,,,,,,,,,,,,,,,,,,,,,,,,,,,,,,,,,,,,,,,,,,,,,,,,,,,,,,,,,,,,,,,,,,,,,,,,,,,,,,,,,,,,,,,,,,
2,,An Dương Vương,primary,1444,,,primary,,,,,An Dương Vương,,,,,An Dương Vương,,"[2300363363, 2498104608, 2498104606, 4621858730, 5805637520, 5805637517, 5805637530, 4631403301, 4631057700, 4631492083, 5802993758, 5802993757]",,Quan 5,An Duong Vuong Street,,,,yes,,,安阳王街,,,,,,,,,,,,,,,,,,,,,,,,,,,,,,,,,,,,,,,,,,,,,,,,,,,,,,,,,,,,,,,,,,,,,,,,,,,,,,,,,,,,,,,,,,,,,,,,,,,,,,,
2,,Nguyễn Tri Phương,primary,1445,,,primary,,,,,Nguyễn Tri Phương,,,,,,,"[4631508798, 4631057700]",,,Nguyen Tri Phuong,,,,yes,,,,,,,,,,,,,,,,,,,,,,,,,,,,,,,,,,,,,,,,,,,,,,,,,,,,,,,,,,,,,,,,,,,,,,,,,,,,,,,,,,,,,,,,,,,,,,,,,,,,,,,,,,
2,,Nguyễn Tri Phương,primary,1446,,,primary,,,,,Nguyễn Tri Phương,,,,,,,"[5802993759, 5802993756, 4631390894]",,,Nguyen Tri Phuong,,,,yes,,,,,,,,,,,,,,,,,,,,,,,,,,,,,,,,,,,,,,,,,,,,,,,,,,,,,,,,,,,,,,,,,,,,,,,,,,,,,,,,,,,,,,,,,,,,,,,,,,,,,,,,,,
3,,,secondary_link,1447,,,secondary_link,,,,,,,,,,,,"[4631738599, 4631738600]",,,,,,,yes,,,,,,,,,,,,,,,,,,,,,,,,,,,,,,,,,,,,,,,,,,,,,,,,,,,,,,,,,,,,,,,,,,,,,,,,,,,,,,,,,,,,,,,,,,,,,,,,,,,,,,,,,,
3,50.0,Trần Hưng Ðạo,secondary,1448,,,secondary,,,,,Trần Hưng Ðạo,,,,,,,"[2364075322, 2364089048]",,,,,,,yes,,,,50,,,,,,,,,,,,,,,,,,,,,,,,,,,,,,,,,,,,,,,,,,,,,,,,,,,,,,,,,,,,,,,,,,,,,,,,,,,,,,,,,,,,,,,,,,,,,,,,,,,,,,
4,,Nguyễn Biểu,tertiary,1449,,,tertiary,,,,,Nguyễn Biểu,,,,,,,"[2364075322, 5814336835, 5814336830, 366368313, 5814336831, 366442519, 2692556789, 5814337691, 5814336827, 2692556787, 366442477, 2692556786, 5814337690, 366378659]",,,,,,,,,,,,,,,,,,,,,,,,,,,,,,,,,,,,,,,,,,,,,,,,,,,,,,,,,,,,,,,,,,,,,,,,,,,,,,,,,,,,,,,,,,,,,,,,,,,,,,,,,,,,,,,,,
4,,Nguyễn Thị Nhỏ,tertiary,1450,,,tertiary,,,,,Nguyễn Thị Nhỏ,,,,,,,"[5778381642, 5778381643, 2434653576]",,,,,,,,,asphalt,,,,,,,,,,,,,,,,,,,,,,,,,,,,,,,,,,,,,,,,,,,,,,,,,,,,,,,,,,,,,,,,,,,,,,,,,,,,,,,,,,,,,,,,,,,,,,,,,,,,,,,,
4,,,tertiary,1451,,,tertiary,,,,,,,,,,,,"[5788625781, 5788625777]",,,,,,,yes,,,,,,,,,,,,,,,,,,,,,,,,,,,,,,,,,,,,,,,,,,,,,,,,,,,,,,,,,,,,,,,,,,,,,,,,,,,,,,,,,,,,,,,,,,,,,,,,,,,,,,,,,,
2,,3 Tháng 2,primary,1452,,,primary,,,,,3 Tháng 2,,,,,,,"[4628048104, 5073779466, 5778688839, 3150623836, 5778485953, 5778485954, 4631890826, 4632239802, 4631890834]",,Quan 11,3 Thang 2,,,,yes,,,,,,,,,,,,,,,,,,,,,,,,,,,,,,,,,,,,,,,,,,,,,,,,,,,,,,,,,,,,,,,,,,,,,,,,,,,,,,,,,,,,,,,,,,,,,,,,,,,,,,,,,,
2,,3 Tháng 2,primary,1453,,,primary,,,,,3 Tháng 2,,,,,3 Tháng 2,,"[4632009841, 2302073743, 5051610933, 5051610931, 2302074154, 5285636173, 5051610929, 5051610927, 3150623838, 4629359725, 5285636177, 2841303665, 366461828, 366421645, 366478823, 366443260, 5051610759, 3150623840, 366379977]",,,3 Thang 2,,,,yes,,,,,,,,,,,,,,,,,,,,,,,,,,,,,,,,,,,,,,,,,,,,,,,,,,,,,,,,,,,,,,,,,,,,,,,,,,,,,,,,,,,,,,,,,,,,,,,,,,,,,,,,,,
2,,3 Tháng 2,primary,1454,,,primary,,,,,3 Tháng 2,,,,,3 Tháng 2,,"[2433653225, 2433653226, 2841303664, 5073779489, 3150623839, 4627953644, 2433653232, 5778688826, 5778688832, 5073779461, 5073779463, 2433653211, 4628048104]",,Quan 11,3 Thang 2,,,,yes,,,,,,,,,,,,,,,,,,,,,,,,,,,,,,,,,,,,,,,,,,,,,,,,,,,,,,,,,,,,,,,,,,,,,,,,,,,,,,,,,,,,,,,,,,,,,,,,,,,,,,,,,,
2,,3 Tháng 2,primary,1455,,,primary,,,,,3 Tháng 2,,,,,,,"[366379977, 5780574623, 366473383]",,,3 Thang 2,,,,yes,,,,,,,,,,,,,,,,,,,,,,,,,,,,,,,,,,,,,,,,,,,,,,,,,,,,,,,,,,,,,,,,,,,,,,,,,,,,,,,,,,,,,,,,,,,,,,,,,,,,,,,,,,
2,,3 Tháng 2,primary,1456,,,primary,,,,,3 Tháng 2,,,,,,,"[4631890833, 5788625779, 5788625756, 3150623837, 2433653217, 4632009841]",,,3 Thang 2,,,,yes,,,,,,,,,,,,,,,,,,,,,,,,,,,,,,,,,,,,,,,,,,,,,,,,,,,,,,,,,,,,,,,,,,,,,,,,,,,,,,,,,,,,,,,,,,,,,,,,,,,,,,,,,,
4,,Hàn Hải Nguyên,tertiary,1457,,,tertiary,,,,,Hàn Hải Nguyên,,,,,,,"[2434653584, 2434653583]",,,,,,,yes,,,,,,,,,,,,,,,,,,,,,,,,,,,,,,,,,,,,,,,,,,,,,,,,,,,,,,,,,,,,,,,,,,,,,,,,,,,,,,,,,,,,,,,,,,,,,,,,,,,,,,,,,,
2,,3 Tháng 2,primary,1458,,,primary,,,,,3 Tháng 2,,,,,3 Tháng 2,,"[2434653584, 6022344372, 5802716338, 5802716336, 366478072, 5552685832, 5552685824, 366447607, 5778381642, 5552685836, 2434653580, 4979973935, 2434653579, 4979973934, 6022611592, 4979973921, 6022611589, 6022611623, 5788625781, 5788625750, 5788625780, 4631890833]",,,3 Thang 2,,,,yes,,,,,,,,,,,,,,,,,,,,,,,,,,,,,,,,,,,,,,,,,,,,,,,,,,,,,,,,,,,,,,,,,,,,,,,,,,,,,,,,,,,,,,,,,,,,,,,,,,,,,,,,,,
4,,Hàn Hải Nguyên,tertiary,1459,,,tertiary,,,,,Hàn Hải Nguyên,,,,,,,"[5802716334, 5552001488, 5802716337, 5802716340, 5802716339, 366368680]",,,,,,,,,,,,,,,,,,,,,,,,,,,,,,,,,,,,,,,,,,,,,,,,,,,,,,,,,,,,,,,,,,,,,,,,,,,,,,,,,,,,,,,,,,,,,,,,,,,,,,,,,,,,,,,,,
3,,,secondary,1460,,,secondary,,,,,,,,,,,,"[4632239801, 5788625780]",,,,,,,yes,,,,,,,,,,,,,,,,,,,,,,,,,,,,,,,,,,,,,,,,,,,,,,,,,,,,,,,,,,,,,,,,,,,,,,,,,,,,,,,,,,,,,,,,,,,,,,,,,,,,,,,,,,
3,,,secondary,1461,,,secondary,,,,,,,,,,,,"[5788625779, 4632239802]",,,,,,,yes,,,,,,,,,,,,,,,,,,,,,,,,,,,,,,,,,,,,,,,,,,,,,,,,,,,,,,,,,,,,,,,,,,,,,,,,,,,,,,,,,,,,,,,,,,,,,,,,,,,,,,,,,,
4,,Lãnh Binh Thăng,tertiary,1462,,,tertiary,,,,,Lãnh Binh Thăng,,,,,,,"[5778381658, 4924631897, 4924631868, 4927819044, 4927819023, 366402755, 4927818801, 4927818802, 4927818803, 4927818804, 366471153, 5788625776, 5788625778]",,,,,,,no,,,,,,,,,,,,,,,,,,,,,,,,,,,,,,,,,,,,,,,,,,,,,,,,,,,,,,,,,,,,,,,,,,,,,,,,,,,,,,,,,,,,,,,,,,,,,,,,,,,,,,,,,,
2,,Lý Thường Kiệt,primary,1463,,,primary,,,,,Lý Thường Kiệt,,,,,,,"[4636764466, 4636764480, 2233808761, 1606180428, 4628105872, 2498077592]",,,Ly Thuong Kiet; Lac Long Quan; Ly Thuong Kiet; Ly Thuong Kiet,,,,yes,,,,,,,,,,,,,,,,,,,,,,,,,,,,,,,,,,,,,,,,,,,,,,,,,,,,,,,,,,,,,,,,,,,,,,,,,,,,,,,,,,,,,,,,,,,,,,,,,,,,,,,,,,
2,,Lý Thường Kiệt,primary,1464,,,primary,,,,,Lý Thường Kiệt,,,,,,,"[4636764467, 5772558098, 5772558091, 3789093321, 2299409167, 4874288023, 4874288027, 3116882990, 2299409156, 3116882992, 2299409176, 2299419525, 2299409171, 2299409187, 2299409160, 3116882994, 3011828034, 2822187274, 4461998123, 3116882996, 2299409157, 4636764459]",,,,,,,yes,,,,,,,,,,,,,,,,,,,,,,,,,,,,,,,,,,,,,,,,,,,,,,,,,,,,,,,,,,,,,,,,,,,,,,,,,,,,,,,,,,,,,,,,,,,,,,,,,,,,,,,,,,
2,,Lý Thường Kiệt,primary,1465,,,primary,,,,,Lý Thường Kiệt,,,,,,,"[4636764472, 3116882995, 2299409166, 2233731931, 3011828036, 3116882993, 2233730987, 366438769, 1524323178, 2289930265, 2233725522, 1525911386, 5772508114, 5772508107, 3116882991, 4874288026, 4874288024, 4636764463, 5772301815, 366418292, 4636764466]",,,Ly Thuong Kiet; Lac Long Quan; Ly Thuong Kiet; Ly Thuong Kiet,,,,yes,,,,,,,,,,,,,,,,,,,,,,,,,,,,,,,,,,,,,,,,,,,,,,,,,,,,,,,,,,,,,,,,,,,,,,,,,,,,,,,,,,,,,,,,,,,,,,,,,,,,,,,,,,
4,,Cầu Phú An,tertiary,1466,,,tertiary,,,,,Cầu Phú An,,,,,,,"[4636963244, 5757778744, 5757778743, 383595862]",,,,,,,,,,,,,,1,,,yes,,,,,,,,,,,,,,,,,,,,,,,,,,,,,,,,,,,,,,,,,,,,,,,,,,,,,,,,,,,,,,,,,,,,,,,,,,,,,,,,,,,,,,,,,,,,,,,,
4,,Lê Minh Xuân,tertiary,1467,,,tertiary,,,,,Lê Minh Xuân,,,,,,,"[3011828034, 366446625, 2822188437, 366457740]",,,,,,,,,,,,,,,,,,,,,,,,,,,,,,,,,,,,,,,,,,,,,,,,,,,,,,,,,,,,,,,,,,,,,,,,,,,,,,,,,,,,,,,,,,,,,,,,,,,,,,,,,,,,,,,,,
4,,,unclassified,1468,,,unclassified,,,,,,,,,,,,"[2299409160, 2233730987]",,,,,,,,,,,,,,,,,,,,,,,,,,,,,,,,,,,,,,,,,,,,,,,,,,,,,,,,,,,,,,,,,,,,,,,,,,,,,,,,,,,,,,,,,,,,,,,,,,,,,,,,,,,,,,,,,
4,,Nghĩa Phát,tertiary,1469,,,tertiary,,,,,Nghĩa Phát,,,,,,,"[2299409156, 366430300, 366454766, 5772608659, 4639080770, 5772608660, 5772478044, 5772478036, 366403815, 5772478035, 5772478034, 5772478033, 5772478032, 4618442888, 5298119720, 5772478031, 5772478030, 5772478029, 5772478028, 5772478027, 5772478026, 5772478025, 5772478024, 5772478023, 5778872994, 5772478022, 4618443190, 5772478021, 5298121958, 5092125167, 5298156810, 4618443191, 5108956901, 5772478020, 5772478019, 5772478018]",,,,,,,,,,,,,,,,,,,,,,,,,,,,,,,,,,,,,,,,,,,,,,,,,,,destination,delivery,,,,,,,,,,,,,,,,,,,,,,,,,,,,,,,,,,,,,,,,,,,,,,,,,,,,,,,,,,,,,
3,,Hòa Hảo,secondary_link,1470,,,secondary_link,,,,,Hòa Hảo,,,,,,,"[366392714, 4623089043, 2934006868]",Ho Chi Minh,10,Hoa Hao,,,,,,,,,,,,,,,,,,,,,,,,,,,,,,,,,,,,,,,,,,,,,,,,,,,,,,,,,,,,,,,,,,,,,,,,,,,,,,,,,,,,,,,,,,,,,,,,,,,,,,,,,,,,,,
2,,Nguyễn Tri Phương,primary,1471,,,primary,,,,,Nguyễn Tri Phương,,,,,,,"[1996654979, 4631143714, 4631143726, 4631143727]",,,,,,,yes,,,,,,,,,,,,,,,,,,,,,,,,,,,,,,,,,,,,,,,,,,,,,,,,,,,,,,,,,,,,,,,,,,,,,,,,,,,,,,,,,,,,,,,,,,,,,,,,,,,,,,,,,,
4,,Lê Hồng Phong,tertiary,1472,,,tertiary,,,,,Lê Hồng Phong,,,,,,,"[4646816753, 2614395124, 5058497785, 5058497776, 5058497769, 5003306415, 2614395107, 5058497812, 2498090050, 5058497806, 5058497792, 5058497799, 5058497794, 411919584]",Ho chi Minh,10,Le Hong Phong,,,,,,,,,,,,,,,,,,,,,,,,,,,,,,,,,,,,,,,,,,,,,,,,,,,,,,,,,,,,,,,,,,,,,,,,,,,,,,,,,,,,,,,,,,,,,,,,,,,,,,,,,,,,,,
4,,,tertiary,1473,,,tertiary,,,,,,,,,,,,"[4646769632, 2433279317]",,,,,,,,,,,,,,,,,,,,,,,,,,,,,,,,,,,,,,,,,,,,,,,,,,,,,,,,,,,,,,,,,,,,,,,,,,,,,,,,,,,,,,,,,,,,,,,,,,,,,,,,,,,,,,,,,
2,,3 Tháng 2,primary,1474,,,primary,,,,,3 Tháng 2,,,,,,,"[4646816753, 366469997, 4646769632, 698217101, 3462940803, 3462940804, 3462940800, 698217108, 2433279318, 5058500123, 5058500129, 5058500137, 5058500139, 5058500143, 2433279319, 5058500145, 5058500149, 5058500156, 5059499388, 366419521, 5059499412, 4932184789, 366475091, 366454773, 4646769634, 366451016, 5059499465, 4646788528, 5778212592, 5778212590, 2233112764, 701666210]",,,3 Thang 2,,,,yes,,,,,yes,yes,,,,,,,,no,,,,,3/2,,,,,,,,,,,,,,,,,,,,,,,designated,,,,,,,,,,,,,,,,,,,,,,,,,,,,,,,,,,,,,,,,,,,,,,,,,,,,,,,,,,,,,,,,
2,,3 Tháng 2,primary,1475,,,primary,,,,,3 Tháng 2,,,,,,,"[4646816752, 3301809362, 3166367902, 4629145035, 3301809364, 4629703863]",,,,,,,yes,,,,,yes,yes,,,,,,,,no,,,,,3/2,,,,,,,,,,,,,,,,,,,,,,,designated,,,,,,,,,,,,,,,,,,,,,,,,,,,,,,,,,,,,,,,,,,,,,,,,,,,,,,,,,,,,,,,,
4,,,tertiary,1476,,,tertiary,,,,,,,,,,,,"[4646816752, 4646816753]",,,,,,,,,,,,,,,,,,,,,,,,,,,,,,,,,,,,,,,,,,,,,,,,,,,,,,,,,,,,,,,,,,,,,,,,,,,,,,,,,,,,,,,,,,,,,,,,,,,,,,,,,,,,,,,,,
4,,Lê Quang Sung,tertiary,1477,,,tertiary,,,,,Lê Quang Sung,,,,,,,"[1996655285, 5814201560, 4851518980, 4851518981, 1996745450]",,,,,,,yes,,,,,,,,,,,,,,,,,,,,,,,,,,,,,,,,,,,,,,,,,,,,,,,,,,,,,,,,,,,,,,,,,,,,,,,,,,,,,,,,,,,,,,,,,,,,,,,,,,,,,,,,,,
3,,Lũy Bán Bích,secondary,1478,,,secondary,,,,,Lũy Bán Bích,,,,,,,"[4597377752, 5073779498, 4658467738, 5467333100, 5467333099, 5467333098, 5467333097, 5467333096, 5769301531, 5108957245, 5467333095, 5467333094, 5467333093, 5108957214, 5769301523, 5769301500, 5467333092, 5769301528, 5778163180, 5778163174, 5778163181, 5092219870, 5093747303, 4652422026, 4661299259, 5778163152, 5093741205, 5093741202, 4652422027, 4652422028, 5772108071, 4652422029, 5772108072, 5092219868, 5092219869, 5092219867, 4652422030, 5769421753, 5092219866, 5769421754, 4652422031, 5769421755, 5769421756, 4652422032, 5769421757, 4652422033, 5769421758, 4652422034, 4652422035, 5769421649, 5769421759, 4652422036, 4109444339, 5092219865, 4652422037, 5092219864, 4931113027, 4929831380, 5772260858, 5092219863, 5092219862, 4652422038, 3806809914, 4652422039, 5772260874, 4652422040, 4931113035, 5786544095, 4652422041, 5677310684, 5677310686, 4652422042, 4983154645, 4652422043, 5772311375, 4931113113, 4652422044, 5800680991, 4652422045, 5800680990, 4652422046, 5800680981, 4652422047, 4652422048, 4658049100, 5772563015]",,,,,,,yes,,,,,,,,,,,,,,,,,,,,,,,,,,,,,,,,,,,,,,,,,,,,,,,,,,,,,,,,,,,,,,,,,,,,,,,,,,,,,,,,,,,,,,,,,,,,,,,,,,,,,,,,,,
4,,,tertiary,1479,,,tertiary,,,,,,,,,,,,"[5772107329, 4684287069, 5093747316, 5778236983, 5093747325, 4652740522, 5093747342, 5093747347, 4652740523, 4652740524, 5093747408, 4652740525, 5778236989, 5093747360, 4673450093, 5093747392, 5093747386, 5093747389, 4676724670, 5093747380, 5093747525, 5093747535, 5093747536, 4676724672, 4676724671, 5778270834, 4676724676, 4676724675, 4676724674, 4676724673, 4652740527, 5778303420, 4652740528, 5001800557, 4652740529, 5112594719]",,,,,,,yes,,,,,,,,,,,,,,,,,,,,,,,,,,,,,,,,,,,,,,,,,,,,,,,,,,,,,,,,,,,,,,,,,,,,,,,,,,,,,,,,,,,,,,,,,,,,,,,,,,,,,,,,,,
3,,Nguyễn Trãi,secondary,1480,,,secondary,,,,,Nguyễn Trãi,,,,,,,"[4666227465, 3338165670]",,,,,,,,,,,,,,,,,,,,,,,,,,,,,,,,,,,,,,,,,,,,,,,,,,,,,,,,,,,,,,,,,,,,,,,,,,,,,,,,,,,,,,,,,,,,,,,,,,,,,,,,,,,,,,,,,
4,,Cống Quỳnh,tertiary,1481,,,tertiary,,,,,Cống Quỳnh,,,,,,,"[5464084931, 2616958829]",,,,,,,,,,,,,,,,,,,,,,,,,,,,,,,,,,,,,,,,,,,,,,,,,,,,,,,,,,,,,,,,,,,,,,,,,,,,,,,,,,,,,,,,,,,,,,,,,,,,,,,,,,,,,,,,,
4,,,tertiary,1482,,,tertiary,,,,,,,,,,,,"[5762711582, 5464084932]",,,,,,,,,,,,,,,,,,,,,,,,,,,,,,,,,,,,,,,,,,,,,,,,,,,,,,,,,,,,,,,,,,,,,,,,,,,,,,,,,,,,,,,,,,,,,,,,,,,,,,,,,,,,,,,,,
3,,,secondary,1483,,,secondary,,,,,,,,,,,,"[4608876662, 5762711591, 4666227462]",,,,,,,,,,,,,,,,,,,,,,,,,,,,,,,,,,,,,,,,,,,,,,,,,,,,,,,,,,,,,,,,,,,,,,,,,,,,,,,,,,,,,,,,,,,,,,,,,,,,,,,,,,,,,,,,,
4,,Phạm Hồng Thái,tertiary,1484,,,tertiary,,,,,Phạm Hồng Thái,,,,,,,"[4605017322, 4666252442, 4673510847, 5444117928]",,,,,,,yes,,,,,,,,,,,,,,,,,,,,,,,,,,,,,,,,,,,,,,,,,,,,,,,,,,,,,,,,,,,,,,,,,,,,,,,,,,,,,,,,,,,,,,,,,,,,,,,,,,,,,,,,,,
4,,,tertiary,1485,,,tertiary,,,,,,,,,,,,"[4719951870, 4719951874, 4719951875, 4719951871, 5326477163, 4672015057]",,,,,,,yes,,,,,,,1,,,yes,,,,,,,primary,,,,,,,,,,,,,,,,,,,,,,,,,,,,,,,,,,,,,,,,,,,,,,,,,,,,,,,,,,,,,,,,,,,,,,,,,,,,,,,,,,,,,,,,,
2,,Cầu vượt Ngã Sáu Gò Vấp,primary,1486,,,primary,,,,,Cầu vượt Ngã Sáu Gò Vấp,,,,,,,"[4672038999, 4447328660, 4933638678, 4933638686, 4933638685, 4933638684, 4672050276, 4672050275, 4933638677, 4936387107]",,,,,,,yes,,,,,,,1,,,yes,,,,,,,,,,,,,,,,,,,,,,,,,,,,,,,,,,,,,,,,,,,,,,,,,,,,,,,,,,,,,,,,,,,,,,,,,,,,,,,,,,,,,,,,,,,,,,,,
2,,Nguyễn Cơ Thạch,primary,1487,,,primary,,,,,Nguyễn Cơ Thạch,,,,,,,"[4673278135, 4907667981, 4907667978, 4907667979, 4907667980, 4673278136]",,,,,,,,,,,,,,1,,,yes,,,,,6,,,,,,,,,,,,,,,,,,,,,,,,,,,,,,,,,,,,,,,,,,,,,,,,,,,,,,,,,,,,,,,,,,,,,,,,,,,,,,,,,,,,,,,,,,,
2,,Nguyễn Cơ Thạch,primary,1488,,,primary,,,,,Nguyễn Cơ Thạch,,,,,,,"[5740593365, 4952626113, 4669863063, 4622811298, 4622811299, 4669863062, 4622811300, 4907667982, 4673278135]",,,,,,,,,,,,,,,,,,,,,,,,,,,,,,,,,,,,,,,,,,,,,,,,,,,,,,,,,,,,,,,,,,,,,,,,,,,,,,,,,,,,,,,,,,,,,,,,,,,,,,,,,,,,,,,,,
4,,,tertiary,1489,,,tertiary,,,,,,,,,,,,"[4673707531, 4673707530, 4673707529, 4673707528]",,,,,,,yes,,,,,,,,,,,,,,,,,,,,,,,,,,,,,,,,,,,,,,,,,,,,,,,,,,,,,,,,,,,,,,,,,,,,,,,,,,,,,,,,,,,,,,,,,,,,,,,,,,,,,,,,,,
1,50.0,Cầu vượt Hàng Xanh,trunk,1490,,,trunk,,,,,Cầu vượt Hàng Xanh,,,,,,,"[4719951850, 4719951857, 4719951856, 4719951855, 4719951851]",,,Hang Xanh Overpass,,,,yes,,,,50,,yes,5,,,yes,,,,,2,,,,,,,,,,,,,,,,,,,,,,,,,,,,,,,,,,,,,,,,,,,,,,,,,,,,,,,,,,,,,,,,,,,,,,,,1,,,,,,,,,,,,,,,,,,,
1,50.0,Cầu vượt Hàng Xanh,trunk,1491,,,trunk,,,,,Cầu vượt Hàng Xanh,,,,,,,"[2081892553, 4066381555, 2297724076, 4066381556]",,,Hang Xanh Overpass,,,,yes,,,,50,,yes,5,,,yes,,,,,2,,,,,,,,,,,,,,,,,,,,,,,,,,,,,,,,,,,,,,,,,,,,,,,,,,,,,,,,,,,,,,,,,,,,,,,,1,,,,,,,,,,,,,,,,,,,
1,50.0,Cầu vượt Ngã tư Hàng Xanh,trunk,1492,,,trunk,,,,,Cầu vượt Ngã tư Hàng Xanh,,,,,,,"[4719951851, 4719951854, 4719951853, 4719951852, 4066381541]",,,,,,,yes,,,,50,,yes,,,,,,,,,2,,,,,,,,,,,,,,,,,,,,,,,,,,,,,,,,,,,,,,,,,,,,,,,,,,,,,,,,,,,,,,,,,,,,,,,,,,,,,,,,,,,,,,,,,,,
1,50.0,Cầu vượt Ngã tư Hàng Xanh,trunk,1493,,,trunk,,,,,Cầu vượt Ngã tư Hàng Xanh,,,,,,,"[366441141, 4066381552, 2081892542, 4066381554, 4066381553, 2081892553]",,,,,,,yes,,,,50,,yes,,,,,,,,,2,,,,,,,,,,,,,,,,,,,,,,,,,,,,,,,,,,,,,,,,,,,,,,,,,,,,,,,,,,,,,,,,,,,,,,,,,,,,,,,,,,,,,,,,,,,
1,50.0,Cầu vượt Ngã tư Hàng Xanh,trunk,1494,,,trunk,,,,,Cầu vượt Ngã tư Hàng Xanh,,,,,,,"[2030639615, 4719951860, 4719951859, 4719951858, 4719951850]",,,,,,,yes,,,,50,,yes,,,,,,,,,2,,,,,,,,,,,,,,,,,,,,,,,,,,,,,,,,,,,,,,,,,,,,,,,,,,,,,,,,,,,,,,,,,,,,,,,,,,,,,,,,,,,,,,,,,,,
4,,cầu vượt vào sân bay,tertiary,1495,,,tertiary,,,,,cầu vượt vào sân bay,,,,,,,"[4671886032, 5435412019]",,,,,,,,,,,,,,1,,,yes,,,,,,,,,,,,,,,,,,,,,,,,,,,,,,,,,,,,,,,,,,,,,,,,,,,,,,,,,,,,,,,,,,,,,,,,,,,,,,,,,,,,,,,,,,1,,,,,,
4,,Đi ga trong nước,tertiary,1496,,,tertiary,,,,,Đi ga trong nước,,,,,,,"[4671886032, 4948841965, 4948841973, 4948841972, 4719951865, 5725019010, 5725019008, 4948841971, 4948841970, 4948841969, 4948841968, 4948841967, 4948841966]",,,,,,,yes,,,,,,,1,,,yes,,,,,,,,,,,,,,,,,,,,,,,,,,,,,,,,,,,,,,,,,,,,,,,,,,,,,,,,,,,,,,,,,,,,,,,,,,,,,,,,,,,,,,,,,,,,,,,,
4,30.0,Đi ga quốc tế,tertiary,1497,,,tertiary,,,,,Đi ga quốc tế,,,,,,,"[4671886032, 4671886033, 4719951866, 4719951867, 5462136090, 5725018902]",,,,,,,yes,,,,30,,,1,,,yes,,,,,2,,,,,,,,,,no,,,,,,,,,,,,,,,,,,,,,,,,,,,,,,,,,,,,,,,,,,,,,,,,,,,,,,,,,,,,,,,,,,,,,,,,,,,,,,,,,
4,,Gò Dưa,tertiary,1498,,,tertiary,,,,,Gò Dưa,,,,,,,"[366423320, 4720214176, 366453496]",,,,,,,,,,,,,,,,,,,,,,,,,,,,,,,,,,,,,,,,,,,,,,,,,,,,,,,,,,,,,,,,,,,,,,,,,,,,,,,,,,,,,,,,,,,,,,,,,,,,,,,,,,,,,,,,,
3,30.0,Cầu vượt Ngã tư Gò Dưa,trunk_link,1499,,,trunk_link,,,,,Cầu vượt Ngã tư Gò Dưa,,,,,,,"[5767715201, 4720214171, 4720214172]",,,,,,,yes,,,,30,,,,,,,,,,,,,,,,,,,,,,,,,,,,,,,,,,,,,,,,,,,,,,,,,,,,,,,,,,,,,,,,,,,,,,,,,,,,,,,,,,,,,,,,,,,,,,,,,,,,,,
4,,Gò Dưa,tertiary,1500,,,tertiary,,,,,Gò Dưa,,,,,,,"[4720214109, 2240992097, 5769613633, 366391364, 4945643514, 5769742325, 5769742345, 366399595, 5769745070, 5769745074, 366419051, 5771992967, 5767715176, 5767756896, 366431152, 366380808, 5767715318, 5767715316, 366404280, 366423320]",,,,,,,,,,,,,,,,,,,,,,,,,,,,,,,,,,,,,,,,,,,,,,,,,,,,,,,,,,,,,,,,,,,,,,,,,,,,,,,,,,,,,,,,,,,,,,,,,,,,,,,,,,,,,,,,,
4,,Bạch Đằng,tertiary,1501,,,tertiary,,,,,Bạch Đằng,,,,,,,"[4008844510, 4851135072, 4851135071, 5435412018, 4851135070]",,,,,,,yes,,,,,,,,,,,,,,,,,,,,,,,,,no,,,,,,,,,,,,,,,,,,,,,,,,,,,,,,,,,,,,,,,,,,,,,,,,,,,,,,,,,,,,,,,,,,,,,,,,,,,,,,,,,
4,,Phú Hữu,tertiary,1502,,,tertiary,,,,,Phú Hữu,,,,,,,"[1996654934, 4851518981, 4583475971]",,,,,,,,,,,,,,,,,,,,,,,,,,,,,,,,,,,,,,,,,,,,,,,,,,,,,,,,,,,,,,,,,,,,,,,,,,,,,,,,,,,,,,,,,,,,,,,,,,,,,,,,,,,,,,,,,
4,,,unclassified,1503,,,unclassified,,,,,,,,,,,,"[4865522687, 4865522686, 5737770369, 4865522685, 5737770366, 4865522684, 5738478343, 5738478339, 5737770555, 5738478341, 5737770548, 5738478337, 5738478330, 5738478351, 4865522683]",,,,,,,,,,,,,,,,,,,,,,,,,,,,,,,,,,,,,,,,,,,,,,,,,,,,,,,,,,,,,,,,,,,,,,,,,,,,,,,,,,,,,,,,,,,,,,,,,,,,,,,,,,,,,,,,,
2,,Trường Chinh,primary,1504,,,primary,,,,,Trường Chinh,,,,,,,"[2409410633, 2409408736, 2409410634, 2409408734, 3152637748, 2409408729, 2409408733, 2409408730, 5762610009, 2409408728, 3152637750, 2409402333]",,,,,,,yes,,,,,,,,,,,,,,,,,,,,,,,,,,,,,,,,,,,,,,,,,,,,,,,,,,,,,,,,,,,,,,,,,,,,,,,,,,,,,,,,,,,,,,,,,,,,,,,,,,,,,,,,,,
2,50.0,Cách Mạng Tháng Tám,primary,1505,,,primary,,,,,Cách Mạng Tháng Tám,,,,,,,"[4928385256, 5293846848, 366402253, 4875814762]",,Quan Tan Binh,,,,,no,,,,50,,,,,,,,,,,,,,,,,,,,,,,,,,,,,,,,,,,,,,,,,,,,,,,,,,,,,,,,,,,,,,,,,,,,,,,,,,,,,,,,,,,,,,,,,,,,,,,,,,,,,,
2,,Cách Mạng Tháng Tám,primary,1506,,,primary,,,,,Cách Mạng Tháng Tám,,,,,,,"[4899241762, 5108956906, 366401316, 4903632213, 4903632217, 4903632208, 4898834796, 5108956905, 4875814758]",,Quan Tan Binh,,,,,no,,,,,,,,,,,,,,,,,,,,,,,,,,,,,,,,,,,,,,,,,,,,,,,,,,,,,,,,,,,,,,,,,,,,,,,,,,,,,,,,,,,,,,,,,,,,,,,,,,,,,,,,,,
2,50.0,Cách Mạng Tháng Tám,primary,1507,,,primary,,,,,Cách Mạng Tháng Tám,,,,,,,"[4875814762, 5293846843, 366451136, 366476092, 2822167933, 4875814763, 366377082, 5108956883, 366469243, 5108956872, 4875814765]",,Quan Tan Binh,,,,,no,,,,50,,,,,,,,,,,,,,,,,,,,,,,,,,,,,,,,,,,,,,,,,,,,,,,,,,,,,,,,,,,,,,,,,,,,,,,,,,,,,,,,,,,,,,,,,,,,,,,,,,,,,,
2,,Cách Mạng Tháng Tám,primary,1508,,,primary,,,,,Cách Mạng Tháng Tám,,,,,,,"[4617816425, 411920930, 4903279041, 4891712942, 4191373367, 4889622982, 5108957159, 4899241762]",,Quan Tan Binh,,,,,no,,,,,,,,,,,,,,,,,,,,,,,,,,,,,,,,,,,,,,,,,,,,,,,,,,,,,,,,,,,,,,,,,,,,,,,,,,,,,,,,,,,,,,,,,,,,,,,,,,,,,,,,,,
2,,Cách Mạng Tháng Tám,primary,1509,,,primary,,,,,Cách Mạng Tháng Tám,,,,,,,"[4875861250, 5063701408, 411918284, 5063701402, 3160535892]",,Quan Tan Binh,,,,,no,,,,,,,,,,,,,,,,,,,,,,,,,,,,,,,,,,,,,,,,,,,,,,,,,,,,,,,,,,,,,,,,,,,,,,,,,,,,,,,,,,,,,,,,,,,,,,,,,,,,,,,,,,
4,,Bắc Hải,tertiary,1510,,,tertiary,,,,,Bắc Hải,,,,,,,"[4878046785, 4878046783, 4878046787, 366443061]",P.6 Q.TB TPHCM,Tan Binh,,,,,,,,,,,,,,,,,,,,,,,,,,,,,,,,,,,,,,,,,,,,,,,,,,,,,,,,,,,,,,,,,,,,,,,,,,,,,,,,,,,,,,,,,,,,,,,,,,,,,,,,,,,,,,,
3,,Trần Hưng Ðạo,secondary,1511,,,secondary,,,,,Trần Hưng Ðạo,,,,,Trần Hưng Đạo,,"[4631143728, 746617478, 4631738600]",,,Tran Hung Dao Street,,,,no,,,陳興道路,,,,,,,,,,,,,,,,,,,,,,,,,,,,,,,,,,,,,,,,,,,,,,,,,,,,,,,,,,,,,,,,,,,,,,,,,,,,,,,,,,,,,,,,,,,,,,,,,,,,,,,
4,,Cầu Số 2,tertiary,1512,,,tertiary,,,,,Cầu Số 2,,,,,,,"[4879063671, 4889569757]",,,,,,,yes,,,,,,,,,,,,,,,,,,,,,,,,,,,,,,,,,,,,,,,,,,,,,,,,,,,,,,,,,,,,,,,,,,,,,,,,,,,,,,,,,,,,,,,,,,,,,,,,,,,,,,,,,,
4,,Phạm Văn Hai,tertiary,1513,,,tertiary,,,,,Phạm Văn Hai,,,,,,,"[4889569758, 2332690848, 2332690802, 4889622979, 4898834788, 3671427951, 4898834790, 5097414337, 4903279036, 5097414331, 5097414335, 3671431435, 4898834809, 4898834804, 4898834794, 4875814758]",,,Pham Van Hai Street,,,,no,,asphalt,范文二路,,yes,yes,,,,,,,,no,,,,,,,,,,,,,,,,,,,,,,,,,,,,yes,,,,,,,,,,,,,,,,,,,,,,,,,,,,,,,,,,,,,,,,,,,,,,,,,,,,,,,,,,,,,,,,
2,,Cách Mạng Tháng Tám,primary,1514,,,primary,,,,,Cách Mạng Tháng Tám,,,,,,,"[411919410, 5074798937, 411925482, 5074798956, 3160535893, 411918116, 5074798953, 411918478, 5074798958, 411923084, 5518776427, 4875861250]",,Quan Tan Binh,,,,,no,,,,,,,,,,,,,,,,,,,,,,,,,,,,,,,,,,,,,,,,,,,,,,,,,,,,,,,,,,,,,,,,,,,,,,,,,,,,,,,,,,,,,,,,,,,,,,,,,,,,,,,,,,
2,,Cách Mạng Tháng Tám,primary,1515,,,primary,,,,,Cách Mạng Tháng Tám,,,,,,,"[4879876935, 5063700700, 5778141550, 4918435013]",,Quan Tan Binh,Cach Mang Thang Tam Road,,,,no,,,八月革命路,,,,,,,,,,,,,,,,,,,,,,,,,,,,,,,,,,,,,,,,,,,,,,,,,,,,,,,,,,,,,,,,,,,,,,,,,,,,,,,,,,,,,,,,,,,,,,,,,,,,,,,
4,,Hem 3m,unclassified,1516,,,unclassified,,,,,Hem 3m,,,,,,,"[4882810028, 4882810030, 4882810029]",,,,,,,,,,,,,,,,,,,,,,,,,,,,,,,,,,,,,,,,,,,,,,,,,,,,,,,,,,,,,,,,,,,,,,,,,,,,,,,,,,,,,,,,,,,,,,,,,,,,,,,,,,,,,,,,,
2,,Cách Mạng Tháng Tám,primary,1517,,,primary,,,,,Cách Mạng Tháng Tám,,,,,,,"[4891619180, 411923498, 5074798925, 5772254958, 3718387292, 4996008684, 411919410]",,Quan Tan Binh,,,,,no,,,,,,,,,,,,,,,,,,,,,,,,,,,,,,,,,,,,,,,,,,,,,,,,,,,,,,,,,,,,,,,,,,,,,,,,,,,,,,,,,,,,,,,,,,,,,,,,,,,,,,,,,,
2,,Nguyễn Oanh,primary,1518,,,primary,,,,,Nguyễn Oanh,,,,,,,"[366383254, 4898569718, 3168055831, 2487522986, 2487524449, 3168055832, 2280551549, 2487524444, 4441523963, 366376494, 2280551552, 5743057760, 366401290, 3168055833, 4447328645, 4933638669, 5750992593, 5716655837, 4435829871, 3138809980]",,,,,,,yes,,,,,,,,,,,,,,,,,,,,,,,,,,,,,,,,,,,,,,,,,,,,,,,,,,,,,,,,,,,,,,,,,,,,,,,,,,,,,,,,,,,,,,,,,,,,,,,,,,,,,,,,,,
2,,,primary,1519,,,primary,,,,,,,,,,,no,"[4898569717, 5207877511, 366383254]",,,,,,,yes,,,,,,,1,,,yes,,,,,,,,,,,,,,,,,,,,,,,,,,,,,,,,,,,,,,,,,,,,,,,,,,,,,,,,,,,,,,,,,,,,,,,,,,,,,,,,,,,,,,,,,,,,,,,,
4,,,tertiary_link,1520,,,tertiary_link,,,,,,,,,,,,"[4903108791, 4903108794, 4903108793, 4903108795, 4903108792]",,,,,,,yes,,,,,,,,,,,,,,,,,,,,,,,,,,,,,,,,,,,,,,,,,,,,,,,,,,,,,,,,,,,,,,,,,,,,,,,,,,,,,,,,,,,,,,,,,,,,,,,,,,,,,,,,,,
2,,Cách Mạng Tháng Tám,primary,1521,,,primary,,,,,Cách Mạng Tháng Tám,,,,,,,"[4918435013, 366368374, 411918265, 5063701284, 366434259, 411926299, 5063701380, 366470932, 3160535892]",,Quan Tan Binh,,,,,no,,,,,,,,,,,,,,,,,,,,,,,,,,,,,,,,,,,,,,,,,,,,,,,,,,,,,,,,,,,,,,,,,,,,,,,,,,,,,,,,,,,,,,,,,,,,,,,,,,,,,,,,,,
4,,,tertiary_link,1522,,,tertiary_link,,,,,,,,,,,,"[4932465928, 4932465927, 4932465926, 4932465925, 4932465924, 4932465923, 4932465922]",,,,,,,yes,,,,,,,,,,,,,,,,,,,,,,,,,,,,,,,,,,,,,,,,,,,,,,,,,,,,,,,,,,,,,,,,,,,,,,,,,,,,,,,,,,,,,,,,,,,,,,,,,,,,,,,,,,
4,,Tân Sơn,tertiary,1523,,,tertiary,,,,,Tân Sơn,,,,,,,"[4932465992, 366379182, 366369589, 2499049224, 3638282775, 366432496, 2251554503, 366409303]",,,,,,,,,,,,,,,,,,,,,,,,,,,,,,,,,,,,,,,,,,,,,,,,,,,,,,,,,,,,,,,,,,,,,,,,,,,,,,,,,,,,,,,,,,,,,,,,,,,,,,,,,,,,,,,,,
4,,,tertiary,1524,,,tertiary,,,,,,,,,,,,"[3806809748, 3806809747]",,,,,,,,,,,,,,,,,,,,,,,,,,,,,,,,,,,,,,,,,,,,,,,,,,,,,,,,,,,,,,,,,,,,,,,,,,,,,,,,,,,,,,,,,,,,,,,,,,,,,,,,,,,,,,,,,
4,,Đường Song Hành Xa lộ Hà Nội,tertiary,1525,,,tertiary,,,,,Đường Song Hành Xa lộ Hà Nội,,,,,,,"[4934948129, 4934948128, 4934948127, 366402417, 4934948126, 4934948125, 5748690466, 4934948124, 4934948123, 5748690464, 5748690463, 4934948122, 4934948121, 5748520263, 4934948020, 4934948019, 4934948018, 4934948017, 4934948016, 4934948015, 4934948014, 4934948013, 4934948012, 4934948011, 5748445232, 4934948010, 5748445182, 4934948009, 5748444620, 5748444577, 4934947957, 2360081509, 2360081506, 5811572064, 4934948008, 4934948007, 4934947960, 4934948006, 4934947962, 4934948005, 4934948004, 5753152995, 4934947966, 4934947965, 5753152982, 4934948003, 5765438194, 4934948002, 4923281847, 4934948001, 4934948000, 4934947999, 4934947997]",,,,,,,,,,,,,,,,,,,,,,,,,,,,,,,,,,,,,,,,,,,,,,,,,,,,,,,,,,,,,,,,,,,,,,,,,,,,,,,,,,,,,,,,,,,,,,,,,,,,,,,,,,,,,,,,,
4,,,unclassified,1526,,,unclassified,,,,,,,,,,,,"[4936211670, 4936211680, 4936211665, 4936211666]",,,,,,,,,,,,,,,,,,,,,,,,,,,,,,,,,,,,,,,,,,,,,,,,,,,,,,,,,,,,,,,,,,,,,,,,,,,,,,,,,,,,,,,,,,,,,,,,,,,,,,,,,,,,,,,,,
4,,,unclassified,1527,,,unclassified,,,,,,,,,,,,"[5762755218, 4937800761, 4937800762, 5716587695, 5751186157, 4937800763, 4937800764, 4937800765, 4937800766, 4937800767, 4937800768, 4937800769, 5716587665, 4937800770, 4937800771, 5716588269, 5716588268, 5762755206, 5716588267, 5716588266]",,,,,,,,,,,,,,,,,,,,,,,,,,,,,,,,,,,,,,,,,,,,,,,,,,,,,,,,,,,,,,,,,,,,,,,,,,,,,,,,,,,,,,,,,,,,,,,,,,,,,,,,,,,,,,,,,
3,,Lê Văn Tách,secondary,1528,,,secondary,,,,,Lê Văn Tách,,,,,,,"[366412394, 5772687798, 1602638853, 5755091251, 2951396142, 5755091950, 366398744, 5755091311, 2951396135, 5755038362, 2951396136, 5755039649, 366438017, 5755039507, 5755039641, 3792257805, 5755039637, 5755145276, 5755039503, 5755039497, 366469460]",,,,,,,,,,,,,,,,,,,,,,,,,,,,,,,,,,,,,,,,,,,,,,,,,,,,,,,,,,,,,,,,,,,,,,,,,,,,,,,,,,,,,,,,,,,,,,,,,,,,,,,,,,,,,,,,,
1,,Cầu vượt Ngã tư Gò Mây,trunk,1529,,,trunk,,,,,Cầu vượt Ngã tư Gò Mây,,,,,,,"[4943402274, 5735793408]",,,,1A,,,yes,,,,,,,1,,,yes,,,,,,,,,,,,,,,,,,,,,,,,,,,,,,,,,,,,,,,,,,,,,,,,,,,,,,,,,,,,,,,,,,,,,,,,,,,,,,,,,,,,,,,,,,,,,,,,
4,,,tertiary,1530,,,tertiary,,,,,,,,,,,,"[4943402284, 4943402289, 5092219879, 4943402288, 4943402290, 4943402287, 4943402286, 5738534983, 5738534980, 5738478412, 5738478415, 5738478398, 4943402285, 5737781399, 5468638847, 4943408399]",,,,,,,yes,,,,,,,,,,,,,,,,,,,,,,,,,,,,,,,,,,,,,,,,,,,,,,,,,,,,,,,,,,,,,,,,,,,,,,,,,,,,,,,,,,,,,,,,,,,,,,,,,,,,,,,,,,
4,,,tertiary_link,1531,,,tertiary_link,,,,,,,,,,,,"[4957752159, 4957752160, 4957752161, 4957752162, 4957752163]",,,,,,,yes,,,,,,,,,,,,,,,,,,,,,,,,,,,,,,,,,,,,,,,,,,,,,,,,,,,,,,,,,,,,,,,,,,,,,,,,,,,,,,,,,,,,,,,,,,,,,,,,,,,,,,,,,,
4,,,unclassified,1532,,,unclassified,,,,,,,,,,,,"[4971826813, 4971826814, 4971826815, 4971826816, 4971826817, 4971826818, 4971826819, 4971826820, 4971829521, 4971829522, 5653129613, 4971829523, 4971829524, 4971829525, 4971829526, 4971829527, 4971829528, 4971829529, 4971829530, 5767573285, 5653129629, 5769433916, 5767573286, 5767573301, 4971829531, 366454423, 5772159019, 2240979349]",,,,,,,,,,,,,,,,,,,,,,,,,,,,,,,,,,,,,,,,,,,,,,,,,,,,,,,,,,,,,,,,,,,,,,,,,,,,,,,,,,,,,,,,,,,,,,,,,,,,,,,,,,,,,,,,,
4,,,unclassified,1533,,,unclassified,,,,,,,,,,,,"[2401066021, 4971877348, 4971877349, 4971877350, 4971877351, 4971877352, 2687993488, 4971877353, 4971877354, 4971877355, 4971877356, 2687993494, 4971877357, 4971877358, 5738555077, 4971877359, 4971877360, 4971877361, 4971877362, 4971877363, 4971877364, 2687992800]",,,,,,,,,,,,,,,,,,,,,,,,,,,,,,,,,,,,,,,,,,,,,,,,,,,,,,,,,,,,,,,,,,,,,,,,,,,,,,,,,,,,,,,,,,,,,,,,,,,,,,,,,,,,,,,,,
4,,,unclassified,1534,,,unclassified,,,,,,,,,,,,"[366404542, 4971877396, 5737930304, 4971877397, 5737930302, 5737930241, 4971877398, 4971877399, 4971877400, 4971877393, 4971877401, 5737930228, 4971877402, 4971877403, 4971877404, 4971877405, 4971877406, 4971877407, 4971877408, 4971877409, 4971877410, 4971877411, 4971877412, 4971877413, 4971877414, 4971877415, 4971877416, 4971877417, 4971877418, 4971877419, 4971877420, 4971877421, 4971877422, 4971884364, 4971884365]",,,,,,,,,,,,,,,,,,,,,,,,,,,,,,,,,,,,,,,,,,,,,,,,,,,,,,,,,,,,,,,,,,,,,,,,,,,,,,,,,,,,,,,,,,,,,,,,,,,,,,,,,,,,,,,,,
4,,,unclassified,1535,,,unclassified,,,,,,,,,,,,"[2355735153, 5740423100, 4971884333, 4971884334, 5740423101, 5740423098, 4971884335, 5740423099, 4971884336, 5740423103, 4971884337, 5740423102, 4971884338, 4971884339, 5740423104, 4971884340, 4971884341, 5737820828, 4971884342, 4971884343, 5737820842, 4971884344, 4971884345, 4971884346, 4971884347, 4971884348]",,,,,,,,,,,,,,,,,,,,,,,,,,,,,,,,,,,,,,,,,,,,,,,,,,,,,,,,,,,,,,,,,,,,,,,,,,,,,,,,,,,,,,,,,,,,,,,,,,,,,,,,,,,,,,,,,
4,,,unclassified,1536,,,unclassified,,,,,,,,,,,,"[4971884349, 4971884350, 4971884624, 4971884351, 4971884352, 4971884353, 4971884354, 4971884355, 4971884356, 4971884357, 4971884358, 4971884359, 4971884360, 4971884361, 4971884362, 4971884363]",,,,,,,,,,,,,,,,,,,,,,,,,,,,,,,,,,,,,,,,,,,,,,,,,,,,,,,,,,,,,,,,,,,,,,,,,,,,,,,,,,,,,,,,,,,,,,,,,,,,,,,,,,,,,,,,,
4,,,tertiary,1537,,,tertiary,,,,roundabout,,,,,,,,"[4974589952, 4974589945, 4974589946, 4974589947, 4974589951, 4974589948, 4974589931, 4974589932, 4974589949, 4974589933, 4974589934, 4974589939, 4974589940, 2262762759, 4974589941, 4974589942, 4974589943, 4974589950, 4974589944, 4974589935, 4974589936, 3037240435, 4974589937, 4974589938, 4974589952]",,,,,,,yes,,,,,,,,,,,,,,,,,,,,,,,,,,,,,,,,,,,,,,,,,,,,,,,,,,,,,,,,,,,,,,,,,,,,,,,,,,,,,,,,,,,,,,,,,,,,,,,,,,,,,,,,,,
4,,Bờ Bao Tân Thắng,tertiary,1538,,,tertiary,,,,,Bờ Bao Tân Thắng,,,,,,,"[2262762759, 2620586766, 3037238193, 2620586765, 2262762756, 2262762755, 2894944267, 2620586763, 4865523089, 2262762752, 2262762751, 5722292337, 2620586761, 2262762780, 2620586796, 5757818771, 2620586811, 5757818774, 2620586798, 3101583445, 4974589973, 2620586810, 5757818786, 5757818777, 5757818756, 2620586799]",,,,,,,,,,,,,,,,,,,,,,,,,,,,,,,,,,,,,,,,,,,,,,,,,,,,,,,,,,,,,,,,,,,,,,,,,,,,,,,,,,,,,,,,,,,,,,,,,,,,,,,,,,,,,,,,,
4,,Lãnh Binh Thăng,tertiary,1539,,,tertiary,,,,,Lãnh Binh Thăng,,,,,,,"[5788625777, 4929127564, 6022345185, 3168349826, 3339199251, 4986067935, 4929793667, 366376345, 4929793658, 366441745, 5788625778]",,,,,,,yes,,,,,,,,,,,,,,,,,,,,,,,,,,,,,,,,,,,,,,,,,,,,,,,,,,,,,,,,,,,,,,,,,,,,,,,,,,,,,,,,,,,,,,,,,,,,,,,,,,,,,,,,,,
4,,Trần Văn Giàu,tertiary,1540,,,tertiary,,,,,Trần Văn Giàu,,,,,,,"[5805831944, 3630717351, 3630717353, 5795013794, 3630717355, 5805831949, 3630717358, 3630717354, 3630717356, 2613094720, 4974882230, 5805832554, 5795013790, 3630715348, 5802898261, 4563996123, 2613094722]",,,,10B,,,yes,,,,,,,,,,,,,,,,,,,,,,,,,,,,,,,,,,,,,,,,,,,,,,,,,,,,,,,,,,,,,,,,,,,,,,,,,,,,,,,,,,,,,,,,,,,,,,,,,,,,,,,,,,
2,,Hồng Bàng,primary,1541,,,primary,,,,,Hồng Bàng,,,,,,,"[4986046021, 4984435448, 366424036, 4595655894, 4595655895, 5813728864, 3339199206, 5813728970, 5772562960, 5813728847, 5813728858, 366410223, 4595670450, 366367450, 4595648040, 5813814360, 5813814364, 5813814362, 5681291158, 5681291150, 4519205477, 5681291148, 4202268829, 5813814380, 1996745606, 5813814385, 366368264]",Ho Chi Minh,6,,,,,yes,,,,,,,,,,,,,,,3,,,,,,,,,,,,,,,,,,,,,,,,,,,,,,,,,,,,,,,,,,,,,,,,,,,,,,,,,,,,,,,,,,,,,,,,,,,,,,,,,,,,,,,,,,,
3,,Kênh 10,primary_link,1542,,,primary_link,,,,,Kênh 10,,,,,,,"[4986046126, 4986046127, 4986046128, 4986046129, 4986046130, 4986046131]",,,,,,,no,,,,,,,,,,,,,,,,,,,,,,,,,,,,,,,,,,,,,,,,,,,,,,,,,,,,,,,,,,,,,,,,,,,,,,,,,,,,,,,,,,,,,,,,,,,,,,,,,,,,,,,,,,
2,,Kinh Dương Vương,primary,1543,,,primary,,,,,Kinh Dương Vương,,,,,,,"[5006652784, 4109614279, 5738158909, 5738158907, 4109614280, 4109614281, 4109614282, 4109614283, 4066528704]",Ho Chi Minh,Binh Tan,,,,,yes,,,,,,,,,,,,,,,,,,,,,,,,,,,,,,,,,,,,,,,,,,,,,,,,,,,,,,,,,,,,,,,,,,,,,,,,,,,,,,,,,,,,,,,,,,,,,,,,,,,,,,,,,,
2,,Kinh Dương Vương,primary,1544,,,primary,,,,,Kinh Dương Vương,,,,,,,"[373543561, 4988324910, 3164037418, 5737984606, 5737984550, 5737984608, 1648965109, 5737984561, 5748258032, 1648965013, 4979904021, 1648965115, 5752816761, 4275357751, 1648965076, 1648965122, 3164037420, 4979902519, 1648965050, 2326583123, 1648965074, 1648965135, 5757488250, 5797843791, 5757507443, 1648965044, 5757507440, 1648965046, 5797843785, 4276237051, 5797843769, 5797843890, 5797843765, 3164037422, 5009095767, 5797843852, 1648965053, 5797843848, 4988324906, 5023969313, 1648965133, 1648965011, 4319770607, 5757488304, 5794808757, 1648965067, 5797843905, 5023969312, 5797843904, 1648965043, 5794808808, 5797843885, 5794808742, 4292132406, 5794808775, 5797843880, 1648965018, 2361894778, 5797843860, 1648965071, 5797843857, 1648965045, 2361894683, 5797843856, 5797843889, 5797843888, 1648965087]",Ho Chi Minh,Binh Tan,,,,,yes,,,,,,,,,,,,,,,,,,,,,,,,,,,,,,,,,,,,,,,,,,,,,,,,,,,,,,,,,,,,,,,,,,,,,,,,,,,,,,,,,,,,,,,,,,,,,,,,,,,,,,,,,,
4,,cầu vượt,tertiary,1545,,,tertiary,,,,,cầu vượt,,,,,,,"[4672005350, 4851135957, 4719951879, 4719951877]",,,,,,,yes,,,,,,,1,,,yes,,,,,,,primary,,,,,,,,,,,,,,,,,,,,,,,,,,,,,,,,,,,,,,,,,,,,,,,,,,,,,,,,,,,,,,,,,,,,,,,,,,,,,,,,,,,,,,,,,
4,30.0,,unclassified,1546,,,unclassified,,,,,,,,,,,,"[2276933072, 2276933075, 2276933084, 5755024442, 2276933058, 5755024456, 4069523667, 2463475972]",,,,,,,,,,,30,,,,,,,,,,,,,,,,,,,,,,,,,,,,,,,,,,,,,,,,,,,,,,,,,,,,,,,,,,,,,,,,,,,,,,,,,,,,,,,,,,,,,,,,,,,,,,,,,,,,,,
4,,Minh Phụng,tertiary,1547,,,tertiary,,,,,Minh Phụng,,,,,,,"[5044255971, 5044255970, 5044255973, 5044255969, 5044255968, 5044255967, 5788294500, 5044255984, 5044255966, 5044255965, 5044255964, 5044255963, 5097414603, 5044255962, 5044255961, 5044255960, 5044255959, 5044255958, 6169690232, 6169690236, 5044255957, 5044255956, 5044255955, 5044255954, 4595643015, 5044255953, 5813728970, 5813728967, 5813728969]",,,,,,,yes,,,,,,,,,,,,,,,,,,,,,,,,,,,,,,,,,,,,,,,,,,,,,,,,,,,,,,,,,,,,,,,,,,,,,,,,,,,,,,,,,,,,,,,,,,,,,,,,,,,,,,,,,,
4,,Minh Phụng,tertiary,1548,,,tertiary,,,,,Minh Phụng,,,,,,,"[5813728969, 5772562959, 5813728854, 5813728852, 5811859652, 5772562958, 5811859653, 5772562957, 5811859651, 5772562956, 5772562955, 5811859648, 5772562954, 4933675345, 5772562953, 5772562652, 5772562963, 5772562962, 5800215560]",,,,,,,no,,,,,,,,,,,,,,,,,,,,,,,,,,,,,,,,,,,,,,,,,,,,,,,,,,,,,,,,,,,,,,,,,,,,,,,,,,,,,,,,,,,,,,,,,,,,,,,,,,,,,,,,,,
4,,,tertiary,1549,,,tertiary,,,,,,,,,,,,"[5044255983, 5044255984]",,,,,,,,,,,,,,,,,,,,,,,,,,,,,,,,,,,,,,,,,,,,,,,,,,,,,,,,,,,,,,,,,,,,,,,,,,,,,,,,,,,,,,,,,,,,,,,,,,,,,,,,,,,,,,,,,
4,,,tertiary_link,1550,,,tertiary_link,,,,,,,,,,,,"[5044256104, 5805623046, 5044256105]",,,,,,,,,,,,,,,,,,,,,,,,,,,,,,,,,,,,,,,,,,,,,,,,,,,,,,,,,,,,,,,,,,,,,,,,,,,,,,,,,,,,,,,,,,,,,,,,,,,,,,,,,,,,,,,,,
4,,Hẻm 322 Hòa Hưng,tertiary,1551,,,tertiary,,,,,Hẻm 322 Hòa Hưng,,,,,,,"[5063701325, 5778115401]",,,,,,alley,,,,,,,,,,,,,,,,,,,,,,,,,,,,,,,,,,,,,,,,,,,,,,,,,,,,,,,,,,,,,,,,,,,,,,,,,,,,,,,,,,,,,,,,,,,,,,,,,,,,,,,,,,,
4,,Hàn Hải Nguyên,tertiary,1552,,,tertiary,,,,,Hàn Hải Nguyên,,,,,,,"[5772562989, 4950067583, 3159362715, 4932516767, 4932516765, 4932516763, 4932516760, 4932516757, 3159362716, 5044255960, 366424990, 4929127597, 4929127609, 4929127610, 4932516735, 4929127614, 4929127620, 4582296573, 5802717063, 366370772, 5769547266, 3159362717, 6169690268, 4932516712, 5802716324, 5001800291, 5001800288, 366441694, 5802716342]",,,,,,,,,,,,,,,,,,,,,,,,,,,,,,,,,,,,,,,,,,,,,,,,,,,,,,,,,,,,,,,,,,,,,,,,,,,,,,,,,,,,,,,,,,,,,,,,,,,,,,,,,,,,,,,,,
4,,,unclassified,1553,,,unclassified,,,,,,,,,,,,"[4528273133, 5772260912]",,,,,,,,,,,,,,,,,,,,,,,,,,,,,,,,,,,,,,,,,,,,,,,,,,,,,,,,,,,,,,,,,,,,,,,,,,,,,,,,,,,,,,,,,,,,,,,,,,,,,,,,,,,,,,,,,
2,,Phạm Hùng,primary,1554,,,primary,,,,,Phạm Hùng,,,,,,,"[5735569789, 1614510694, 2209477780, 5740297700, 5740298531, 5740320433, 1606817673, 2156215280, 5750468901, 366423043, 3232854936, 5750468909, 3232854941, 3232854947, 5750468907, 5753376255, 366440331, 3232854953, 5753376257, 3232854957, 5753376247, 5753376259, 366376524, 3232855063, 366474346, 1757015279, 5753376245, 366468377, 5753376239, 5753376225, 4614248554, 4614323731, 366384298, 5753376221, 1756975691, 4652540251, 366434639, 366417068, 5753376222, 2685998063, 5753376223, 5762941563, 1757023835, 3186096226, 2685998114, 2146838303, 5763168277, 2146838304, 2146838305, 366429054, 366389877, 366420568, 366386524, 5755038632]",,,Pham Hung,,,,,,,,,,,,,,,,,,,,,,,,,,,,,,,,,,,,,,,,,,,,,,,,,,,,,,,,,,,,,,,,,,,,,,,,,,,,,,,,,,,,,,,,,,,,,,,,,,,,,,,,,,,,,,
4,,Nguyễn Văn Lượng,unclassified,1555,,,unclassified,,,,,Nguyễn Văn Lượng,,,,,,,"[5151366707, 860316977, 5151366710, 3174416230, 4905117679, 5724806858, 5724806852, 5151366712, 5750992596, 5151366703, 5716655297, 5716655295, 5151366704, 5151366697]",,,,,,,yes,,,,,,,,,,,,,,,,,,,,,,,,,,,,,,,,,,,,,,,,,,,,,,,,,,,,,,,,,,,,,,,,,,,,,,,,,,,,,,,,,,,,,,,,,,,,,,,,,,,,,,,,,,
4,,Nguyễn Văn Lượng,unclassified,1556,,,unclassified,,,,,Nguyễn Văn Lượng,,,,,,,"[5716917499, 5716655826, 5940794244, 5716655823, 5753314602, 5753314607, 5716927897, 5716927898, 5716655825, 5940794245, 5151366715, 5151366714, 5753314604, 5151366698, 5151366696, 5151366695, 5940794113, 5940794105, 5755049001, 5755024801, 5755048997, 4950373125, 5716655296, 5920859529, 5151373983, 5151366699, 3242682812, 5151366711, 5755065957, 5755065952, 5151366701, 5755168768, 5920982716, 5151366709, 5920982712, 5920982707, 5151366702]",,,,,,,yes,,,,,,,,,,,,,,,,,,,,,,,,,,,,,,,,,,,,,,,,,,,,,,,,,,,,,,,,,,,,,,,,,,,,,,,,,,,,,,,,,,,,,,,,,,,,,,,,,,,,,,,,,,
4,,,unclassified,1557,,,unclassified,,,,,,,,,,,,"[5738535218, 5738535219, 5748373021, 5738535220, 5738538321, 5738538322, 5748373023, 5748280726, 5738538323, 5738538324, 5156683418]",,,,,,,,,,,,,,,,,,,,,,,,,,,,,,,,,,,,,,,,,,,,,,,,,,,,,,,,,,,,,,,,,,,,,,,,,,,,,,,,,,,,,,,,,,,,,,,,,,,,,,,,,,,,,,,,,
4,,Nguyễn Lương Bằng nối dài,tertiary,1558,,,tertiary,,,,,Nguyễn Lương Bằng nối dài,,,,,,,"[5811821181, 5168393219, 5168393220, 5168393221, 5168393222, 2153156644]",,,,,,,,,,,,,,,,,,,,,,,,,,Đường số 15B,,,,,,,,,,,,,,,,,,,,,,,,,,,,,,,,,,,,,,,,,,,,,,,,,,,,,,,,,,,,,,,,,,,,,,,,,,,,,,,,,,,,,,,
3,40.0,D2,secondary,1559,,,secondary,,,,,D2,,,,,,,"[5174218585, 5742140588, 4437344258]",,,,,,,yes,,,,40,,,,,,,,,,,,,,,,,,,,,,,,,,,,,,,,,,,,,,,,,,,,,,,,,,,,,,,,,,,,,,,,,,,,,,,,,,,,,,,,,,,,,,,,,,,,,,,,,,,,,,
2,,,primary,1560,,,primary,,,,,,,,,,,,"[4728688224, 5742675393, 5207877512, 5742675386, 3806430097, 4933638680, 5786142624, 5207877513, 4936387107]",,,,,,,yes,,,,,,,,,,,,,,,,,,,,,,,,,,,,,,,,,,,,,,,,,,,,,,,,,,,,,,,,,,,,,,,,,,,,,,,,,,,,,,,,,,,,,,,,,,,,,,,,,,,,,,,,,,
4,,,tertiary,1561,,,tertiary,,,,,,,,,,,,"[4672015057, 5326481852]",,,,,,,yes,,,,,,,,,,,,,,,,,,,,,,,,,,,,,,,,,,,,,,,,,,,,,,,,,,,,,,,,,,,,,,,,,,,,,,,,,,,,,,,,,,,,,,,,,,,,,,,,,,,,,,,,,,
2,,Đinh Tiên Hoàng,primary,1562,,,primary,,,,,Đinh Tiên Hoàng,,,,,,,"[5350664363, 5350664362, 5721574846, 5350664361, 2899892666, 5350664360, 5764779772, 5350664358, 5350664408, 5350664404, 5350664364, 5350664402, 5350664449, 5350664365, 5350664368, 5350664366, 5350664457, 5350664367, 5764999045, 5764999043, 5764793095]",,,Dinh Tien Hoang,,,,yes,,,,,,,,,,,,,,,3,,,,,,,,,,,,,,,,,,,,,,,,,,,,,,,,,,,,,,,,,,,,,,,,,,,,,,,,,,,,,,,,,,,,,,,,,,,,,,,,,,,,,,,,,,,
4,,Trần Quốc Toản,tertiary,1563,,,tertiary,,,,,Trần Quốc Toản,,,,,,,"[411918667, 5772088463, 411918658]",,,Tran Quoc Toan,,,,yes,,,陈国瓒路,,,,,,,,,,,,,,,,,,,,,,,,,,,,,,,,,,,,,,,,,,,,,,,,,,,,,,,,,,,,,,,,,,,,,,,,,,,,,,,,,,,,,,,,,,,,,,,,,,,,,,,
3,,,primary_link,1564,,,primary_link,,,,,,,,,,,,"[5350682982, 5772088464, 5350682983]",,,,,,,yes,,,,,,,,,,,,,,,,,,,,,,,,,,,,,,,,,,,,,,,,,,,,,,,,,,,,,,,,,,,,,,,,,,,,,,,,,,,,,,,,,,,,,,,,,,,,,,,,,,,,,,,,,,
4,,Trần Não,tertiary,1565,,,tertiary,,,,,Trần Não,,,,,,,"[5418455046, 5418455047, 5737996052, 5418455048, 5418455049, 5418455050, 5418455051, 5418455052, 5418455053, 5418455075, 5418455077, 5735415567]",,,,,,,yes,,,,,,,,,,,,,,,,,,,,,,,,,,,,,,,,,,,,,,,,,,,,,,,,,,,,,,,,,,,,,,,,,,,,,,,,,,,,,,,,,,,,,,,,,,,,,,,,,,,,,,,,,,
4,,Trần Não,tertiary,1566,,,tertiary,,,,,Trần Não,,,,,,,"[2692325343, 366419797, 1275842603, 366470803, 366430544, 1275842584, 1275842549, 366457105, 2038003626, 373544359]",,,,,,,yes,,,,,,,,,,,,,,,,,,,,,,,,,,,,,,,,,,,,,,,,,,,,,,,,,,,,,,,,,,,,,,,,,,,,,,,,,,,,,,,,,,,,,,,,,,,,,,,,,,,,,,,,,,
3,,Bạch Đằng,secondary,1567,,,secondary,,,,,Bạch Đằng,,,,,,,"[4008844510, 5435389888, 5435389889, 5435389890, 5435389891, 5435389892, 759599258]",,,,,,,yes,,,,,,,,,,,,,,,,,,,,,,,,,,,,,,,,,,,,,,,,,,,,,,,,,,,,,,,,,,,,,,,,,,,,,,,,,,,,,,,,,,,,,,,,,,,,,,,,,,,,,,,,,,
2,,Ngã tư An Sương,primary,1568,,,primary,,,,roundabout,Ngã tư An Sương,,,,,,,"[1611021940, 2092411475]",,,,,,,,,,,,,,,,,,,,,,,,,AH1,,,,,,,,,,,,,,,,,,,,,,,,,,,,,,,,,,,,,,,,,,,,,,,,,,,,,,,,,,,,,,,,,,,,,,,,,,,,,,,,,,,,,,,,
2,,,primary,1569,,,primary,,,,,,,,,,,,"[2210869161, 1611021940]",,,,,,,yes,,,,,,,,,,,,,,,,,,,,,,,,,,,,,,,,,,,,,,,,,,,,,,,,,,,,,,,,,,,,,,,,,,,,,,,,,,,,,,,,,,,,,,,,,,,,,,,,,,,,,,,,,,
3,,,primary_link,1570,,,primary_link,,,,,,,,,,,,"[4069480290, 5436518837, 4069480289]",,,,,,,yes,,,,,,,,,,,,,,,,,,,,,,,,,,,,,,,,,,,,,,,,,,,,,,,,,,,,,,,,,,,,,,,,,,,,,,,,,,,,,,,,,,,,,,,,,,,,,,,,,,,,,,,,,,
4,,,tertiary_link,1571,,,tertiary_link,,,,,,,,,,,,"[4069455219, 5455844751, 5455844752, 5455844753, 5455844754, 5455844755, 5455844756, 5455844757, 5455844758, 5455844759, 5455844760, 5455844761, 5455844762, 5767136356, 5455844763, 5767136262, 5455844764, 5455844765, 5455844766]",,,,,,,yes,,,,,,,,,,,,,,,,,,,,,,,,,,,,,,,,,,,,,,,,,,,,,,,,,,,,,,,,,,,,,,,,,,,,,,,,,,,,,,,,,,,,,,,,,,,,,,,,,,,,,,,,,,
3,,,trunk_link,1572,,,trunk_link,,,,,,,,,,,,"[5455910288, 4934947821, 5455910289, 5455910290, 5455910291, 5455910292, 5455910293, 5455910294, 5455910295, 5764977914]",,,,,,,yes,,,,,,,1,,,yes,,,,,,,,,,,,,,,,,,,,,,,,,,,,,,,,,,,,,,,,,,,,,,,,,,,,,,,,,,,,,,,,,,,,,,,,,,,,,,,,,,,,,,,,,,,,,,,,
4,,Lê Văn Chí,tertiary,1573,,,tertiary,,,,,Lê Văn Chí,,,,,,,"[5755653753, 2024972764]",,,,,,,,,,,,,,,,,,,,,,,,,,,,,,,,,,,,,,,,,,,,,,,,,,,,,,,,,,,,,,,,,,,,,,,,,,,,,,,,,,,,,,,,,,,,,,,,,,,,,,,,,,,,,,,,,
4,,,tertiary,1574,,,tertiary,,,,,,,,,,,,"[366468341, 5772269447, 5778217325, 5778217284, 5778217283, 5778313435, 5778271885, 4501735859]",,,,,,,yes,,,,,,,,,,,,,,,,,,,,,,,,,,,,,,,,,,,,,,,,,,,,,,,,,,,,,,,,,,,,,,,,,,,,,,,,,,,,,,,,,,,,,,,,,,,,,,,,,,,,,,,,,,
4,,Nguyễn Văn Bá,tertiary,1575,,,tertiary,,,,,Nguyễn Văn Bá,,,,,,,"[2024972894, 2024972787]",,,Nguyen Van Ba,,,,,,,,,,,,,,,,,,,,,,,,,,,,,,,,,,,,,,,,,,,,,,,,,,,,,,,,,,,,,,,,,,,,,,,,,,,,,,,,,,,,,,,,,,,,,,,,,,,,,,,,,,,,,,
3,,,trunk_link,1576,,,trunk_link,,,,,,,,,,,,"[5456057293, 5456057294, 5456057295, 5456057296, 5456057297, 5456057298, 5456057299, 5456057300, 2028465897]",,,,,,,yes,,,,,,,,,,,,,,,,,,,,,,,,,,,,,,,,,,,,,,,,,,,,,,,,,,,,,,,,,,,,,,,,,,,,,,,,,,,,,,,,,,,,,,,,,,,,,,,,,,,,,,,,,,
2,,,primary,1577,,,primary,,,,,,,,,,,,"[5456057293, 5416575918, 5735574231, 5735574235, 5416575920, 5416576521, 5456033304, 5416576522, 5456033303, 5416576523, 5456057292, 5614661175, 5614661176, 5614661177, 5614661178, 5614661179, 5614661180, 5023308664]",,,,,,,yes,,,,,,,,,,,,,,,,,,,,,,,,,designated,,,,,,,,,,,,,,,,,,,,,,,,,,,,,,,,,,,,,,,,,,,,,,,,,,,,,,,,,,,,,,,,,,,,,,,,,,,,,,,,,
3,,,trunk_link,1578,,,trunk_link,,,,,,,,,,,,"[2443916534, 2891272513, 2443916532, 2891272512, 2443916531, 2891272511]",,,,,,,yes,,,,,,,,,,,,,,,,,,,,,,,,,,,,,,,,,,,,,,,,,,,,,,,,,,,,,,,,,,,,,,,,,,,,,,,,,,,,,,,,,,,,,,,,,,,,,,,,,,,,,,,,,,
2,,,primary,1579,,,primary,,,,,,,,,,,,"[5023308664, 5737884654, 5456094849]",,,,,,,yes,,,,,,,,,,,,,,,,,,,,,,,,,,,,,,,,,,,,,,,,,,,,,,,,,,,,,,,,,,,,,,,,,,,,,,,,,,,,,,,,,,,,,,,,,,,,,,,,,,,,,,,,,,
3,,,trunk_link,1580,,,trunk_link,,,,,,,,,,,,"[1834117114, 5456094853, 5456094854, 5456094855, 5456094852]",,,,,,,yes,,,,,,,,,,,,,,,,,,,,,,,,,,,,,,,,,,,,,,,,,,,,,,,,,,,,,,,,,,,,,,,,,,,,,,,,,,,,,,,,,,,,,,,,,,,,,,,,,,,,,,,,,,
1,80.0,Xa lộ Hà Nội,trunk,1581,,,trunk,,,,,Xa lộ Hà Nội,,,,,,,"[4066307266, 1834117098, 676038646, 676038658, 676038668, 4066319844, 366386176, 4066319843, 366430495, 366450723, 366437928, 366381090, 366417452, 4066319838, 4066319839, 5735567932]",,,,QL.52,,,yes,,asphalt,,80,,,,,,,,,,,,yes,,,,,,,,,yes,,,,,,,,,,,,,,,,,,,,,,,,,,,,,,,,,,,,,,,,,,,,,,,,,,,,,,,,,,,,,,,,,,,,,,,,,,,,,,,,,
1,80.0,Xa lộ Hà Nội,trunk,1582,,,trunk,,,,,Xa lộ Hà Nội,,,,,,,"[366399883, 4066307266]",,,,QL.52,,,yes,,asphalt,,80,,,,,,,,,,,,yes,,,,,,,,,yes,,,,,,,,,,,,,,,,,,,,,,,,,,,,,,,,,,,,,,,,,,,,,,,,,,,,,,,,,,,,,,,,,,,,,,,,,,,,,,,,,
3,,,trunk_link,1583,,,trunk_link,,,,,,,,,,,,"[5456094849, 5456119247, 5456119248, 5456119249, 5456119250, 366399883]",,,,,,,yes,,,,,,,,,,,,,,,,,,,,,,,,,,,,,,,,,,,,,,,,,,,,,,,,,,,,,,,,,,,,,,,,,,,,,,,,,,,,,,,,,,,,,,,,,,,,,,,,,,,,,,,,,,
3,,Trường Sơn,secondary,1584,,,secondary,,,,,Trường Sơn,,,,,,,"[5735306180, 5755563500, 5755563503, 2077773996, 366463689, 2077773651, 2077773685, 2077773933, 4035870279, 5721685976, 366367839, 2077773723, 366369078, 3169684690, 1335443467, 366406232]",,,,,,,yes,,,,,,,,,,,,,,,,,,,,,,,,,,,,,,,,,,,,,,,,,,,,,,,,,,,,,,,,,,,,,,,,,,,,,,,,,,,,,,,,,,,,,,,,,,,,,,,,,,,,,,,,,,
3,,Trường Sơn,secondary,1585,,,secondary,,,,,Trường Sơn,,,,,,,"[2072605346, 2072605305]",,,,,,,yes,,,,,,,,,,,,,,,,,,,,,,,,,,,,,,,,,,,,,,,,,,,,,,,,,,,,,,,,,,,,,,,,,,,,,,,,,,,,,,,,,,,,,,,,,,,,,,,,,,,,,,,,,,
3,,Trường Sơn,secondary,1586,,,secondary,,,,,Trường Sơn,,,,,,,"[2072605305, 5725018956, 773533475]",,,,,,,yes,,,,,,,,,,,,,,,,,,,,,,,,,,,,,,,,,,,,,,,,,,,,,,,,,,,,,,,,,,,,,,,,,,,,,,,,,,,,,,,,,,,,,,,,,,,,,,,,,,,,,,,,,,
3,,,secondary_link,1587,,,secondary_link,,,,,,,,,,,,"[5462156836, 2077773872, 2077773793, 2077773782, 2077773678, 5462156838, 366450497]",,,,,,,yes,,,,,,,,,,,,,,,,,,,,,,,,,,,,,,,,,,,,,,,,,,,,,,,,,,,,,,,,,,,,,,,,,,,,,,,,,,,,,,,,,,,,,,,,,,,,,,,,,,,,,,,,,,
3,,Trần Quốc Hoàn,secondary,1588,,,secondary,,,,,Trần Quốc Hoàn,,,,,,,"[366450497, 1404352928, 366437635]",,,,,,,yes,,,,,,,,,,,,,,,,,,,,,,,,,,,,,,,,,,,,,,,,,,,,,,,,,,,,,,,,,,,,,,,,,,,,,,,,,,,,,,,,,,,,,,,,,,,,,,,,,,,,,,,,,,
3,,Trường Sơn,secondary,1589,,,secondary,,,,,Trường Sơn,,,,,,,"[2077773917, 366450497]",,,,,,,yes,,,,,,,,,,,,,,,,,,,,,,,,,,,,,,,,,,,,,,,,,,,,,,,,,,,,,,,,,,,,,,,,,,,,,,,,,,,,,,,,,,,,,,,,,,,,,,,,,,,,,,,,,,
2,,,primary,1590,,,primary,,,,,,,,,,,,"[2079964235, 5462219224, 5462219223, 5462219222]",,,,,,,yes,,,,,,,,,,,,,,,,,,,,,,,,,,,,,,,,,,,,,,,,,,,,,,,,,,,,,,,,,,,,,,,,,,,,,,,,,,,,,,,,,,,,,,,,,,,,,,,,,,,,,,,,,,
2,,,primary,1591,,,primary,,,,,,,,,,,,"[5462219222, 2079964945]",,,,,,,yes,,,,,,,,,,,,,,,,,,,,,,,,,,,,,,,,,,,,,,,,,,,,,,,,,,,,,,,,,,,,,,,,,,,,,,,,,,,,,,,,,,,,,,,,,,,,,,,,,,,,,,,,,,
4,,Phạm Văn Bạch,tertiary,1592,,,tertiary,,,,,Phạm Văn Bạch,,,,,,,"[5462237878, 366371716, 366421547, 5735881859, 5735879413, 366473083, 5737768138, 5737768139, 5725079928, 5112594985, 366386004]",,,,,,,no,,,,,,,,,,,,,,,,,,,,,,,,,,,,,,,,,,,,,,,,,,,,,,,,,,,,,,,,,,,,,,,,,,,,,,,,,,,,,,,,,,,,,,,,,,,,,,,,,,,,,,,,,,
3,60.0,Trường Chinh,secondary,1593,,,secondary,,,,,Trường Chinh,,,,,,,"[2091954788, 2091954927, 3153973652, 2091954954, 5740748945, 2091954816, 4069480297, 2091954952, 5748361914, 5748361919, 5088912876, 3153973654, 2091954817, 2276493875, 2276515363, 5303276381, 2276493864, 5303276397, 3153973655, 5748758508, 2091954820, 5088905861, 5303276420, 5303276421, 4069480294, 5303276408, 5303276404, 5303276399, 5303276427, 3153973657, 2289948703, 3153992147, 5752935395, 2091954946]",,,,,,,yes,,,,60,,,,,,,,,,,,,,,,,,,,,,,,,,,,,,,,,,,,,,,,,,,,,,,,,,,,,,,,,,,,,,,,,,,,,,,,,,,,,,,,,,,,,,,,,,,,,,,,,,,,,,
2,80.0,Trường Chinh,primary,1594,,,primary,,,,,Trường Chinh,,,,,,,"[2091954780, 2091954766, 4069480301, 4069480300, 5740748946, 2091954837, 4069480296, 2091954814, 2091954748, 4069480295, 2091954856, 4069480293, 4069480292, 5436382698, 2091954946]",,,Truong Chinh,,,,yes,,,,80,,,,,,,,,,,,,,,,,,,,,,,,,,,,,,,,,,,,,,,,,,,,,,,,,,,,,,,,,,,,,,,,,,,,,,,,,,,,,,,,,,,,,,,,,,,,,,,,,,,,,,
2,80.0,Trường Chinh,primary,1595,,,primary,,,,,Trường Chinh,,,,,,,"[5462256012, 366421621]",,,Truong Chinh,,,,yes,,,,80,,,,,,,,,,,,,,,,,,,,,,,,,,,,,,,,,,,,,,,,,,,,,,,,,,,,,,,,,,,,,,,,,,,,,,,,,,,,,,,,,,,,,,,,,,,,,,,,,,,,,,
2,,3 Tháng 2,primary,1596,,,primary,,,,,3 Tháng 2,,,,,,,"[4629703851, 4629703854, 5462344907, 5757841617, 4629703864]",,,3 Thang 2,,,,yes,,,,,yes,yes,,,,,,,,no,,,,,,,,,,,,,,,,,,,,,,,,,,,,yes,,,,,,,,,,,,,,,,,,,,,,,,,,,,,,,,,,,,,,,,,,,,,,,,,,,,,,,,,,,,,,,,
2,,3 Tháng 2,primary,1597,,,primary,,,,,3 Tháng 2,,,,,,,"[4629359719, 2999030272, 2433653223, 2999030270, 4629703859, 4629703855, 4629359734, 4629703866, 5757739024, 5757739022, 4629359733]",,,,,,,yes,,,,,no,yes,,,,,,,,no,,,,,,,,,,,,,,,,,,,,,,,,,,,,designated,,,,,,,,,,,,,,,,,,,,,,,,,,,,,,,,,,,,,,,,,,,,,,,,,,,,,,,,,,,,,,,,
2,,,primary,1598,,,primary,,,,,,,,,,,,"[4629359719, 5462282627, 5462282628, 5462282629, 5462282630, 5462282631, 2433653213]",,,,,,,yes,,,,,,,,,,,,,,,,,,,,,,,,,,,,,,,,,,,,,,,,,,,,,,,,,,,,,,,,,,,,,,,,,,,,,,,,,,,,,,,,,,,,,,,,,,,,,,,,,,,,,,,,,,
4,,,tertiary,1599,,,tertiary,,,,,,,,,,,,"[5058499910, 2433276952]",,,,,,,,,,,,,,,,,,,,,,,,,,,,,,,,,,,,,,,,,,,,,,,,,,,,,,,,,,,,,,,,,,,,,,,,,,,,,,,,,,,,,,,,,,,,,,,,,,,,,,,,,,,,,,,,,
3,,,primary_link,1600,,,primary_link,,,,,,,,,,,,"[5757841588, 4629703864]",,,,,,,yes,,,,,,,,,,,,,,,,,,,,,,,,,,,,,,,,,,,,,,,,,,,,,,,,,,,,,,,,,,,,,,,,,,,,,,,,,,,,,,,,,,,,,,,,,,,,,,,,,,,,,,,,,,
3,,,primary_link,1601,,,primary_link,,,,,,,,,,,,"[4629703863, 5757841588]",,,,,,,yes,,,,,,,,,,,,,,,,,,,,,,,,,,,,,,,,,,,,,,,,,,,,,,,,,,,,,,,,,,,,,,,,,,,,,,,,,,,,,,,,,,,,,,,,,,,,,,,,,,,,,,,,,,
2,,3 Tháng 2,primary,1602,,,primary,,,,,3 Tháng 2,,,,,,,"[4629359733, 2841264942]",,Quan 11,3 Thang 2,,,,yes,,,,,,,,,,,,,,,,,,,,,,,,,,,,,,,,,,,,,,,,,,,,,,,,,,,,,,,,,,,,,,,,,,,,,,,,,,,,,,,,,,,,,,,,,,,,,,,,,,,,,,,,,,
3,,,primary_link,1603,,,primary_link,,,,,,,,,,,,"[5462344911, 2841264942]",,,,,,,yes,,,,,,,,,,,,,,,,,,,,,,,,,,,,,,,,,,,,,,,,,,,,,,,,,,,,,,,,,,,,,,,,,,,,,,,,,,,,,,,,,,,,,,,,,,,,,,,,,,,,,,,,,,
2,,,primary,1604,,,primary,,,,,,,,,,,,"[366473383, 5462344912]",,,,,,,yes,,,,,,,,,,,,,,,,,,,,,,,,,,,,,,,,,,,,,,,,,,,,,,,,,,,,,,,,,,,,,,,,,,,,,,,,,,,,,,,,,,,,,,,,,,,,,,,,,,,,,,,,,,
3,,,primary_link,1605,,,primary_link,,,,,,,,,,,,"[5462344912, 5462344911]",,,,,,,yes,,,,,,,,,,,,,,,,,,,,,,,,,,,,,,,,,,,,,,,,,,,,,,,,,,,,,,,,,,,,,,,,,,,,,,,,,,,,,,,,,,,,,,,,,,,,,,,,,,,,,,,,,,
2,,,primary,1606,,,primary,,,,,,,,,,,,"[5462344912, 4629359730]",,,,,,,yes,,,,,,,,,,,,,,,,,,,,,,,,,,,,,,,,,,,,,,,,,,,,,,,,,,,,,,,,,,,,,,,,,,,,,,,,,,,,,,,,,,,,,,,,,,,,,,,,,,,,,,,,,,
2,,3 Tháng 2,primary,1607,,,primary,,,,,3 Tháng 2,,,,,,,"[2841264942, 2433653225]",,Quan 11,3 Thang 2,,,,yes,,,,,,,,,,,,,,,,,,,,,,,,,,,,,,,,,,,,,,,,,,,,,,,,,,,,,,,,,,,,,,,,,,,,,,,,,,,,,,,,,,,,,,,,,,,,,,,,,,,,,,,,,,
3,,,secondary_link,1608,,,secondary_link,,,,,,,,,,,,"[5462393780, 5462393779, 5462393778, 5462393777, 5462393776, 5462393775]",,,,,,,yes,,,,,,,,,,,,,,,,,,,,,,,,,,,,,,,,,,,,,,,,,,,,,,,,,,,,,,,,,,,,,,,,,,,,,,,,,,,,,,,,,,,,,,,,,,,,,,,,,,,,,,,,,,
3,,,primary_link,1609,,,primary_link,,,,,,,,,,,,"[5462422179, 5462422180, 5462422181, 5462422182, 5462422183, 5462422184, 5462422185, 5462422186, 5462422187, 5462422188, 2358140872]",,,,,,,yes,,,,,,,1,,,yes,,,,,,,,,,,,,,,,,,,,,,,,,,,,,,,,,,,,,,,,,,,,,,,,,,,,,,,,,,,,,,,,,,,,,,,,,,,,,,,,,,,,,,,,,,,,,,,,
3,,,primary_link,1610,,,primary_link,,,,,,,,,,,,"[5462422189, 5462422190, 5462422191, 5462422192, 5462422193, 5462422194, 5462422195, 5462422196, 5462422197, 5462422198, 5462422199, 5462422200, 5462422201, 5462422202, 5462422203, 5462422204, 5462422205]",,,,,,,yes,,,,,,,1,,,yes,,,,,,,,,,,,,,,,,,,,,,,,,,,,,,,,,,,,,,,,,,,,,,,,,,,,,,,,,,,,,,,,,,,,,,,,,,,,,,,,,,,,,,,,,,,,,,,,
4,,Đường D4,tertiary,1611,,,tertiary,,,,,Đường D4,,,,,,,"[1997301769, 5800435968, 5464034524]",,,,,,,,,,,,,,,,,,,,,,,,,,,,,,,,,,,,,,,,,,,,,,,,,,,,,,,,,,,,,,,,,,,,,,,,,,,,,,,,,,,,,,,,,,,,,,,,,,,,,,,,,,,,,,,,,
2,,Dương Bá Trạc,primary,1612,,,primary,,,,,Dương Bá Trạc,,,,,,,"[2468452120, 366380783]",,,,,,,yes,,,,,,,,,,,,,,,,,,,,,,,,,,,,,,,,,,,,,,,,,,,,,,,,,,,,,,,,,,,,,,,,,,,,,,,,,,,,,,,,,,,,,,,,,,,,,,,,,,,,,,,,,,
4,,Lê Duẩn,tertiary,1613,,,tertiary,,,,,Lê Duẩn,,,,,,,"[2232954404, 4600196007, 5742997204, 411926034, 4600196006, 701757066, 5740324108, 411925975, 5740324107]",,,,,,,yes,,,,,,,,,,,,,,,,,,,,,,,,,,,,,,,,,,,,,,,,,,,,,,,,,,,,,,,,,,,,,,,,,,,,,,,,,,,,,,,,,,,,,,,,,,,,,,,,,,,,,,,,,,
4,,,tertiary,1614,,,tertiary,,,,roundabout,,,,,,,,"[5467207458, 4649998646, 5467207459, 5467207460, 5467207445, 5467207461, 5467207462, 5467207446, 5467207447, 5467207448, 701757055, 5467207449, 5467207454, 5467207455, 5467207456, 5467207457, 5467207450, 2232954404, 5467207451, 5467207452, 5467207453, 5467207458]",,,,,,,yes,,,,,,,,,,,,,,,,,,,,,,,,,,,,,,,,,,,,,,,,,,,,,,,,,,,,,,,,,,,,,,,,,,,,,,,,,,,,,,,,,,,,,,,,,,,,,,,,,,,,,,,,,,
2,,Nguyễn Thái Sơn,primary,1615,,,primary,,,,,Nguyễn Thái Sơn,,,,,,,"[2496916474, 366373152, 5786407165, 3167039164, 5737956399, 4719951877, 5786407184, 1401875313, 5737956394, 5737956359, 5737956398, 5786407192, 860317023, 5738008436, 5786407225, 1392022048, 5738573573, 701670566, 3167044461, 5789200188, 366388401]",,,,,,,yes,,,,,,,,,,,,no,no,,,,,,,,,,,,,,,,,,,,,,,,,,,,,,,,,,,,,,,,,,,,,,,,,,,,,,,,,,,,,,,,,,,,,,,,,,,,,,,,,,,,,,,,,,,,,
3,,,secondary,1616,,,secondary,,,,roundabout,,,,,,,,"[5467216161, 1894612406, 5467216162, 5467216163, 5467216164, 5467216149, 5467216150, 5467216151, 5467216152, 5467216156, 5467216157, 1894612132, 5467216158, 5467216159, 5467216160, 366418474, 1894612445, 5467216153, 5467216154, 5467216155, 5467216161]",,,,,,,yes,,,,,,,,,,,,,,,,,,,,,,,,,,,,,,,,,,,,,,,,,,,,,,,,,,,,,,,,,,,,,,,,,,,,,,,,,,,,,,,,,,,,,,,,,,,,,,,,,,,,,,,,,,
2,,,primary,1617,,,primary,,,,,,,,,,,,"[4595648039, 4595648040]",,,,,,,yes,,,,,,,,,,,,,,,,,,,,,,,,,,,,,,,,,,,,,,,,,,,,,,,,,,,,,,,,,,,,,,,,,,,,,,,,,,,,,,,,,,,,,,,,,,,,,,,,,,,,,,,,,,
2,,Trường Chinh,primary,1618,,,primary,,,,,Trường Chinh,,,,,,,"[2409408738, 2409408731, 2409408745, 2409408737, 3152632052, 2491883774, 2409410632, 3771486714, 5765346236, 2409408742, 2409408741, 3152632054, 2409410636, 2409408735, 2409408744, 2409408739, 3152632056, 2409408743, 2409410633]",,,,,,,yes,,,,,,,,,,,,,,,,,,,,,,,,,,,,,,,,,,,,,,,,,,,,,,,,,,,,,,,,,,,,,,,,,,,,,,,,,,,,,,,,,,,,,,,,,,,,,,,,,,,,,,,,,,
2,,Xuân Hồng,primary,1619,,,primary,,,,,Xuân Hồng,,,,,,,"[2409408738, 1522608526]",,,,,,,,,,,,,,,,,,,,,,,,,,,,,,,,,,,,,,,,,,,,,,,,,,,,,,,,,,,,,,,,,,,,,,,,,,,,,,,,,,,,,,,,,,,,,,,,,,,,,,,,,,,,,,,,,
2,,,primary,1620,,,primary,,,,roundabout,,,,,,,,"[5721506217, 5467459910, 5467459897, 5467459898, 5721506216, 5467463651, 5467459899, 3642303456, 5467459900, 5467459901, 3642303455, 5467459902, 5467459907, 5467459908, 5467463649, 5467459909, 5467463648, 5467459903, 5467459904, 3642303439, 5467459905, 5467459906, 5467463646, 5721506217]",,,,,,,yes,,,,,,,,,,,,,,,,,,,,,,,,,,,,,,,,,,,,,,,,,,,,,,,,,,,,,,,,,,,,,,,,,,,,,,,,,,,,,,,,,,,,,,,,,,,,,,,,,,,,,,,,,,
2,,,primary,1621,,,primary,,,,roundabout,,,,,,,,"[5467501941, 5742410693, 4067978570, 5467501942, 5467501943, 5467501944, 3641987810, 5467501945, 5467501946, 5467489729, 5467501947, 5467501948, 5467501957, 5467501958, 2418505278, 5742410691, 5467501950, 5467501951, 5467501952, 2965453043, 5467501953, 5467501954, 2965453041, 5467501955, 5467501956, 5467501941]",,,,,,,yes,,,,,,,,,,,,,,,,,,,,,,,,,,,,,,,,,,,,,,,,,,,,,,,,,,,,,,,,,,,,,,,,,,,,,,,,,,,,,,,,,,,,,,,,,,,,,,,,,,,,,,,,,,
2,60.0,Phạm Văn Đồng,primary,1622,,,primary,,,,,Phạm Văn Đồng,,,,,,,"[5740707056, 4053262397, 4053262405, 2495735757]",,,,,,,yes,,,,60,,,2,,,,,,,,,,,,,,,,,,,,,,,,,,,,,,,,,,,,,,,,,,,,,,,,,,,,,,,,,,,,,,,,,,,,,,,,,,,,,,,,,,,,,,,,,,,,,,,,,,,
2,60.0,Phạm Văn Đồng,primary,1623,,,primary,,,,,Phạm Văn Đồng,,,,,,,"[4053262403, 4053262399, 4447252167]",,,,,,,yes,,,,60,,,1,,,yes,,,,,,,,,,,,,,,,,,,,,,,,,,,,,,,,,,,,,,,,,,,,,,,,,,,,,,,,,,,,,,,,,,,,,,,,,,,,,,,,,,,,,,,,,,,,,,,,
3,40.0,Phạm Văn Đồng,secondary,1624,,,secondary,,,,,Phạm Văn Đồng,,,,,,,"[3641972818, 3641972797, 5779433091, 5779433092, 2493364033, 2493364053]",,,,,,,yes,,,,40,,,,,,,,,,,,yes,,,,,,,,,,,,,,,,,,,,,,,,,,,,,,,,,,,,,,,,,,,,,,,,,,,,,,,,,,,,,,,,,,,,,,,,,,,,,,,,,,,,,,,,,,
4,,Nguyễn Xí,tertiary,1625,,,tertiary,,,,,Nguyễn Xí,,,,,,,"[4067989169, 2493363845]",,,,,,,,,,,,,,,,,,,,,,,,,,,,,,,,,,,,,,,,,,,,,,,,,,,,,,,,,,,,,,,,,,,,,,,,,,,,,,,,,,,,,,,,,,,,,,,,,,,,,,,,,,,,,,,,,
3,40.0,Phạm Văn Đồng,secondary,1626,,,secondary,,,,,Phạm Văn Đồng,,,,,,,"[3641972801, 2493366326]",,,,,,,yes,,,,40,,,1,,,yes,,,,,,yes,,,,,,,,,,,,,,,,,,,,,,,,,,,,,,,,,,,,,,,,,,,,,,,,,,,,,,,,,,,,,,,,,,,,,,,,,,,,,,,,,,,,,,,,,,
3,,,primary_link,1627,,,primary_link,,,,,,,,,,,,"[5468478166, 4068017788, 1958801700, 4068017786, 1958801698, 1958801702, 1958801708]",,,,,,,yes,,,,,,,,,,,,,,,,,,,,,,,,,,,,,,,,,,,,,,,,,,,,,,,,,,,,,,,,,,,,,,,,,,,,,,,,,,,,,,,,,,,,,,,,,,,,,,,,,,,,,,,,,,
2,,Quốc lộ 1K,primary,1628,,,primary,,,,,Quốc lộ 1K,,,,,,,"[2951396134, 5753222943, 5753222925, 5755066033, 5753222922, 2951390229, 5755066032, 5753222931, 2941425688, 5753222935, 3117088708, 2941425687, 366472232, 2941425686, 5748687508, 2941425685, 5748687506, 4466971577, 5748687505, 2941425684, 2941425683, 5748687500, 5748687481, 2941425682, 5468493460, 5748687491, 2941425681, 2941425680, 2941425679, 5748797426, 2941425678, 366387669, 2941425677, 5740745421, 2948302682, 2941425676, 5740745336, 2941425675, 5740745419, 2948302679, 2941425674, 2948302677, 2941425673, 2945629801, 2945730815, 2945629800, 2941425672, 2945629805, 2945629793, 2941425671, 2945629810]",,,,1K,,,yes,,,,,,,,,,,,,,,,,,,,,,,,,,,,,,,,,,,,,,,,,,,,,,,,,,,,,,,,,,,,,,,,,,,,,,,,,,,,,,,,,,,,,,,,,,,,,,,,,,,,,,,,,,
2,,Quốc lộ 1K,primary,1629,,,primary,,,,,Quốc lộ 1K,,,,,,,"[2951396133, 2941435843, 2941435736, 2941435816, 2941435717, 3117088686, 2941435895, 366435507, 2941435859, 3792257822, 2941435778, 2941435739, 3792257807, 3792257799, 2941435931, 5753492064, 3792257769]",,,,1K,,,yes,,,,,,,,,,,,,,,,,,,,,,,,,,,,,,,,,,,,,,,,,,,,,,no,,,,,,,,,,,,,,,,,,,,,,,,,,,,,,,,,,,,,,,,,,,,,,,,,,,,,,,,,,,,
3,,,primary_link,1630,,,primary_link,,,,,,,,,,,,"[2951396133, 2951396134]",,,,,,,,,,,,,,,,,,,,,,,,,,,,,,,,,,,,,,,,,,,,,,,,,,,,,,,,,,,,,,,,,,,,,,,,,,,,,,,,,,,,,,,,,,,,,,,,,,,,,,,,,,,,,,,,,
2,,Quốc lộ 1K,primary,1631,,,primary,,,,,Quốc lộ 1K,,,,,,,"[2945730814, 2941435967, 2941435849, 2941435578, 2941435871, 2941435585, 5740745348, 2941435790, 5740745424, 5468493461, 2941435899, 5740745428, 2941435962, 2941435977, 2941435846, 366459841, 2941435784, 2941435950, 5748687509, 5748687512, 366402337, 5748687822, 366472266, 5748797180, 2941435788, 5748687823, 5748687834, 5748687830, 2941435735, 5468493459, 5748687825, 366459256, 2941435909, 4938462713, 5753222938, 2941435951, 5753360158, 5753492038, 366403668, 2941435868, 2951396133]",,,,1K,,,yes,,,,,,,,,,,,,,,,,,,,,,,,,,,,,,,,,,,,,,,,,,,,,,no,,,,,,,,,,,,,,,,,,,,,,,,,,,,,,,,,,,,,,,,,,,,,,,,,,,,,,,,,,,,
4,,Vườn Lài,tertiary,1632,,,tertiary,,,,,Vườn Lài,,,,,,,"[3298523157, 5653129658, 5757656961, 5653129659]",,,,,,,yes,,,,,,,,,,,,,,,,,,,,,,,,,,,,,,,,,,,,,,,,,,,,,,,,,,,,,,,,,,,,,,,,,,,,,,,,,,,,,,,,,,,,,,,,,,,,,,,,,,,,,,,,,,
2,,Hầm chui An Sương - N1,primary,1633,,,primary,,,,,Hầm chui An Sương - N1,,,,,,no,"[5470917628, 5436382700, 5470917629]",,,,,,,yes,,,,,,,,,,,,,,,,,,,,,,,,,,,,,,,,,,,,,,,,,,,,,,,,,,,,,,,,,,,,,,,,,,,,,,,,,,,,,,,,,,,,,,,,,,,,,,,,,,,,,,,,,,
2,,Nguyễn Thị Định,primary,1634,,,primary,,,,,Nguyễn Thị Định,,,,,,,"[5473135702, 5614661436, 366416529]",,,,,,,yes,,,,,,,,,,,,,,,,,,,,,,,,,,,,,,,,,,,,,,,,,,,,,,,,,,,,,,,,,,,,,,,,,,,,,,,,,,,,,,,,,,,,,,,,,,,,,,,,,,,,,,,,,,
3,,Hầm chui Mỹ Thủy,secondary,1635,,,secondary,,,,,Hầm chui Mỹ Thủy,,,,,,,"[2321477476, 5473139855, 5473139856, 5473139857, 5473139858, 5473139859, 5473139860, 5473139861, 5473139862, 5473139863, 5473139864, 5473139865]",,,,,,,yes,,,,,,,-1,,,,,,,,,,,,,,,,,,,,,,,,,,,,,,,,,,,,,,,,,,,,,,,,,,,,,,,,,,,,,,,,,,,,,,,,,,,,yes,,,,,,,,,,,,,,,,,,,,,,,
3,,Nguyễn Thị Định,secondary,1636,,,secondary,,,,,Nguyễn Thị Định,,,,,,,"[5733481184, 3056709333, 5733481182, 366415066, 5473139866, 5772260820, 5733481183, 5614661191, 5614661421, 5772238053, 5614661194, 5772237997, 5614661195, 5614661220, 5614661196, 5614661197, 5614661198, 5614661199, 5614661200, 5733215590, 5614661201, 5614661202, 5614661205, 5614661203, 5614661204, 5733109174]",,,,,,,yes,,,,,,,,,,,,,,,,,,,,,,,,,,,,,,,,,,,,,,,,,,,,,,,,,,,,,,,,,,,,,,,,,,,,,,,,,,,,,,,,,,,,,,,,,,,,,,,,,,,,,,,,,,
1,,Vòng xoay Mỹ Thủy,trunk,1637,,,trunk,,,,roundabout,Vòng xoay Mỹ Thủy,,,,,,,"[5473175306, 5473175307, 5473175308, 5473175309, 5733481184, 5473175311, 5473175312, 5473175313, 5473175314, 5473175315, 5473175317, 5473175318, 5473181554, 5473175319, 5473175320, 2967125545, 5733535221, 5733535251, 5473218491, 5473176322, 5473176323, 5473218490, 5473176324, 5473176325, 5473176326, 5473175306]",,,,,,,yes,,,,,,,,,,,,,,,,,,,,,,,,,,,,,,,,,,,,,,,,,,,,,,,,,,,,,,,,,,,,,,,,,,,,,,,,,,,,,,,,,,,,,,,,,,,,,,,,,,,,,,,,,,
3,,,primary_link,1638,,,primary_link,,,,,,,,,,,,"[2256735446, 5475876064]",,,,,,,yes,,,,,,,,,,,,,,,,,,,,,,,,,,,,,,,,,,,,,,,,,,,,,,,,,,,,,,,,,,,,,,,,,,,,,,,,,,,,,,,,,,,,,,,,,,,,,,,,,,,,,,,,,,
3,,Nguyễn Thị Định,secondary,1639,,,secondary,,,,,Nguyễn Thị Định,,,,,,,"[5733215775, 5733109173, 1834407904, 1833373253, 1834407956, 1834408065, 366404002, 3178488391, 1833373280, 1833373282, 366426541, 5772237642, 3178488392, 366386635, 5735276594, 3647266739, 3647266742, 5614661192]",,,,,,,yes,,,,,,,,,,,,,,,,,,,,,,,,,,,,,,,,,,,,,,,,,,,,,,,,,,,,,,,,,,,,,,,,,,,,,,,,,,,,,,,,,,,,,,,,,,,,,,,,,,,,,,,,,,
4,,Lê Hồng Phong,tertiary,1640,,,tertiary,,,,,Lê Hồng Phong,,,,,,,"[366478078, 5598914624, 366466647]",,,,,,,yes,,,,,,,,,,,,,,,,,,,,,,,,,,,,,,,,,,,,,,,,,,,,,,,,,,,,,,,,,,,,,,,,,,,,,,,,,,,,,,,,,,,,,,,,,,,,,,,,,,,,,,,,,,
4,,Lê Hồng Phong,tertiary,1641,,,tertiary,,,,,Lê Hồng Phong,,,,,,,"[366466647, 5598914623, 5805831194, 5805831191, 5598914625, 5806315851, 366478078]",,,,,,,yes,,,,,,,,,,,,,,,,,,,,,,,,,,,,,,,,,,,,,,,,,,,,,,,,,,,,,,,,,,,,,,,,,,,,,,,,,,,,,,,,,,,,,,,,,,,,,,,,,,,,,,,,,,
4,,Lê Hồng Phong,tertiary,1642,,,tertiary,,,,,Lê Hồng Phong,,,,,,,"[4614090210, 5817378546, 5045656679, 5045656681, 5045656686, 5045656696, 5045656689, 3185762980, 5045656697, 3342060865, 366432033]",,,Le Hong Phong Street,,,,yes,,,,,,,,,,,,,,,,,,,,,,,,,,,,,,,,,,,,,,,,,,,,,,,,,,,,,,,,,,,,,,,,,,,,,,,,,,,,,,,,,,,,,,,,,,,,,,,,,,,,,,,,,,
4,,Lê Hồng Phong,tertiary,1643,,,tertiary,,,,,Lê Hồng Phong,,,,,,,"[4614090211, 5598915314, 5598915312, 5598915315, 5817378544, 5817378545, 4614090210]",,,Le Hong Phong Street,,,,yes,,,,,,,,,,,,,,,,,,,,,,,,,,,,,,,,,,,,,,,,,,,,,,,,,,,,,,,,,,,,,,,,,,,,,,,,,,,,,,,,,,,,,,,,,,,,,,,,,,,,,,,,,,
4,,Nguyễn Chí Thanh,tertiary,1644,,,tertiary,,,,,Nguyễn Chí Thanh,,,,,,,"[5788927104, 5803536180, 5803536173, 5788927103, 5788927102, 5794857261, 5788927101, 5788927100, 5788927099, 5788927098, 5788927097, 5794884018, 5795371715, 5794854833, 5794854832]",,,,,,,yes,,,,,,,,,,,,,,,,,,,,,,,,,,,,,,,,,,,,,,,,,,,,,,,,,,,,,,,,,,,,,,,,,,,,,,,,,,,,,,,,,,,,,,,,,,,,,,,,,,,,,,,,,,
4,,Nguyễn Chí Thanh,tertiary,1645,,,tertiary,,,,,Nguyễn Chí Thanh,,,,,,,"[5794854832, 5794854834, 5794884021, 5598916998, 5598916999, 5598917001, 5598917002, 5794771153]",,,,,,,yes,,,,,,,,,,,,,,,,,,,,,,,,,,,,,,,,,,,,,,,,,,,,,,,,,,,,,,,,,,,,,,,,,,,,,,,,,,,,,,,,,,,,,,,,,,,,,,,,,,,,,,,,,,
3,,Nguyễn Thị Định,secondary,1646,,,secondary,,,,,Nguyễn Thị Định,,,,,,,"[5733109178, 5733109175, 5733215774, 5733215775]",,,,,,,yes,,,,,,,,,,,,,,,,,,,,,,,,,,,,,,,,,,,,,,,,,,,,,,,,,,,,,,,,,,,,,,,,,,,,,,,,,,,,,,,,,,,,,,,,,,,,,,,,,,,,,,,,,,
3,,,secondary,1647,,,secondary,,,,,,,,,,,,"[5733109174, 5599264336, 5599264334, 5733109178]",,,,,,,yes,,,,,,,,,,,,,,,,,,,,,,,,,,,,,,,,,,,,,,,,,,,,,,,,,,,,,,,,,,,,,,,,,,,,,,,,,,,,,,,,,,,,,,,,,,,,,,,,,,,,,,,,,,
1,80.0,Cao tốc TP. Hồ Chí Minh - Long Thành - Dầu Giây,motorway,1648,,,motorway,,,,,Cao tốc TP. Hồ Chí Minh - Long Thành - Dầu Giây,,,,,,,"[5613330532, 5963124768, 5963124767, 3244536185]",,,,,,,yes,,,,80,,,1,,,yes,,,,,,,motorway,,,,,,,,,,,,,,,,,,,,,,,,,,,,,,,,,,,,,,,,,,,,,,,,,,,,,,,,,,,,,,,,,,,,,,,,,,,,,,,,,,,,,,,,,
1,,,trunk,1649,,,trunk,,,,,,,,,,,,"[1834116890, 5614661181, 5614661182, 5614661183, 5614661184, 5614661185, 5614661186]",,,,,,,yes,,,,,,,,,,,,,,,,,,,,,,,,,designated,,,,,,,,,,,,,,,,,,,,,,,,,,,,,,,,,,,,,,,,,,,,,,,,,,,,,,,,,,,,,,,,,,,,,,,,,,,,,,,,,
3,,,trunk_link,1650,,,trunk_link,,,,,,,,,,,,"[5614661184, 5614661187, 5614661188]",,,,,,,yes,,,,,,,,,,,,,,,,,,,,,,,,,,,,,,,,,,,,,,,,,,,,,,,,,,,,,,,,,,,,,,,,,,,,,,,,,,,,,,,,,,,,,,,,,,,,,,,,,,,,,,,,,,
4,,,tertiary,1651,,,tertiary,,,,,,,,,,,,"[5655390896, 5655390895, 5655389909, 5655390887, 5767341915, 5767341919, 5767404488, 5655390886]",,,,,,,yes,,,,,,,,,,,,,,,,,,,,,,,,,,,,,,,,,,,,,,,,,,,,,,,,,,,,,,,,,,,,,,,,,,,,,,,,,,,,,,,,,,,,,,,,,,,,,,,,,,,,,,,,,,
4,,,tertiary,1652,,,tertiary,,,,,,,,,,,,"[5767403843, 5767573463, 5757656973, 5767573458, 5757656974, 5767404476, 5655390888, 5767404472, 5655530160, 5767404453, 5655390889, 5655390890, 5767403852]",,,,,,,yes,,,,,,,,,,,,,,,,,,,,,,,,,,,,,,,,,,,,,,,,,,,,,,,,,,,,,,,,,,,,,,,,,,,,,,,,,,,,,,,,,,,,,,,,,,,,,,,,,,,,,,,,,,
4,,,tertiary,1653,,,tertiary,,,,,,,,,,,,"[5767404254, 5655390884, 5655390883, 5767404277, 5769850636, 5769890859, 5655390882, 5757656965, 5767403838]",,,,,,,yes,,,,,,,,,,,,,,,,,,,,,,,,,,,,,,,,,,,,,,,,,,,,,,,,,,,,,,,,,,,,,,,,,,,,,,,,,,,,,,,,,,,,,,,,,,,,,,,,,,,,,,,,,,
4,,,unclassified,1654,,,unclassified,,,,,,,,,,,,"[5671875749, 5671875748, 5671875747, 5671875746, 5750853208, 5671875745, 5671875744, 5671875743, 5671875742, 5671875741, 5671875740, 5671875739, 3137351501, 366468461, 366437267, 366477232]",,,,,,,,,,,,,,,,,,,,,,,,,,,,,,,,,,,,,,,,,,,,,,,,,,,,,,,,,,,,,,,,,,,,,,,,,,,,,,,,,,,,,,,,,,,,,,,,,,,,,,,,,,,,,,,,,
4,,Hẻm 574 Kinh Dương Vương,unclassified,1655,,,unclassified,,,,,Hẻm 574 Kinh Dương Vương,,,,,,,"[5679833260, 5762752485, 5679833261, 5752816787, 5679833271, 5679833262, 5679833265, 5679833263]",,,,,,,,,,,,,,,,,,,,,,,,,,,,,,,,,,,,,,,,,,,,,,,,,,,,,,,,,,,,,,,,,,,,,,,,,,,,,,,,,,,,,,,,,,,,,,,,,,,,,,,,,,,,,,,,,
4,,Nguyễn Trọng Tuyển,tertiary,1656,,,tertiary,,,,,Nguyễn Trọng Tuyển,,,,,,,"[5762747871, 5349532387, 5721685994, 366404340, 2822159769, 2289952382, 366478733, 2934668189, 5762825444, 5762825443, 5765073611, 5765073609, 5762825881, 5721685999, 5762825877, 366443898]",,,Nguyen Trong Tuyen,,,,,,,,,,,,,,,,,,,,,,,,,,,,,,,,,,,,,,,,,,,,,,,,,,,,,,,,,,,,,,,,,,,,,,,,,,,,,,,,,,,,,,,,,,,,,,,,,,,,,,,,,,,,,,
4,,Phạm Văn Hai,tertiary,1657,,,tertiary,,,,,Phạm Văn Hai,,,,,,,"[5762747871, 5765379671, 366451774, 2081881277, 2081880939, 4878284230, 4878284228, 366369484, 4878284226, 366375943, 366419728, 2081881295, 2822164863, 2081881340, 2081881389, 366398898, 5349532653, 2081881164, 5349532995, 2081881009, 2822152051, 2081881081, 5349533005, 2081881301, 2081881310, 4961428518]",,,Pham Van Hai,,,,no,,,,,,,,,,,,,,,,,,,,,,,,,,,,,,,,,,,,,,,,,,,,,,,,,,,,,,,,,,,,,,,,,,,,,,,,,,,,,,,,,,,,,,,,,,,,,,,,,,,,,,,,,,
4,,Nguyễn Bỉnh Khiêm,tertiary,1658,,,tertiary,,,,,Nguyễn Bỉnh Khiêm,,,,,,,"[411926028, 3180486883, 411918499, 411925298, 411918546, 676561493]",,,,,,,,,,,,,,,,,,,,,,,,,,,,,,,,,,,,,,,,,,,,,,,,,,,,,,,,,,,,,,,,,,,,,,,,,,,,,,,,,,,,,,,,,,,,,,,,,,,,,,,,,,,,,,,,,
3,,Phan Văn Hớn,secondary,1659,,,secondary,,,,,Phan Văn Hớn,,,,,,,"[366371606, 5748776065, 5748108259, 366417168, 5748108255, 5750442184, 5748143160, 5750656295, 2869805469, 5748143176, 366431813, 366407647, 5748143242, 366435629, 5748143226, 5748143177, 5748143189, 366412454, 5740445222]",Ho Chi Minh,Hoc Mon,Phan Van Hon,14,,,,,,,,,,,,,,,,,,,,,,,,,,,,,,,,,,,,,,,,,,,,,,,,,,,,,,,,,,,,,,,,,,,,,,,,,,,,,,,,,,,,,,,,,,,,,,,,,,,,,,,,,,,,,
2,,Quang Trung,primary,1660,,,primary,,,,,Quang Trung,,,,,,,"[2353078006, 5750698688, 2269044437, 3169694170, 5750699241, 2353078009, 5750699243, 2353078021, 2353078024, 366372346, 5750698663, 5845744261, 5750698664, 5845744272, 2269044537, 366440448, 5845744240, 5750698665, 5717004671, 5845744236, 366430414, 5845744220, 5845744218, 5845744210, 5753522717, 5717004697, 3169694172, 5717004691, 366453616, 5753463933, 2269044536, 366457896, 5753463961, 5753383593, 366461724]",Ho Chi Minh,Go Vap,Quang Trung,,,,yes,,,,,,,,,,,,,,,,,,,,,,,,,,,,,,,,,,,,,,,,,,,,,,,,,,,,,,,,,,,,,,,,,,,,,,,,,,,,,,,,,,,,,,,,,,,,,,,,,,,,,,,,,,
3,,Lê Văn Thọ,secondary,1661,,,secondary,,,,,Lê Văn Thọ,,,,,,,"[2353078006, 4631562548]",,,,,,,,,,,,,,,,,,,,,,,,,,,,,,,,,,,,,,,,,,,,,,,,,,,,,,,,,,,,,,,,,,,,,,,,,,,,,,,,,,,,,,,,,,,,,,,,,,,,,,,,,,,,,,,,,
4,,Hương Lộ 2,tertiary,1662,,,tertiary,,,,,Hương Lộ 2,,,,,,,"[366372692, 5769624261, 5769838511, 366369840, 4952170157, 3174481702, 5769838526, 4952170155, 5006654120, 5769838518, 5006654113, 4983154885, 5006654056, 366465973, 5006654052, 5006654065, 5006654068, 366452531, 366389504, 4563599831, 5075577414, 5075577412, 5075577406, 366441322, 5075577410, 5075577531, 5769742297, 366442436, 366478568, 3174481701, 5075577330, 5075577353, 4983154858, 5075577551, 366474718, 4984435571, 5769603617, 366474032, 5769603615, 4984435567, 3174481700, 366473698, 5769575428, 5769575426, 5769575424, 366469023, 5076457016, 5769575452]",,,,,,,,,,,,,,,,,,,,,,,,,,,,,,,,,,,,,,,,,,,,,,,,,,,,,,,,,,,,,,,,,,,,,,,,,,,,,,,,,,,,,,,,,,,,,,,,,,,,,,,,,,,,,,,,,
4,,Vũ Huy Tấn,tertiary,1663,,,tertiary,,,,,Vũ Huy Tấn,,,,,,,"[3415439423, 735998210, 366471364, 2231265586, 6116136079, 5764862103, 5350664366, 366413598]",,,Vu Huy Tan,,,,,,,,,,,,,,,,,,,,,,,,,,,,,,,,,,,,,,,,,,,,,,,,,,,,,,,,,,,,,,,,,,,,,,,,,,,,,,,,,,,,,,,,,,,,,,,,,,,,,,,,,,,,,,
4,,Phạm Văn Bạch,tertiary,1664,,,tertiary,,,,,Phạm Văn Bạch,,,,,,,"[2251554505, 5750646262, 5717004826, 5717004825]",,,Pham Van Bach,,,,,,,,,,,,,,,,,,,,,,,,,,,,,,,,,,,,,,,,,,,,,,,,,,,,,,,,,,,,,,,,,,,,,,,,,,,,,,,,,,,,,,,,,,,,,,,,,,,,,,,,,,,,,,
3,50.0,,secondary,1665,,,secondary,,,,,,,,,,,,"[5721506216, 4067993573, 4067993574, 4067993575, 5738446620, 4067993576, 5738446577, 5721505863, 5782012095, 5738446612, 4067993577, 4067993578, 4067973623]",,,,,,,yes,,,,50,,,,,,,,,,,,,,,,,,,,,,,,,,,,,,,,,,,,,,,,,,,,,,,,,,,,,,,,,,,,,,,,,,,,,,,,,,,,,,,,,,,,,,,,,,,,,,,,,,,,,,
4,,Phan Văn Trị,tertiary,1666,,,tertiary,,,,,Phan Văn Trị,,,,,,,"[5719317999, 5719318002]",,,,,,,yes,,,,,,,1,,,yes,,no,no,,,,,,,,,,,,,,,,,,,,,,,,,,,,,,,,,,,,,,,,,,,,,,,,,,,,,,,,,,,,,,,,,,,,,,,,,,,,,,,,,,,,,,,,,,,,,
3,,,secondary,1667,,,secondary,,,,,,,,,,,,"[5719731388, 5724515852, 5719731387]",,,,,,,yes,,,,,,,,,,,,,,,,,,,,,,,,,,,,,,,,,,,,,,,,,,,,,,,,,,,,,,,,,,,,,,,,,,,,,,,,,,,,,,,,,,,,,,,,,,,,,,,,,,,,,,,,,,
4,,,tertiary,1668,,,tertiary,,,,,,,,,,,,"[366435365, 2351201575]",,,,,,,,,,,,,,,,,,,,,,,,,,,,,,,,,,,,,,,,,,,,,,,,,,,,,,,,,,,,,,,,,,,,,,,,,,,,,,,,,,,,,,,,,,,,,,,,,,,,,,,,,,,,,,,,,
2,,Nguyễn Kiệm,primary,1669,,,primary,,,,,Nguyễn Kiệm,,,,,,,"[366454129, 3700550788]",,,,,,,,,,,,,,,,,,,,,,,,,,,,,,,,,,,,,,,,,,,,,,,,,,,,,,,,,,,,,,,,,,,,,,,,,,,,,,,,,,,,,,,,,,,,,,,,,,,,,,,,,,,,,,,,,
4,,,tertiary,1670,,,tertiary,,,,,,,,,,,,"[5725019005, 5725018968, 5725018967, 5725018969, 5725018966, 5725018965, 5725018964, 5725018963, 5725018962, 5725018961, 5725018960, 5725018959, 5725018958, 5725018957, 5725018956]",,,,,,,yes,,,,,,,,,,,,,,,,,,,,,,,,,,,,,,,,,,,,,,,,,,,,,,,,,,,,,,,,,,,,,,,,,,,,,,,,,,,,,,,,,,,,,,,,,,,,,,,,,,,,,,,,,,
3,10.0,Đường dẫn ga Quốc nội,secondary_link,1671,,,secondary_link,,,,,Đường dẫn ga Quốc nội,,,,,,,"[2072605076, 2072605063, 4948841966]",,,,,,,yes,,,,10,no,no,,,,,,,,,,,,,,,,,,,no,,,,,,,,,,,,,,,,,,,,,,,,,,,,,,,,,,,,,,,,,,,,,,,,,,,,,,,,,,,,,,,,,,,,,,,,,,,,,,,,,
2,,Hai Bà Trưng,primary,1672,,,primary,,,,,Hai Bà Trưng,,,,,,,"[5727122042, 2366457792, 3734437558, 1773893846]",,,Hai Ba Trung,,,,,,,二徵夫人路,,,,,,,,,,,,,,,,,,,,,,,,,,,,,,,,,,,,,,,,,,,,,,,,,,,,,,,,,,,,,,,,,,,,,,,,,,,,,,,,,,,,,,,,,,,,,,,,,,,,,,,
4,,Nơ Trang Long,tertiary,1673,,,tertiary,,,,,Nơ Trang Long,,,,,,,"[366467134, 5738082283, 1513714348, 366473142, 1516207182, 366420691, 5742463935, 5742464642, 366377103, 5742464009, 366418999, 3641987809, 3641987826, 366413246, 5742464646, 2493367340, 5742464015, 366421690, 4067993901, 366441385, 4067993899, 420460804, 3641972813, 366475035, 366398419]",,,,,,,,,,,,,,,,,,,,,,,,,,,,,,,,,,,,,,,,,,,,,,,,,,,,,,,,,,,,,,,,,,,,,,,,,,,,,,,,,,,,,,,,,,,,,,,,,,,,,,,,,,,,,,,,,
4,,,unclassified,1674,,,unclassified,,,,,,,,,,,,"[5731653458, 5731653470, 5731653445, 5731653453, 5731653457, 5731653443]",,,,,,,,,,,,,,,,,,,,,,,,,,,,,,,,,,,,,,,,,,,,,,,,,,,,,,,,,,,,,,,,,,,,,,,,,,,,,,,,,,,,,,,,,,,,,,,,,,,,,,,,,,,,,,,,,
4,,Lý Chính Thắng,tertiary,1675,,,tertiary,,,,,Lý Chính Thắng,,,,,,,"[411922945, 411925348, 5769748105, 411925966]",,,,,,,yes,,,,,,,,,,,,,,,,,,,,,,,,,,,,,,,,,,,,,,,,,,,,,,,,,,,,,,,,,,,,,,,,,,,,,,,,,,,,,,,,,,,,,,,,,,,,,,,,,,,,,,,,,,
4,,Đường Liên Ấp 6-2,tertiary,1676,,,tertiary,,,,,Đường Liên Ấp 6-2,,,,,,,"[5733030860, 5733030859]",,,,,,,,,,,,,,1,,,yes,,,,,,,,,,,,,,,,,,,,,,,,,,,,,,,,,,,,,,,,,,,,,,,,,,,,,,,,,,,,,,,,,,,,,,,,,,,,,,,,,,,,,,,,,,,,,,,,
3,,,trunk_link,1677,,,trunk_link,,,,,,,,,,,,"[5733511273, 5733511274, 3636147083]",,,,,,,yes,,,,,,,1,,,yes,,,,,,,,,,,,,,,,,,,,,,,,,,,,,,,,,,,,,,,,,,,,,,,,,,,,,,,,,,,,,,,,,,,,,,,,,,,,,,,,,,,,,,,,,,,,,,,,
3,50.0,Hồng Hà,secondary,1678,,,secondary,,,,,Hồng Hà,,,,,,,"[5727064159, 3807705412, 3807705411, 3807705410]",Hồ Chí Minh,Gò Vấp,,,3,,yes,,asphalt,,50,yes,yes,,,,,,no,no,yes,,,,,,,,,,,,,,,,,,,,,,,,,,,,,,,,,,,,,,,,,,,,,,,,,,,,,,,,,,,,,,,,,,,,,,,,,,,,,,,,,,,,,,,,,,,,
3,40.0,Võ Chí Công,secondary,1679,,,secondary,,,,,Võ Chí Công,,,,,,,"[5733570797, 5733570798]",,,,,,,yes,,,,40,,,1,,,yes,,,,,,,,,,,,,,,,,,,,,,,,,,,,,,,,,,,,,,,,,,,,,,,,,,,,,,,,,,,,,,,,,,,,,,,,,,,,,,,,,,,,,,,,,,,,,,,,
3,,Trường Sơn,secondary,1680,,,secondary,,,,,Trường Sơn,,,,,,,"[5735306179, 5435412019, 4719951861, 5735306210, 5735306216, 2074208764]",,,,,,,yes,,,,,,,,,,,,,,,,,,,,,,,,,,,,,,,,,,,,,,,,,,,,,,,,,,,,,,,,,,,,,,,,,,,,,,,,,,,,,,,,,,,,,,,,,,,,,,,,,,,,,,,,,,
3,50.0,Hồng Hà,secondary,1681,,,secondary,,,,,Hồng Hà,,,,,,,"[366467140, 4440166379, 2686025237, 3807705421, 3807705420, 3807705419, 3807705418, 3807705417, 3807705416, 3807705415, 3807705414, 3807705413, 5727064159]",Hồ Chí Minh,Gò Vấp,,,3,,yes,,asphalt,,50,yes,yes,,,,,,no,no,yes,,,,,,,,,,,,,,,,,,,,,,,,,,,,,,,,,,,,,,,,,,,,,,,,,,,,,,,,,,,,,,,,,,,,,,,,,,,,,,,,,,,,,,,,,,,,
3,,Bạch Đằng,secondary,1682,,,secondary,,,,,Bạch Đằng,,,,,,,"[741845249, 5737817838, 4001737133, 5735306197, 5719731391, 4001737135, 5735306218, 4001734672, 5738593663, 4936385088, 4008844510]",P.2,Tan Binh,,,,,yes,,,,,,,,,,,,,,,,,,,,,,,,,,,,,,,,,,,,,,,,,,,,,,,,,,,,,,,,,,,,,,,,,,,,,,,,,,,,,,,,,,,,,,,,,,,,,,,,,,,,,,,,,,
4,,,unclassified,1683,,,unclassified,,,,roundabout,,,,,,,,"[5735312279, 5735312278, 5735312277, 5735312276, 5735312275, 5735312274, 5735312273, 5735312272, 5735312271, 5735312270, 366431109, 5735312281, 5735312269, 5735312268, 5735312267, 5735312280, 5735312266, 5735312265, 5735312279]",,,,,,,yes,,,,,,,,,,,,,,,,,,,,,,,,,,,,,,,,,,,,,,,,,,,,,,,,,,,,,,,,,,,,,,,,,,,,,,,,,,,,,,,,,,,,,,,,,,,,,,,,,,,,,,,,,,
4,,Trần Não,tertiary,1684,,,tertiary,,,,,Trần Não,,,,,,,"[5418455054, 5418455055, 5418455056, 5418455071, 5418455057, 5418455058, 5418455059, 5418455060, 5418455061, 5418455069, 5418455070]",,,,,,,yes,,,,,,,,,,,,,,,,,,,,,,,,,,,,,,,,,,,,,,,,,,,,,,,,,,,,,,,,,,,,,,,,,,,,,,,,,,,,,,,,,,,,,,,,,,,,,,,,,,,,,,,,,,
4,,Trần Não,tertiary,1685,,,tertiary,,,,,Trần Não,,,,,,,"[5418455076, 366467249, 5418455074, 2692325343]",,,Tran Nao,,,,yes,,,,,,,,,,,,,,,,,,,,,,,,,,,,,,,,,,,,,,,,,,,,,,,,,,,,,,,,,,,,,,,,,,,,,,,,,,,,,,,,,,,,,,,,,,,,,,,,,,,,,,,,,,
3,,,primary_link,1686,,,primary_link,,,,,,,,,,,,"[676534185, 2028466048, 2028465820, 2028465981]",,,,,,,yes,,,,,,,,,,,,,,,,,,,,,,,,,,,,,,,,,,,,,,,,,,,,,,,,,,,,,,,,,,,,,,,,,,,,,,,,,,,,,,,,,,,,,,,,,,,,,,,,,,,,,,,,,,
3,50.0,Xa Lộ Hà Nội,trunk_link,1687,,,trunk_link,,,,,Xa Lộ Hà Nội,,,,,,,"[5735458201, 2028466041, 2028465880]",,,,QL.52,,,yes,,,,50,,,,,,,,,,,,yes,,,,,,,,,,,,,,,,,,,,,,,,,,,,,,,,,,,,,,,,,,,,,,,,,,,,,,,,,,,,,,,,,,,,,,,,,,,,,,,,,,,,,,,,,,
4,,Tây Thạnh,tertiary,1688,,,tertiary,,,,,Tây Thạnh,,,,,,,"[5735459341, 5719489526, 5757710511, 5719489525, 5719489524, 5719489523, 5719489522, 5719489521, 5735459343]",,,Tay Thanh,,,,yes,,,,,,,,,,,,,,,,,,,,,,,,,,,,,,,,,,,,,,,,,,,,,,,,,,,,,,,,,,,,,,,,,,,,,,,,,,,,,,,,,,,,,,,,,,,,,,,,,,,,,,,,,,
4,,Tây Thạnh,tertiary,1689,,,tertiary,,,,,Tây Thạnh,,,,,,,"[5735459342, 5308082707, 2048466365, 3156007497, 5308082719, 5308090122, 2621185455, 2894944272]",,,Tay Thanh,,,,yes,,,,,,,,,,,,,,,,,,,,,,,,,,,,,,,,,,,,,,,,,,,,,,,,,,,,,,,,,,,,,,,,,,,,,,,,,,,,,,,,,,,,,,,,,,,,,,,,,,,,,,,,,,
4,,Tây Thạnh,tertiary,1690,,,tertiary,,,,,Tây Thạnh,,,,,,,"[366435398, 2728341924, 2728341928, 5719489427, 5719489500, 3325218678, 5735459344]",,,Tay Thanh,,,,yes,,,,,,,,,,,,,,,,,,,,,,,,,,,,,,,,,,,,,,,,,,,,,,,,,,,,,,,,,,,,,,,,,,,,,,,,,,,,,,,,,,,,,,,,,,,,,,,,,,,,,,,,,,
3,,Nguyễn Hoàng,trunk_link,1691,,,trunk_link,,,,,Nguyễn Hoàng,,,,,,,"[676115970, 2028465857, 5735480591, 5735480592, 5735480588]",,,Nguyen Hoang,,,,yes,,asphalt,,,,,,,,,,,,,,,,,,,,,,,,,,,,,,,,,,,,,,,,,,,,,,,,,,,,,,,,,,,,,,,,,,,,,,,,,,,,,,,,,,,,,,,,,,,,,,,,,,,,,,,,
1,50.0,,trunk,1692,,,trunk,,,,,,,,,,,,"[4066319836, 4066319840, 5735567932]",,,,QL.52,,,yes,,,,50,,,,,,,,,,,,,,,,,,,,,,,,,,,,,,,,,,,,,,,,,,,,,,,,,,,,,,,,,,,,,,,,,,,,,,,,,,,,,,,,,,,,,,,,,,,,,,,,,,,,,,
3,50.0,,trunk_link,1693,,,trunk_link,,,,,,,,,,,,"[2955875939, 403543348, 4066319842, 4066319841, 4066319836]",,,,QL.52,,,yes,,,,50,,,,,,,,,,,,,,,,,,,,,,,,,,,,,,,,,,,,,,,,,,,,,,,,,,,,,,,,,,,,,,,,,,,,,,,,,,,,,,,,,,,,,,,,,,,,,,,,,,,,,,
1,,,trunk,1694,,,trunk,,,,,,,,,,,,"[5735604948, 5735604947, 5735604946, 5735604945, 5735604944, 5735604943, 5735604942, 5735604941, 5735604940]",,,,,,,yes,,,,,,,,,,,,,,,,,,,,,,,,,,,,,,,,,,,,,,,,,,,,,,,,,,,,,,,,,,,,,,,,,,,,,,,,,,,,,,,,,,,,,,,,,,,,,,,,,,,,,,,,,,
1,,,trunk,1695,,,trunk,,,,,,,,,,,,"[5735604940, 5735604939, 5735604938, 5735604937, 5735604936, 5735604935, 5735604934, 5735604933, 5735604932, 5735604931, 5735604930, 5735604929, 5735604928]",,,,,,,yes,,,,,,,1,,,yes,,,,,,,,,,,,,,,,,,,,,,,,,,,,,,,,,,,,,,,,,,,,,,,,,,,,,,,,,,,,,,,,,,,,,,,,,,,,,,,,,,,,,,,,,,,,,,,,
1,50.0,,trunk,1696,,,trunk,,,,,,,,,,,,"[1834116863, 1834116875, 1834116890]",,,,,,,yes,,,,50,,,,,,,,,,,,yes,,,,,,,,,,,,,,,,,,,,,,,,,,,,,,,,,,,,,,,,,,,,,,,,,,,,,,,,,,,,,,,,,,,,,,,,,,,,,,,,,,,,,,,,,,
4,,,tertiary_link,1697,,,tertiary_link,,,,,,,,,,,,"[5735819672, 5735819671, 5735819670, 5735819669]",,,,,,,yes,,,,,,,,,,,,,,,,,,,,,,,,,,,,,,,,,,,,,,,,,,,,,,,,,,,,,,,,,,,,,,,,,,,,,,,,,,,,,,,,,,,,,,,,,,,,,,,,,,,,,,,,,,
3,,Trường Sa,trunk_link,1698,,,trunk_link,,,,,Trường Sa,,,,,,,"[1998235306, 1998235312, 1998235296, 1998235295, 1998235241, 1998235290, 1998235307, 1998235305, 1998235303]",,,Truong Sa Road,,,,yes,,,长沙路,,,,,,,,,,,,,,,,,,,,,,,,,,,,,,,,,,,,,,,,,,,,,,,,,,,,,,,,,,,,,,,,,,,,,,,,,,,,,,,,,,,,,,,,,,,,,,,,,,,,,,,
3,,Trường Sa,trunk_link,1699,,,trunk_link,,,,,Trường Sa,,,,,,,"[1998235284, 1998235292, 1998235253, 1998235291, 1998235293, 5737973612, 1998235325]",,,Truong Sa Road,,,,yes,,,长沙路,,,,,,,,,,,,,,,,,,,,,,,,,,,,,,,,,,,,,,,,,,,,,,,,,,,,,,,,,,,,,,,,,,,,,,,,,,,,,,,,,,,,,,,,,,,,,,,,,,,,,,,
3,60.0,,secondary,1700,,,secondary,,,,,,,,,,,,"[4067989297, 4067989298, 5738008451]",,,,,,,yes,,,,60,,,1,,,yes,,,,,,,,,,,,,,,,,,,,,,,,,,,,,,,,,,,,,,,,,,,,,,,,,,,,,,,,,,,,,,,,,,,,,,,,,,,,,,,,,,,,,,,,,,,,,,,,
3,60.0,,secondary,1701,,,secondary,,,,,,,,,,,,"[4067989294, 4067989295, 5782013130, 4067989296, 4067989297]",,,,,,,yes,,,,60,,,,,,,,,,,,,,,,,,,,,,,,,,,,,,,,,,,,,,,,,,,,,,,,,,,,,,,,,,,,,,,,,,,,,,,,,,,,,,,,,,,,,,,,,,,,,,,,,,,,,,
2,40.0,Phạm Văn Đồng,primary,1702,,,primary,,,,,Phạm Văn Đồng,,,,,,,"[5738008452, 2493364034]",Hồ Chí Minh,Gò Vấp,Pham Van Dong,,,,yes,,,,40,,,1,,,yes,,,,,,yes,,,,,,,,,,,,,,,,,,,,,,,,,,,,,,,,,,,,,,,,,,,,,,,,,,,,,,,,,,,,,,,,,,,,,,,,,,,,,,,,,,,,,,,,,,
2,40.0,Phạm Văn Đồng,primary,1703,,,primary,,,,,Phạm Văn Đồng,,,,,,,"[3642303439, 2493364035, 3641835214, 2493364038, 5738008453, 5738008452]",Hồ Chí Minh,Gò Vấp,Pham Van Dong,,,,yes,,,,40,,,,,,,,,,,,yes,,,,,,,,,,,,,,,,,,,,,,,,,,,,,,,,,,,,,,,,,,,,,,,,,,,,,,,,,,,,,,,,,,,,,,,,,,,,,,,,,,,,,,,,,,
2,40.0,Phạm Văn Đồng,primary,1704,,,primary,,,,,Phạm Văn Đồng,,,,,,,"[5738008457, 5738008456]",Hồ Chí Minh,Gò Vấp,,,,,yes,,,,40,,,1,,,yes,,,,,,yes,,,,,,,,,,,,,,,,,,,,,,,,,,,,,,,,,,,,,,,,,,,,,,,,,,,,,,,,,,,,,,,,,,,,,,,,,,,,,,,,,,,,,,,,,,
3,50.0,,secondary,1705,,,secondary,,,,,,,,,,,,"[4067989695, 5738008450]",,,,,,,yes,,,,50,,,1,,,yes,,,,,,,,,,,,,,,,,,,,,,,,,,,,,,,,,,,,,,,,,,,,,,,,,,,,,,,,,,,,,,,,,,,,,,,,,,,,,,,,,,,,,,,,,,,,,,,,
3,50.0,,secondary,1706,,,secondary,,,,,,,,,,,,"[5738008450, 4067989696, 4067989697, 5782013164, 4067989698, 5782013203, 4067989699, 5782013196, 3194982190, 5721506169, 4067989700, 5738102610, 4067989701, 2496916458]",,,,,,,yes,,,,50,,,,,,,,,,,,,,,,,,,,,,,,,,,,,,,,,,,,,,,,,,,,,,,,,,,,,,,,,,,,,,,,,,,,,,,,,,,,,,,,,,,,,,,,,,,,,,,,,,,,,,
4,,Đường số 5,tertiary,1707,,,tertiary,,,,,Đường số 5,,,,,,,"[2244628949, 3379561305, 3379561304, 3379561303, 5890133157, 5023973481]",,,,,,,,,,,,,,,,,,,,,,,,,,,,,,,,,,,,,,,,,,,,,,,,,,,,,,,,,,,,,,,,,,,,,,,,,,,,,,,,,,,,,,,,,,,,,,,,,,,,,,,,,,,,,,,,,
4,,Phan Văn Trị,tertiary,1708,,,tertiary,,,,,Phan Văn Trị,,,,,,,"[5738161214, 5738446615, 366404192, 3172060264, 5738447177, 5738446608, 366388690, 366412573, 2493366320]",Ho Chi Minh,Bình Thạnh,Phan Van Tri,,,,,,,,,,,,,,,,,,,,,,,,,,,,,,,,,,,,,,,,,,,,,,,,,,,,,,,,,,,,,,,,,,,,,,,,,,,,,,,,,,,,,,,,,,,,,,,,,,,,,,,,,,,,,,
4,,Phan Văn Trị,tertiary,1709,,,tertiary,,,,,Phan Văn Trị,,,,,,,"[366476912, 762947309, 5768416923, 366446429, 5736009979, 5772099223, 3631192877, 366429025, 366409663, 5733213052, 3162352195, 5772099221, 5733213118, 5733213120, 5733213115, 5768417055, 5768416952, 5733213046]",Ho Chi Minh,Bình Thạnh,Phan Van Tri,,,,,,,,,,,,,,,,,,,,,,,,,,,,,,,,,,,,,,,,,,,,,,,,,,,,,,,,,,,,,,,,,,,,,,,,,,,,,,,,,,,,,,,,,,,,,,,,,,,,,,,,,,,,,,
4,,,tertiary,1710,,,tertiary,,,,,,,,,,,,"[2938679155, 2942307863, 2938729563, 2938679193, 5750505269, 5750505252, 2938679150, 2938679144, 2938679165, 2938679174, 2938679199, 2938679141, 2938679189, 2938679170, 2938679182]",,,,,,,yes,,,,,,,,,,,,,,,,,,,,,,,,,,,,,,,,,,,,,,,,,,,,,,,,,,,,,,,,,,,,,,,,,,,,,,,,,,,,,,,,,,,,,,,,,,,,,,,,,,,,,,,,,,
3,50.0,,secondary,1711,,,secondary,,,,,,,,,,,,"[4067993588, 5738082288, 4067993889, 5742463957, 4067993890, 5738640356, 3194982193, 4067993891, 3194982191, 4067993892, 4067993893, 4067993894, 4067989170]",,,,,,,yes,,,,50,,,,,,,,,,,,,,,,,,,,,,,,,,,,,,,,,,,,,,,,,,,,,,,,,,,,,,,,,,,,,,,,,,,,,,,,,,,,,,,,,,,,,,,,,,,,,,,,,,,,,,
3,60.0,,secondary,1712,,,secondary,,,,,,,,,,,,"[2493364053, 4067989171, 4067989172, 5779433110, 3194982197, 4067989173, 3194982196, 5742464636, 4067989174, 5742464629, 4067989175, 5738446564]",,,,,,,yes,,,,60,,,,,,,,,,,,,,,,,,,,,,,,,,,,,,,,,,,,,,,,,,,,,,,,,,,,,,,,,,,,,,,,,,,,,,,,,,,,,,,,,,,,,,,,,,,,,,,,,,,,,,
4,,Cầu Băng Ky,tertiary,1713,,,tertiary,,,,,Cầu Băng Ky,,,,,,,"[5738446600, 5738446599]",,,,,,,,,,,,,,1,,,yes,,,,,,,,,,,,,,,,,,,,,,,,,,,,,,,,,,,,,,,,,,,,,,,,,,,,,,,,,,,,,,,,,,,,,,,,,,,,,,,,,,,,,,,,,,,,,,,,
4,,THOI TAM THÔN 5,unclassified,1714,,,unclassified,,,,,THOI TAM THÔN 5,,,,,,,"[5738596295, 5738491086, 366428316]",,,,,,,,,,,,,,,,,,,,,,,,,,,,,,,,,,,,,,,,,,,,,,,,,,,,,,,,,,,,,,,,,,,,,,,,,,,,,,,,,,,,,,,,,,,,,,,,,,,,,,,,,,,,,,,,,
4,,THOI TAM THÔN 5,unclassified,1715,,,unclassified,,,,,THOI TAM THÔN 5,,,,,,,"[366472007, 5751067167, 366406055, 366389479, 5751067178, 366452261, 366387958, 366407937, 366372662, 5751066715, 366436915, 5751067142, 4069505892, 5751067158, 5751066717, 366418262, 5751067143, 366420625, 5751067150, 5738491098, 366401397, 5738596295]",,,,,,,,,,,,,,,,,,,,,,,,,,,,,,,,,,,,,,,,,,,,,,,,,,,,,,,,,,,,,,,,,,,,,,,,,,,,,,,,,,,,,,,,,,,,,,,,,,,,,,,,,,,,,,,,,
4,,Phan Văn Đối,tertiary,1716,,,tertiary,,,,,Phan Văn Đối,,,,,,,"[5740318639, 5740352117, 366457624, 5740352120, 3378950074, 5738378331]",,,Phan Van Doi,,,,,,,,,,,,,,,,,,,,,,,,,,,,,,,,,,,,,,,,,,,,,,,,,,,,,,,,,,,,,,,,,,,,,,,,,,,,,,,,,,,,,,,,,,,,,,,,,,,,,,,,,,,,,,
4,,,tertiary,1717,,,tertiary,,,,,,,,,,,,"[2942307741, 1503295391, 1503295409, 5740315569, 1503295435, 5740356231, 5740315567, 2938679151, 1503295461, 5740315565]",,,,,,,yes,,,,,,,,,,,,,,,,,,,,,,,,,,,,,,,,,,,,,,,,,,,,,,,,,,,,,,,,,,,,,,,,,,,,,,,,,,,,,,,,,,,,,,,,,,,,,,,,,,,,,,,,,,
4,,,tertiary,1718,,,tertiary,,,,,,,,,,,,"[2941435883, 2938679197, 5740315566, 2938679149, 2938681609, 5740315568, 5740315620, 2938679163, 5740315617, 5740315570, 2938679200, 2938679188]",,,,,,,yes,,,,,,,,,,,,,,,,,,,,,,,,,,,,,,,,,,,,,,,,,,,,,,,,,,,,,,,,,,,,,,,,,,,,,,,,,,,,,,,,,,,,,,,,,,,,,,,,,,,,,,,,,,
4,,,tertiary,1719,,,tertiary,,,,,,,,,,,,"[2949182355, 2938681607, 2938681605, 5753048955, 2409496511, 2938681601, 2938681606, 5753048951, 2217927994, 5753048953, 5753048949, 2217927985, 2938679170]",,,,,,,yes,,,,,,,,,,,,,,,,,,,,,,,,,,,,,,,,,,,,,,,,,,,,,,,,,,,,,,,,,,,,,,,,,,,,,,,,,,,,,,,,,,,,,,,,,,,,,,,,,,,,,,,,,,
4,,,tertiary,1720,,,tertiary,,,,,,,,,,,,"[5740356269, 5740356251, 2938679157, 2938681603, 2938679148, 2938679172, 2938679187, 2938679140, 2938679182]",,,,,,,yes,,,,,,,,,,,,,,,,,,,,,,,,,,,,,,,,,,,,,,,,,,,,,,,,,,,,,,,,,,,,,,,,,,,,,,,,,,,,,,,,,,,,,,,,,,,,,,,,,,,,,,,,,,
2,,Quốc lộ 1K,primary,1721,,,primary,,,,,Quốc lộ 1K,,,,,,,"[2941435982, 5740745382, 2941435776, 2941435891, 366441298, 2945730814]",,,,1K,,,yes,,,,,,,,,,,,,,,,,,,,,,,,,,,,,,,,,,,,,,,,,,,,,,no,,,,,,,,,,,,,,,,,,,,,,,,,,,,,,,,,,,,,,,,,,,,,,,,,,,,,,,,,,,,
4,,Nguyễn Phúc Nguyên,tertiary,1722,,,tertiary,,,,,Nguyễn Phúc Nguyên,,,,,,,"[5778872971, 3462993921, 411918131, 3462993920, 411918133, 3462993919, 3734437584, 411918135, 411918136, 411918587, 2609878884, 411918591, 411918593, 3462993918, 411918217]",,,,,,,no,,,,,,,,,,,,,,,,,,,,,,,,,,,,,,,,,,,,,,,,,,,,,,,,,,,,,,,,,,,,,,,,,,,,,,,,,,,,,,,,,,,,,,,,,,,,,,,,,,,,,,,,,,
4,,Võ Văn Vân,tertiary,1723,,,tertiary,,,,,Võ Văn Vân,,,,,,,"[5733292353, 5733464578, 5733292396, 5733464585, 5733292391, 4865522637, 5733292384, 4865522566, 5733251960, 366478961, 4865522594, 366469035, 4865522593, 366379036, 4865522621, 5735972241, 5735972243, 366447195, 5735972821, 5735972282, 5735972238, 5735972306, 366464831, 366396978, 5735972262, 366378629, 4865522687, 5738242572, 366445820, 5738242565, 5738242570, 366444237, 366461487, 5738242558, 366383680, 366443128, 5738242574, 5740370850, 366388386, 5740370848, 5740370857, 5740290834, 5740290833, 366370986, 366443295, 366390103, 5740290720, 366404068, 5740370844, 366375343, 3379525678, 5740370828, 366457182, 366460251, 366464419, 5742669484, 5742669396, 366381318, 5742669390, 366426428, 366418822, 5742669389, 5742669441, 5742669327, 5742669370, 366431496, 5748236066, 366368785, 366470215, 5748235692, 5748236029, 5748235659, 5748235686, 366378963, 5748777338, 5748269701, 5748777334, 366434838, 366468778, 5748777454, 5748777324, 5748777220, 366420874, 5748777212, 5748629003, 366432750, 5748777209, 5748777396, 5748777207, 366416969, 5750876818, 5751069634, 5750876814, 5751069652, 5750876797, 5750876756, 366469977, 366459759, 5750785788, 5751069646, 5751069632, 5751068103, 366426868, 366451248, 366451225, 5750786127, 366424576, 5751069423, 5751068107, 5751068120, 366456490, 5751068116, 5753210808, 5753172942, 366464005, 5753210805, 5753210804, 5753172936, 5753172579, 5753172586, 3202471986, 5753210736, 366477287, 5753210747, 5753172556, 5753210754, 5753172550, 5753210731, 366414758, 5755236303, 3202471976, 366425812, 5755236251, 5755236289, 366441541, 5755236248, 366438316, 5755236241, 5755236253, 5755236270, 366400515, 5757547210, 3149179774, 3149179775, 3149179776, 3149179751, 5762649342, 3149179777, 3149179778, 5762649343, 3149179779, 3149179780, 5758081911, 5758082524, 5758081919, 5758082529, 5762945786, 5762945779, 3149179781]",,,,,,,,,,,,,,,,,,,,,,,,,,,,,,,,,,,,,,,,,,,,,,,,,,,,,,,,,,,,,,,,,,,,,,,,,,,,,,,,,,,,,,,,,,,,,,,,,,,,,,,,,,,,,,,,,
3,60.0,Phạm Văn Đồng,secondary,1724,,,secondary,,,,,Phạm Văn Đồng,,,,,,,"[5750623597, 4068001375, 4068001374, 3100059737, 3195000748, 3195000750, 5750655054, 3141558633, 2493364042, 2493364054, 4067981429, 2493364048]",,,,,,,yes,,,,60,,,,,,,,,,,,,,,,,,,,,,,,,,,,,,,,,,,,,,,,,,,,,,,,,,,,,,,,,,,,,,,,,,,,,,,,,,,,,,,,,,,,,,,,,,,,,,,,,,,,,,
3,,,primary_link,1725,,,primary_link,,,,,,,,,,,,"[5207877509, 5742675396, 5742675392, 5742675395, 5742675394, 5742675386]",,,,,,,yes,,,,,,,,,,,,,,,,,,,,,,,,,,,,,,,,,,,,,,,,,,,,,,,,,,,,,,,,,,,,,,,,,,,,,,,,,,,,,,,,,,,,,,,,,,,,,,,,,,,,,,,,,,
4,,Đường đất,tertiary,1726,,,tertiary,,,,,Đường đất,,,,,,,"[2340082008, 2340081994, 2340081987, 2340081991, 5743332292, 2340081995, 5716587653, 2340081997, 2340081986, 5726962502, 2340082003, 5726962501, 2340082004, 5726962500, 2340081998, 2340081999, 5726962499, 2340082000, 2340082001]",,,,,,,,,dirt,,,,,,,,,,,,,,,,,,,,,,,,,,,,,,,,,,,,,,,,,,,,,,,,,,,,,,,,,,,,,,,,,,,,,,,,,,,,,,,,,,,,,,,,,,,,,,,,,,,,,,,,
4,,,tertiary,1727,,,tertiary,,,,,,,,,,,,"[2340083751, 2340083731, 2340083742, 5716587648, 2340082001]",,,,,,,,,,,,,,,,,,,,,,,,,,,,,,,,,,,,,,,,,,,,,,,,,,,,,,,,,,,,,,,,,,,,,,,,,,,,,,,,,,,,,,,,,,,,,,,,,,,,,,,,,,,,,,,,,
4,,,tertiary,1728,,,tertiary,,,,,,,,,,,,"[5748108663, 5748108662, 5748108661, 5748108660, 5748108659, 5748108658, 5748108657, 5748108656, 5748108655, 5748108654, 5748108653, 5733210087, 5748108652, 5748108651, 5755254638, 5755254637, 5755254636, 5755254635, 5755254634, 5755254549, 5755070214, 5755254548, 5755254547, 5755254546, 5755254339, 5755254545, 5755254338, 5755254544, 5755254543, 5755254337, 5778712230, 5755254542, 5755254541, 5755254540, 5755254539, 5755254538, 5755254537, 5755254536, 5755254535, 5755254534, 5755254533, 5755254532, 5755254531, 5755254530, 5755254529, 5755254528, 5755254527, 5755254526, 5755254525, 5755254524, 5755254523, 5755254522, 5755254521, 5755254420, 5755254419, 5755254418, 5755254417, 5755254416, 5755254415, 5755254414, 5755254413, 5755254412, 5755254411, 5755254410, 5755254409, 5755254408, 5755254407, 5755254406, 5755254405, 5755254404, 5755254403, 5755254402, 5755254401, 5755254400, 5755254399, 5755254398, 5755254397, 5755254396, 5755254395, 5755254394, 5755254393, 5755254392, 5755254391, 5755254390, 5755254389, 5755254388, 5755254387, 5755254328, 5755254329, 5755254386, 5755254385, 5755254384, 5755254383, 5755254382, 5755254381, 5755254380, 5755254379, 5755254378, 5755254377, 5755254376, 5755254335, 5755254375, 5755254336, 5755254374, 5755254373, 5755254372, 5755254371, 5755254370, 5755254369, 5755403310, 5755254368, 5755254367, 5755655700, 5755254366, 5755655701, 5755254365, 5755238186, 5755254364, 5755254363, 5755254362, 5755254361, 5755254360, 5755254359, 5755254358, 5755254357, 5755254356, 5755254355, 5755254354, 5755254353, 5778364310, 5778364309, 5778364308, 5778364307, 5778364306, 5778364305, 5778364293]",,,,,,,yes,,,,,,,,,,,,,,,,,,,,,,,,,,,,,,,,,,,,,,,,,,,,,,,,,,,,,,,,,,,,,,,,,,,,,,,,,,,,,,,,,,,,,,,,,,,,,,,,,,,,,,,,,,
4,,,tertiary,1729,,,tertiary,,,,,,,,,,,,"[5778364311, 5778364312, 5778364313, 5778364314, 5778364315, 5778480810, 5778364316, 5778364317, 5778364318, 5755254552, 5755254553, 5755254554, 5755254555, 5755254556, 5755254557, 5755254558, 5755403297, 5755403296, 5755403294, 5755254334, 5755254559, 5755254560, 5755254333, 5755254332, 5755254561, 5755254562, 5755254331, 5755254563, 5755254330, 5755254564, 5755254565, 5755254566, 5755254567, 5755254568, 5755254569, 5755254570, 5755254571, 5755254572, 5755254573, 5755254574, 5755254575, 5755254576, 5755254577, 5755254578, 5755254579, 5778712229, 5755254580, 5755254581, 5755254582, 5755254583, 5755254584, 5755254585, 5755254586, 5755254587, 5755254588, 5755254589, 5755254590, 5755254591, 5755254592, 5755254593, 5755254594, 5755254595, 5755254596, 5755254597, 5755254598, 5755254599, 5755254600, 5755254601, 5755254602, 5755254603, 5755254604, 5755254605, 5755254606, 5755254607, 5752833662, 5755254608, 5752833660, 5752833714, 5755254609, 5752833672, 2092411158, 5755254610, 5752950436, 5755254611, 5755254612, 5755254613, 5755254614, 5755254615, 5755254616, 5755254617, 5753180987, 2092411535, 2092411503, 5755254618, 5755254619, 5753180990, 2631999265, 5755254620, 5753180991, 5755254621, 5755254622, 5755254623, 5755254624, 5755254625, 5755254626, 5755254627, 5755254628, 5755254629, 5755254630, 5755254631, 5748108665, 5748108666, 5748108667, 5748108668, 5748108669, 5748108670, 5748108671, 5753004985, 5753004982, 5748108672, 5748108673, 5748329861, 5748108674, 5748108675, 5748108676, 5748108677, 5748108678]",,,,,,,yes,,,,,,,,,,,,,,,,,,,,,,,,,,,,,,,,,,,,,,,,,,,,,,,,,,,,,,,,,,,,,,,,,,,,,,,,,,,,,,,,,,,,,,,,,,,,,,,,,,,,,,,,,,
3,50.0,Xa lộ Hà Nội,trunk_link,1730,,,trunk_link,,,,,Xa lộ Hà Nội,,,,,,,"[5748445140, 4066458554, 4066458588, 4066459090, 366439807]",,,,QL.52,,,yes,,,,50,,no,,,,,,,,,,yes,,,,,,,,,,,,,,,,,,,,,,,,,,,,,,,,,,,,,,,,,,,,,,,,,,,,,,,,,,,,,,,,,,,,,,,,,,,,,,,,,,,,,,,,,,
2,,,primary,1731,,,primary,,,,,,,,,,,,"[5748445136, 5748445121, 5748445122, 5748445123, 5748445124, 5748445125, 5748445126]",,,,,,,yes,,,,,,,,,,,,,,,,,,,,,,,,,,,,,,,,,,,,,,,,,,,,,,,,,,,,,,,,,,,,,,,,,,,,,,,,,,,,,,,,,,,,,,,,,,,,,,,,,,,,,,,,,,
3,,,primary_link,1732,,,primary_link,,,,,,,,,,,,"[2024972894, 5748445137, 5748445138, 5748445139, 5456033301]",,,,,,,yes,,,,,,,,,,,,,,,,,,,,,,,,,,,,,,,,,,,,,,,,,,,,,,,,,,,,,,,,,,,,,,,,,,,,,,,,,,,,,,,,,,,,,,,,,,,,,,,,,,,,,,,,,,
2,,,primary,1733,,,primary,,,,,,,,,,,,"[5748445140, 5748445141, 5748445142, 5748445143, 5748445144, 5748445145, 5748445146, 5748445147, 5748445148, 5748445149, 5748445150, 5748445151, 5748445152, 5748445153, 5748445154, 5748445155, 5748445156, 5748445157, 5748445158, 5748445159, 5748445160, 2217835605]",,,,,,,yes,,,,,,,,,,,,,,,,,,,,,,,,,,,,,,,,,,,,,,,,,,,,,,,,,,,,,,,,,,,,,,,,,,,,,,,,,,,,,,,,,,,,,,,,,,,,,,,,,,,,,,,,,,
4,,,unclassified,1734,,,unclassified,,,,,,,,,,,,"[3149179742, 5757509831, 3149179743, 5757509848, 5757509790, 5757509900, 5757509808, 3149179744, 5757509857, 5757509859, 5757509797, 3149179745, 5757509884, 3149179746, 3149179747, 5757509876, 5757509866, 3149179748, 5757509881, 3149179749, 5757509873, 3149179750, 5757509870, 5758082525, 366455692, 3149179751]",,,,,,,,,,,,,,,,,,,,,,,,,,,,,,,,,,,,,,,,,,,,,,,,,,,,,,,,,,,,,,,,,,,,,,,,,,,,,,,,,,,,,,,,,,,,,,,,,,,,,,,,,,,,,,,,,
4,,Nguyễn Văn Bá,tertiary,1735,,,tertiary,,,,,Nguyễn Văn Bá,,,,,,,"[3107745795, 3107745799, 5748520279, 366423180, 366467730, 366467815, 2947067512, 366384246, 2947068390, 2028465678]",,,,,,,no,,,,,,,,,,,,,,,,,,,,,,,,,,,,,,,,,,,,,,,,,,,,,,,,,,,,,,,,,,,,,,,,,,,,,,,,,,,,,,,,,,,,,,,,,,,,,,,,,,,,,,,,,,
3,60.0,Trường Chinh,secondary,1736,,,secondary,,,,,Trường Chinh,,,,,,,"[2091954894, 5752850532, 4069480291, 5752850629, 3153973658, 3067835769, 5748694414]",,,,,,,yes,,,,60,,,,,,,,,,,,,,,,,,,,,,,,,,,,,,,,,,,,,,,,,,,,,,,,,,,,,,,,,,,,,,,,,,,,,,,,,,,,,,,,,,,,,,,,,,,,,,,,,,,,,,
2,80.0,Trường Chinh,primary,1737,,,primary,,,,,Trường Chinh,,,,,,,"[2091954894, 366472919, 366454498, 366399402]",,,Truong Chinh,,,,yes,,,,80,,,,,,,,,,,,,,,,,,,,,,,,,,,,,,,,,,,,,,,,,,,,,,,,,,,,,,,,,,,,,,,,,,,,,,,,,,,,,,,,,,,,,,,,,,,,,,,,,,,,,,
3,60.0,Trường Chinh,secondary,1738,,,secondary,,,,,Trường Chinh,,,,,,,"[5748694414, 5748694415, 2869810792, 5303276356, 5303276361, 5303276366, 5303276371, 2091954752, 3153973656, 2276515365, 2276493879]",,,,,,,yes,,,,60,,,,,,,,,,,,,,,,,,,,,,,,,,,,,,,,,,,,,,,,,,,,,,,,,,,,,,,,,,,,,,,,,,,,,,,,,,,,,,,,,,,,,,,,,,,,,,,,,,,,,,
4,,Xuân Thới 15,unclassified,1739,,,unclassified,,,,,Xuân Thới 15,,,,,,,"[3220146345, 3220146341, 5119192547, 4463981499, 5748684188, 3220146347, 5755254598, 3220146350]",,,,,,,,,,,,,,,,,,,,,,,,,,,,,,,,,,,,,,,,,,,,,,,,,,,,,,,,,,,,,,,,,,,,,,,,,,,,,,,,,,,,,,,,,,,,,,,,,,,,,,,,,,,,,,,,,
4,,Kha Vạn Cân,tertiary,1740,,,tertiary,,,,,Kha Vạn Cân,,,,,,,"[5750623145, 5750623180, 3116353276, 2947068295, 2947068294, 366442418, 366469445, 3116353277, 5752825333, 2947068296]",,,,,,,,,,,,,,,,,,,,,,,,,,,,,,,,,,,,,,,,,,,,,,,,,,,,,,,,,,,,,,,,,,,,,,,,,,,,,,,,,,,,,,,,,,,,,,,,,,,,,,,,,,,,,,,,,
3,,Kha Vạn Cân,secondary,1741,,,secondary,,,,,Kha Vạn Cân,,,,,,,"[5750623147, 366397653, 5751297760, 4068001737, 366381582, 366445307, 366440286, 4068001412, 366416679, 370818094]",,,,,,,yes,,,,,,,,,,,,,,,,,,,,,,,,,,,,,,,,,,,,,,,,,,,,,,,,,,,,,,,,,,,,,,,,,,,,,,,,,,,,,,,,,,,,,,,,,,,,,,,,,,,,,,,,,,
3,,Phạm Văn Đồng,secondary,1742,,,secondary,,,,,Phạm Văn Đồng,,,,,,,"[5750476169, 5750476170]",,,,,,,yes,,,,,,,1,,,yes,,,,,,,,,,,,,,,,,,,,,,,,,,,,,,,,,,,,,,,,,,,,,,,,,,,,,,,,,,,,,,,,,,,,,,,,,,,,,,,,,,,,,,,,,,,,,,,,
3,,Phạm Văn Đồng,secondary,1743,,,secondary,,,,,Phạm Văn Đồng,,,,,,,"[5750476170, 5750476195, 5750476194, 5750476193, 5750476192, 5750476191, 5750476190, 5750476189, 5750476162, 5750476188]",,,,,,,yes,,,,,,,,,,,,,,,,,,,,,,,,,,,,,,,,,,,,,,,,,,,,,,,,,,,,,,,,,,,,,,,,,,,,,,,,,,,,,,,,,,,,,,,,,,,,,,,,,,,,,,,,,,
2,,,primary,1744,,,primary,,,,roundabout,,,,,,,,"[5750476259, 5750476256, 5750476258, 5750476255, 5750476257, 5750476261, 5750476254, 5750476253, 5750476252, 5750476251, 5750476250, 5750476249, 5750476248, 5750476247, 5750476246, 5750476260, 5750476245, 5750476244, 5750476243, 5750476242, 5750476241, 5750476240, 5750623148, 5750476239, 5750476238, 5750476237, 5750476236, 5750476235, 5750476234, 5750476233, 5750476232, 5750476231, 5750476230, 5750476229, 5750476228, 5750623147, 5750476227, 5750476226, 5750476225, 5750476224, 3349899384, 5750476223, 5750476222, 5750476221, 5750476220, 5750476219, 5750476218, 5750476217, 5750476216, 5750476215, 5750476214, 3349899382, 5750476213, 5750476212, 5750476211, 5750476210, 5750476209, 5750476208, 5750476207, 5750476206, 5750476205, 5750476204, 5750476203, 5750476202, 5750476201, 5750476200, 5750476199, 5750476198, 5750476197, 5750476196, 5750476259]",,,,,,,yes,,,,,,,,,,,,,,,,,,,,,,,,,,,,,,,,,,,,,,,,,,,,,,,,,,,,,,,,,,,,,,,,,,,,,,,,,,,,,,,,,,,,,,,,,,,,,,,,,,,,,,,,,,
2,60.0,Phạm Văn Đồng,primary,1745,,,primary,,,,,Phạm Văn Đồng,,,,,,,"[3349899384, 5750476163, 3349899383, 3349899379, 3349899377, 4447240208, 3349899376, 5750476274, 3726299021]",,,,,,,yes,,,,60,,,,,,,,,,,,,,,,,,,,,,,,,,,,,,,,,,,,,,,,,,,,,,,,,,,,,,,,,,,,,,,,,,,,,,,,,,,,,,,,,,,,,,,,,,,,,,,,,,,,,,
2,60.0,Phạm Văn Đồng,primary,1746,,,primary,,,,,Phạm Văn Đồng,,,,,,,"[2462902989, 5750476272, 3319154744, 3349899375, 3099990680, 3099990672, 5750476188, 3349899378, 3349899382]",,,,,,,yes,,,,60,,,,,,,,,,,,,,,,,,,,,,,,,,,,,,,,,,,,,,,,,,,,,,,,,,,,,,,,,,,,,,,,,,,,,,,,,,,,,,,,,,,,,,,,,,,,,,,,,,,,,,
2,,,primary,1747,,,primary,,,,roundabout,,,,,,,,"[5750497308, 5750497306, 5750497305, 4068001327, 5750497304, 5750497303, 5750497302, 5750497301, 5750497300, 5750497299, 5750497307, 5750497298, 5750497309, 5750497297, 5750497296, 5750497311, 5750497295, 5750497294, 5750497313, 5750497293, 5750497308]",,,,,,,yes,,,,,,,,,,,,,,,,,,,,,,,,,,,,,,,,,,,,,,,,,,,,,,,,,,,,,,,,,,,,,,,,,,,,,,,,,,,,,,,,,,,,,,,,,,,,,,,,,,,,,,,,,,
2,70.0,,primary,1748,,,primary,,,,,,,,,,,,"[2495735757, 4068001319, 4068001320, 5742717938, 4068001321, 4068001322, 4068001323, 4068001324, 4068001325, 4068001326, 4068001327]",,,,,,,yes,,,,70,,,,,,,,,,,,,,,,,,,,,,,,,,,,,,,,,,,,,,,,,,,,,,,,,,,,,,,,,,,,,,,,,,,,,,,,,,,,,,,,,,,,,,,,,,,,,,,,,,,,,,
2,70.0,,primary,1749,,,primary,,,,,,,,,,,,"[5750497313, 5750497290, 4068001397, 4068001398, 4068001399, 4068001400, 4068001401, 4068001402, 5742717937, 4068001403, 4068001404, 4068001405, 4053262407]",,,,,,,yes,,,,70,,,,,,,,,,,,,,,,,,,,,,,,,,,,,,,,,,,,,,,,,,,,,,,,,,,,,,,,,,,,,,,,,,,,,,,,,,,,,,,,,,,,,,,,,,,,,,,,,,,,,,
4,,,tertiary_link,1750,,,tertiary_link,,,,,,,,,,,,"[5750505252, 5750505251]",,,,,,,,,,,,,,,,,,,,,,,,,,,,,,,,,,,,,,,,,,,,,,,,,,,,,,,,,,,,,,,,,,,,,,,,,,,,,,,,,,,,,,,,,,,,,,,,,,,,,,,,,,,,,,,,,
1,50.0,Xa Lộ Hà Nội,trunk,1751,,,trunk,,,,,Xa Lộ Hà Nội,,,,,,,"[5740176614, 5750600600, 366414231, 5740176528, 2024973268, 5740176535, 5750599993, 366446109, 2409498618, 2217938326, 366470025, 2409498636, 5750600682, 5750636707, 2409498635]",,,,QL.1,,,yes,,,,50,,,,,,,,,,,,,,AH1,,,,,,,,,,,,,,,,,,,,,,,,,,,,,,,,,,,,,,,,,,,,,,,,,,,,,,,,,,,,,,,,,,,,,,,,,,,,,,,,,,,,,,,,
1,50.0,Xa Lộ Hà Nội,trunk,1752,,,trunk,,,,,Xa Lộ Hà Nội,,,,,,,"[5740176545, 5740176604, 366418524, 366381926, 5740176607, 5740176608, 5740176611, 5740176614]",,,,QL.1,,,yes,,,,50,,,,,,,,,,,,,,AH1,,,,,,,,,,,,,,,,,,,,,,,,,,,,,,,,,,,,,,,,,,,,,,,,,,,,,,,,,,,,,,,,,,,,,,,,,,,,,,,,,,,,,,,,
3,,Kha Vạn Cân,primary_link,1753,,,primary_link,,,,,Kha Vạn Cân,,,,,,,"[3349899378, 366409677, 3118891616, 5750623145]",,,,,,,yes,,,,,,,,,,,,,,,,,,,,,,,,,,,,,,,,,,,,,,,,,,,,,,,,,,,,,,,,,,,,,,,,,,,,,,,,,,,,,,,,,,,,,,,,,,,,,,,,,,,,,,,,,,
2,,,primary,1754,,,primary,,,,,,,,,,,,"[5750623149, 5750623150, 5750623151, 5750623152, 5750623153, 5750623154, 5752825422, 5750623155, 5750623156, 5750623157, 3349899387]",,,,,,,yes,,,,,,,,,,,,,,,,,,,,,,,,,,,,,,,,,,,,,,,,,,,,,,,,,,,,,,,,,,,,,,,,,,,,,,,,,,,,,,,,,,,,,,,,,,,,,,,,,,,,,,,,,,
2,,,primary,1755,,,primary,,,,,,,,,,,,"[5750623163, 5750623146]",,,,,,,yes,,,,,,,,,,,,,,,,,,,,,,,,,,,,,,,,,,,,,,,,,,,,,,,,,,,,,,,,,,,,,,,,,,,,,,,,,,,,,,,,,,,,,,,,,,,,,,,,,,,,,,,,,,
3,,,primary_link,1756,,,primary_link,,,,,,,,,,,,"[5750623166, 5750623165, 5752825423, 5750623164, 5750623177]",,,,,,,yes,,,,,,,,,,,,,,,,,,,,,,,,,,,,,,,,,,,,,,,,,,,,,,,,,,,,,,,,,,,,,,,,,,,,,,,,,,,,,,,,,,,,,,,,,,,,,,,,,,,,,,,,,,
2,,,primary,1757,,,primary,,,,,,,,,,,,"[5750623146, 5750623176, 5750623175, 5750623174, 5750623173, 5752823297, 5750623172, 5750623171, 5750623170, 5750623169, 5750623167, 5750623168]",,,,,,,yes,,,,,,,,,,,,,,,,,,,,,,,,,,,,,,,,,,,,,,,,,,,,,,,,,,,,,,,,,,,,,,,,,,,,,,,,,,,,,,,,,,,,,,,,,,,,,,,,,,,,,,,,,,
4,,,tertiary,1758,,,tertiary,,,,,,,,,,,,"[5750623180, 5750623166, 5750623179, 5750623178, 5750476196]",,,,,,,yes,,,,,,,,,,,,,,,,,,,,,,,,,,,,,,,,,,,,,,,,,,,,,,,,,,,,,,,,,,,,,,,,,,,,,,,,,,,,,,,,,,,,,,,,,,,,,,,,,,,,,,,,,,
4,,,tertiary,1759,,,tertiary,,,,,,,,,,,,"[5750476203, 5750623181, 5750623145]",,,,,,,yes,,,,,,,,,,,,,,,,,,,,,,,,,,,,,,,,,,,,,,,,,,,,,,,,,,,,,,,,,,,,,,,,,,,,,,,,,,,,,,,,,,,,,,,,,,,,,,,,,,,,,,,,,,
3,,Kha Vạn Cân,secondary,1760,,,secondary,,,,,Kha Vạn Cân,,,,,,,"[370818092, 1958801269, 1958801268]",,,,,,,yes,,,,,,,,,,,,,,,,,,,,,,,,,,,,,,,,,,,,,,,,,,,,,,,,,,,,,,,,,,,,,,,,,,,,,,,,,,,,,,,,,,,,,,,,,,,,,,,,,,,,,,,,,,
2,,,primary,1761,,,primary,,,,roundabout,,,,,,,,"[5750623593, 5750623590, 5750623589, 5750623588, 5750623587, 5750623586, 5750623585, 5750623594, 5750623584, 5750623583, 5750623582, 5750623581, 5750623580, 5750623579, 5750623578, 5750623577, 5750623576, 5750623575, 5750623574, 5750623573, 5750623572, 5750623571, 5750623570, 5750623569, 5750623568, 5750623567, 5750623566, 5750623565, 5750623564, 5750623599, 5750623563, 5750623562, 5750623561, 5750623560, 5750623559, 5750623558, 5750623557, 5750623556, 5750623555, 5750623554, 5750623553, 5750623552, 5750623551, 5750623595, 5750623550, 5750623549, 5750623548, 5750623547, 3726299024, 5750623546, 5750623545, 5750623544, 5750623543, 5750623542, 5750623541, 5750623540, 5750623539, 5750623538, 5750623591, 5750623598, 5750623537, 5750623592, 5750623536, 5750623593]",,,,,,,yes,,,,,,,,,,,,,,,,,,,,,,,,,,,,,,,,,,,,,,,,,,,,,,,,,,,,,,,,,,,,,,,,,,,,,,,,,,,,,,,,,,,,,,,,,,,,,,,,,,,,,,,,,,
2,70.0,,primary,1762,,,primary,,,,,,,,,,,,"[5750623599, 5750623535, 4068001347, 4068001409, 4068001348, 4068001410, 4068001349, 4068001350, 4068001351, 4068001352, 4068001353, 4068001354, 4068001411, 4068001356, 4068001355]",,,,,,,yes,,,,70,,,,,,,,,,,,,,,,,,,,,,,,,,,,,,,,,,,,,,,,,,,,,,,,,,,,,,,,,,,,,,,,,,,,,,,,,,,,,,,,,,,,,,,,,,,,,,,,,,,,,,
2,70.0,,primary,1763,,,primary,,,,,,,,,,,,"[5750623598, 5750623597, 5751297761, 5750623189, 4068001373]",,,,,,,yes,,,,70,,,,,,,,,,,,,,,,,,,,,,,,,,,,,,,,,,,,,,,,,,,,,,,,,,,,,,,,,,,,,,,,,,,,,,,,,,,,,,,,,,,,,,,,,,,,,,,,,,,,,,
4,,Hưng Nhơn,tertiary,1764,,,tertiary,,,,,Hưng Nhơn,,,,,,,"[366383594, 366399840, 5728549692]",,,,,,,,,,,,,,1,,,yes,,,,,,,,,,,,,,,,,,,,,,,,,,,,,,,,,,,,,,,,,,,,,,,,,,,,,,,,,,,,,,,,,,,,,,,,,,,,,,,,,,,,,,,,,,,,,,,,
3,,,trunk_link,1765,,,trunk_link,,,,,,,,,,,,"[5750709101, 5750709104, 4876174039]",,,,,,,yes,,,,,,,,,,,,,,,,,,,,,,,,,,,,,,,,,,,,,,,,,,,,,,,,,,,,,,,,,,,,,,,,,,,,,,,,,,,,,,,,,,,,,,,,,,,,,,,,,,,,,,,,,,
3,,,trunk_link,1766,,,trunk_link,,,,,,,,,,,,"[5751195059, 5750709099, 5750709098, 5750709097]",,,,,,,yes,,,,,,,,,,,,,,,,,,,,,,,,,,,,,,,,,,,,,,,,,,,,,,,,,,,,,,,,,,,,,,,,,,,,,,,,,,,,,,,,,,,,,,,,,,,,,,,,,,,,,,,,,,
4,,,unclassified,1767,,,unclassified,,,,,,,,,,,,"[5750834791, 5751021130, 5750834790, 5750834789, 5751021165, 5750834788, 3296528596]",,,,,,,yes,,,,,,,,,,,,,,,,,,,,,,,,,,,,,,,,,,,,,,,,,,,,,,,,,,,,,,,,,,,,,,,,,,,,,,,,,,,,,,,,,,,,,,,,,,,,,,,,,,,,,,,,,,
4,,,unclassified,1768,,,unclassified,,,,,,,,,,,,"[3296670933, 5750834796, 5750834743, 5750834795, 5750834794, 5750834793, 5750834792]",,,,,,,yes,,,,,,,,,,,,,,,,,,,,,,,,,,,,,,,,,,,,,,,,,,,,,,,,,,,,,,,,,,,,,,,,,,,,,,,,,,,,,,,,,,,,,,,,,,,,,,,,,,,,,,,,,,
4,,An Phú Đông 3,tertiary,1769,,,tertiary,,,,,An Phú Đông 3,,,,,,,"[5653035432, 366440729, 366472914, 5653035447, 366402852, 366473564, 366423829, 5653035866, 366435746, 5653035473, 5653036035]",,,,,,,,,,,,,,,,,,,,,,,,,,,,,,,,,,,,,,,,,,,,,,,,,,,,,,,,,,,,,,,,,,,,,,,,,,,,,,,,,,,,,,,,,,,,,,,,,,,,,,,,,,,,,,,,,
4,,Hiệp Bình,tertiary,1770,,,tertiary,,,,,Hiệp Bình,,,,,,,"[366400698, 5752773315, 366442274, 5751160689, 366438887, 2489022403, 5757610857, 366461598]",,,Hiep Binh,,,,,,,,,,,,,,,,,,,,,,,,,,,,,,,,,,,,,,,,,,,,,,,,,,,,,,,,,,,,,,,,,,,,,,,,,,,,,,,,,,,,,,,,,,,,,,,,,,,,,,,,,,,,,,
4,,Tân Chánh Hiệp 39,tertiary,1771,,,tertiary,,,,,Tân Chánh Hiệp 39,,,,,,,"[366472007, 3246715972]",,,,,,,,,,,,,,,,,,,,,,,,,,,,,,,,,,,,,,,,,,,,,,,,,,,,,,,,,,,,,,,,,,,,,,,,,,,,,,,,,,,,,,,,,,,,,,,,,,,,,,,,,,,,,,,,,
4,,,unclassified,1772,,,unclassified,,,,,,,,,,,,"[3246715981, 5752775004]",,,,,,,,,,,,,,,,,,,,,,,,,,,,,,,,,,,,,,,,,,,,,,,,,,,,,,,,,,,,,,,,,,,,,,,,,,,,,,,,,,,,,,,,,,,,,,,,,,,,,,,,,,,,,,,,,
4,,,tertiary_link,1773,,,tertiary_link,,,,,,,,,,,,"[5753048954, 5753048953]",,,,,,,,,,,,,,,,,,,,,,,,,,,,,,,,,,,,,,,,,,,,,,,,,,,,,,,,,,,,,,,,,,,,,,,,,,,,,,,,,,,,,,,,,,,,,,,,,,,,,,,,,,,,,,,,,
4,,,unclassified,1774,,,unclassified,,,,,,,,,,,,"[5753090658, 5753090659, 5753090660, 2645620799, 2939003121, 5753090661, 5753090654, 5753090662, 5753090663, 5753090664, 3149096705, 5753048957, 5753170097, 5753048963, 5753048962, 5753048961, 5753048960, 2938679179, 2409496511]",,,,,,,yes,,,,,,,,,,,,,,,,,,,,,,,,,,,,,,,,,,,,,,,,,,,,,,,,,,,,,,,,,,,,,,,,,,,,,,,,,,,,,,,,,,,,,,,,,,,,,,,,,,,,,,,,,,
4,,,tertiary,1775,,,tertiary,,,,,,,,,,,,"[2938679182, 2938679147, 2938679191, 2938679159, 2938679160, 2938679171]",,,,,,,yes,,,,,,,,,,,,,,,,,,,,,,,,,,,,,,,,,,,,,,,,,,,,,,,,,,,,,,,,,,,,,,,,,,,,,,,,,,,,,,,,,,,,,,,,,,,,,,,,,,,,,,,,,,
4,,,tertiary,1776,,,tertiary,,,,,,,,,,,,"[2217927992, 2948303072, 2948303069, 2217927998, 1503295256, 4766259491, 4766258735, 2217927983, 2217928001]",,,,,,,yes,,,,,,,,,,,,,,,,,,,,,,,,,,,,,,,,,,,,,,,,,,,,,,,,,,,,,,,,,,,,,,,,,,,,,,,,,,,,,,,,,,,,,,,,,,,,,,,,,,,,,,,,,,
4,,,tertiary,1777,,,tertiary,,,,,,,,,,,,"[2938679180, 4766277103, 2938679185, 4766262068, 2938679167, 2938679154, 2948303068, 2948303071, 2938679161]",,,,,,,yes,,,,,,,,,,,,,,,,,,,,,,,,,,,,,,,,,,,,,,,,,,,,,,,,,,,,,,,,,,,,,,,,,,,,,,,,,,,,,,,,,,,,,,,,,,,,,,,,,,,,,,,,,,
4,,Đường số 1A,tertiary,1778,,,tertiary,,,,,Đường số 1A,,,,,,,"[1606817780, 2370358099]",,Binh Chanh,,,Binh Hung,,yes,,,,,,,,,,,,,,,,,,,,,,,,,,,,,,,,,,,,,,,,,,,,,,,,,,,,,,,,,,,,,,,,,,,,,,,,,,,,,,,,,,,,,,,,,,,,,,,,,,,,,,,,,,
4,,,unclassified,1779,,,unclassified,,,,,,,,,,,,"[2954706550, 5767087085, 4068017992, 5772493601, 366372384]",,,,,,,no,,,,,,,,,,,,,,,,,,,,,,,,,,,,,,,,,,,,,,,,,,,,,,,,,,,,,,,,,,,,,,,,,,,,,,,,,,,,,,,,,,,,,,,,,,,,,,,,,,,,,,,,,,
4,,,unclassified,1780,,,unclassified,,,,,,,,,,,,"[5753492034, 5762721239, 366406071, 5762721240, 366453235, 5762723856, 366440140, 5762723854, 5762721248, 5762724128, 5762724110, 366413913]",,,,,,,,,,,,,,,,,,,,,,,,,,,,,,,,,,,,,,,,,,,,,,,,,,,,,,,,,,,,,,,,,,,,,,,,,,,,,,,,,,,,,,,,,,,,,,,,,,,,,,,,,,,,,,,,,
2,,Quốc lộ 1K,primary,1781,,,primary,,,,,Quốc lộ 1K,,,,,,,"[3117088685, 2941425694, 2941425693, 2941425692, 3792257839, 2941425691, 366462294, 2941425690, 5755038370, 5753491212, 2951396134]",,,,1K,,,yes,,,,,,,,,,,,,,,,,,,,,,,,,,,,,,,,,,,,,,,,,,,,,,,,,,,,,,,,,,,,,,,,,,,,,,,,,,,,,,,,,,,,,,,,,,,,,,,,,,,,,,,,,,
2,,Quốc lộ 1K,primary,1782,,,primary,,,,,Quốc lộ 1K,,,,,,,"[3792257769, 2941435564, 2941435826, 3792257451, 2941435761, 5762654863, 2941435746, 3371908048, 5468478164]",,,,1K,,,yes,,,,,,,,,,,,,,,,,,,,,,,,,,,,,,,,,,,,,,,,,,,,,,no,,,,,,,,,,,,,,,,,,,,,,,,,,,,,,,,,,,,,,,,,,,,,,,,,,,,,,,,,,,,
3,40.0,Nguyễn Hữu Trí,secondary,1783,,,secondary,,,,,Nguyễn Hữu Trí,,,,,,,"[5755169719, 366408877, 5767087937, 5767087938, 5755169699, 5767087939, 366378461, 5755169692, 366472196, 5755169700, 5755169702, 5755169562, 5755169526, 5755169711, 5755169715, 5767087940, 5755169529, 5755169572, 366459373, 5767087941, 5767087942, 5755169568, 5755169577, 366464023, 5767087943, 5755569513, 366387294]",,,,,,,yes,,,,40,,,,,,,,,,,,,,,,,,,,,,,,,,,,,,,,,,,,,,,,,,,,,,,,,,,,,,,,,,,,,,,,,,,,,,,,,,,,,,,,,,,,,,,,,,,,,,,,,,,,,,
2,,Tô Ký,primary,1784,,,primary,,,,,Tô Ký,,,,,,,"[5762600894, 5762600893, 5762600726, 366461782, 366378284, 5755581603, 5762600049, 5755581602, 5762600892, 5764885911, 5762600697, 5764885915, 5762600722, 366372146, 5764885899, 5764885943, 5764948461, 5764885914, 737199262, 5764948657, 5764885913, 5043145935, 2210755719, 366412672, 5764885912, 5767711692, 737199261, 5764885910, 4178488053, 5764885909, 366391400, 5764885908, 366466819, 5767711722, 5762600042, 5767710919, 5767711665, 5762600041, 5767711666, 5767710952, 5762600040]",,,To Ky,15,,,,,,,,,,,,,,,,,,,,,,,,,,,,,,,,,,,,,,,,,,,,,,,,,,,,,,,,,,,,,,,,,,,,,,,,,,,,,,,,,,,,,,,,,,,,,,,,,,,,,,,,,,,,,
4,,,tertiary_link,1785,,,tertiary_link,,,,,,,,,,,,"[5755653749, 5778630719, 5755653750, 4935305929]",,,,,,,yes,,,,,,,,,,,,,,,,,,,,,,,,,,,,,,,,,,,,,,,,,,,,,,,,,,,,,,,,,,,,,,,,,,,,,,,,,,,,,,,,,,,,,,,,,,,,,,,,,,,,,,,,,,
1,80.0,Đại lộ Bình Dương,trunk,1786,,,trunk,,,,,Đại lộ Bình Dương,,,,,,,"[2338830289, 2338830274, 3217904597, 3217904595, 5742932296, 5753295969, 2338830263, 5753295998, 5753295978, 5753295999, 5743031177, 5753295985, 3296670921, 2338830288, 5753295988, 3296704989, 2338830261, 2338830275, 5753296000, 2338830290, 2338830243, 2338830266, 5753295962, 2338830265, 2338830247, 2338830258, 3296704218]",,,,13,,,yes,,,,80,,,,,,,,,,,,,,,,,,,,,,,,,,,,,,,,,,,,,,,,,,,,,,,,,,,,,,,,,,,,,,,,,,,,,,,,,,,,,,,,,,,,,,,,,,,,,,,,,,,,,,
1,80.0,Đại lộ Bình Dương,trunk,1787,,,trunk,,,,,Đại lộ Bình Dương,,,,,,,"[5755657946, 3297934044, 3297934046, 366425498, 2338830270, 5755657930, 5755657935, 366404330, 5755747285, 3296704212, 366444262, 5748066749]",,,Binh Duong Road,13,,,yes,,,平阳大路,80,,,,,,,,,,,,,,,,,,,,,,,,,,,,,,,,,,,,,,,,,,,,,,,,,,,,,,,,,,,,,,,,,,,,,,,,,,,,,,,,,,,,,,,,,,,,,,,,,,,,,,
4,,Ông Ích Khiêm,tertiary,1788,,,tertiary,,,,,Ông Ích Khiêm,,,,,,,"[723876637, 5757501793, 5757501787]",,,Ong Ich Khiem,,,,yes,,,,,,,,,,,,,,,,,,,,,,,,,,,,,,,,,,,,,,,,,,,,,,,,,,,,,,,,,,,,,,,,,,,,,,,,,,,,,,,,,,,,,,,,,,,,,,,,,,,,,,,,,,
4,,,tertiary,1789,,,tertiary,,,,,,,,,,,,"[5757501787, 5757501786, 5757501785, 5757501784, 5757501783, 723876640]",,,,,,,yes,,,,,,,,,,,,,,,,,,,,,,,,,,,,,,,,,,,,,,,,,,,,,,,,,,,,,,,,,,,,,,,,,,,,,,,,,,,,,,,,,,,,,,,,,,,,,,,,,,,,,,,,,,
4,,,tertiary_link,1790,,,tertiary_link,,,,,,,,,,,,"[5757501788, 5757501789, 5757501790, 5757501791, 5757501792, 5757501793]",,,,,,,yes,,,,,,,,,,,,,,,,,,,,,,,,,,,,,,,,,,,,,,,,,,,,,,,,,,,,,,,,,,,,,,,,,,,,,,,,,,,,,,,,,,,,,,,,,,,,,,,,,,,,,,,,,,
4,,Lạc Long Quân,tertiary,1791,,,tertiary,,,,,Lạc Long Quân,,,,,,,"[5757501798, 5757501788, 5757501808, 5757501809, 723876635]",,11,Lac Long Quan,,,,yes,,,,,,,,,,,,,,,,,,,,,,,,,,,,,,,,,,,,,,,,,,,,,,,,,,,,,,,,,,,,,,,,,,,,,,,,,,,,,,,,,,,,,,,,,,,,,,,,,,,,,,,,,,
4,,,tertiary,1792,,,tertiary,,,,,,,,,,,,"[2953649453, 5757501794, 5757501795, 5757501796, 5757501797, 5757501798]",,,,,,,yes,,,,,,,,,,,,,,,,,,,,,,,,,,,,,,,,,,,,,,,,,,,,,,,,,,,,,,,,,,,,,,,,,,,,,,,,,,,,,,,,,,,,,,,,,,,,,,,,,,,,,,,,,,
4,,Hoà Bình,tertiary,1793,,,tertiary,,,,,Hoà Bình,,,,,,,"[5757501802, 3700972667, 5757501812]",Ho Chi Minh,11,Hoa Binh,,3,,yes,,,,,,,,,,,,,,,,,,,,,,,,,,,,,,,,,,,,,,,,,,,,,,,,,,,,,,,,,,,,,,,,,,,,,,,,,,,,,,,,,,,,,,,,,,,,,,,,,,,,,,,,,,
4,,,tertiary,1794,,,tertiary,,,,,,,,,,,,"[5757501799, 5757501800, 5757501801, 5757501802]",,,,,,,yes,,,,,,,,,,,,,,,,,,,,,,,,,,,,,,,,,,,,,,,,,,,,,,,,,,,,,,,,,,,,,,,,,,,,,,,,,,,,,,,,,,,,,,,,,,,,,,,,,,,,,,,,,,
4,,,tertiary,1795,,,tertiary,,,,,,,,,,,,"[5757507434, 5757507433, 5757507432, 5757507431, 5797841740, 5757507430, 4988324906]",,,,,,,yes,,,,,,,,,,,,,,,,,,,,,,,,,,,,,,,,,,,,,,,,,,,,,,,,,,,,,,,,,,,,,,,,,,,,,,,,,,,,,,,,,,,,,,,,,,,,,,,,,,,,,,,,,,
3,,,secondary,1796,,,secondary,,,,,,,,,,,,"[5757549029, 5757549030, 5757549031, 5757549032]",,,,,,,yes,,,,,,,,,,,,,,,,,,,,,,,,,,,,,,,,,,,,,,,,,,,,,,,,,,,,,,,,,,,,,,,,,,,,,,,,,,,,,,,,,,,,,,,,,,,,,,,,,,,,,,,,,,
4,,,unclassified,1797,,,unclassified,,,,,,,,,,,,"[3297934023, 3297934018]",,,,,,,,,,,,,,1,,,yes,,,,,,,,,,,,,,,,,,,,,,,,,,,,,,,,,,,,,,,,,,,,,,,,,,,,,,,,,,,,,,,,,,,,,,,,,,,,,,,,,,,,,,,,,,,,,,,,
4,,Đường số 6,tertiary,1798,,,tertiary,,,,,Đường số 6,,,,,,,"[2963992317, 4720214117, 2963992330, 5769336082, 2963992328, 2963992329, 5769336129, 5769336065, 2963993937, 5769336130, 2963992327, 5769336078, 5757756787]",,,,,,,,,,,,,,,,,,,,,,,,,,,,,,,,,,,,,,,,,,,,,,,,,,,,,,,,,,,,,,,,,,,,,,,,,,,,,,,,,,,,,,,,,,,,,,,,,,,,,,,,,,,,,,,,,
4,,Thành Thái,tertiary,1799,,,tertiary,,,,,Thành Thái,,,,,,,"[2433653223, 5892098006]",,,Thanh Thai,,,,yes,,,,,,,,,,,,,,,,,,,,,,,,,,,,,,,,,,,,,,,,,,,,,,,,,,,,,,,,,,,,,,,,,,,,,,,,,,,,,,,,,,,,,,,,,,Thành Thái,4.6,,,,,,,,,,,,,,,
3,,Thành Thái,secondary,1800,,,secondary,,,,,Thành Thái,,,,,,,"[2999030270, 4629703848]",,,Thanh Thai,,,,yes,,,,,,,,,,,,,,,,,,,,,,,,,,,,,,,,,,,,,,,,,,,,,,,,,,,,,,,,,,,,,,,,,,,,,,,,,,,,,,,,,,,,,,,,,,,4.6,,,,,,,,,,,,,,,
2,,,primary,1801,,,primary,,,,,,,,,,,,"[4629703851, 5462282633, 5462282634, 5462282635, 5462282636, 5462282637, 4629359717]",,,,,,,yes,,,,,,,,,,,,,,,,,,,,,,,,,,,,,,,,,,,,,,,,,,,,,,,,,,,,,,,,,,,,,,,,,,,,,,,,,,,,,,,,,,,,,,,,,,,,,,,,,,,,,,,,,,
2,,,primary,1802,,,primary,,,,,,,,,,,,"[2433653213, 5462282638, 5462282639, 5462282640, 5462282632, 4629703851]",,,,,,,yes,,,,,,,,,,,,,,,,,,,,,,,,,,,,,,,,,,,,,,,,,,,,,,,,,,,,,,,,,,,,,,,,,,,,,,,,,,,,,,,,,,,,,,,,,,,,,,,,,,,,,,,,,,
2,,,primary,1803,,,primary,,,,,,,,,,,,"[4629359717, 5462282641, 5462282642, 4629359719]",,,,,,,yes,,,,,,,,,,,,,,,,,,,,,,,,,,,,,,,,,,,,,,,,,,,,,,,,,,,,,,,,,,,,,,,,,,,,,,,,,,,,,,,,,,,,,,,,,,,,,,,,,,,,,,,,,,
3,,Tên Lửa,primary_link,1804,,,primary_link,,,,,Tên Lửa,,,,,,,"[5757507427, 5797841741, 4453411212]",,,,,,,yes,,,,,,,,,,,,,,,,,,,,,,,,,,,,,,,,,,,,,,,,,,,,,,,,,,,,,,,,,,,,,,,,,,,,,,,,,,,,,,,,,,,,,,,,,,,,,,,,,,,,,,,,,,
4,,Kha Vạn Cân,tertiary,1805,,,tertiary,,,,,Kha Vạn Cân,,,,,,,"[2947068442, 5758041297]",,,,,,,,,,,,,,1,,,yes,,,,,,,,,,,,,,,,,,,,,,,,,,,,,,,,,,,,,,,,,,,,,,,,,,,,,,,,,,,,,,,,,,,,,,,,,,,,,,,,,,,,,,,,,,,,,,,,
3,,Tân Kỳ Tân Quý,secondary,1806,,,secondary,,,,,Tân Kỳ Tân Quý,,,,,,,"[366428472, 5762610000, 5762610001, 5758081996, 5003306375, 2621185426, 5758081997]",,Tan Phu,Tan Ky Tan Quy,,,,,,,,,,,,,,,,no,no,,,,,,,,,,,,,,,,,,,,,,,,,,,,,,,,,,,,,,,,,,,,,,,,,,,,,,,,,,,,,,,,,,,,,,,,,,,,,,,,,,,,,,,,,,,,,
4,,Ấp Bắc,unclassified,1807,,,unclassified,,,,,Ấp Bắc,,,,,,,"[2409408734, 2079964920, 2081354575, 2081355071, 2079964120]",,,,,,,no,,,,,,,,,,,,no,no,,,,,,,,,,,,,,,,,,,,,,,,,,,,,,,,,,,,,,,,,,,,,,,,,,,,,,,,,,,,,,,,,,,,,,,,,,,,,,,,,,,,,,,,,,,,,
4,,,unclassified,1808,,,unclassified,,,,,,,,,,,,"[4937800746, 5762755216]",,,,,,,,,,,,,,1,,,yes,,,,,,,,,,,,,,,,,,,,,,,,,,,,,,,,,,,,,,,,,,,,,,,,,,,,,,,,,,,,,,,,,,,,,,,,,,,,,,,,,,,,,,,,,,,,,,,,
4,,,unclassified,1809,,,unclassified,,,,,,,,,,,,"[5762755219, 5762755218]",,,,,,,,,,,,,,1,,,yes,,,,,,,,,,,,,,,,,,,,,,,,,,,,,,,,,,,,,,,,,,,,,,,,,,,,,,,,,,,,,,,,,,,,,,,,,,,,,,,,,,,,,,,,,,,,,,,,
4,,,unclassified,1810,,,unclassified,,,,,,,,,,,,"[5762755222, 4937800749, 5737930233, 4937800750, 5737930234, 4937800751, 5737930341, 4937800752, 5737930332, 5737930327, 4937800753, 5753077500, 4937800754, 4937800755, 4937800756, 4937800757, 5753077489, 5762755221]",,,,,,,,,,,,,,,,,,,,,,,,,,,,,,,,,,,,,,,,,,,,,,,,,,,,,,,,,,,,,,,,,,,,,,,,,,,,,,,,,,,,,,,,,,,,,,,,,,,,,,,,,,,,,,,,,
4,,,unclassified,1811,,,unclassified,,,,,,,,,,,,"[5811546286, 4971884414, 4937800735, 4937800736, 4937800737, 4937800738, 4937800739, 4937800740, 4937800741, 4937800742, 4937800743, 4937800744, 4937800745, 4971884363, 4937800746]",,,,,,,,,,,,,,,,,,,,,,,,,,,,,,,,,,,,,,,,,,,,,,,,,,,,,,,,,,,,,,,,,,,,,,,,,,,,,,,,,,,,,,,,,,,,,,,,,,,,,,,,,,,,,,,,,
4,,Đường Vành đai ĐHQG,unclassified,1812,,,unclassified,,,,,Đường Vành đai ĐHQG,,,,,,,"[2938729561, 2409496500, 2950203189, 366431910, 4809043168, 5753048843, 2939003302, 2939003305, 366403554, 5753048830, 5753048912, 5753048868, 2938759522, 5763376688]",,,,,,,,,,,,,,,,,,,,,,,,,,,,,,,,,,,,,,,,,,,,,,,,,,,,,,,,,,,,,,,,,,,,,,,,,,,,,,,,,,,,,,,,,,,,,,,,,,,,,,,,,,,,,,,,,
4,,,tertiary,1813,,,tertiary,,,,roundabout,,,,,,,,"[5762890472, 5762890454, 5762890470, 5762890469, 5762890468, 5762890467, 5762890466, 5762890465, 5762890464, 5762890463, 5762890471, 5762890462, 5762890461, 5762890477, 5762890460, 5762890459, 5762890458, 5762890457, 5762890456, 5762890455, 5762890472]",,,,,,,yes,,,,,,,,,,,,,,,,,,,,,,,,,,,,,,,,,,,,,,,,,,,,,,,,,,,,,,,,,,,,,,,,,,,,,,,,,,,,,,,,,,,,,,,,,,,,,,,,,,,,,,,,,,
2,,Nam Kỳ Khởi Nghĩa,primary,1814,,,primary,,,,,Nam Kỳ Khởi Nghĩa,,,,,Nam Kỳ Khởi Nghĩa,,"[411926164, 3168120094, 5778360101, 411926212, 411926211]",,,Nam Ky Khoi Nghia Road,,,,yes,Công Lý,,南圻起义路,,,,,,,,,,,,,,,,,,,,,,,,,,,,,,,,,,,,,,,,,,,,,,,,,,,,,,,,,,,,,Công Lý,,,,,,,,,,,,,,,,,,,,,,,,,,,,,,,,,,,,,,,,,,
4,,,unclassified,1815,,,unclassified,,,,,,,,,,,,"[3296670887, 3296670886, 3296670885, 3296670884, 5764818937, 3296670883, 3296670882, 5764818942, 3296670881, 3296670880, 3296670879, 3296670878, 3296670877, 3296670876, 5764818931, 3296670875, 3296670874, 5769447276, 5764818930, 3296670873, 3296670872, 3296670871, 5769447277, 5769447255, 3296670870, 5769447431, 5769447444, 3296670869, 3296670868, 3296670867, 3296670866, 5769447403, 3296670865, 3296670864, 3296670863, 3296670860, 3296670859, 3296670862, 5769446780, 5769446785, 3217666087, 3296670861, 5769447327, 3217666086]",,,,,,,,,,,,,,,,,,,,,,,,,,,,,,,,,,,,,,,,,,,,,,,,,,,,,,,,,,,,,,,,,,,,,,,,,,,,,,,,,,,,,,,,,,,,,,,,,,,,,,,,,,,,,,,,,
2,,Hai Bà Trưng,primary,1816,,,primary,,,,,Hai Bà Trưng,,,,,,,"[5764899743, 5727122042]",,,Hai Ba Trung,,,,,,,二徵夫人路,,,,1,,,yes,,,,,,,,,,,,,,,,,,,,,,,,,,,,,,,,,,,,,,,,,,,,,,,,,,,,,,,,,,,,,,,,,,,,,,,,,,,,,,,,,,,,,,,,,,,,,,,,
4,,,unclassified,1817,,,unclassified,,,,,,,,,,,,"[3632310798, 5764911878]",,,,,,,,,,,,,,1,,,yes,,,,,,,,,,,,,,,,,,,,,,,,,,,,,,,,,,,,,,,,,,,,,,,,,,,,,,,,,,,,,,,,,,,,,,,,,,,,,,,,,,,,,,,,,,,,,,,,
3,,,primary_link,1818,,,primary_link,,,,,,,,,,,,"[5765047042, 5765047043, 5765047044, 5765047045]",,,,,,,yes,,,,,,,,,,,,,,,,,,,,,,,,,,,,,,,,,,,,,,,,,,,,,,,,,,,,,,,,,,,,,,,,,,,,,,,,,,,,,,,,,,,,,,,,,,,,,,,,,,,,,,,,,,
4,,Tân Liễu,unclassified,1819,,,unclassified,,,,,Tân Liễu,,,,,,,"[5765066794, 5765088627, 5765088648, 4815672620, 5028119181, 4815672619]",,,,,,,,,,,,,,,,,,,,,,,,,,,,,,,,,,,,,,,,,,,,,,,,,,,,,,,,,,,,,,,,,,,,,,,,,,,,,,,,,,,,,,,,,,,,,,,,,,,,,,,,,,,,,,,,,
4,,Trần Hữu Trang,unclassified,1820,,,unclassified,,,,,Trần Hữu Trang,,,,,,,"[727568351, 1672907091, 2289957979, 2300357794, 727568362, 2289957974, 2289957967, 366413143, 5765047037, 860695661]",,,Tran Huu Trang,,,,,,,,,,,,,,,,,,,,,,,,,,,,,,,,,,,,,,,,,,,,,,,,,,,,,,,,,,,,,,,,,,,,,,,,,,,,,,,,,,,,,,,,,,,,,,,,,,,,,,,,,,,,,,
4,,,tertiary_link,1821,,,tertiary_link,,,,,,,,,,,,"[5765384643, 5765384642, 5765384641]",,,,,,,,,,,,,,,,,,,,,,,,,,,,,,,,,,,,,,,,,,,,,,,,,,,,,,,,,,,,,,,,,,,,,,,,,,,,,,,,,,,,,,,,,,,,,,,,,,,,,,,,,,,,,,,,,
4,,,tertiary_link,1822,,,tertiary_link,,,,,,,,,,,,"[5765404722, 5765404721]",,,,,,,,,,,,,,,,,,,,,,,,,,,,,,,,,,,,,,,,,,,,,,,,,,,,,,,,,,,,,,,,,,,,,,,,,,,,,,,,,,,,,,,,,,,,,,,,,,,,,,,,,,,,,,,,,
3,,Lê Đức Thọ,secondary,1823,,,secondary,,,,,Lê Đức Thọ,,,,,,,"[5736013563, 5736013562, 5765425769, 5736013561]",,,,,,,,,,,,,,,,,,,,,,,,,,,,,,,,,,,,,,,,,,,,,,,,,,,,,,,,,,,,,,,,,,,,,,,,,,,,,,,,,,,,,,,,,,,,,,,,,,,,,,,,,,,,,,,,,
3,,,trunk_link,1824,,,trunk_link,,,,,,,,,,,,"[5765425823, 366388771]",,,,,,,yes,,,,,,,,,,,,,,,,,,,,,,,,,,,,,,,,,,,,,,,,,,,,,,,,,,,,,,,,,,,,,,,,,,,,,,,,,,,,,,,,,,,,,,,,,,,,,,,,,,,,,,,,,,
3,,,secondary_link,1825,,,secondary_link,,,,,,,,,,,,"[5765428370, 5765428371, 5765428372, 5765428373, 5765428378]",,,,,,,yes,,,,,,,,,,,,,,,,,,,,,,,,,,,,,,,,,,,,,,,,,,,,,,,,,,,,,,,,,,,,,,,,,,,,,,,,,,,,,,,,,,,,,,,,,,,,,,,,,,,,,,,,,,
3,,Lê Đức Thọ,secondary,1826,,,secondary,,,,,Lê Đức Thọ,,,,,,,"[5765428381, 5765428378, 5765428379, 5942838851, 5765428384, 5942838852, 5769487986, 5765428382]",,,,,,,yes,,,,,,,,,,,,,,,,,,,,,,,,,,,,,,,,,,,,,,,,,,,,,,,,,,,,,,,,,,,,,,,,,,,,,,,,,,,,,,,,,,,,,,,,,,,,,,,,,,,,,,,,,,
4,,,tertiary,1827,,,tertiary,,,,,,,,,,,,"[5765346945, 366397671, 366424524, 366368437, 5753188503, 366431626, 366447877, 5753188455, 2217927992, 2938679161, 5750468179, 1503295291, 366377263]",,,,,,,,,,,,,,,,,,,,,,,,,,,,,,,,,,,,,,,,,,,,,,,,,,,,,,,,,,,,,,,,,,,,,,,,,,,,,,,,,,,,,,,,,,,,,,,,,,,,,,,,,,,,,,,,,
4,,Mã Lò,tertiary,1828,,,tertiary,,,,,Mã Lò,,,,,,,"[5752806652, 5755057130, 5755051716, 366432057, 5755057321, 5755057217, 366385389, 366425080, 366440626, 5755057123, 5755051713, 366409863, 5755057121, 5755051719, 5755057147, 5755073092, 5009736453, 5009736522, 366438029, 5755582078, 5009736524, 5009736450, 4952170174, 5009736448, 5757475391, 5757457886, 366390346, 5757475364, 5757475399, 5757475390, 5009735617, 5757475384, 5009735615, 5757816904, 5757816898, 366464357, 4582296874, 5757816884, 5009735608, 5762760966, 366466468, 5762760988, 5011011879, 5755652478, 5762785861, 5755652477, 5762760944, 5011071504, 3182335402, 5764898208, 5764898182, 5764898169, 3072456483, 5764929751, 5764898217, 5764929744, 366430896, 5767081572, 5767081567, 4952170141, 4952170694, 5767081349, 5767062736, 366413513, 5767081343, 5767062745, 5767062726, 5021688598, 366476460, 5767623252, 4983154886, 5011072676, 5767677867, 366370213, 5767623248, 3182335403, 5767677858, 366403924, 5767623226, 366426687, 5767623219, 5767677855, 5769624264, 366428888, 366372692]",,,,,,,,,,,,,,,,,,,,,,,,,,,,,,,,,,,,,,,,,,,,,,,,,,,,,,,,,,,,,,,,,,,,,,,,,,,,,,,,,,,,,,,,,,,,,,,,,,,,,,,,,,,,,,,,,
3,,,secondary,1829,,,secondary,,,,,,,,,,,,"[5767087751, 5767087750, 5767087727, 5767087749, 5767087748, 5767087747, 5767087746, 5767087728, 5767087745, 5767087729, 5767087744, 5767087743, 5767087730, 5767087742, 5767087731, 5767087741, 5767087740, 5767087739, 5767087738, 5767087737, 5767087736, 5767087733, 5767087732, 5767087735, 5767087734]",,,,,,,yes,,,,,,,,,,,,,,,,,,,,,,,,,,,,,,,,,,,,,,,,,,,,,,,,,,,,,,,,,,,,,,,,,,,,,,,,,,,,,,,,,,,,,,,,,,,,,,,,,,,,,,,,,,
3,,,primary_link,1830,,,primary_link,,,,,,,,,,,,"[3349899979, 5767184403, 5767184402, 5767184401, 5767184397, 5767184394, 5767184395]",,,,,,,yes,,,,,,,,,,,,,,,,,,,,,,,,,,,,,,,,,,,,,,,,,,,,,,,,,,,,,,,,,,,,,,,,,,,,,,,,,,,,,,,,,,,,,,,,,,,,,,,,,,,,,,,,,,
4,,,tertiary,1831,,,tertiary,,,,,,,,,,,,"[5767184407, 5767184398, 5767184399, 5767184406, 5767184393, 5767184405, 5767184404]",,,,,,,yes,,,,,,,,,,,,,,,,,,,,,,,,,,,,,,,,,,,,,,,,,,,,,,,,,,,,,,,,,,,,,,,,,,,,,,,,,,,,,,,,,,,,,,,,,,,,,,,,,,,,,,,,,,
4,,Tân Kỳ Tân Quý,tertiary,1832,,,tertiary,,,,,Tân Kỳ Tân Quý,,,,,,,"[5767352505, 5767352508, 366414067, 5009736585, 366370600, 366461539, 2621185778, 5753018149, 5009736572, 5753018151, 5009736570, 5753067507, 5009736559, 5753018123, 5753017818, 5009736564, 5009736558, 5753067503, 5009736552, 5753017798, 5009736541, 5013282350, 366409486, 5753017774, 5009736529, 5753017771, 5753017769, 5753017767, 5752872188, 5009736526, 5752806652, 5752806655, 5752806653, 5752806654, 5752872200, 5752935601]",,Tan Phu,Tan Ky Tan Quy,,,,,,,,,,,,,,,,no,no,,,,,,,,,,,,,,,,,,,,,,,,,,,,,,,,,,,,,,,,,,,,,,,,,,,,,,,,,,,,,,,,,,,,,,,,,,,,,,,,,,,,,,,,,,,,,
4,,,tertiary,1833,,,tertiary,,,,,,,,,,,,"[5767403837, 5757656964, 5757656963, 5771983314, 5757656962, 5757656961, 5757656960, 5772159096]",,,,,,,yes,,,,,,,,,,,,,,,,,,,,,,,,,,,,,,,,,,,,,,,,,,,,,,,,,,,,,,,,,,,,,,,,,,,,,,,,,,,,,,,,,,,,,,,,,,,,,,,,,,,,,,,,,,
4,,,tertiary,1834,,,tertiary,,,,,,,,,,,,"[5655390875, 5655389847, 5767404295, 5655390885, 5767404255]",,,,,,,yes,,,,,,,,,,,,,,,,,,,,,,,,,,,,,,,,,,,,,,,,,,,,,,,,,,,,,,,,,,,,,,,,,,,,,,,,,,,,,,,,,,,,,,,,,,,,,,,,,,,,,,,,,,
1,60.0,Quốc lộ 1,trunk,1835,,,trunk,,,,,Quốc lộ 1,,,,,,,"[5767404256, 5767404257]",Ho Chi Minh,Thu Duc,,1,,,yes,,,,60,,,1,,,yes,,,,,,,,,,,,,,,,,,,,,,,,,,,,,,,,,,,,,,,,,,,,,,,,,,,,,,,,,,,,,,,,,,,,,,,,,,,,,,,,,,,,,,,,,,,,,,,,
1,60.0,Quốc lộ 1,trunk,1836,,,trunk,,,,,Quốc lộ 1,,,,,,,"[5767403840, 3164008528, 5653129658, 366375135, 5757656966, 5771983557, 5771983351, 5771983553, 5771983347, 5771983345, 5772000867, 366412945, 5653129467, 5769332104]",Ho Chi Minh,Thu Duc,,1,,,yes,,,,60,,,,,,,,,,,,,,,,,,,,,,,,,,,,,,,,,,,,,,,,,,,,,,,,,,,,,,,,,,,,,,,,,,,,,,,,,,,,,,,,,,,,,,,,,,,,,,,,,,,,,,
1,60.0,Quốc lộ 1,trunk,1837,,,trunk,,,,,Quốc lộ 1,,,,,,,"[5769332107, 2240979352, 5767573479, 5767573474, 3298523154, 5767573308, 5767573305, 3164008527, 3298523156, 5757656967, 2240979413, 3298523157, 2240979350, 4971495223, 5767403841]",Ho Chi Minh,Thu Duc,,1,,,yes,,,,60,,,,,,,,,,,,,,,,,,,,,,,,,,,,,,,,,,,,,,,,,,,,,,,,,,,,,,,,,,,,,,,,,,,,,,,,,,,,,,,,,,,,,,,,,,,,,,,,,,,,,,
4,20.0,Hẻm 416 Lạc Long Quân,unclassified,1838,,,unclassified,,,,,Hẻm 416 Lạc Long Quân,,,,,,,"[4217007642, 3081272770]",,,,,,,,,concrete,,20,,,,,,,,,,,,,,,,,,,,,,,,,,,,,,,,,,,,,,,,,,,,,,,,,,,,,,,,,,,,,,,,,,,,,,,,,,,,,,,,,,,,,,,,,,,,,,,,,,,,,,
3,,,trunk_link,1839,,,trunk_link,,,,,,,,,,,,"[5769395354, 5769395402, 5769395353, 5769395439, 5769395425, 5769395426, 5769395438, 5769395437, 5769395366, 5769395436, 5769395372, 5769395435, 5769395434]",,,,,,,,,,,,,,,,,,,,,,,,,,,,,,,,,,,,,,,,,,,,,,,,,,,,,,,,,,,,,,,,,,,,,,,,,,,,,,,,,,,,,,,,,,,,,,,,,,,,,,,,,,,,,,,,,
3,,Lê Đức Thọ,secondary,1840,,,secondary,,,,,Lê Đức Thọ,,,,,,,"[366478514, 5769487987, 5769524930, 5769487989, 5769487990, 5769487991, 5769487993]",,,,,,,yes,,,,,,,,,,,,,,,,,,,,,,,,,,,,,,,,,,,,,,,,,,,,,,,,,,,,,,,,,,,,,,,,,,,,,,,,,,,,,,,,,,,,,,,,,,,,,,,,,,,,,,,,,,
3,,Cầu Trường Đai,secondary,1841,,,secondary,,,,,Cầu Trường Đai,,,,,,,"[5769487993, 5769487992, 5769487994]",,,,,,,yes,,,,,,,1,,,yes,,,,,,,,,,,,,,,,,,,,,,,,,,,,,,,,,,,,,,,,,,,,,,,,,,,,,,,,,,,,,,,,,,,,,,,,,,,,,,,,,,,,,,,,,,,,,,,,
3,,Lê Đức Thọ,secondary,1842,,,secondary,,,,,Lê Đức Thọ,,,,,,,"[5769487994, 5769487995, 5769487985, 5942838849, 5942838850, 5765428385, 5765428377, 5765428388]",,,,,,,yes,,,,,,,,,,,,,,,,,,,,,,,,,,,,,,,,,,,,,,,,,,,,,,,,,,,,,,,,,,,,,,,,,,,,,,,,,,,,,,,,,,,,,,,,,,,,,,,,,,,,,,,,,,
4,,,unclassified,1843,,,unclassified,,,,,,,,,,,,"[5769524918, 5769524919]",,,,,,,,,,,,,,1,,,yes,,,,,,,,,,,,,,,,,,,,,,,,,,,,,,,,,,,,,,,,,,,,,,,,,,,,,,,,,,,,,,,,,,,,,,,,,,,,,,,,,,,,,,,,,,,,,,,,
4,,,tertiary,1844,,,tertiary,,,,,,,,,,,,"[5772000325, 2687992800, 4971877367, 2687992794, 2687992799, 5653129535, 2687992801, 2687992797, 2687992798, 2687992793, 5653035441]",,,,,,,,,,,,,,,,,,,,,,,,,,,,,,,,,,,,,,,,,,,,,,,,,,,,,,,,,,,,,,,,,,,,,,,,,,,,,,,,,,,,,,,,,,,,,,,,,,,,,,,,,,,,,,,,,
4,,Bình Trị Đông,tertiary,1845,,,tertiary,,,,,Bình Trị Đông,,,,,,,"[5769838559, 366424466, 5769838558, 5769838556, 5769838557, 5769838555, 5769838554, 5076456876, 4992050594, 5769838553, 5769838551, 5769838550, 5769838549, 5769838552, 4191767540, 5769838548]",,,,,,,,,,,,,,,,,,,,,,,,,,,,,,,,,,,,,,,,,,,,,,,,,,,,,,,,,,,,,,,,,,,,,,,,,,,,,,,,,,,,,,,,,,,,,,,,,,,,,,,,,,,,,,,,,
4,,,tertiary,1846,,,tertiary,,,,,,,,,,,,"[5767184417, 5767184392, 5772136723]",,,,,,,,,,,,,,,,,,,,,,,,,,,,,,,,,,,,,,,,,,,,,,,,,,,,,,,,,,,,,,,,,,,,,,,,,,,,,,,,,,,,,,,,,,,,,,,,,,,,,,,,,,,,,,,,,
4,,,tertiary,1847,,,tertiary,,,,,,,,,,,,"[5772136723, 5772136722, 5772136714, 5772136721, 5772165218, 5772165153, 5772165277, 5772136720, 5772136719, 5772136718, 5772136717, 5772136716, 5772136715, 2946995092]",,,,,,,,,,,,,,,,,,,,,,,,,,,,,,,,,,,,,,,,,,,,,,,,,,,,,,,,,,,,,,,,,,,,,,,,,,,,,,,,,,,,,,,,,,,,,,,,,,,,,,,,,,,,,,,,,
4,,,tertiary,1848,,,tertiary,,,,,,,,,,,,"[5772159084, 5772159083]",,,,,,,yes,,,,,,,1,,,yes,,,,,,,,,,,,,,,,,,,,,,,,,,,,,,,,,,,,,,,,,,,,,,,,,,,,,,,,,,,,,,,,,,,,,,,,,,,,,,,,,,,,,,,,,,,,,,,,
4,,,tertiary,1849,,,tertiary,,,,,,,,,,,,"[5772159090, 5772159043, 5772159089, 5772159088, 5772159087, 5772159086, 5772159042, 5772159085, 5772159041, 5772159084]",,,,,,,yes,,,,,,,,,,,,,,,,,,,,,,,,,,,,,,,,,,,,,,,,,,,,,,,,,,,,,,,,,,,,,,,,,,,,,,,,,,,,,,,,,,,,,,,,,,,,,,,,,,,,,,,,,,
4,,,tertiary,1850,,,tertiary,,,,,,,,,,,,"[5772159060, 5772159040, 5772159018, 5772159059, 5772159058, 5772159019, 5772159057]",,,,,,,yes,,,,,,,,,,,,,,,,,,,,,,,,,,,,,,,,,,,,,,,,,,,,,,,,,,,,,,,,,,,,,,,,,,,,,,,,,,,,,,,,,,,,,,,,,,,,,,,,,,,,,,,,,,
4,,,tertiary,1851,,,tertiary,,,,,,,,,,,,"[5772159096, 5772159095, 5772159050, 5772159049, 5772159094, 5772159048, 5772159047, 5772159093, 5772159046, 5772159045, 5772159092, 5772159044, 5772159091]",,,,,,,yes,,,,,,,,,,,,,,,,,,,,,,,,,,,,,,,,,,,,,,,,,,,,,,,,,,,,,,,,,,,,,,,,,,,,,,,,,,,,,,,,,,,,,,,,,,,,,,,,,,,,,,,,,,
4,,,tertiary,1852,,,tertiary,,,,,,,,,,,,"[5772159083, 5772159038, 5772159082, 5772159037, 5772159081, 5772159033, 5772159080, 5772159079, 5772159078, 5772159032, 5772159077, 5772159076, 5772159030, 5772159029, 5772159075, 5772159074, 5772159026, 5772159073, 5772159072]",,,,,,,yes,,,,,,,,,,,,,,,,,,,,,,,,,,,,,,,,,,,,,,,,,,,,,,,,,,,,,,,,,,,,,,,,,,,,,,,,,,,,,,,,,,,,,,,,,,,,,,,,,,,,,,,,,,
4,,Đường số 14,tertiary,1853,,,tertiary,,,,,Đường số 14,,,,,,,"[5772687771, 366441302, 366435765, 5772493571, 2954721028, 5767087078, 5767087106, 2946995096, 366399268]",,,,,,,,,,,,,,,,,,,,,,,,,,,,,,,,,,,,,,,,,,,,,,,,,,,,,,,,,,,,,,,,,,,,,,,,,,,,,,,,,,,,,,,,,,,,,,,,,,,,,,,,,,,,,,,,,
4,,An Phú Đông 10,unclassified,1854,,,unclassified,,,,,An Phú Đông 10,,,,,,,"[366444566, 5772159043, 5653129511, 5772000860, 5772000858, 2401066024, 2401066025, 2401066017, 2401066023, 2401066019, 2401066021]",,,,,,,,,,,,,,,,,,,,,,,,,,,,,,,,,,,,,,,,,,,,,,,,,,,,,,,,,,,,,,,,,,,,,,,,,,,,,,,,,,,,,,,,,,,,,,,,,,,,,,,,,,,,,,,,,
4,,Đường số 17,unclassified,1855,,,unclassified,,,,,Đường số 17,,,,,,,"[4501735859, 366371947, 1958801299, 1958801295, 5778616049, 366377002]",,,,,,,no,,,,,,,,,,,,,,,,,,,,,,,,,,,,,,,,,,,,,,,,,,,,,,,,,,,,,,,,,,,,,,,,,,,,,,,,,,,,,,,,,,,,,,,,,,,,,,,,,,,,,,,,,,
4,,Tam Bình,tertiary,1856,,,tertiary,,,,,Tam Bình,,,,,,,"[366418560, 5772227288]",,,Tam Binh,,,,,,,,,,,,,,,,,,,,,,,,,,,,,,,,,,,,,,,,,,,,,,,,,,,,,,,,,,,,,,,,,,,,,,,,,,,,,,,,,,,,,,,,,,,,,,,,,,,,,,,,,,,,,,
4,,,tertiary,1857,,,tertiary,,,,,,,,,,,,"[5772493219, 1958801589]",,,,,,,yes,,,,,,,,,,,,,,,,,,,,,,,,,,,,,,,,,,,,,,,,,,,,,,,,,,,,,,,,,,,,,,,,,,,,,,,,,,,,,,,,,,,,,,,,,,,,,,,,,,,,,,,,,,
4,,,tertiary,1858,,,tertiary,,,,,,,,,,,,"[1958801651, 5772687775, 5772687783, 5772687784, 5772687785, 5772493576, 5772493575, 5772493574, 5772493573, 5772493572, 5772493242, 5772493240, 5772493238, 5772493237, 5772493234, 5772687773, 5772493571, 5772687772]",,,,,,,yes,,,,,,,,,,,,,,,,,,,,,,,,,,,,,,,,,,,,,,,,,,,,,,,,,,,,,,,,,,,,,,,,,,,,,,,,,,,,,,,,,,,,,,,,,,,,,,,,,,,,,,,,,,
4,,,tertiary,1859,,,tertiary,,,,,,,,,,,,"[5772687774, 5772493235, 5772493601, 5772493602, 5772493603, 5772493604, 5772493605, 5772493606, 5772493607, 5772493608, 5772493609, 5772687786, 5772687781, 5772687780, 5772687779, 5772687778, 5772687777, 5772687776]",,,,,,,yes,,,,,,,,,,,,,,,,,,,,,,,,,,,,,,,,,,,,,,,,,,,,,,,,,,,,,,,,,,,,,,,,,,,,,,,,,,,,,,,,,,,,,,,,,,,,,,,,,,,,,,,,,,
4,,,tertiary,1860,,,tertiary,,,,,,,,,,,,"[5772687772, 5772493570, 5772493228, 5772493569, 5772493232, 5772493568, 5772493567, 5772493566, 5772493565, 5772493564, 5772493563, 5772493562, 5772493561, 5772493560, 5772493559, 5772493558, 5772493557, 5772493556, 5772493555, 5772493554, 5772493220, 5772493219, 5772493553, 5772493252, 5772493251, 5778117824, 5778117823, 5772493250, 5778117817, 5778117822, 5772493249, 5772493248, 5778117818, 5778117821, 5772493246, 5778313783, 5772493245, 5772493244]",,,,,,,yes,,,,,,,,,,,,,,,,,,,,,,,,,,,,,,,,,,,,,,,,,,,,,,,,,,,,,,,,,,,,,,,,,,,,,,,,,,,,,,,,,,,,,,,,,,,,,,,,,,,,,,,,,,
4,,,tertiary,1861,,,tertiary,,,,,,,,,,,,"[5772493579, 5772493580, 5778117687, 5772493581, 5778117820, 5772493582, 5772493583, 5778117804, 5778117808, 5772493578, 5772493584, 5778117811, 5772687760, 5778117810, 5778313788, 5772493585, 5772493586, 5778127016, 5772493587, 5772493588, 5772493589, 5772493590, 5772493591, 5772493592, 5772687761, 5772493593, 5772493594, 5772493595, 5772493596, 5772493230, 5772493597, 5772493598, 5772493599, 5772493231, 5772493226, 5772493225, 5772493224, 5772493223, 5772493222, 5772687771, 5772687774]",,,,,,,yes,,,,,,,,,,,,,,,,,,,,,,,,,,,,,,,,,,,,,,,,,,,,,,,,,,,,,,,,,,,,,,,,,,,,,,,,,,,,,,,,,,,,,,,,,,,,,,,,,,,,,,,,,,
4,,,tertiary,1862,,,tertiary,,,,,,,,,,,,"[5772493636, 366428437]",,,,,,,,,,,,,,,,,,,,,,,,,,,,,,,,,,,,,,,,,,,,,,,,,,,,,,,,,,,,,,,,,,,,,,,,,,,,,,,,,,,,,,,,,,,,,,,,,,,,,,,,,,,,,,,,,
4,,,tertiary,1863,,,tertiary,,,,,,,,,,,,"[4720214111, 5778164483, 5778164484, 5778164486, 5772493669, 5772493668, 5772493667, 5772493666, 5767715276, 5772493664, 5772687832, 5772493662, 5772493661, 5772493643, 5772493644, 5772493648, 5772493647, 5772493656, 5772493645, 5772493655, 5772493654, 5772493653, 5772493652, 5772493651, 5772493650, 5772493649, 5772687816, 5772687815, 5772687814, 5772687813]",,,,,,,yes,,,,,,,,,,,,,,,,,,,,,,,,,,,,,,,,,,,,,,,,,,,,,,,,,,,,,,,,,,,,,,,,,,,,,,,,,,,,,,,,,,,,,,,,,,,,,,,,,,,,,,,,,,
4,,,tertiary,1864,,,tertiary,,,,,,,,,,,,"[5772606967, 5772606970]",,,,,,,yes,,,,,,,,,,,,,,,,,,,,,,,,,,,,,,,,,,,,,,,,,,,,,,,,,,,,,,,,,,,,,,,,,,,,,,,,,,,,,,,,,,,,,,,,,,,,,,,,,,,,,,,,,,
4,,Gò Dưa,tertiary,1865,,,tertiary,,,,,Gò Dưa,,,,,,,"[5769804485, 4720214109]",,,,,,,yes,,,,,,,,,,,,,,,,,,,,,,,,,,,,,,,,,,,,,,,,,,,,,,,,,,,,,,,,,,,,,,,,,,,,,,,,,,,,,,,,,,,,,,,,,,,,,,,,,,,,,,,,,,
4,,Hẻm 246/64 Hòa Hưng,tertiary,1866,,,tertiary,,,,,Hẻm 246/64 Hòa Hưng,,,,,,,"[5063701325, 5063701476]",,,,,,alley,,,,,,,,,,,,,,,,,,,,,,,,,,,,,,,,,,,,,,,,,,,,,,,,,,,,,,,,,,,,,,,,,,,,,,,,,,,,,,,,,,,,,,,,,,,,,,,,,,,,,,,,,,,
3,,,secondary_link,1867,,,secondary_link,,,,,,,,,,,,"[5778163155, 5778163154, 5778163153, 5778163152]",,,,,,,yes,,,,,,,,,,,,,,,,,,,,,,,,,,,,,,,,,,,,,,,,,,,,,,,,,,,,,,,,,,,,,,,,,,,,,,,,,,,,,,,,,,,,,,,,,,,,,,,,,,,,,,,,,,
3,,,secondary_link,1868,,,secondary_link,,,,,,,,,,,,"[5778163156, 5778163157, 5778163158, 5778163159, 5778163160]",,,,,,,yes,,,,,,,,,,,,,,,,,,,,,,,,,,,,,,,,,,,,,,,,,,,,,,,,,,,,,,,,,,,,,,,,,,,,,,,,,,,,,,,,,,,,,,,,,,,,,,,,,,,,,,,,,,
3,,,trunk_link,1869,,,trunk_link,,,,,,,,,,,,"[5778172612, 5778172611, 5778172610, 5778172609, 5778172608]",,,,,,,,,,,,,,,,,,,,,,,,,,,,,,,,,,,,,,,,,,,,,,,,,,,,,,,,,,,,,,,,,,,,,,,,,,,,,,,,,,,,,,,,,,,,,,,,,,,,,,,,,,,,,,,,,
3,,,trunk_link,1870,,,trunk_link,,,,,,,,,,,,"[5778172961, 5778172957, 5778218399, 5778172960, 5778172614, 5778616037, 5778172959, 5778172958]",,,,,,,,,,,,,,,,,,,,,,,,,,,,,,,,,,,,,,,,,,,,,,,,,,,,,,,,,,,,,,,,,,,,,,,,,,,,,,,,,,,,,,,,,,,,,,,,,,,,,,,,,,,,,,,,,
4,,,tertiary_link,1871,,,tertiary_link,,,,,,,,,,,,"[5778252032, 5778252033, 5778252034, 5778252035, 5778252036]",,,,,,,yes,,,,,,,,,,,,,,,,,,,,,,,,,,,,,,,,,,,,,,,,,,,,,,,,,,,,,,,,,,,,,,,,,,,,,,,,,,,,,,,,,,,,,,,,,,,,,,,,,,,,,,,,,,
4,,,tertiary,1872,,,tertiary,,,,,,,,,,,,"[5455969241, 5755653753]",,,,,,,yes,,,,,,,,,,,,,,,,,,,,,,,,,,,,,,,,,,,,,,,,,,,,,,,,,,,,,,,,,,,,,,,,,,,,,,,,,,,,,,,,,,,,,,,,,,,,,,,,,,,,,,,,,,
4,,Đường số 41,unclassified,1873,,,unclassified,,,,,Đường số 41,,,,,,,"[5778272142, 5778272141, 5778272140, 5778272139, 5778272138, 5778272129, 5778272136, 5778272132, 5778272144]",,,,,,,yes,,,,,,,,,,,,,,,,,,,,,,,,,,,,,,,,,,,,,,,,,,,,,,,,,,,,,,,,,,,,,,,,,,,,,,,,,,,,,,,,,,,,,,,,,,,,,,,,,,,,,,,,,,
4,,Hồ Xuân Hương,unclassified,1874,,,unclassified,,,,,Hồ Xuân Hương,,,,,,,"[411919149, 5763263828, 411926493, 2393615146]",,,,,,,,,,,,,,,,,,,,,,,,,,,,,,,,,,,,,,,,,,,,,,,,,,,,,,,,,,,,,,,,,,,,,,,,,,,,,,,,,,,,,,,,,,,,,,,,,,,,,,,,,,,,,,,,,
4,,Đường Song Hành Xa lộ Hà Nội,tertiary,1875,,,tertiary,,,,,Đường Song Hành Xa lộ Hà Nội,,,,,,,"[4934947997, 4934947996, 4934947995, 5778630718, 4934947994, 5778630695, 4934947993, 4934947992, 4934947991, 4934947990, 4934947989, 4934947988, 5763159536, 5755527868, 4934947987, 5755527857, 5755527886, 4934947986, 5757513187, 5763285555, 5763285312, 4934947985, 4934947984, 4934947983, 4934947982, 5764784287, 4934947981, 4934947971, 4934947980, 5778630687]",,,,,,,yes,,,,,,,,,,,,,,,,,,,,,,,,,,,,,,,,,,,,,,,,,,,,,,,,,,,,,,,,,,,,,,,,,,,,,,,,,,,,,,,,,,,,,,,,,,,,,,,,,,,,,,,,,,
3,,,primary_link,1876,,,primary_link,,,,,,,,,,,,"[5778615985, 5778615986, 5778615987, 5778615988, 2024973291]",,,,,,,yes,,,,,,,,,,,,,,,,,,,,,,,,,,,,,,,,,,,,,,,,,,,,,,,,,,,,,,,,,,,,,,,,,,,,,,,,,,,,,,,,,,,,,,,,,,,,,,,,,,,,,,,,,,
3,,,trunk_link,1877,,,trunk_link,,,,,,,,,,,,"[5778615993, 5778615994, 5778615995, 5778615996, 5778615997, 5778615998, 5778615999]",,,,,,,yes,,,,,,,,,,,,,,,,,,,,,,,,,,,,,,,,,,,,,,,,,,,,,,,,,,,,,,,,,,,,,,,,,,,,,,,,,,,,,,,,,,,,,,,,,,,,,,,,,,,,,,,,,,
3,45.0,Cầu vượt Thủ Đức,trunk_link,1878,,,trunk_link,,,,,Cầu vượt Thủ Đức,,,,,,,"[5778616044, 1958801419, 1958801417]",,,,,,,yes,,,,45,,,,,,,,,,,,,,,,,,,,,,,,,,,,,,,,,,,,,,,,,,,,,,,,,,,,,,,,,,,,,,,,,,,,,,,,,,,,,,,,,,,,,,,,,,,,,,,,,,,,,,
2,,,primary,1879,,,primary,,,,,,,,,,,,"[5778616044, 5778616045, 5778616046, 5778616047]",,,,,,,yes,,,,,,,,,,,,,,,,,,,,,,,,,,,,,,,,,,,,,,,,,,,,,,,,,,,,,,,,,,,,,,,,,,,,,,,,,,,,,,,,,,,,,,,,,,,,,,,,,,,,,,,,,,
2,,Xa Lộ Hà Nội,primary,1880,,,primary,,,,,Xa Lộ Hà Nội,,,,,,,"[5778616001, 5778616013, 2984625915, 1958801277, 1958801279, 1958801285, 1958801302, 1958801309, 4068031138, 1958801315]",,,,QL.52,,,yes,,,,,,,,,,,,,,,,yes,,,,,,,,,,,,,,,,,,,,,,,,,,,,,,,,,,,,,,,,,,,,,,,,,,,,,,,,,,,,,,,,,,,,,,,,,,,,,,,,,,,,,,,,,,
2,,,primary,1881,,,primary,,,,,,,,,,,,"[5778616028, 5778616027, 5778616026, 5778616025, 5778616024, 5778616023, 5778616022, 5778616021, 5778616020, 5778616019, 5778616018, 5778616017, 5778616016, 5778616015, 5778616014, 5778616000, 5778616001]",,,,,,,yes,,,,,,,,,,,,,,,,,,,,,,,,,,,,,,,,,,,,,,,,,,,,,,,,,,,,,,,,,,,,,,,,,,,,,,,,,,,,,,,,,,,,,,,,,,,,,,,,,,,,,,,,,,
2,,,primary,1882,,,primary,,,,,,,,,,,,"[5778616047, 5778616048, 5778616049, 5778616050]",,,,,,,yes,,,,,,,,,,,,,,,,,,,,,,,,,,,,,,,,,,,,,,,,,,,,,,,,,,,,,,,,,,,,,,,,,,,,,,,,,,,,,,,,,,,,,,,,,,,,,,,,,,,,,,,,,,
2,,,primary,1883,,,primary,,,,,,,,,,,,"[5778616050, 5778616051, 5778616052, 5778630653, 5778630654, 5778630655, 5778630656, 5778630657, 5778630658, 5778630659, 5778630660, 5778630661]",,,,,,,yes,,,,,,,,,,,,,,,,,,,,,,,,,,,,,,,,,,,,,,,,,,,,,,,,,,,,,,,,,,,,,,,,,,,,,,,,,,,,,,,,,,,,,,,,,,,,,,,,,,,,,,,,,,
2,,,primary,1884,,,primary,,,,,,,,,,,,"[5778630667, 5778630669, 5778630670, 5778630671, 5778630672, 5778630673, 5778630674, 5778630675, 5778630676, 5778630677, 5778630678, 5778630679, 5778630680]",,,,,,,yes,,,,,,,,,,,,,,,,,,,,,,,,,,,,,,,,,,,,,,,,,,,,,,,,,,,,,,,,,,,,,,,,,,,,,,,,,,,,,,,,,,,,,,,,,,,,,,,,,,,,,,,,,,
4,,Đường Song Hành Xa lộ Hà Nội,tertiary,1885,,,tertiary,,,,,Đường Song Hành Xa lộ Hà Nội,,,,,,,"[5778630688, 4934947979, 4934947978, 4934947977, 4934947976, 4934947975, 4934947974, 4934947973]",,,,,,,yes,,,,,,,,,,,,,,,,,,,,,,,,,,,,,,,,,,,,,,,,,,,,,,,,,,,,,,,,,,,,,,,,,,,,,,,,,,,,,,,,,,,,,,,,,,,,,,,,,,,,,,,,,,
4,,Nguyễn Văn Bá,tertiary,1886,,,tertiary,,,,,Nguyễn Văn Bá,,,,,,,"[4778103374, 2024972988]",,,Nguyen Van Ba,,,,,,,,,,,,,,,,,,,,,,,,,,,,,,,,,,,,,,,,,,,,,,,,,,,,,,,,,,,,,,,,,,,,,,,,,,,,,,,,,,,,,,,,,,,,,,,,,,,,,,,,,,,,,,
4,,Vân Côi,tertiary,1887,,,tertiary,,,,,Vân Côi,,,,,,,"[366445199, 5296220734, 5778752800, 366421314, 2299409170, 5778752801, 5778752802, 366478629, 2299409182, 5778752803, 366457740]",,,Van Coi,,,,,,,,,,,,,,,,,,,,,,,,,,,,,,,,,,,,,,,,,,,,,,,,,,,,,,,,,,,,,,,,,,,,,,,,,,,,,,,,,,,,,,,,,,,,,,,,,,,,,,,,,,,,,,
4,,Nguyễn Thị Nhung,tertiary,1888,,,tertiary,,,,,Nguyễn Thị Nhung,,,,,,,"[5778878308, 4945688777, 5778878307]",,,,,,,yes,,,,,,,1,,,yes,,,,,,,,,,,,,,,,,,,,,,,,,,,,,,,,,,,,,,,,,,,,,,,,,,,,,,,,,,,,,,,,,,,,,,,,,,,,,,,,,,,,,,,,,,,,,,,,
2,70.0,Nguyễn Văn Linh,primary,1889,,,primary,,,,,Nguyễn Văn Linh,,,,,,,"[2302085868, 2302085872, 2302085844, 2157806311, 2212336647, 1894610928, 715729895, 1894610763, 1894610642, 2939402063, 2350639298, 2302085851]",,,Nguyen Van Linh Parkway,,,,yes,,,,70,,no,,,,,,,,,2,,,,,,,,,,no,,,,,,,,,,,,,,,,,,,,,,,,,,,,,,,,,,,,,,,,,,,,,,,,,,,,,,,,,,,,,,,,,,,,,,,,,,,,,,,,,
4,,,tertiary,1890,,,tertiary,,,,,,,,,,,,"[5788625780, 5788625751]",,,,,,,yes,,,,,,,,,,,,,,,,,,,,,,,,,,,,,,,,,,,,,,,,,,,,,,,,,,,,,,,,,,,,,,,,,,,,,,,,,,,,,,,,,,,,,,,,,,,,,,,,,,,,,,,,,,
3,,Nguyễn Lương Bằng,secondary,1891,,,secondary,,,,,Nguyễn Lương Bằng,,,,,,,"[2244906874, 2244906847, 2244906869]",,,,,,,yes,,,,,,,,,,,,,,,,,,,,,,,,,,,,,,,,,,,,,,,,,,,,,,,,,,,,,,,,,,,,,,,,,,,,,,,,,,,,,,,,,,,,,,,,,,,,,,,,,,,,,,,,,,
4,,,unclassified,1892,,,unclassified,,,,,,,,,,,,"[2527497651, 366456219, 2244906851, 2527497627]",,,,,,,,,,,,,,,,,,,,,,,,,,,,,,,,,,,,,,,,,,,,,,,,,,,,,,,,,,,,,,,,,,,,,,,,,,,,,,,,,,,,,,,,,,,,,,,,,,,,,,,,,,,,,,,,,
4,,,tertiary,1893,,,tertiary,,,,,,,,,,,,"[5794771153, 5794770948, 5794770944, 5794770949, 5794770945, 5794770950, 5794770946, 5794770951, 5794770947, 5794770952, 4621933725]",,,,,,,yes,,,,,,,,,,,,,,,,,,,,,,,,,,,,,,,,,,,,,,,,,,,,,,,,,,,,,,,,,,,,,,,,,,,,,,,,,,,,,,,,,,,,,,,,,,,,,,,,,,,,,,,,,,
4,,,tertiary,1894,,,tertiary,,,,,,,,,,,,"[5794854832, 5794854831]",,,,,,,,,,,,,,,,,,,,,,,,,,,,,,,,,,,,,,,,,,,,,,,,,,,,,,,,,,,,,,,,,,,,,,,,,,,,,,,,,,,,,,,,,,,,,,,,,,,,,,,,,,,,,,,,,
3,,,primary_link,1895,,,primary_link,,,,,,,,,,,,"[5794884018, 5794884017, 5794884016, 5794884015, 5802993753, 5802993754, 5794884014]",,,,,,,yes,,,,,,,,,,,,,,,,,,,,,,,,,,,,,,,,,,,,,,,,,,,,,,,,,,,,,,,,,,,,,,,,,,,,,,,,,,,,,,,,,,,,,,,,,,,,,,,,,,,,,,,,,,
4,,,unclassified,1896,,,unclassified,,,,,,,,,,,,"[1802527634, 1802527656, 1802527776, 5757652538, 2687901085, 1802527489]",,,,,,,,,,,,,,,,,,,,,,,,,,,,,,,,,,,,,,,,,,,,,,,,,,,,,,,,,,,,,,,,,,,,,,,,,,,,,,,,,,,,,,,,,,,,,,,,,,,,,,,,,,,,,,,,,
4,,,unclassified,1897,,,unclassified,,,,,,,,,,,,"[5797841740, 5797841741, 5797841742, 5797841743, 5797841732, 5797843775, 5797843776, 5797843773, 5797843777, 5797843772, 5797843778, 5797843771, 5797843779, 5797843770, 5797843780, 5797843781, 5797843782]",,,,,,,yes,,,,,,,,,,,,,,,,,,,,,,,,,,,,,,,,,,,,,,,,,,,,,,,,,,,,,,,,,,,,,,,,,,,,,,,,,,,,,,,,,,,,,,,,,,,,,,,,,,,,,,,,,,
4,,,unclassified,1898,,,unclassified,,,,,,,,,,,,"[5797843791, 5797843790, 5797843789, 5797843783, 5797843788, 5797843784, 5797843787, 5797843786, 5797841733]",,,,,,,yes,,,,,,,,,,,,,,,,,,,,,,,,,,,,,,,,,,,,,,,,,,,,,,,,,,,,,,,,,,,,,,,,,,,,,,,,,,,,,,,,,,,,,,,,,,,,,,,,,,,,,,,,,,
4,,,unclassified,1899,,,unclassified,,,,,,,,,,,,"[5797841750, 5797843805, 5797843806, 5797843807, 5797843803, 5797843808, 5797841749]",,,,,,,yes,,,,,,,,,,,,,,,,,,,,,,,,,,,,,,,,,,,,,,,,,,,,,,,,,,,,,,,,,,,,,,,,,,,,,,,,,,,,,,,,,,,,,,,,,,,,,,,,,,,,,,,,,,
4,,,unclassified,1900,,,unclassified,,,,,,,,,,,,"[5797843811, 5797843812, 5797843813, 5797843810, 5797843814, 5797843815, 5797843764]",,,,,,,yes,,,,,,,,,,,,,,,,,,,,,,,,,,,,,,,,,,,,,,,,,,,,,,,,,,,,,,,,,,,,,,,,,,,,,,,,,,,,,,,,,,,,,,,,,,,,,,,,,,,,,,,,,,
4,,,unclassified,1901,,,unclassified,,,,,,,,,,,,"[5797843754, 5797843831, 5797843830, 5797843823, 5797843829, 5797843828, 5797843827, 5797843826, 5797843825, 5797843824]",,,,,,,yes,,,,,,,,,,,,,,,,,,,,,,,,,,,,,,,,,,,,,,,,,,,,,,,,,,,,,,,,,,,,,,,,,,,,,,,,,,,,,,,,,,,,,,,,,,,,,,,,,,,,,,,,,,
4,,,unclassified,1902,,,unclassified,,,,,,,,,,,,"[5797841734, 5797843843, 5797843844, 5797843841, 5797843845, 5797843846, 5797841748]",,,,,,,yes,,,,,,,,,,,,,,,,,,,,,,,,,,,,,,,,,,,,,,,,,,,,,,,,,,,,,,,,,,,,,,,,,,,,,,,,,,,,,,,,,,,,,,,,,,,,,,,,,,,,,,,,,,
4,,,unclassified,1903,,,unclassified,,,,,,,,,,,,"[5797843763, 5797843851, 5797843850, 5797843849, 5797843762]",,,,,,,yes,,,,,,,,,,,,,,,,,,,,,,,,,,,,,,,,,,,,,,,,,,,,,,,,,,,,,,,,,,,,,,,,,,,,,,,,,,,,,,,,,,,,,,,,,,,,,,,,,,,,,,,,,,
4,,,unclassified,1904,,,unclassified,,,,,,,,,,,,"[5797841748, 5797843867, 5797843868, 5797843869, 5797843870, 5797843865, 5797843871, 5797843864, 5797843872, 5797843863, 5797843873, 5797843862, 5797843874, 5797841744]",,,,,,,yes,,,,,,,,,,,,,,,,,,,,,,,,,,,,,,,,,,,,,,,,,,,,,,,,,,,,,,,,,,,,,,,,,,,,,,,,,,,,,,,,,,,,,,,,,,,,,,,,,,,,,,,,,,
4,,,unclassified,1905,,,unclassified,,,,,,,,,,,,"[5797841744, 5797841745, 5797841738, 5797841737, 5797841746, 5797841736, 5797841735, 5797843895, 5797843896, 5797843897, 5797843898, 5797841739, 5797841740]",,,,,,,yes,,,,,,,,,,,,,,,,,,,,,,,,,,,,,,,,,,,,,,,,,,,,,,,,,,,,,,,,,,,,,,,,,,,,,,,,,,,,,,,,,,,,,,,,,,,,,,,,,,,,,,,,,,
4,,,unclassified,1906,,,unclassified,,,,,,,,,,,,"[5800034843, 5800034842, 5800034841, 5800034827, 5800034840, 5800034828, 5800034839, 5800034808, 5800034829, 5800034838, 5800069597, 5800034837, 5800034836, 5800034830, 5800034835, 5800034834, 5800034832, 5800069553, 5800069567, 5800069566, 5811613647, 5800069554, 5800069565, 5800069564, 5800069563, 5811620373, 5800069556, 5800069562, 5800069349, 5800069561, 5811620426, 5800069560, 5811620355, 5800069559, 5811620398, 5811620397, 5811620388, 5811620396, 5813660496, 5811620390, 5811620395, 5811620394, 5811620393, 5811620391]",,,,,,,yes,,,,,,,,,,,,,,,,,,,,,,,,,,,,,,,,,,,,,,,,,,,,,,,,,,,,,,,,,,,,,,,,,,,,,,,,,,,,,,,,,,,,,,,,,,,,,,,,,,,,,,,,,,
4,,,unclassified,1907,,,unclassified,,,,,,,,,,,,"[5811620400, 5811620399, 5813660515, 5811620401, 5813660522, 5811620404, 5811620387, 5811620386, 5811620403, 5800069569, 5800069570, 5800069571, 5800069572, 5800069573, 5811620411, 5811620408, 5800069574, 5800069575, 5800069576, 5800069577, 5800034831, 5800034845, 5800034847, 5800034848, 5800069351, 5800069352, 5800034849, 5800034850, 5800034826, 5800034851, 5800034852, 5800037253, 5800037254, 5800037271]",,,,,,,yes,,,,,,,,,,,,,,,,,,,,,,,,,,,,,,,,,,,,,,,,,,,,,,,,,,,,,,,,,,,,,,,,,,,,,,,,,,,,,,,,,,,,,,,,,,,,,,,,,,,,,,,,,,
4,,,tertiary,1908,,,tertiary,,,,,,,,,,,,"[4602705518, 5813691623, 5813691646, 4602703726]",,,,,,,,,,,,,,,,,,,,,,,,,,,,,,,,,,,,,,,,,,,,,,,,,,,,,,,,,,,,,,,,,,,,,,,,,,,,,,,,,,,,,,,,,,,,,,,,,,,,,,,,,,,,,,,,,
4,,Hàn Hải Nguyên,tertiary,1909,,,tertiary,,,,,Hàn Hải Nguyên,,,,,,,"[5802716332, 5802716338, 5802716334]",,,,,,,yes,,,,,,,,,,,,,,,,,,,,,,,,,,,,,,,,,,,,,,,,,,,,,,,,,,,,,,,,,,,,,,,,,,,,,,,,,,,,,,,,,,,,,,,,,,,,,,,,,,,,,,,,,,
4,,,tertiary,1910,,,tertiary,,,,,,,,,,,,"[5802716334, 5802716335, 5802716336]",,,,,,,yes,,,,,,,,,,,,,,,,,,,,,,,,,,,,,,,,,,,,,,,,,,,,,,,,,,,,,,,,,,,,,,,,,,,,,,,,,,,,,,,,,,,,,,,,,,,,,,,,,,,,,,,,,,
4,,Hàn Hải Nguyên,tertiary,1911,,,tertiary,,,,,Hàn Hải Nguyên,,,,,,,"[2434653583, 5802716342]",,,,,,,yes,,,,,,,,,,,,,,,,,,,,,,,,,,,,,,,,,,,,,,,,,,,,,,,,,,,,,,,,,,,,,,,,,,,,,,,,,,,,,,,,,,,,,,,,,,,,,,,,,,,,,,,,,,
4,,,tertiary,1912,,,tertiary,,,,,,,,,,,,"[5802716342, 5802716341, 4590863024]",,,,,,,yes,,,,,,,,,,,,,,,,,,,,,,,,,,,,,,,,,,,,,,,,,,,,,,,,,,,,,,,,,,,,,,,,,,,,,,,,,,,,,,,,,,,,,,,,,,,,,,,,,,,,,,,,,,
4,,,unclassified,1913,,,unclassified,,,,,,,,,,,,"[5740327384, 4937800730]",,,,,,,,,,,,,,,,,,,,,,,,,,,,,,,,,,,,,,,,,,,,,,,,,,,,,,,,,,,,,,,,,,,,,,,,,,,,,,,,,,,,,,,,,,,,,,,,,,,,,,,,,,,,,,,,,
4,,,tertiary,1914,,,tertiary,,,,,,,,,,,,"[5811493727, 5811493724, 5811493723, 5811493722]",,,,,,,yes,,,,,,,,,,,,,,,,,,,,,,,,,,,,,,,,,,,,,,,,,,,,,,,,,,,,,,,,,,,,,,,,,,,,,,,,,,,,,,,,,,,,,,,,,,,,,,,,,,,,,,,,,,
4,,Nguyễn Lương Bằng nối dài,tertiary,1915,,,tertiary,,,,,Nguyễn Lương Bằng nối dài,,,,,,,"[5811821179, 5811821180]",,,,,,,,,,,,,,1,,,yes,,,,,,,,,Đường số 15B,,,,,,,,,,,,,,,,,,,,,,,,,,,,,,,,,,,,,,,,,,,,,,,,,,,,,,,,,,,,,,,,,,,,,,,,,,,,,,,,,,,,,,,
4,,Nguyễn Lương Bằng nối dài,tertiary,1916,,,tertiary,,,,,Nguyễn Lương Bằng nối dài,,,,,,,"[2351816153, 5811875296, 5168393218, 5811875304, 5811821179]",,,,,,,,,,,,,,,,,,,,,,,,,,Đường số 15B,,,,,,,,,,,,,,,,,,,,,,,,,,,,,,,,,,,,,,,,,,,,,,,,,,,,,,,,,,,,,,,,,,,,,,,,,,,,,,,,,,,,,,,
4,,Thuận Kiều,tertiary,1917,,,tertiary,,,,,Thuận Kiều,,,,,,,"[4615624547, 1996654000, 366383646, 5813896035]",,,,,,,yes,,,,,,,,,,,,,,,,,,,,,,,,,,,,,,,,,,,,,,,,,,,,,,,,,,,,,,,,,,,,,,,,,,,,,,,,,,,,,,,,,,,,,,,,,,,,,,,,,,,,,,,,,,
4,,Trần Đại Nghĩa,tertiary,1918,,,tertiary,,,,,Trần Đại Nghĩa,,,,,,,"[5038653899, 5038653883]",,,,,,,,,,,,,,,,,,,,,,,,,,,,,,,,,,,,,,,,,,,,,,,,,,,,,,,,,,,,,,,,,,,,,,,,,,,,,,,,,,,,,,,,,,,,,,,,,,,,,,,,,,,,,,,,,
3,,Học Lạc,secondary,1919,,,secondary,,,,,Học Lạc,,,,,,,"[1996654455, 5814201573, 5674570678, 1996655285]",,,,,,,,,,,,,,,,,,,,,,,,,,,,,,,,,,,,,,,,,,,,,,,,,,,,,,,,,,,,,,,,,,,,,,,,,,,,,,,,,,,,,,,,,,,,,,,,,,,,,,,,,,,,,,,,,
3,,Cầu Chà Và,secondary,1920,,,secondary,,,,,Cầu Chà Và,,,,,,,"[1996653935, 1996654254, 4609046449, 1996653944, 1996654611, 1996654428, 1996654142]",,,,,,,yes,,,,,,,1,,,yes,,,,,,,,,,,,,,,,,,,,,,,,,,,,,,,,,,,,,,,,,,,,,,,,,,,,,,,,,,,,,,,,,,,,,,,,,,,,,,,,,,,,,,,,,,,,,,,,
3,,Cầu Chà Và,secondary,1921,,,secondary,,,,,Cầu Chà Và,,,,,,,"[366450760, 1996655461]",,,,,,,yes,,asphalt,,,,,1,,,yes,,,,,2,,,,,,,,,,,,,,,,,,,,,,,,,,,,,,,,,,,,,,,,,,,,,,,,,,,,,,,,,,,,,,,,,,,,,,,,,,,,,,,,,,,,,,,,,,,
3,,,secondary,1922,,,secondary,,,,,,,,,,,,"[4609529066, 4626959290]",,,,,,,yes,,,,,no,yes,,,,,,,,no,,,,,,,,,,,,,,,,,,,,,,,,,,,,yes,,,,,,,,,,,,,,,,,,,,,,,,,,,,,,,,,,,,,,,,,,,,,,,,,,,,,,,,,,,,,,,,
3,,,secondary,1923,,,secondary,,,,,,,,,,,,"[4611982109, 5814325570, 5814325564, 4609022572]",,,,,,,yes,,asphalt,,,,yes,,,,,,,,no,1,,,,,,,,,,,,,,,,,,,,,,,,,,,yes,,,,,,,,,,,,,,,,,,,,,,,,,,,,,,,,,,,,,,,,,,,,,,,,,,,,,,,,,,,,,,,,
3,,,secondary,1924,,,secondary,,,,,,,,,,,,"[5816921541, 4614188870]",,,,,,,yes,,,,,,,,,,,,,,,,,,,,,,,,,,,,,,,,,,,,,,,,,,,,,,,,,,,,,,,,,,,,,,,,,,,,,,,,,,,,,,,,,,,,,,,,,,,,,,,,,,,,,,,,,,
3,,,secondary,1925,,,secondary,,,,,,,,,,,,"[4614188862, 5816921542]",,,,,,,yes,,,,,,,,,,,,,,,,,,,,,,,,,,,,,,,,,,,,,,,,,,,,,,,,,,,,,,,,,,,,,,,,,,,,,,,,,,,,,,,,,,,,,,,,,,,,,,,,,,,,,,,,,,
4,,Võ Hữu Lợi,tertiary,1926,,,tertiary,,,,,Võ Hữu Lợi,,,,,,,"[5817112631, 5817112632]",,,,,,,,,,,,,,1,,,yes,,,,,,,,,,,,,,,,,,,,,,,,,,,,,,,,,,,,,,,,,,,,,,,,,,,,,,,,,,,,,,,,,,,,,,,,,,,,,,,,,,,,,,,,,,,,,,,,
4,,,tertiary,1927,,,tertiary,,,,,,,,,,,,"[2363989610, 701716346, 701716345, 1394527852, 5873236321, 5820097392, 1394527853, 366454574]",,,,,,,yes,,,,,,,,,,,,,,,,,,,,,,,,,,,,,,,,,,,,,,,,,,,,,,,,,,,,,,,,,,,,,,,,,,,,,,,,,,,,,,,,,,,,,,,,,,,,,,,,,,,,,,,,,,
2,,Phan Đăng Lưu,primary,1928,,,primary,,,,,Phan Đăng Lưu,,,,,,,"[1497255633, 366446231, 366466361, 1497255632, 366436995, 5721574857, 698217153, 366381386, 1171583941, 5763160832, 366473119, 2936010295, 5763160842, 3654066958, 1204093531, 5721608403, 724215648, 2351177742, 3700550789, 3700550788]",Hồ Chí Minh,Phú Nhuận,,,,,yes,,,,,,,,,,,,,,,,,,,,,,,,,,,,,,,,,,,,,,,,,,,,,,,,,,,,,,,,,,,,,,,,,,,,,,,,,,,,,,,,,,,,,,,,,,,,,,,,,,,,,,,,,,
4,,,tertiary,1929,,,tertiary,,,,,,,,,,,,"[2338830289, 5743031168, 366427131, 5742932294, 366399015, 5742932265, 5733200155, 5733132414, 366379166, 366388120, 366456898, 366383267, 366460283, 366391873, 366451878, 366411147, 5733132305, 366476658, 366406267, 366460671, 5733132406, 366416392, 5733132546, 366466033, 366466687, 366410507, 366400504, 5733200158, 366441357, 5733132552, 366414751, 366479330, 366403335, 5733132557, 5733132527, 5733132531, 366467721, 366379223, 366472004, 366443915, 366418189, 3217904635, 366383678, 366398705, 366467755, 366414172, 3296530406, 5733132559, 366412323, 3217904675]",,,,,,,,,,,,,,,,,,,,,,,,,,,,,,,,,,,,,,,,,,,,,,,,,,,,,,,,,,,,,,,,,,,,,,,,,,,,,,,,,,,,,,,,,,,,,,,,,,,,,,,,,,,,,,,,,
4,,,tertiary,1930,,,tertiary,,,,,,,,,,,,"[5763376687, 366414108, 2938759525, 5763376688, 5762890475, 5762890465]",,,,,,,,,,,,,,,,,,,,,,,,,,,,,,,,,,,,,,,,,,,,,,,,,,,,,,,,,,,,,,,,,,,,,,,,,,,,,,,,,,,,,,,,,,,,,,,,,,,,,,,,,,,,,,,,,
4,,Phạm Phú Thứ,tertiary,1931,,,tertiary,,,,,Phạm Phú Thứ,,,,,,,"[3771420284, 3771420289, 5093747548, 366426153]",,,Pham Phu Thu,,,,,,,,,,,,,,,,,,,,,,,,,,,,,,,,,,,,,,,,,,,,,,,,,,,,,,,,,,,,,,,,,,,,,,,,,,,,,,,,,,,,,,,,,,,,,,,,,,,,,,,,,,,,,,
3,,Quốc lộ 1,trunk_link,1932,,,trunk_link,,,,,Quốc lộ 1,,,,,,,"[5758137713, 1958801844, 1958801846, 1958801853, 1958801863, 1958801867, 1958801885, 1958801893, 2953644107]",,,,,,,,,,,,,,,,,,,,,,,,,,,,,,,,,,,,,,,,,,,,,,,,,,,,,,,,,,,,,,,,,,,,,,,,,,,,,,,,,,,,,,,,,,,,,,,,,,,,,,,,,,,,,,,,,
1,60.0,Võ Văn Kiệt,trunk,1933,,,trunk,,,,,Võ Văn Kiệt,,,,,,,"[2666742983, 3181281947, 1996655858, 411918804, 3338020323, 411918802, 3338020311, 1996654360, 1996654700, 1996745885, 5781158296, 411918790, 411924573, 411918795, 1998504427, 411918677, 1996655135, 3181281951, 1996654479, 1996655082, 1996654227, 1996655706, 411926094, 411926072, 3181281954, 411925154, 411926284, 411926073, 411925182, 411921412, 411918967, 411922406, 411921434, 411925666, 411926130, 411926131, 411924335, 411926081, 411926083, 411926082, 411918673, 411926092, 3338020095, 1767760231, 1767760234, 366420375, 1996654952, 3181281955, 1996654379, 1793489521, 1996745654, 1996655862, 366474182, 5813779727, 5813779726, 1996654083, 3338019239, 366467765, 366370918, 3338019235, 3338019233, 366421082, 3338019234, 366462285, 366419587, 1996745539, 366471529, 3181281957, 366381041, 366423076, 366434618, 366450466, 366439950, 1996745894, 366426558, 366378249, 2327219045, 366462809, 366468819, 1996654305, 3181281959, 366376295, 925113584, 1996654902, 366448899, 925138138, 366428553, 5813867373, 1996654357, 366428930, 366448117, 366408058, 1516822832, 366386853, 1996655076, 3181284823, 366434087, 366426128, 366446095, 366412088, 1996654835, 1996654354, 366371306, 366450244, 1996654627, 366452089, 366478319, 366383770, 4611905379, 4611905378, 366435204, 4609356084, 4609356083, 366456916, 366441836, 366435510, 4609356082, 366476693, 1996655632, 4618427500, 1996654282, 366411464, 4609356095, 366385435, 4609356034, 366388035, 366436173, 366389785, 925138131, 366409967, 1996655322, 1996654622, 925138126, 1996654091, 678475814, 1996654010, 4611982113, 4621545455, 5816921532, 1996654059, 3181284827, 4611751714, 3181284829, 678482702, 4609253540, 4609253541, 2358156638, 4609253543, 678482714, 4611751713, 678482722, 4583485484, 5045722542, 5045722543, 3034591420, 678482734, 2358076632, 5045721786, 5045721787, 4611587121, 678484668]",,,,,,,yes,,asphalt,,60,no,no,,,,,designated,,,no,3,,,,,,,,,,no,,,,,,,,,,,,,,,,,,,,,,,,,,,,,,,,,,,,,,,,,,,,,,,,,,,,,,,,,,,,,,,,,,,,,,,,,,,,,,,,,
3,,,secondary,1934,,,secondary,,,,,,,,,,,,"[4615624547, 5890133158, 5890133159]",,,,,,,yes,,,,,,,,,,,,,,,,,,,,,,,,,,,,,,,,,,,,,,,,,,,,,,,,,,,,,,,,,,,,,,,,,,,,,,,,,,,,,,,,,,,,,,,,,,,,,,,,,,,,,,,,,,
4,,Thống Nhất,tertiary,1935,,,tertiary,,,,,Thống Nhất,,,,,,,"[5750809004, 5750808991, 5891954876, 5891954875, 5891954874, 366470497, 4441525399, 366450167]",,,,,,,yes,,,,,,,,,,,,,,,,,,,,,,,,,,,,,,,,,,,,,,,,,,,,,,,,,,,,,,,,,,,,,,,,,,,,,,,,,,,,,,,,,,,,,,,,,,,,,,,,,,,,,,,,,,
4,,,unclassified,1936,,,unclassified,,,,,,,,,,,,"[5769490303, 5769490302, 5769487958, 5769490301]",,,,,,,,,,,,,,,,,,,,,,,,,,,,,,,,,,,,,,,,,,,,,,,,,,,,,,,,,,,,,,,,,,,,,,,,,,,,,,,,,,,,,,,,,,,,,,,,,,,,,,,,,,,,,,,,,
4,,,unclassified,1937,,,unclassified,,,,,,,,,,,,"[4962942780, 5740246755, 5740246731, 4962942775, 5902077667, 5740246751, 5740246777, 5902077668, 5740169689]",,,,,,,,,,,,,,,,,,,,,,,,,,,,,,,,,,,,,,,,,,,,,,,,,,,,,,,,,,,,,,,,,,,,,,,,,,,,,,,,,,,,,,,,,,,,,,,,,,,,,,,,,,,,,,,,,
3,,,primary_link,1938,,,primary_link,,,,,,,,,,,,"[5963060339, 2345124857, 2345124853, 2345124859, 2345124861]",,,,,,,yes,,,,,,,,,,,,,,,,,,,,,,,,,,,,,,,,,,,,,,,,,,,,,,,,,,,,,,,,,,,,,,,,,,,,,,,,,,,,,,,,,,,,,,,,,,,,,,,,,,,,,,,,,,
3,,,trunk_link,1939,,,trunk_link,,,,,,,,,,,,"[5963104797, 4001093366, 5963155984, 5963104798, 5963104795]",,,,,,,yes,,,,,,,,,,,,,,,,,,,,,,,,,,,,,,,,,,,,,,,,,,,,,,,,,,,,,,,,,,,,,,,,,,,,,,,,,,,,,,,,,,,,,,,,,,,,,,,,,,,,,,,,,,
1,80.0,Cao tốc TP. Hồ Chí Minh - Long Thành - Dầu Giây,motorway,1940,,,motorway,,,,,Cao tốc TP. Hồ Chí Minh - Long Thành - Dầu Giây,,,,,,,"[5963124765, 2891274874, 2891274870, 3275610376]",,,,,,,yes,,,,80,,,,,,,,,,,,,motorway,,,,,,,,,,,,,,,,,,,,,,,,,,,,,,,,,,,,,,,,,,,,,,,,,,,,,,,,,,,,,,,,,,,,,,,,,,,,,,,,,,,,,,,,,
1,80.0,Cao tốc TP. Hồ Chí Minh - Long Thành - Dầu Giây,motorway,1941,,,motorway,,,,,Cao tốc TP. Hồ Chí Minh - Long Thành - Dầu Giây,,,,,,,"[5963124766, 2891274873, 5963124765]",,,,,,,yes,,,,80,,,1,,,yes,,,,,,,motorway,,,,,,,,,,,,,,,,,,,,,,,,,,,,,,,,,,,,,,,,,,,,,,,,,,,,,,,,,,,,,,,,,,,,,,,,,,,,,,,,,,,,,,,,,
3,,X2,motorway_link,1942,,,motorway_link,,,,,X2,,,,,,,"[5963124770, 5963124779, 5963124778, 5963124777, 5963124776, 5963124771, 5963124775, 5963124774, 5963124773, 5963124772, 5963124769, 5963124780]",,,,,,,yes,,,,,,,,,,,,,,,,,,,,,,,,,,,,,,,,,,,,,,,,,,,,,,,,,,,,,,,,,,,,,,,,,,,,,,,,,,,,,,,,,,,,,,,,,,,,,,,,,,,,,,,,,,
1,80.0,Cao tốc TP. Hồ Chí Minh - Long Thành - Dầu Giây,motorway,1943,,,motorway,,,,,Cao tốc TP. Hồ Chí Minh - Long Thành - Dầu Giây,,,,,,,"[5963137802, 2891274871, 5963137812, 5963124766]",,,,,,,yes,,,,80,,,,,,,,,,,,,motorway,,,,,,,,,,,,,,,,,,,,,,,,,,,,,,,,,,,,,,,,,,,,,,,,,,,,,,,,,,,,,,,,,,,,,,,,,,,,,,,,,,,,,,,,,
3,,,motorway_link,1944,,,motorway_link,,,,,,,,,,,,"[5963137803, 5963137804, 5963137805, 5963137806, 5963137807, 5963137808]",,,,,,,yes,,,,,,,,,,,,,,,,,,,,,,,,,,,,,,,,,,,,,,,,,,,,,,,,,,,,,,,,,,,,,,,,,,,,,,,,,,,,,,,,,,,,,,,,,,,,,,,,,,,,,,,,,,
1,,Nhánh B1,motorway,1945,,,motorway,,,,,Nhánh B1,,,,,,,"[5963104795, 5963144335, 3465462163, 5963104806, 3275610389]",,,,,,,,,,,,,,,,,,,,,,,,,,,,,,,,,,,,,,,,,,,,,,,,,,,,,,,,,,,,,,,,,,,,,,,,,,,,,,,,,,,,,,,,,,,,,,,,,,,,,,,,,,,,,,,,,
2,50.0,Võ Chí Công,primary,1946,,,primary,,,,,Võ Chí Công,,,,,,,"[3632301752, 3032866793, 3032714487, 2615888832, 3275580608, 2615888808, 5735953491, 5735953632, 5735953625, 5735953510, 5735953161, 5963957362, 2615887111]",,,,,,,yes,,,,50,,,,,,,,,,,2,,,,,,,,,,,,,,,,,,,,,,,,,,,,,,,,,,,,,,,,,,,,,,,,,,,,,,,,,,,,,,,,,,,,,,,,,,,,,,,,,,,,,,,,,,,
1,50.0,Xa Lộ Hà Nội,trunk,1947,,,trunk,,,,,Xa Lộ Hà Nội,,,,,,,"[5965359829, 2938632159, 676021852, 5455933195, 366408832, 366416239, 5455910288, 366382091, 5765002726, 3342117448, 366458154, 2024972788, 2024973235, 3342117446, 366442212, 366468686, 5455870961, 5455870962, 2024973205, 2938759359, 366476141, 5778172608, 366466277, 3148967607, 366428170, 5778172958, 5778173051, 366390651, 5778172971, 1958801550]",,,,QL.1,,,yes,,,,50,,,,,,,,,,,,,,AH1,,,,,,,,,,,,,,,,,,,,,,,,,,,,,,,,,,,,,,,,,,,,,,,,,,,,,,,,,,,,,,,,,,,,,,,,,,,,,,,,,,,,,,,,
1,,,trunk,1948,,,trunk,,,,,,,,,,,,"[5994560150, 5994560151, 5994560152, 5994560153, 5994560154]",,,,,,,yes,,,,,,,,,,,,,,,,,,,,,,,,,,,,,,,,,,,,,,,,,,,,,,,,,,,,,,,,,,,,,,,,,,,,,,,,,,,,,,,,,,,,,,,,,,,,,,,,,,,,,,,,,,
1,50.0,Xa Lộ Hà Nội,trunk,1949,,,trunk,,,,,Xa Lộ Hà Nội,,,,,,,"[5994560150, 5455910307, 676024888, 676024889, 5455870968, 676021584, 5455933194, 1516645341, 5753090669, 676021328, 5455870967, 2024973193, 5753090673, 676021329]",,,,QL.1,,,yes,,,,50,,,,,,,,,,,,,,AH1,,,,,,,,,,,,,,,,,,,,,,,,,,,,,,,,,,,,,,,,,,,,,,,,,,,,,,,,,,,,,,,,,,,,,,,,,,,,,,,,,,,,,,,,
4,,Lê Duẩn,tertiary,1950,,,tertiary,,,,,Lê Duẩn,,,,,,,"[5740324107, 4602725870, 411925950]",,,,,,,yes,,,,,,,,,,,,,,,,,,,,,,,,,,,,,,,,,,,,,,,,,,,,,,,,,,,,,,,,,,,,,,,,,,,,,,,,,,,,,,,,,,,,,,,,,,,,,,,,,,,,,,,,,,
4,,Lê Duẩn,tertiary,1951,,,tertiary,,,,,Lê Duẩn,,,,,,,"[4601963705, 4601963704, 4602794080, 4650065739, 5772088452, 5892094883, 5467207465, 4649998646]",,,,,,,yes,,,,,,,,,,,,,,,,,,,,,,,,,,,,,,,,,,,,,,,,,,,,,,,,,,,,,,,,,,,,,,,,,,,,,,,,,,,,,,,,,,,,,,,,,,,,,,,,,,,,,,,,,,
3,,Đinh Tiên Hoàng,secondary,1952,,,secondary,,,,,Đinh Tiên Hoàng,,,,,Đinh Tiên Hoàng,,"[4601963705, 1769692396, 2974077439, 1769692294, 2914269870, 2037831439, 2974077465, 4102071291, 2402996504, 1769692389]",,Quan 1,Dinh Tien Hoang Street,,,,yes,Cường Để,,丁先皇街,,,,,,,,,,,,2,,,,,,,,,,,,,,,,,,,,,,,,,,,,,,,,,,,,,,,,,,,,,,,,,,,,,,,,,,,,,,,,,,,,,,,,,,,,,,,,,,,,,,,,,,,
2,,,primary,1953,,,primary,,,,,,,,,,,,"[6116136066, 6116136067, 6116136068, 6116136069, 6116136070]",,,,,,,yes,,,,,,,,,,,,,,,,,,,,,,,,,,,,,,,,,,,,,,,,,,,,,,,,,,,,,,,,,,,,,,,,,,,,,,,,,,,,,,,,,,,,,,,,,,,,,,,,,,,,,,,,,,
2,,Nguyễn Kiệm,primary,1954,,,primary,,,,,Nguyễn Kiệm,,,,,,,"[702328760, 1394527878, 5755399598, 3167052562, 1394527913, 2901394130, 1394527945, 1394527949, 4672005347, 1394527960, 1394527966, 5733488480, 5733488487, 3167052561, 2469693287]",,,,,,,yes,,,,,,,,,,,,,,,,,,,,,,,,,,,,,,,,,,,,,,,,,,,,,,,,,,,,,,,,,,,,,,,,,,,,,,,,,,,,,,,,,,,,,,,,,,,,,,,,,,,,,,,,,,
2,,Võ Thị Sáu,primary,1955,,,primary,,,,,Võ Thị Sáu,,,,,,,"[411926213, 5772088440, 3162508873, 411926698, 5350682983, 2230863228, 5772088432, 2230862976, 2230851099, 411926208]",,,,,,,yes,,,,,,,,,,,,,,,3,,,,,,,,,,,,,,,,,,,,,,,,,,,,,,,,,,,,,,,,,,,,,,,,,,,,,,,,,,,,,,,,,,,,,,,,,,,,,,,,,,,,,,,,,,,
2,,Võ Thị Sáu,primary,1956,,,primary,,,,,Võ Thị Sáu,,,,,,,"[411926208, 5778212341, 3162506783, 411926675, 5778212342, 5778212573, 411926052, 3162506784, 2233425577, 411919202]",,,,,,,yes,,,,,,,,,,,,,,,3,,,,,,,,,,,,,,,,,,,,,,,,,,,,,,,,,,,,,,,,,,,,,,,,,,,,,,,,,,,,,,,,,,,,,,,,,,,,,,,,,,,,,,,,,,,
4,,Lý Chính Thắng,tertiary,1957,,,tertiary,,,,,Lý Chính Thắng,,,,,,,"[411926216, 5772101028, 5772101027]",,,,,,,yes,,,,,,,,,,,,,,,,,,,,,,,,,,,,,,,,,,,,,,,,,,,,,,,,,,,,,,,,,,,,,,,,,,,,,,,,,,,,,,,,,,,,,,,,,,,,,,,,,,,,,,,,,,
4,,Trương Định,tertiary,1958,,,tertiary,,,,,Trương Định,,,,,,,"[411926216, 411918820, 411918821, 5352258741, 411918818]",,,Truong Dinh Street,,,,yes,,,长定街,,,,,,,,,,,,,,,,,,,,,,,,,,,,,,,,,,,,,,,,,,,,,,,,,,,,,,,,,,,,,,,,,,,,,,,,,,,,,,,,,,,,,,,,,,,,,,,,,,,,,,,
4,,Tú Xương,unclassified,1959,,,unclassified,,,,,Tú Xương,,,,,,,"[411926628, 5778300409, 411926679, 5778212568, 411926172, 5778212339, 411918639, 411926405, 2393615145]",,,Tu Xuong Street,,,,,,,秀昌街,,,,,,,,,,,,,,,,,,,,,,,,,,,,,,,,,,,,,,,,,,,,,,,,,,,,,,,,,,,,,,,,,,,,,,,,,,,,,,,,,,,,,,,,,,,,,,,,,,,,,,,
3,,Trần Quốc Thảo,secondary,1960,,,secondary,,,,,Trần Quốc Thảo,,,,,,,"[5772101027, 411923808, 2233449865]",,,,,,,no,,,,,,,,,,,,,,,,,,,,,,,,,,,,,,,,,,,,,,,,,,,,,,,,,,,,,,,,,,,,,,,,,,,,,,,,,,,,,,,,,,,,,,,,,,,,,,,,,,,,,,,,,,
4,,Lý Chính Thắng,tertiary,1961,,,tertiary,,,,,Lý Chính Thắng,,,,,,,"[5772101027, 411918089, 411918087, 5772101038, 411918092, 411918091, 411921608, 411918082, 411918066, 411925825, 411917985, 411918077, 411922130, 411918079, 411921010, 411918113, 411918115, 2008273911]",,,,,,,yes,,,,,,,,,,,,,,,,,,,,,,,,,,,,,,,,,,,,,,,,,,,,,,,,,,,,,,,,,,,,,,,,,,,,,,,,,,,,,,,,,,,,,,,,,,,,,,,,,,,,,,,,,,
4,,Trần Quốc Thảo,tertiary,1962,,,tertiary,,,,,Trần Quốc Thảo,,,,,,,"[411926508, 411919619, 5778300419, 3178465561, 411926415, 5778300406, 411918581, 5778300420, 411918209, 3178465562, 411925926, 5778360093, 411925925]",,,Tran Quoc Thao Road,,,,yes,,,陈国草路,,,,,,,,,no,no,,,,,,,,,no,,no,,,,,,,,,,,,,,,,,,,,,,,,,,,,,,,,,,,,,,,,,,,,,,,,,,,,,,,,,,,,,,,,,,,,,,,,,,,,,,,,,,
4,,Tú Xương,unclassified,1963,,,unclassified,,,,,Tú Xương,,,,,,,"[411926508, 5778300417, 2230865308, 411926628]",,,Tu Xuong Street,,,,,,,秀昌街,,,,,,,,,,,,,,,,,,,,,,,,,,,,,,,,,,,,,,,,,,,,,,,,,,,,,,,,,,,,,,,,,,,,,,,,,,,,,,,,,,,,,,,,,,,,,,,,,,,,,,,
2,,Nguyễn Thị Minh Khai,primary,1964,,,primary,,,,,Nguyễn Thị Minh Khai,,,,,Nguyễn Thị Minh Khai,,"[411925985, 411918572, 1226517262, 1226517266, 728690560]",,,Nguyen Thi Minh Khai Road,,,,yes,Hồng Thập Tự,,阮氏明开路,,,,,,,,,,,,,,,,,,,,,,,,,,,,,,,,,,,,,,,,,,,,,,,,,,,,,,,,,,,,,Hồng Thập Tự,,,,,,,,,,,,,,,,,,,,,,,,,,,,,,,,,,,,,,,,,,
4,,Nguyễn Bỉnh Khiêm,tertiary,1965,,,tertiary,,,,,Nguyễn Bỉnh Khiêm,,,,,,,"[4597281310, 411918528, 411925985]",,,,,,,yes,,,,,,,,,,,,,,,,,,,,,,,,,,,,,,,,,,,,,,,,,,,,,,,,,,,,,,,,,,,,,,,,,,,,,,,,,,,,,,,,,,,,,,,,,,,,,,,,,,,,,,,,,,
4,,,unclassified,1966,,,unclassified,,,,,,,,,,,,"[5140843585, 6150226443, 6150226444, 6150226445, 6150226446, 6150226447, 6150226448, 6150226449, 6150226451, 6150226450]",,,,,,,,,,,,,,,,,,,,,,,,,,,,,,,,,,,,,,,,,,,,,,,,,,,,,,,,,,,,,,,,,,,,,,,,,,,,,,,,,,,,,,,,,,,,,,,,,,,,,,,,,,,,,,,,,
