long,lat,id,tags.railway_level_crossing,tags.railway_no,tags.railway_station,tags.junction_yes,tags.crossing_traffic_signals,tags.crossing_zebra,tags.highway_crossing,tags.highway_no,tags.highway_traffic_signals,tags.bus_yes
106.6140317,10.7757322,0,0.0,1.0,0.0,0.0,0.0,0.0,0.0,1.0,0.0,0.0
106.6953663,10.7937916,1,0.0,1.0,0.0,0.0,0.0,0.0,0.0,1.0,0.0,0.0
106.6645284,10.8076894,2,0.0,1.0,0.0,0.0,0.0,0.0,0.0,1.0,0.0,0.0
106.671636,10.8145888,3,0.0,1.0,0.0,0.0,0.0,0.0,0.0,1.0,0.0,0.0
106.6447733,10.7630425,4,0.0,1.0,0.0,0.0,0.0,0.0,0.0,1.0,0.0,0.0
106.7143821,10.8011736,5,0.0,1.0,0.0,0.0,0.0,0.0,0.0,1.0,0.0,0.0
106.6651797,10.755757,6,0.0,1.0,0.0,0.0,0.0,0.0,0.0,1.0,0.0,0.0
106.5894653,10.8805808,7,0.0,1.0,0.0,0.0,0.0,0.0,0.0,1.0,0.0,0.0
106.5582414,10.6866367,8,0.0,1.0,0.0,0.0,0.0,0.0,0.0,1.0,0.0,0.0
106.6718962,10.8293605,9,0.0,1.0,0.0,0.0,0.0,0.0,0.0,1.0,0.0,0.0
106.7089225,10.79196,10,0.0,1.0,0.0,0.0,0.0,0.0,0.0,1.0,0.0,0.0
106.6507117,10.7533034,11,0.0,1.0,0.0,0.0,0.0,0.0,0.0,1.0,0.0,0.0
106.6841719,10.7546334,12,0.0,1.0,0.0,0.0,0.0,0.0,0.0,1.0,0.0,0.0
106.675257,10.7812241,13,0.0,1.0,0.0,0.0,0.0,0.0,0.0,1.0,0.0,0.0
106.7159791,10.8272547,14,0.0,1.0,0.0,0.0,0.0,0.0,0.0,1.0,0.0,0.0
106.6852023,10.8251451,15,0.0,1.0,0.0,0.0,0.0,0.0,0.0,1.0,0.0,0.0
106.6521393,10.7895903,16,0.0,1.0,0.0,0.0,0.0,0.0,0.0,1.0,0.0,0.0
106.6512627,10.7578738,17,0.0,1.0,0.0,0.0,0.0,0.0,0.0,1.0,0.0,0.0
106.6533233,10.7757726,18,0.0,1.0,0.0,0.0,0.0,0.0,0.0,1.0,0.0,0.0
106.6526388,10.796588,19,0.0,1.0,0.0,0.0,0.0,0.0,0.0,1.0,0.0,0.0
106.6798468,10.8301214,20,0.0,1.0,0.0,0.0,0.0,0.0,0.0,1.0,0.0,0.0
106.725621,10.8319797,21,0.0,1.0,0.0,0.0,0.0,0.0,0.0,1.0,0.0,0.0
106.6052567,10.8583152,22,0.0,1.0,0.0,0.0,0.0,0.0,0.0,1.0,0.0,0.0
106.6644795,10.8072313,23,0.0,1.0,0.0,0.0,0.0,0.0,0.0,1.0,0.0,0.0
106.6077622,10.8858732,24,0.0,1.0,0.0,0.0,0.0,0.0,0.0,1.0,0.0,0.0
106.6583334,10.75642,25,0.0,1.0,0.0,0.0,0.0,0.0,0.0,1.0,0.0,0.0
106.6630147,10.8387654,26,0.0,1.0,0.0,0.0,0.0,0.0,0.0,1.0,0.0,0.0
106.672682,10.7973534,27,0.0,1.0,0.0,0.0,0.0,0.0,0.0,0.0,1.0,0.0
106.6929629,10.8534957,28,0.0,1.0,0.0,0.0,0.0,0.0,0.0,1.0,0.0,0.0
106.6582476,10.7994904,29,0.0,1.0,0.0,0.0,0.0,0.0,0.0,1.0,0.0,0.0
106.6443078,10.8326063,30,0.0,1.0,0.0,0.0,0.0,0.0,0.0,1.0,0.0,0.0
106.6777939,10.8412476,31,0.0,1.0,0.0,0.0,0.0,0.0,0.0,1.0,0.0,0.0
106.6580009,10.7608606,32,0.0,1.0,0.0,0.0,0.0,0.0,0.0,1.0,0.0,0.0
106.6634893,10.8350828,33,0.0,1.0,0.0,0.0,0.0,0.0,0.0,1.0,0.0,0.0
106.7306955,10.7935921,34,0.0,1.0,0.0,0.0,0.0,0.0,0.0,1.0,0.0,0.0
106.6756995,10.8011427,35,0.0,1.0,0.0,0.0,0.0,0.0,0.0,1.0,0.0,0.0
106.6966309,10.8113412,36,0.0,1.0,0.0,0.0,0.0,0.0,0.0,1.0,0.0,0.0
106.643825,10.7578558,37,0.0,1.0,0.0,0.0,0.0,0.0,0.0,1.0,0.0,0.0
106.6720271,10.8292954,38,0.0,1.0,0.0,0.0,0.0,0.0,0.0,1.0,0.0,0.0
106.6522035,10.7620489,39,0.0,1.0,0.0,0.0,0.0,0.0,0.0,1.0,0.0,0.0
106.7275178,10.8335624,40,0.0,1.0,0.0,0.0,0.0,0.0,0.0,1.0,0.0,0.0
106.5977085,10.8883195,41,0.0,1.0,0.0,0.0,0.0,0.0,0.0,1.0,0.0,0.0
106.6526588,10.7584084,42,0.0,1.0,0.0,0.0,0.0,0.0,0.0,1.0,0.0,0.0
106.7290101,10.834751,43,0.0,1.0,0.0,0.0,0.0,0.0,0.0,1.0,0.0,0.0
106.6682969,10.7927968,44,0.0,1.0,0.0,0.0,0.0,0.0,0.0,1.0,0.0,0.0
106.730401,10.8740141,45,0.0,1.0,0.0,0.0,0.0,0.0,0.0,1.0,0.0,0.0
106.7624467,10.8678589,46,0.0,1.0,0.0,0.0,0.0,0.0,0.0,1.0,0.0,0.0
106.6463092,10.7582248,47,0.0,1.0,0.0,0.0,0.0,0.0,0.0,1.0,0.0,0.0
106.6768179,10.8734556,48,0.0,1.0,0.0,0.0,0.0,0.0,0.0,1.0,0.0,0.0
106.739242,10.87027,49,0.0,1.0,0.0,0.0,0.0,0.0,0.0,1.0,0.0,0.0
106.6719775,10.8146925,50,0.0,1.0,0.0,0.0,0.0,0.0,0.0,1.0,0.0,0.0
106.663773,10.755487,51,0.0,1.0,0.0,0.0,0.0,0.0,0.0,1.0,0.0,0.0
106.6445172,10.7796593,52,0.0,1.0,0.0,0.0,0.0,0.0,0.0,1.0,0.0,0.0
106.6641612,10.7768786,53,0.0,1.0,0.0,0.0,0.0,0.0,0.0,1.0,0.0,0.0
106.7675662,10.8385833,54,0.0,1.0,0.0,0.0,0.0,0.0,0.0,1.0,0.0,0.0
106.5931834,10.8753497,55,0.0,1.0,0.0,0.0,0.0,0.0,0.0,1.0,0.0,0.0
106.6660257,10.7959425,56,0.0,1.0,0.0,0.0,0.0,0.0,0.0,1.0,0.0,0.0
106.6506001,10.7523777,57,0.0,1.0,0.0,0.0,0.0,0.0,0.0,1.0,0.0,0.0
106.6452335,10.764512,58,0.0,1.0,0.0,0.0,0.0,0.0,0.0,1.0,0.0,0.0
106.6525082,10.7689285,59,0.0,1.0,0.0,0.0,0.0,0.0,0.0,1.0,0.0,0.0
106.6346835,10.7872262,60,0.0,1.0,0.0,0.0,0.0,0.0,0.0,1.0,0.0,0.0
106.6444544,10.7612154,61,0.0,1.0,0.0,0.0,0.0,0.0,0.0,1.0,0.0,0.0
106.600228,10.8394224,62,0.0,1.0,0.0,0.0,0.0,0.0,0.0,1.0,0.0,0.0
106.6757437,10.758139,63,0.0,1.0,0.0,0.0,0.0,0.0,0.0,1.0,0.0,0.0
106.6341705,10.8147121,64,0.0,1.0,0.0,0.0,0.0,0.0,0.0,1.0,0.0,0.0
106.7632042,10.8691813,65,0.0,1.0,0.0,0.0,0.0,0.0,0.0,1.0,0.0,0.0
106.6526094,10.7637745,66,0.0,1.0,0.0,0.0,0.0,0.0,0.0,1.0,0.0,0.0
106.6979393,10.7282205,67,0.0,1.0,0.0,0.0,0.0,0.0,0.0,1.0,0.0,0.0
106.7048425,10.811203,68,0.0,1.0,0.0,0.0,0.0,0.0,0.0,1.0,0.0,0.0
106.7902219,10.8599774,69,0.0,1.0,0.0,0.0,0.0,0.0,0.0,1.0,0.0,0.0
106.5888394,10.8863061,70,0.0,1.0,0.0,0.0,0.0,0.0,0.0,1.0,0.0,0.0
106.6613755,10.7833862,71,0.0,1.0,0.0,0.0,0.0,0.0,0.0,1.0,0.0,0.0
106.7380185,10.8559127,72,0.0,1.0,0.0,0.0,0.0,0.0,0.0,1.0,0.0,0.0
106.6164927,10.8645089,73,0.0,1.0,0.0,0.0,0.0,0.0,0.0,1.0,0.0,0.0
106.5887362,10.8816272,74,0.0,1.0,0.0,0.0,0.0,0.0,0.0,1.0,0.0,0.0
106.6556852,10.7507611,75,0.0,1.0,0.0,0.0,0.0,0.0,0.0,1.0,0.0,0.0
106.6555047,10.8372113,76,0.0,1.0,0.0,0.0,0.0,0.0,0.0,1.0,0.0,0.0
106.6563495,10.7992953,77,0.0,1.0,0.0,0.0,0.0,0.0,0.0,1.0,0.0,0.0
106.7750639,10.8700479,78,0.0,1.0,0.0,0.0,0.0,0.0,0.0,1.0,0.0,0.0
106.6940276,10.7516447,79,0.0,1.0,0.0,0.0,0.0,0.0,0.0,1.0,0.0,0.0
106.6717837,10.7666755,80,0.0,1.0,0.0,0.0,0.0,0.0,0.0,1.0,0.0,0.0
106.7120102,10.809094,81,0.0,1.0,0.0,0.0,0.0,0.0,0.0,1.0,0.0,0.0
106.6558902,10.7640087,82,0.0,1.0,0.0,0.0,0.0,0.0,0.0,1.0,0.0,0.0
106.6741418,10.8091082,83,0.0,1.0,0.0,0.0,0.0,0.0,0.0,0.0,1.0,0.0
106.6071191,10.7763394,84,0.0,1.0,0.0,0.0,0.0,0.0,0.0,1.0,0.0,0.0
106.6137279,10.8829136,85,0.0,1.0,0.0,0.0,0.0,0.0,0.0,1.0,0.0,0.0
106.61845,10.8807304,86,0.0,1.0,0.0,0.0,0.0,0.0,0.0,1.0,0.0,0.0
106.6794096,10.8150014,87,0.0,1.0,0.0,0.0,0.0,0.0,0.0,1.0,0.0,0.0
106.7506191,10.8461068,88,0.0,1.0,0.0,0.0,0.0,0.0,0.0,1.0,0.0,0.0
106.730999,10.7954565,89,0.0,1.0,0.0,0.0,0.0,0.0,0.0,1.0,0.0,0.0
106.6886115,10.8166398,90,0.0,1.0,0.0,0.0,0.0,0.0,0.0,1.0,0.0,0.0
106.5610605,10.6875672,91,0.0,1.0,0.0,0.0,0.0,0.0,0.0,1.0,0.0,0.0
106.6442184,10.7599516,92,0.0,1.0,0.0,0.0,0.0,0.0,0.0,1.0,0.0,0.0
106.7588363,10.8227968,93,0.0,1.0,0.0,0.0,0.0,0.0,0.0,1.0,0.0,0.0
106.6801112,10.8658951,94,0.0,1.0,0.0,0.0,0.0,0.0,0.0,1.0,0.0,0.0
106.6524361,10.7634588,95,0.0,1.0,0.0,0.0,0.0,0.0,0.0,1.0,0.0,0.0
106.6983326,10.7961525,96,0.0,1.0,0.0,0.0,0.0,0.0,0.0,1.0,0.0,0.0
106.6118683,10.7329307,97,0.0,1.0,0.0,0.0,0.0,0.0,0.0,1.0,0.0,0.0
106.682563,10.8325304,98,0.0,1.0,0.0,0.0,0.0,0.0,0.0,1.0,0.0,0.0
106.6775614,10.7993025,99,0.0,1.0,0.0,0.0,0.0,0.0,0.0,1.0,0.0,0.0
106.6571312,10.7824462,100,0.0,1.0,0.0,0.0,0.0,0.0,0.0,1.0,0.0,0.0
106.5944057,10.6964761,101,0.0,1.0,0.0,0.0,0.0,0.0,0.0,1.0,0.0,0.0
106.7800794,10.868445,102,0.0,1.0,0.0,0.0,0.0,0.0,0.0,1.0,0.0,0.0
106.665484,10.8541753,103,0.0,1.0,0.0,0.0,0.0,0.0,0.0,1.0,0.0,0.0
106.7349099,10.8550441,104,0.0,1.0,0.0,0.0,0.0,0.0,0.0,1.0,0.0,0.0
106.7197217,10.8282751,105,0.0,1.0,0.0,0.0,0.0,0.0,0.0,1.0,0.0,0.0
106.6553811,10.7623153,106,0.0,1.0,0.0,0.0,0.0,0.0,0.0,1.0,0.0,0.0
106.6654612,10.8544593,107,0.0,1.0,0.0,0.0,0.0,0.0,0.0,1.0,0.0,0.0
106.7106773,10.7893855,108,0.0,1.0,0.0,0.0,0.0,0.0,0.0,1.0,0.0,0.0
106.6775689,10.8308983,109,0.0,1.0,0.0,0.0,0.0,0.0,0.0,1.0,0.0,0.0
106.6028965,10.8615834,110,0.0,1.0,0.0,0.0,0.0,0.0,0.0,1.0,0.0,0.0
106.790512,10.8597106,111,0.0,1.0,0.0,0.0,0.0,0.0,0.0,1.0,0.0,0.0
106.6670704,10.7791045,112,0.0,1.0,0.0,0.0,0.0,0.0,0.0,1.0,0.0,0.0
106.6524779,10.796588,113,0.0,1.0,0.0,0.0,0.0,0.0,0.0,1.0,0.0,0.0
106.7954677,10.8626358,114,0.0,1.0,0.0,0.0,0.0,0.0,0.0,1.0,0.0,0.0
106.7627181,10.8508455,115,0.0,1.0,0.0,0.0,0.0,0.0,0.0,1.0,0.0,0.0
106.7319907,10.8770572,116,0.0,1.0,0.0,0.0,0.0,0.0,0.0,1.0,0.0,0.0
106.6152683,10.868816,117,0.0,1.0,0.0,0.0,0.0,0.0,0.0,1.0,0.0,0.0
106.7168775,10.8002083,118,0.0,1.0,0.0,0.0,0.0,0.0,0.0,1.0,0.0,0.0
106.7343846,10.8547733,119,0.0,1.0,0.0,0.0,0.0,0.0,0.0,1.0,0.0,0.0
106.7633215,10.8705977,120,0.0,1.0,0.0,0.0,0.0,0.0,0.0,1.0,0.0,0.0
106.6880811,10.8228559,121,0.0,1.0,0.0,0.0,0.0,0.0,0.0,1.0,0.0,0.0
106.6817217,10.8853064,122,0.0,1.0,0.0,0.0,0.0,0.0,0.0,1.0,0.0,0.0
106.6639375,10.7755762,123,0.0,1.0,0.0,0.0,0.0,0.0,0.0,1.0,0.0,0.0
106.6736437,10.7977764,124,0.0,1.0,0.0,0.0,0.0,0.0,0.0,1.0,0.0,0.0
106.6906393,10.7961263,125,0.0,1.0,0.0,0.0,0.0,0.0,0.0,1.0,0.0,0.0
106.7711202,10.8712151,126,0.0,1.0,0.0,0.0,0.0,0.0,0.0,1.0,0.0,0.0
106.6910083,10.8247327,127,0.0,1.0,0.0,0.0,0.0,0.0,0.0,1.0,0.0,0.0
106.747025,10.8026421,128,0.0,1.0,0.0,0.0,0.0,0.0,0.0,1.0,0.0,0.0
106.6416061,10.8023484,129,0.0,1.0,0.0,0.0,0.0,0.0,0.0,1.0,0.0,0.0
106.6883415,10.8223533,130,0.0,1.0,0.0,0.0,0.0,0.0,0.0,1.0,0.0,0.0
106.6784654,10.8081981,131,0.0,1.0,0.0,0.0,0.0,0.0,0.0,1.0,0.0,0.0
106.5891866,10.8865151,132,0.0,1.0,0.0,0.0,0.0,0.0,0.0,1.0,0.0,0.0
106.6640311,10.7659517,133,0.0,1.0,0.0,0.0,0.0,0.0,0.0,1.0,0.0,0.0
106.5981184,10.887776,134,0.0,1.0,0.0,0.0,0.0,0.0,0.0,1.0,0.0,0.0
106.7607926,10.8265715,135,0.0,1.0,0.0,0.0,0.0,0.0,0.0,0.0,1.0,0.0
106.7339052,10.8002223,136,0.0,1.0,0.0,0.0,0.0,0.0,0.0,1.0,0.0,0.0
106.7593304,10.8239454,137,0.0,1.0,0.0,0.0,0.0,0.0,0.0,1.0,0.0,0.0
106.6546646,10.7965047,138,0.0,1.0,0.0,0.0,0.0,0.0,0.0,1.0,0.0,0.0
106.757741,10.8176345,139,0.0,1.0,0.0,0.0,0.0,0.0,0.0,1.0,0.0,0.0
106.7725372,10.8623945,140,0.0,1.0,0.0,0.0,0.0,0.0,0.0,1.0,0.0,0.0
106.6884045,10.7415004,141,0.0,1.0,0.0,0.0,0.0,0.0,0.0,1.0,0.0,0.0
106.6148365,10.7385684,142,0.0,1.0,0.0,0.0,0.0,0.0,0.0,1.0,0.0,0.0
106.6313877,10.7879934,143,0.0,1.0,0.0,0.0,0.0,0.0,0.0,1.0,0.0,0.0
106.6584254,10.7506713,144,0.0,1.0,0.0,0.0,0.0,0.0,0.0,1.0,0.0,0.0
106.6582395,10.7577421,145,0.0,1.0,0.0,0.0,0.0,0.0,0.0,1.0,0.0,0.0
106.7497884,10.8033158,146,0.0,1.0,0.0,0.0,0.0,0.0,0.0,1.0,0.0,0.0
106.7296872,10.7986072,147,0.0,1.0,0.0,0.0,0.0,0.0,0.0,1.0,0.0,0.0
106.6244421,10.8550444,148,0.0,1.0,0.0,0.0,0.0,0.0,0.0,1.0,0.0,0.0
106.6550805,10.7651275,149,0.0,1.0,0.0,0.0,0.0,0.0,0.0,1.0,0.0,0.0
106.6285498,10.7812306,150,0.0,1.0,0.0,0.0,0.0,0.0,0.0,1.0,0.0,0.0
106.684482,10.8033105,151,0.0,1.0,0.0,0.0,0.0,0.0,0.0,0.0,1.0,0.0
106.7421734,10.840658,152,0.0,1.0,0.0,0.0,0.0,0.0,0.0,1.0,0.0,0.0
106.6821378,10.8304707,153,0.0,1.0,0.0,0.0,0.0,0.0,0.0,1.0,0.0,0.0
106.6655776,10.8003879,154,0.0,1.0,0.0,0.0,0.0,0.0,0.0,1.0,0.0,0.0
106.6979491,10.7950505,155,0.0,1.0,0.0,0.0,0.0,0.0,0.0,1.0,0.0,0.0
106.5673039,10.6898044,156,0.0,1.0,0.0,0.0,0.0,0.0,0.0,1.0,0.0,0.0
106.8193482,10.8878353,157,0.0,1.0,0.0,0.0,0.0,0.0,0.0,1.0,0.0,0.0
106.7731733,10.8492918,158,0.0,1.0,0.0,0.0,0.0,0.0,0.0,1.0,0.0,0.0
106.7389023,10.8701657,159,0.0,1.0,0.0,0.0,0.0,0.0,0.0,1.0,0.0,0.0
106.8064473,10.871073,160,0.0,1.0,0.0,0.0,0.0,0.0,0.0,1.0,0.0,0.0
106.6716163,10.7918192,161,0.0,1.0,0.0,0.0,0.0,0.0,0.0,0.0,1.0,0.0
106.692959,10.8490044,162,0.0,1.0,0.0,0.0,0.0,0.0,0.0,1.0,0.0,0.0
106.64996,10.7676393,163,0.0,1.0,0.0,0.0,0.0,0.0,0.0,1.0,0.0,0.0
106.6986141,10.7517206,164,0.0,1.0,0.0,0.0,0.0,0.0,0.0,1.0,0.0,0.0
106.7188969,10.8280852,165,0.0,1.0,0.0,0.0,0.0,0.0,0.0,1.0,0.0,0.0
106.7289417,10.8469839,166,0.0,1.0,0.0,0.0,0.0,0.0,0.0,1.0,0.0,0.0
106.5556052,10.6859009,167,0.0,1.0,0.0,0.0,0.0,0.0,0.0,1.0,0.0,0.0
106.6654681,10.796366,168,0.0,1.0,0.0,0.0,0.0,0.0,0.0,1.0,0.0,0.0
106.6606645,10.7726094,169,0.0,1.0,0.0,0.0,0.0,0.0,0.0,1.0,0.0,0.0
106.6792437,10.8280713,170,0.0,1.0,0.0,0.0,0.0,0.0,0.0,1.0,0.0,0.0
106.6703841,10.8334675,171,0.0,1.0,0.0,0.0,0.0,0.0,0.0,1.0,0.0,0.0
106.6836257,10.7509485,172,0.0,1.0,0.0,0.0,0.0,0.0,0.0,1.0,0.0,0.0
106.717736,10.7571329,173,0.0,1.0,0.0,0.0,0.0,0.0,0.0,1.0,0.0,0.0
106.6289013,10.7465385,174,0.0,1.0,0.0,0.0,0.0,0.0,0.0,1.0,0.0,0.0
106.6499666,10.7804,175,0.0,1.0,0.0,0.0,0.0,0.0,0.0,1.0,0.0,0.0
106.7707504,10.8451212,176,0.0,1.0,0.0,0.0,0.0,0.0,0.0,1.0,0.0,0.0
106.5856745,10.7159649,177,0.0,1.0,0.0,0.0,0.0,0.0,0.0,1.0,0.0,0.0
106.6584612,10.7551499,178,0.0,1.0,0.0,0.0,0.0,0.0,0.0,1.0,0.0,0.0
106.6628888,10.758032,179,0.0,1.0,0.0,0.0,0.0,0.0,0.0,1.0,0.0,0.0
106.6114393,10.7762477,180,0.0,1.0,0.0,0.0,0.0,0.0,0.0,1.0,0.0,0.0
106.7265583,10.703606,181,0.0,1.0,0.0,0.0,0.0,0.0,0.0,1.0,0.0,0.0
106.6768526,10.8753301,182,0.0,1.0,0.0,0.0,0.0,0.0,0.0,1.0,0.0,0.0
106.7813494,10.8342567,183,0.0,1.0,0.0,0.0,0.0,0.0,0.0,1.0,0.0,0.0
106.6683359,10.8065631,184,0.0,1.0,0.0,0.0,0.0,0.0,0.0,1.0,0.0,0.0
106.6609472,10.7602094,185,0.0,1.0,0.0,0.0,0.0,0.0,0.0,0.0,1.0,0.0
106.6817654,10.7482816,186,0.0,1.0,0.0,0.0,0.0,0.0,0.0,1.0,0.0,0.0
106.7321155,10.7045223,187,0.0,1.0,0.0,0.0,0.0,0.0,0.0,1.0,0.0,0.0
106.6414169,10.867202,188,0.0,1.0,0.0,0.0,0.0,0.0,0.0,1.0,0.0,0.0
106.7581999,10.8187919,189,0.0,1.0,0.0,0.0,0.0,0.0,0.0,1.0,0.0,0.0
106.6736225,10.8153305,190,0.0,1.0,0.0,0.0,0.0,0.0,0.0,1.0,0.0,0.0
106.6700137,10.7678404,191,0.0,1.0,0.0,0.0,0.0,0.0,0.0,1.0,0.0,0.0
106.6319839,10.8498819,192,0.0,1.0,0.0,0.0,0.0,0.0,0.0,1.0,0.0,0.0
106.5879562,10.8496569,193,0.0,1.0,0.0,0.0,0.0,0.0,0.0,1.0,0.0,0.0
106.5554753,10.7909507,194,0.0,1.0,0.0,0.0,0.0,0.0,0.0,1.0,0.0,0.0
106.6617536,10.7837858,195,0.0,1.0,0.0,0.0,0.0,0.0,0.0,1.0,0.0,0.0
106.684366,10.8286518,196,0.0,1.0,0.0,0.0,0.0,0.0,0.0,1.0,0.0,0.0
106.6411857,10.7719941,197,0.0,1.0,0.0,0.0,0.0,0.0,0.0,1.0,0.0,0.0
106.6523255,10.7533894,198,0.0,1.0,0.0,0.0,0.0,0.0,0.0,1.0,0.0,0.0
106.7789051,10.8528222,199,0.0,1.0,0.0,0.0,0.0,0.0,0.0,1.0,0.0,0.0
106.6893263,10.7456384,200,0.0,1.0,0.0,0.0,0.0,0.0,0.0,1.0,0.0,0.0
106.6518377,10.7897093,201,0.0,1.0,0.0,0.0,0.0,0.0,0.0,1.0,0.0,0.0
106.6249308,10.7817224,202,0.0,1.0,0.0,0.0,0.0,0.0,0.0,1.0,0.0,0.0
106.6938401,10.8143614,203,0.0,1.0,0.0,0.0,0.0,0.0,0.0,1.0,0.0,0.0
106.7281831,10.8340985,204,0.0,1.0,0.0,0.0,0.0,0.0,0.0,1.0,0.0,0.0
106.6959191,10.811816,205,0.0,1.0,0.0,0.0,0.0,0.0,0.0,1.0,0.0,0.0
106.6225374,10.8781162,206,0.0,1.0,0.0,0.0,0.0,0.0,0.0,1.0,0.0,0.0
106.6661354,10.7784137,207,0.0,1.0,0.0,0.0,0.0,0.0,0.0,1.0,0.0,0.0
106.6097719,10.8788954,208,0.0,1.0,0.0,0.0,0.0,0.0,0.0,1.0,0.0,0.0
106.7534794,10.8495638,209,0.0,1.0,0.0,0.0,0.0,0.0,0.0,1.0,0.0,0.0
106.6677238,10.7750851,210,0.0,1.0,0.0,0.0,0.0,0.0,0.0,1.0,0.0,0.0
106.6370433,10.8172393,211,0.0,1.0,0.0,0.0,0.0,0.0,0.0,1.0,0.0,0.0
106.6338072,10.7594365,212,0.0,1.0,0.0,0.0,0.0,0.0,0.0,1.0,0.0,0.0
106.6696497,10.8608943,213,0.0,1.0,0.0,0.0,0.0,0.0,0.0,1.0,0.0,0.0
106.7970824,10.8144883,214,0.0,1.0,0.0,0.0,0.0,0.0,0.0,1.0,0.0,0.0
106.7634318,10.8708938,215,0.0,1.0,0.0,0.0,0.0,0.0,0.0,1.0,0.0,0.0
106.7514383,10.8041188,216,0.0,1.0,0.0,0.0,0.0,0.0,0.0,1.0,0.0,0.0
106.6574837,10.7992535,217,0.0,1.0,0.0,0.0,0.0,0.0,0.0,1.0,0.0,0.0
106.5914111,10.8778215,218,0.0,1.0,0.0,0.0,0.0,0.0,0.0,1.0,0.0,0.0
106.7641935,10.8261485,219,0.0,1.0,0.0,0.0,0.0,0.0,0.0,1.0,0.0,0.0
106.6367783,10.7824716,220,0.0,1.0,0.0,0.0,0.0,0.0,0.0,1.0,0.0,0.0
106.6689314,10.7408144,221,0.0,1.0,0.0,0.0,0.0,0.0,0.0,1.0,0.0,0.0
106.660704,10.7610771,222,0.0,1.0,0.0,0.0,0.0,0.0,0.0,1.0,0.0,0.0
106.7798009,10.7660435,223,0.0,1.0,0.0,0.0,0.0,0.0,0.0,1.0,0.0,0.0
106.6748455,10.8318571,224,0.0,1.0,0.0,0.0,0.0,0.0,0.0,1.0,0.0,0.0
106.7236416,10.7256271,225,0.0,1.0,0.0,0.0,0.0,0.0,0.0,1.0,0.0,0.0
106.6784426,10.8305969,226,0.0,1.0,0.0,0.0,0.0,0.0,0.0,1.0,0.0,0.0
106.7270467,10.8331745,227,0.0,1.0,0.0,0.0,0.0,0.0,0.0,1.0,0.0,0.0
106.6760669,10.7994503,228,1.0,0.0,0.0,0.0,0.0,0.0,0.0,1.0,0.0,0.0
106.581274,10.6931944,229,0.0,1.0,0.0,0.0,0.0,0.0,0.0,1.0,0.0,0.0
106.5386627,10.7446677,230,0.0,1.0,0.0,0.0,0.0,0.0,0.0,1.0,0.0,0.0
106.6282232,10.7714937,231,0.0,1.0,0.0,0.0,0.0,0.0,0.0,1.0,0.0,0.0
106.6329161,10.8492006,232,0.0,1.0,0.0,0.0,0.0,0.0,0.0,1.0,0.0,0.0
106.6983168,10.8035641,233,0.0,1.0,0.0,0.0,0.0,0.0,0.0,1.0,0.0,0.0
106.6527217,10.8580367,234,0.0,1.0,0.0,0.0,0.0,0.0,0.0,1.0,0.0,0.0
106.7653756,10.7833422,235,0.0,1.0,0.0,0.0,0.0,0.0,0.0,1.0,0.0,0.0
106.6977368,10.7944901,236,0.0,1.0,0.0,0.0,0.0,0.0,0.0,1.0,0.0,0.0
106.7929898,10.8611665,237,0.0,1.0,0.0,0.0,0.0,0.0,0.0,1.0,0.0,0.0
106.6689253,10.7462509,238,0.0,1.0,0.0,0.0,0.0,0.0,0.0,1.0,0.0,0.0
106.6143297,10.8828335,239,0.0,1.0,0.0,0.0,0.0,0.0,0.0,1.0,0.0,0.0
106.7179483,10.8278461,240,0.0,1.0,0.0,0.0,0.0,0.0,0.0,1.0,0.0,0.0
106.6753185,10.8428373,241,0.0,1.0,0.0,0.0,0.0,0.0,0.0,1.0,0.0,0.0
106.8286983,10.8428497,242,0.0,1.0,0.0,1.0,0.0,0.0,0.0,1.0,0.0,0.0
106.6535516,10.7966177,243,0.0,1.0,0.0,0.0,0.0,0.0,0.0,1.0,0.0,0.0
106.7050119,10.7517869,244,0.0,1.0,0.0,0.0,0.0,0.0,0.0,1.0,0.0,0.0
106.6674459,10.7917202,245,0.0,1.0,0.0,0.0,0.0,0.0,0.0,1.0,0.0,0.0
106.6750895,10.7976292,246,1.0,0.0,0.0,0.0,0.0,0.0,0.0,1.0,0.0,0.0
106.6723869,10.7784822,247,0.0,1.0,0.0,0.0,0.0,0.0,0.0,1.0,0.0,0.0
106.6616599,10.7781615,248,0.0,1.0,0.0,0.0,0.0,0.0,0.0,1.0,0.0,0.0
106.5856072,10.8860826,249,0.0,1.0,0.0,0.0,0.0,0.0,0.0,1.0,0.0,0.0
106.6837486,10.8868771,250,0.0,1.0,0.0,0.0,0.0,0.0,0.0,1.0,0.0,0.0
106.6643618,10.8124942,251,0.0,1.0,0.0,0.0,0.0,0.0,0.0,1.0,0.0,0.0
106.6008754,10.7226708,252,0.0,1.0,0.0,0.0,0.0,0.0,0.0,1.0,0.0,0.0
106.7287514,10.845997,253,0.0,1.0,0.0,0.0,0.0,0.0,0.0,1.0,0.0,0.0
106.694378,10.8198777,254,0.0,1.0,0.0,0.0,0.0,0.0,0.0,1.0,0.0,0.0
106.6539899,10.7653719,255,0.0,1.0,0.0,0.0,0.0,0.0,0.0,1.0,0.0,0.0
106.6527981,10.8619433,256,0.0,1.0,0.0,0.0,0.0,0.0,0.0,1.0,0.0,0.0
106.6531101,10.7605441,257,0.0,1.0,0.0,0.0,0.0,0.0,0.0,1.0,0.0,0.0
106.6155055,10.8826862,258,0.0,1.0,0.0,0.0,0.0,0.0,0.0,1.0,0.0,0.0
106.6899309,10.8199379,259,0.0,1.0,0.0,0.0,0.0,0.0,0.0,1.0,0.0,0.0
106.6059796,10.7763227,260,0.0,1.0,0.0,0.0,0.0,0.0,0.0,1.0,0.0,0.0
106.7074486,10.7927205,261,0.0,1.0,0.0,0.0,0.0,0.0,0.0,0.0,1.0,0.0
106.6615638,10.8007892,262,0.0,1.0,0.0,0.0,0.0,0.0,0.0,1.0,0.0,0.0
106.7699637,10.8633418,263,0.0,1.0,0.0,0.0,0.0,0.0,0.0,1.0,0.0,0.0
106.7008614,10.7938821,264,0.0,1.0,0.0,0.0,0.0,0.0,0.0,1.0,0.0,0.0
106.6235422,10.8555254,265,0.0,1.0,0.0,0.0,0.0,0.0,0.0,1.0,0.0,0.0
106.7647651,10.7776559,266,0.0,1.0,0.0,0.0,0.0,0.0,0.0,1.0,0.0,0.0
106.6301535,10.8202068,267,0.0,1.0,0.0,0.0,0.0,0.0,0.0,1.0,0.0,0.0
106.6627717,10.7507204,268,0.0,1.0,0.0,0.0,0.0,0.0,0.0,1.0,0.0,0.0
106.6753077,10.7673656,269,0.0,1.0,0.0,0.0,0.0,0.0,0.0,1.0,0.0,0.0
106.6317028,10.7792796,270,0.0,1.0,0.0,0.0,0.0,0.0,0.0,1.0,0.0,0.0
106.6696543,10.8306051,271,0.0,1.0,0.0,0.0,0.0,0.0,0.0,1.0,0.0,0.0
106.6398819,10.7770894,272,0.0,1.0,0.0,0.0,0.0,0.0,0.0,1.0,0.0,0.0
106.8000883,10.8653917,273,0.0,1.0,0.0,0.0,0.0,0.0,0.0,1.0,0.0,0.0
106.7753601,10.8136383,274,0.0,1.0,0.0,0.0,0.0,0.0,0.0,1.0,0.0,0.0
106.6795101,10.8816357,275,0.0,1.0,0.0,0.0,0.0,0.0,0.0,1.0,0.0,0.0
106.6738588,10.7669024,276,0.0,1.0,0.0,0.0,0.0,0.0,0.0,1.0,0.0,0.0
106.6585755,10.7980828,277,0.0,1.0,0.0,0.0,0.0,0.0,0.0,1.0,0.0,0.0
106.6186544,10.8582194,278,0.0,1.0,0.0,0.0,0.0,0.0,0.0,1.0,0.0,0.0
106.6202143,10.8795726,279,0.0,1.0,0.0,0.0,0.0,0.0,0.0,1.0,0.0,0.0
106.5535801,10.6853419,280,0.0,1.0,0.0,0.0,0.0,0.0,0.0,1.0,0.0,0.0
106.7612978,10.8672695,281,0.0,1.0,0.0,0.0,0.0,0.0,0.0,1.0,0.0,0.0
106.7092839,10.8083475,282,0.0,1.0,0.0,0.0,0.0,0.0,0.0,1.0,0.0,0.0
106.6614388,10.7993793,283,0.0,1.0,0.0,0.0,0.0,0.0,0.0,1.0,0.0,0.0
106.6587965,10.7597225,284,0.0,1.0,0.0,0.0,0.0,0.0,0.0,0.0,1.0,0.0
106.7192459,10.7989146,285,0.0,1.0,0.0,0.0,0.0,0.0,0.0,1.0,0.0,0.0
106.6236125,10.8776763,286,0.0,1.0,0.0,0.0,0.0,0.0,0.0,1.0,0.0,0.0
106.6683762,10.7618452,287,0.0,1.0,0.0,0.0,0.0,0.0,0.0,1.0,0.0,0.0
106.6474328,10.7796551,288,0.0,1.0,0.0,0.0,0.0,0.0,0.0,1.0,0.0,0.0
106.7313905,10.8367207,289,0.0,1.0,0.0,0.0,0.0,0.0,0.0,1.0,0.0,0.0
106.7559654,10.8663883,290,0.0,1.0,0.0,0.0,0.0,0.0,0.0,1.0,0.0,0.0
106.6047216,10.859047,291,0.0,1.0,0.0,0.0,0.0,0.0,0.0,1.0,0.0,0.0
106.6846929,10.8879317,292,0.0,1.0,0.0,0.0,0.0,0.0,0.0,1.0,0.0,0.0
106.732835,10.8000298,293,0.0,1.0,0.0,0.0,0.0,0.0,0.0,1.0,0.0,0.0
106.7695262,10.841978,294,0.0,1.0,0.0,0.0,0.0,0.0,0.0,1.0,0.0,0.0
106.640323,10.7676354,295,0.0,1.0,0.0,0.0,0.0,0.0,0.0,1.0,0.0,0.0
106.7086074,10.7273833,296,0.0,1.0,0.0,0.0,0.0,0.0,0.0,1.0,0.0,0.0
106.6615304,10.835691,297,0.0,1.0,0.0,0.0,0.0,0.0,0.0,1.0,0.0,0.0
106.6331803,10.7563749,298,0.0,1.0,0.0,0.0,0.0,0.0,0.0,1.0,0.0,0.0
106.6495482,10.7511143,299,0.0,1.0,0.0,0.0,0.0,0.0,0.0,1.0,0.0,0.0
106.6031297,10.8873807,300,0.0,1.0,0.0,0.0,0.0,0.0,0.0,1.0,0.0,0.0
106.743452,10.8412018,301,0.0,1.0,0.0,0.0,0.0,0.0,0.0,1.0,0.0,0.0
106.6612115,10.7592628,302,0.0,1.0,0.0,0.0,0.0,0.0,0.0,1.0,0.0,0.0
106.6922972,10.8582822,303,0.0,1.0,0.0,0.0,0.0,0.0,0.0,1.0,0.0,0.0
106.655717,10.7988858,304,0.0,1.0,0.0,0.0,0.0,0.0,0.0,1.0,0.0,0.0
106.6765038,10.8025536,305,0.0,1.0,0.0,0.0,0.0,0.0,0.0,1.0,0.0,0.0
106.7140673,10.8248582,306,0.0,1.0,0.0,0.0,0.0,0.0,0.0,1.0,0.0,0.0
106.5574423,10.6864079,307,0.0,1.0,0.0,0.0,0.0,0.0,0.0,1.0,0.0,0.0
106.5902562,10.8868907,308,0.0,1.0,0.0,0.0,0.0,0.0,0.0,1.0,0.0,0.0
106.779752,10.8621761,309,0.0,1.0,0.0,0.0,0.0,0.0,0.0,1.0,0.0,0.0
106.6403983,10.8073545,310,0.0,1.0,0.0,0.0,0.0,0.0,0.0,1.0,0.0,0.0
106.6429507,10.842354,311,0.0,1.0,0.0,0.0,0.0,0.0,0.0,1.0,0.0,0.0
106.6795027,10.8668953,312,0.0,1.0,0.0,0.0,0.0,0.0,0.0,1.0,0.0,0.0
106.6283029,10.8241977,313,0.0,1.0,0.0,0.0,0.0,0.0,0.0,1.0,0.0,0.0
106.7311872,10.7965524,314,0.0,1.0,0.0,0.0,0.0,0.0,0.0,1.0,0.0,0.0
106.6751609,10.797637,315,0.0,1.0,0.0,0.0,0.0,0.0,0.0,1.0,0.0,0.0
106.706678,10.8252639,316,0.0,1.0,0.0,0.0,0.0,0.0,0.0,1.0,0.0,0.0
106.597713,10.8668839,317,0.0,1.0,0.0,0.0,0.0,0.0,0.0,1.0,0.0,0.0
106.6392524,10.7774439,318,0.0,1.0,0.0,0.0,0.0,0.0,0.0,1.0,0.0,0.0
106.6574197,10.7508845,319,0.0,1.0,0.0,0.0,0.0,0.0,0.0,1.0,0.0,0.0
106.7101502,10.7455052,320,0.0,1.0,0.0,0.0,0.0,0.0,0.0,1.0,0.0,0.0
106.6050225,10.8857158,321,0.0,1.0,0.0,0.0,0.0,0.0,0.0,1.0,0.0,0.0
106.6776812,10.7970214,322,0.0,1.0,0.0,0.0,0.0,0.0,0.0,1.0,0.0,0.0
106.758638,10.8656547,323,0.0,1.0,0.0,0.0,0.0,0.0,0.0,1.0,0.0,0.0
106.6884687,10.8088148,324,0.0,1.0,0.0,0.0,0.0,0.0,0.0,1.0,0.0,0.0
106.6616347,10.75775,325,0.0,1.0,0.0,0.0,0.0,0.0,0.0,1.0,0.0,0.0
106.7295426,10.786767,326,0.0,1.0,0.0,0.0,0.0,0.0,0.0,1.0,0.0,0.0
106.6827711,10.8861549,327,0.0,1.0,0.0,0.0,0.0,0.0,0.0,1.0,0.0,0.0
106.7748408,10.8674624,328,0.0,1.0,0.0,0.0,0.0,0.0,0.0,1.0,0.0,0.0
106.6620913,10.7509955,329,0.0,1.0,0.0,0.0,0.0,0.0,0.0,1.0,0.0,0.0
106.6467912,10.7791921,330,0.0,1.0,0.0,0.0,0.0,0.0,0.0,1.0,0.0,0.0
106.8367322,10.8601288,331,0.0,1.0,0.0,0.0,0.0,0.0,0.0,1.0,0.0,0.0
106.6672908,10.8324696,332,0.0,1.0,0.0,0.0,0.0,0.0,0.0,1.0,0.0,0.0
106.6401114,10.8442933,333,0.0,1.0,0.0,0.0,0.0,0.0,0.0,1.0,0.0,0.0
106.5858284,10.7159537,334,0.0,1.0,0.0,0.0,0.0,0.0,0.0,1.0,0.0,0.0
106.755122,10.8076704,335,0.0,1.0,0.0,0.0,0.0,0.0,0.0,1.0,0.0,0.0
106.7299902,10.8734945,336,0.0,1.0,0.0,0.0,0.0,0.0,0.0,1.0,0.0,0.0
106.6896946,10.8035429,337,0.0,1.0,0.0,0.0,0.0,0.0,0.0,1.0,0.0,0.0
106.6770991,10.760492,338,0.0,1.0,0.0,0.0,0.0,0.0,0.0,0.0,1.0,0.0
106.6046358,10.8184504,339,0.0,1.0,0.0,0.0,0.0,0.0,0.0,1.0,0.0,0.0
106.6264374,10.8527543,340,0.0,1.0,0.0,0.0,0.0,0.0,0.0,1.0,0.0,0.0
106.6895819,10.8203795,341,0.0,1.0,0.0,0.0,0.0,0.0,0.0,1.0,0.0,0.0
106.7596586,10.8668993,342,0.0,1.0,0.0,0.0,0.0,0.0,0.0,1.0,0.0,0.0
106.7025728,10.7957289,343,0.0,1.0,0.0,0.0,0.0,0.0,0.0,1.0,0.0,0.0
106.798121,10.8642294,344,0.0,1.0,0.0,0.0,0.0,0.0,0.0,1.0,0.0,0.0
106.6268683,10.7827433,345,0.0,1.0,0.0,0.0,0.0,0.0,0.0,1.0,0.0,0.0
106.6728805,10.7786647,346,0.0,1.0,0.0,0.0,0.0,0.0,0.0,1.0,0.0,0.0
106.6112355,10.8839449,347,0.0,1.0,0.0,0.0,0.0,0.0,0.0,1.0,0.0,0.0
106.7645247,10.8723171,348,0.0,1.0,0.0,0.0,0.0,0.0,0.0,1.0,0.0,0.0
106.7304453,10.8531807,349,0.0,1.0,0.0,0.0,0.0,0.0,0.0,1.0,0.0,0.0
106.6688795,10.7544738,350,0.0,1.0,0.0,0.0,0.0,0.0,0.0,1.0,0.0,0.0
106.6529391,10.7834944,351,0.0,1.0,0.0,0.0,0.0,0.0,0.0,1.0,0.0,0.0
106.6326357,10.7560579,352,0.0,1.0,0.0,0.0,0.0,0.0,0.0,1.0,0.0,0.0
106.6881662,10.827334,353,0.0,1.0,0.0,0.0,0.0,0.0,0.0,1.0,0.0,0.0
106.6661951,10.8349776,354,0.0,1.0,0.0,0.0,0.0,0.0,0.0,1.0,0.0,0.0
106.6453115,10.7645601,355,0.0,1.0,0.0,0.0,0.0,0.0,0.0,1.0,0.0,0.0
106.6529986,10.7606564,356,0.0,1.0,0.0,0.0,0.0,0.0,0.0,1.0,0.0,0.0
106.7432765,10.7199382,357,0.0,1.0,0.0,0.0,0.0,0.0,0.0,1.0,0.0,0.0
106.6576837,10.7906011,358,0.0,1.0,0.0,0.0,0.0,0.0,0.0,1.0,0.0,0.0
106.7091645,10.8110139,359,0.0,1.0,0.0,0.0,0.0,0.0,0.0,1.0,0.0,0.0
106.6651197,10.8026938,360,0.0,1.0,0.0,0.0,0.0,0.0,0.0,1.0,0.0,0.0
106.7108802,10.7749435,361,0.0,1.0,0.0,0.0,0.0,0.0,0.0,1.0,0.0,0.0
106.7715725,10.8845846,362,0.0,1.0,0.0,0.0,0.0,0.0,0.0,1.0,0.0,0.0
106.6278945,10.7793465,363,0.0,1.0,0.0,0.0,0.0,0.0,0.0,1.0,0.0,0.0
106.7637037,10.8301721,364,0.0,1.0,0.0,0.0,0.0,0.0,0.0,1.0,0.0,0.0
106.7693363,10.8635732,365,0.0,1.0,0.0,0.0,0.0,0.0,0.0,1.0,0.0,0.0
106.5383123,10.6815793,366,0.0,1.0,0.0,0.0,0.0,0.0,0.0,1.0,0.0,0.0
106.6522037,10.7626655,367,0.0,1.0,0.0,0.0,0.0,0.0,0.0,1.0,0.0,0.0
106.5708811,10.6909942,368,0.0,1.0,0.0,0.0,0.0,0.0,0.0,1.0,0.0,0.0
106.7616515,10.8262714,369,0.0,1.0,0.0,0.0,0.0,0.0,0.0,1.0,0.0,0.0
106.6454868,10.7877208,370,0.0,1.0,0.0,0.0,0.0,0.0,0.0,1.0,0.0,0.0
106.6740191,10.7671362,371,0.0,1.0,0.0,0.0,0.0,0.0,0.0,1.0,0.0,0.0
106.7203779,10.8517936,372,0.0,1.0,0.0,0.0,0.0,0.0,0.0,1.0,0.0,0.0
106.6616795,10.7433941,373,0.0,1.0,0.0,0.0,0.0,0.0,0.0,1.0,0.0,0.0
106.6820435,10.8230178,374,0.0,1.0,0.0,0.0,0.0,0.0,0.0,1.0,0.0,0.0
106.6792545,10.8539809,375,0.0,1.0,0.0,0.0,0.0,0.0,0.0,1.0,0.0,0.0
106.6692245,10.7581623,376,0.0,1.0,0.0,0.0,0.0,0.0,0.0,1.0,0.0,0.0
106.7684119,10.880817,377,0.0,1.0,0.0,0.0,0.0,0.0,0.0,1.0,0.0,0.0
106.6851044,10.8886711,378,0.0,1.0,0.0,0.0,0.0,0.0,0.0,1.0,0.0,0.0
106.7628546,10.8508668,379,0.0,1.0,0.0,0.0,0.0,0.0,0.0,1.0,0.0,0.0
106.6571371,10.7848454,380,0.0,1.0,0.0,0.0,0.0,0.0,0.0,1.0,0.0,0.0
106.668972,10.7805496,381,0.0,1.0,0.0,0.0,0.0,0.0,0.0,1.0,0.0,0.0
106.6879295,10.8037712,382,0.0,1.0,0.0,0.0,0.0,0.0,0.0,1.0,0.0,0.0
106.6035322,10.8871653,383,0.0,1.0,0.0,0.0,0.0,0.0,0.0,1.0,0.0,0.0
106.7843789,10.7620738,384,0.0,1.0,0.0,0.0,0.0,0.0,0.0,1.0,0.0,0.0
106.6632549,10.7914446,385,0.0,1.0,0.0,0.0,0.0,0.0,0.0,1.0,0.0,0.0
106.6427235,10.7384808,386,0.0,1.0,0.0,0.0,0.0,0.0,0.0,1.0,0.0,0.0
106.7313465,10.7973627,387,0.0,1.0,0.0,0.0,0.0,0.0,0.0,1.0,0.0,0.0
106.6614108,10.7530346,388,0.0,1.0,0.0,0.0,0.0,0.0,0.0,1.0,0.0,0.0
106.6946835,10.8189812,389,0.0,1.0,0.0,0.0,0.0,0.0,0.0,1.0,0.0,0.0
106.7190173,10.8069599,390,0.0,1.0,0.0,0.0,0.0,0.0,0.0,1.0,0.0,0.0
106.7226725,10.7975864,391,0.0,1.0,0.0,0.0,0.0,0.0,0.0,1.0,0.0,0.0
106.7322955,10.8677243,392,0.0,1.0,0.0,0.0,0.0,0.0,0.0,1.0,0.0,0.0
106.6696414,10.8087163,393,0.0,1.0,0.0,0.0,0.0,0.0,0.0,1.0,0.0,0.0
106.6671455,10.8133416,394,0.0,1.0,0.0,0.0,0.0,0.0,0.0,1.0,0.0,0.0
106.6384803,10.7836896,395,0.0,1.0,0.0,0.0,0.0,0.0,0.0,1.0,0.0,0.0
106.6390161,10.7840685,396,0.0,1.0,0.0,0.0,0.0,0.0,0.0,1.0,0.0,0.0
106.6931652,10.8516255,397,0.0,1.0,0.0,0.0,0.0,0.0,0.0,1.0,0.0,0.0
106.5377764,10.6814478,398,0.0,1.0,0.0,0.0,0.0,0.0,0.0,1.0,0.0,0.0
106.6265209,10.8172607,399,0.0,1.0,0.0,0.0,0.0,0.0,0.0,1.0,0.0,0.0
106.6695229,10.7546016,400,0.0,1.0,0.0,0.0,0.0,0.0,0.0,1.0,0.0,0.0
106.6458587,10.7968922,401,0.0,1.0,0.0,0.0,0.0,0.0,0.0,0.0,1.0,0.0
106.7143268,10.7915021,402,0.0,1.0,0.0,0.0,0.0,0.0,0.0,1.0,0.0,0.0
106.6595139,10.7579997,403,0.0,1.0,0.0,0.0,0.0,0.0,0.0,1.0,0.0,0.0
106.7046857,10.747473,404,0.0,1.0,0.0,0.0,0.0,0.0,0.0,1.0,0.0,0.0
106.7245562,10.8311246,405,0.0,1.0,0.0,0.0,0.0,0.0,0.0,1.0,0.0,0.0
106.6352505,10.7481322,406,0.0,1.0,0.0,0.0,0.0,0.0,0.0,0.0,1.0,0.0
106.6789788,10.8033297,407,0.0,1.0,0.0,0.0,0.0,0.0,0.0,1.0,0.0,0.0
106.6673567,10.7663292,408,0.0,1.0,0.0,0.0,0.0,0.0,0.0,1.0,0.0,0.0
106.6598588,10.8361254,409,0.0,1.0,0.0,0.0,0.0,0.0,0.0,1.0,0.0,0.0
106.6408274,10.7956035,410,0.0,1.0,0.0,0.0,0.0,0.0,0.0,1.0,0.0,0.0
106.6687012,10.808744,411,0.0,1.0,0.0,0.0,0.0,0.0,0.0,1.0,0.0,0.0
106.7632915,10.8702226,412,0.0,1.0,0.0,0.0,0.0,0.0,0.0,1.0,0.0,0.0
106.6561149,10.7540368,413,0.0,1.0,0.0,0.0,0.0,0.0,0.0,1.0,0.0,0.0
106.6879933,10.8083456,414,0.0,1.0,0.0,0.0,0.0,0.0,0.0,1.0,0.0,0.0
106.7975348,10.8638693,415,0.0,1.0,0.0,0.0,0.0,0.0,0.0,1.0,0.0,0.0
106.7712556,10.844603,416,0.0,1.0,0.0,0.0,0.0,0.0,0.0,1.0,0.0,0.0
106.6158644,10.8826304,417,0.0,1.0,0.0,0.0,0.0,0.0,0.0,1.0,0.0,0.0
106.6643738,10.8059341,418,0.0,1.0,0.0,0.0,0.0,0.0,0.0,1.0,0.0,0.0
106.7438001,10.8020857,419,0.0,1.0,0.0,0.0,0.0,0.0,0.0,1.0,0.0,0.0
106.773864,10.8653706,420,0.0,1.0,0.0,0.0,0.0,0.0,0.0,1.0,0.0,0.0
106.7685414,10.8497547,421,0.0,1.0,0.0,0.0,0.0,0.0,0.0,1.0,0.0,0.0
106.6313514,10.7546911,422,0.0,1.0,0.0,0.0,0.0,0.0,0.0,1.0,0.0,0.0
106.759065,10.8669504,423,0.0,1.0,0.0,0.0,0.0,0.0,0.0,1.0,0.0,0.0
106.6557634,10.759084,424,0.0,1.0,0.0,0.0,0.0,0.0,0.0,1.0,0.0,0.0
106.664529,10.7506062,425,0.0,1.0,0.0,0.0,0.0,0.0,0.0,1.0,0.0,0.0
106.7567679,10.8126189,426,0.0,1.0,0.0,0.0,0.0,0.0,0.0,1.0,0.0,0.0
106.649206,10.7638547,427,0.0,1.0,0.0,0.0,0.0,0.0,0.0,1.0,0.0,0.0
106.6589366,10.7949729,428,0.0,1.0,0.0,0.0,0.0,0.0,0.0,1.0,0.0,0.0
106.6541237,10.7664916,429,0.0,1.0,0.0,0.0,0.0,0.0,0.0,1.0,0.0,0.0
106.6202766,10.7428314,430,0.0,1.0,0.0,0.0,0.0,0.0,0.0,1.0,0.0,0.0
106.6140373,10.8828737,431,0.0,1.0,0.0,0.0,0.0,0.0,0.0,1.0,0.0,0.0
106.6729139,10.7991336,432,0.0,1.0,0.0,0.0,0.0,0.0,0.0,1.0,0.0,0.0
106.7143376,10.8276741,433,0.0,1.0,0.0,0.0,0.0,0.0,0.0,1.0,0.0,0.0
106.631499,10.7791584,434,0.0,1.0,0.0,0.0,0.0,0.0,0.0,1.0,0.0,0.0
106.6769787,10.8033773,435,0.0,1.0,0.0,0.0,0.0,0.0,0.0,1.0,0.0,0.0
106.6985617,10.7596225,436,0.0,1.0,0.0,0.0,0.0,0.0,0.0,0.0,1.0,0.0
106.7660603,10.8359502,437,0.0,1.0,0.0,0.0,0.0,0.0,0.0,1.0,0.0,0.0
106.7210453,10.8287007,438,0.0,1.0,0.0,0.0,0.0,0.0,0.0,1.0,0.0,0.0
106.5980404,10.8883054,439,0.0,1.0,0.0,0.0,0.0,0.0,0.0,1.0,0.0,0.0
106.6596675,10.8003602,440,0.0,1.0,0.0,0.0,0.0,0.0,0.0,1.0,0.0,0.0
106.7338252,10.8545357,441,0.0,1.0,0.0,0.0,0.0,0.0,0.0,1.0,0.0,0.0
106.7321395,10.8540124,442,0.0,1.0,0.0,0.0,0.0,0.0,0.0,1.0,0.0,0.0
106.766892,10.8374102,443,0.0,1.0,0.0,0.0,0.0,0.0,0.0,1.0,0.0,0.0
106.8072521,10.8722269,444,0.0,1.0,0.0,0.0,0.0,0.0,0.0,1.0,0.0,0.0
106.5897534,10.6958617,445,0.0,1.0,0.0,0.0,0.0,0.0,0.0,1.0,0.0,0.0
106.6788286,10.8213529,446,0.0,1.0,0.0,0.0,0.0,0.0,0.0,1.0,0.0,0.0
106.6772949,10.8766406,447,0.0,1.0,0.0,0.0,0.0,0.0,0.0,1.0,0.0,0.0
106.6471816,10.7796321,448,0.0,1.0,0.0,0.0,0.0,0.0,0.0,1.0,0.0,0.0
106.7816729,10.8542601,449,0.0,1.0,0.0,0.0,0.0,0.0,0.0,1.0,0.0,0.0
106.5987269,10.8675071,450,0.0,1.0,0.0,0.0,0.0,0.0,0.0,1.0,0.0,0.0
106.672625,10.7706203,451,0.0,1.0,0.0,0.0,0.0,0.0,0.0,1.0,0.0,0.0
106.6780702,10.8054656,452,0.0,1.0,0.0,0.0,0.0,0.0,0.0,1.0,0.0,0.0
106.6736261,10.80837,453,0.0,1.0,0.0,0.0,0.0,0.0,0.0,0.0,1.0,0.0
106.6527038,10.7609677,454,0.0,1.0,0.0,0.0,0.0,0.0,0.0,1.0,0.0,0.0
106.6568445,10.7821462,455,0.0,1.0,0.0,0.0,0.0,0.0,0.0,1.0,0.0,0.0
106.7441489,10.8408399,456,0.0,1.0,0.0,0.0,0.0,0.0,0.0,1.0,0.0,0.0
106.6531665,10.7516488,457,0.0,1.0,0.0,0.0,0.0,0.0,0.0,1.0,0.0,0.0
106.7166811,10.7295958,458,0.0,1.0,0.0,0.0,0.0,0.0,0.0,1.0,0.0,0.0
106.6451363,10.77964,459,0.0,1.0,0.0,0.0,0.0,0.0,0.0,1.0,0.0,0.0
106.7536678,10.8494184,460,0.0,1.0,0.0,0.0,0.0,0.0,0.0,1.0,0.0,0.0
106.6438018,10.7577151,461,0.0,1.0,0.0,0.0,0.0,0.0,0.0,1.0,0.0,0.0
106.7200632,10.8283566,462,0.0,1.0,0.0,0.0,0.0,0.0,0.0,1.0,0.0,0.0
106.6513624,10.7848857,463,0.0,1.0,0.0,0.0,0.0,0.0,0.0,1.0,0.0,0.0
106.7293575,10.8005193,464,0.0,1.0,0.0,0.0,0.0,0.0,0.0,1.0,0.0,0.0
106.7732711,10.8479386,465,0.0,1.0,0.0,0.0,0.0,0.0,0.0,1.0,0.0,0.0
106.8138507,10.880337,466,0.0,1.0,0.0,0.0,0.0,0.0,0.0,1.0,0.0,0.0
106.6621621,10.7988354,467,0.0,1.0,0.0,0.0,0.0,0.0,0.0,1.0,0.0,0.0
106.8131489,10.8793915,468,0.0,1.0,0.0,0.0,0.0,0.0,0.0,1.0,0.0,0.0
106.6252983,10.8161073,469,0.0,1.0,0.0,0.0,0.0,0.0,0.0,1.0,0.0,0.0
106.6563901,10.7764962,470,0.0,1.0,0.0,0.0,0.0,0.0,0.0,1.0,0.0,0.0
106.6692116,10.7503613,471,0.0,1.0,0.0,0.0,0.0,0.0,0.0,1.0,0.0,0.0
106.6978738,10.8052561,472,0.0,1.0,0.0,0.0,0.0,0.0,0.0,1.0,0.0,0.0
106.6609272,10.7493775,473,0.0,1.0,0.0,0.0,0.0,0.0,0.0,1.0,0.0,0.0
106.6715214,10.7677708,474,0.0,1.0,0.0,0.0,0.0,0.0,0.0,0.0,1.0,0.0
106.7542735,10.8761169,475,0.0,1.0,0.0,0.0,0.0,0.0,0.0,1.0,0.0,0.0
106.6573067,10.7542504,476,0.0,1.0,0.0,0.0,0.0,0.0,0.0,1.0,0.0,0.0
106.7209788,10.7335267,477,0.0,1.0,0.0,0.0,0.0,0.0,0.0,1.0,0.0,0.0
106.6943416,10.8199531,478,0.0,1.0,0.0,0.0,0.0,0.0,0.0,1.0,0.0,0.0
106.6603065,10.7504811,479,0.0,1.0,0.0,0.0,0.0,0.0,0.0,1.0,0.0,0.0
106.6174592,10.8608559,480,0.0,1.0,0.0,0.0,0.0,0.0,0.0,1.0,0.0,0.0
106.678852,10.8675837,481,0.0,1.0,0.0,0.0,0.0,0.0,0.0,1.0,0.0,0.0
106.6882631,10.742116,482,0.0,1.0,0.0,0.0,0.0,0.0,0.0,1.0,0.0,0.0
106.6566625,10.7853918,483,0.0,1.0,0.0,0.0,0.0,0.0,0.0,1.0,0.0,0.0
106.6947204,10.8604561,484,0.0,1.0,0.0,0.0,0.0,0.0,0.0,1.0,0.0,0.0
106.6419314,10.7989932,485,0.0,1.0,0.0,0.0,0.0,0.0,0.0,0.0,1.0,0.0
106.6869496,10.8038885,486,0.0,1.0,0.0,0.0,0.0,0.0,0.0,0.0,1.0,0.0
106.7185091,10.8279898,487,0.0,1.0,0.0,0.0,0.0,0.0,0.0,1.0,0.0,0.0
106.6677535,10.752555,488,0.0,1.0,0.0,0.0,0.0,0.0,0.0,1.0,0.0,0.0
106.6536879,10.7646854,489,0.0,1.0,0.0,0.0,0.0,0.0,0.0,1.0,0.0,0.0
106.6802894,10.8654252,490,0.0,1.0,0.0,0.0,0.0,0.0,0.0,1.0,0.0,0.0
106.6961219,10.7956893,491,0.0,1.0,0.0,0.0,0.0,0.0,0.0,1.0,0.0,0.0
106.6629014,10.8391029,492,0.0,1.0,0.0,0.0,0.0,0.0,0.0,1.0,0.0,0.0
106.6885276,10.8080673,493,0.0,1.0,0.0,0.0,0.0,0.0,0.0,1.0,0.0,0.0
106.7489356,10.8746114,494,0.0,1.0,0.0,0.0,0.0,0.0,0.0,1.0,0.0,0.0
106.6080531,10.7763082,495,0.0,1.0,0.0,0.0,0.0,0.0,0.0,1.0,0.0,0.0
106.6384203,10.7797501,496,0.0,1.0,0.0,0.0,0.0,0.0,0.0,1.0,0.0,0.0
106.8076326,10.8738915,497,0.0,1.0,0.0,0.0,0.0,0.0,0.0,1.0,0.0,0.0
106.7184953,10.8070705,498,0.0,1.0,0.0,0.0,0.0,0.0,0.0,1.0,0.0,0.0
106.7500313,10.7875285,499,0.0,1.0,0.0,0.0,0.0,0.0,0.0,1.0,0.0,0.0
106.6062342,10.8569165,500,0.0,1.0,0.0,0.0,0.0,0.0,0.0,1.0,0.0,0.0
106.6800466,10.7929933,501,0.0,1.0,0.0,0.0,0.0,0.0,0.0,0.0,1.0,0.0
106.6060294,10.8863109,502,0.0,1.0,0.0,0.0,0.0,0.0,0.0,1.0,0.0,0.0
106.7078343,10.8005195,503,0.0,1.0,0.0,0.0,0.0,0.0,0.0,1.0,0.0,0.0
106.6849994,10.8883177,504,0.0,1.0,0.0,0.0,0.0,0.0,0.0,1.0,0.0,0.0
106.7662545,10.8505681,505,0.0,1.0,0.0,0.0,0.0,0.0,0.0,1.0,0.0,0.0
106.6953226,10.8172483,506,0.0,1.0,0.0,0.0,0.0,0.0,0.0,1.0,0.0,0.0
106.757546,10.8642739,507,0.0,1.0,0.0,0.0,0.0,0.0,0.0,1.0,0.0,0.0
106.7357847,10.8391409,508,0.0,1.0,0.0,0.0,0.0,0.0,0.0,1.0,0.0,0.0
106.7984691,10.8644256,509,0.0,1.0,0.0,0.0,0.0,0.0,0.0,1.0,0.0,0.0
106.6643668,10.8372075,510,0.0,1.0,0.0,0.0,0.0,0.0,0.0,1.0,0.0,0.0
106.6003026,10.8880076,511,0.0,1.0,0.0,0.0,0.0,0.0,0.0,1.0,0.0,0.0
106.769254,10.8424219,512,0.0,1.0,0.0,0.0,0.0,0.0,0.0,1.0,0.0,0.0
106.6694902,10.7534336,513,0.0,1.0,0.0,0.0,0.0,0.0,0.0,1.0,0.0,0.0
106.6574583,10.7529283,514,0.0,1.0,0.0,0.0,0.0,0.0,0.0,1.0,0.0,0.0
106.6461679,10.7685114,515,0.0,1.0,0.0,0.0,0.0,0.0,0.0,1.0,0.0,0.0
106.8069031,10.8717261,516,0.0,1.0,0.0,0.0,0.0,0.0,0.0,1.0,0.0,0.0
106.680171,10.882914,517,0.0,1.0,0.0,0.0,0.0,0.0,0.0,1.0,0.0,0.0
106.6104704,10.8632256,518,0.0,1.0,0.0,0.0,0.0,0.0,0.0,1.0,0.0,0.0
106.6602062,10.7828795,519,0.0,1.0,0.0,0.0,0.0,0.0,0.0,1.0,0.0,0.0
106.5654776,10.6891672,520,0.0,1.0,0.0,0.0,0.0,0.0,0.0,1.0,0.0,0.0
106.7402602,10.8401571,521,0.0,1.0,0.0,0.0,0.0,0.0,0.0,1.0,0.0,0.0
106.7739891,10.8657092,522,0.0,1.0,0.0,0.0,0.0,0.0,0.0,1.0,0.0,0.0
106.6071858,10.7282004,523,0.0,1.0,0.0,0.0,0.0,0.0,0.0,1.0,0.0,0.0
106.6698521,10.8610728,524,0.0,1.0,0.0,0.0,0.0,0.0,0.0,1.0,0.0,0.0
106.6949352,10.8027699,525,0.0,1.0,0.0,0.0,0.0,0.0,0.0,1.0,0.0,0.0
106.6729603,10.7997004,526,0.0,1.0,0.0,0.0,0.0,0.0,0.0,1.0,0.0,0.0
106.6400026,10.7771816,527,0.0,1.0,0.0,0.0,0.0,0.0,0.0,1.0,0.0,0.0
106.6869432,10.8246319,528,0.0,1.0,0.0,0.0,0.0,0.0,0.0,1.0,0.0,0.0
106.7129274,10.8156639,529,0.0,1.0,0.0,0.0,0.0,0.0,0.0,1.0,0.0,0.0
106.7126094,10.8099325,530,0.0,1.0,0.0,0.0,0.0,0.0,0.0,1.0,0.0,0.0
106.7560189,10.8664079,531,0.0,1.0,0.0,0.0,0.0,0.0,0.0,1.0,0.0,0.0
106.6537501,10.7650518,532,0.0,1.0,0.0,0.0,0.0,0.0,0.0,1.0,0.0,0.0
106.6125528,10.8833519,533,0.0,1.0,0.0,0.0,0.0,0.0,0.0,1.0,0.0,0.0
106.6605789,10.761524,534,0.0,1.0,0.0,0.0,0.0,0.0,0.0,1.0,0.0,0.0
106.6555344,10.7796522,535,0.0,1.0,0.0,0.0,0.0,0.0,0.0,1.0,0.0,0.0
106.6280309,10.779782,536,0.0,1.0,0.0,0.0,0.0,0.0,0.0,1.0,0.0,0.0
106.6688618,10.8312476,537,0.0,1.0,0.0,0.0,0.0,0.0,0.0,1.0,0.0,0.0
106.6803983,10.8380644,538,0.0,1.0,0.0,0.0,0.0,0.0,0.0,1.0,0.0,0.0
106.7562309,10.8099928,539,0.0,1.0,0.0,0.0,0.0,0.0,0.0,1.0,0.0,0.0
106.6744325,10.7963217,540,1.0,0.0,0.0,0.0,0.0,0.0,0.0,1.0,0.0,0.0
106.8194912,10.8880319,541,0.0,1.0,0.0,0.0,0.0,0.0,0.0,1.0,0.0,0.0
106.7115787,10.8076303,542,0.0,1.0,0.0,0.0,0.0,0.0,0.0,1.0,0.0,0.0
106.6520158,10.7896403,543,0.0,1.0,0.0,0.0,0.0,0.0,0.0,1.0,0.0,0.0
106.743489,10.8625757,544,0.0,1.0,0.0,0.0,0.0,0.0,0.0,1.0,0.0,0.0
106.6287373,10.8191762,545,0.0,1.0,0.0,0.0,0.0,0.0,0.0,1.0,0.0,0.0
106.6077482,10.8819132,546,0.0,1.0,0.0,0.0,0.0,0.0,0.0,1.0,0.0,0.0
106.6501526,10.7945819,547,0.0,1.0,0.0,0.0,0.0,0.0,0.0,1.0,0.0,0.0
106.6790625,10.7626244,548,0.0,1.0,0.0,0.0,0.0,0.0,0.0,1.0,0.0,0.0
106.7127118,10.813594,549,0.0,1.0,0.0,0.0,0.0,0.0,0.0,1.0,0.0,0.0
106.7299095,10.8673099,550,0.0,1.0,0.0,0.0,0.0,0.0,0.0,1.0,0.0,0.0
106.8363216,10.8592096,551,0.0,1.0,0.0,0.0,0.0,0.0,0.0,1.0,0.0,0.0
106.7606534,10.8505318,552,0.0,1.0,0.0,0.0,0.0,0.0,0.0,1.0,0.0,0.0
106.6625736,10.8411775,553,0.0,1.0,0.0,0.0,0.0,0.0,0.0,1.0,0.0,0.0
106.6571377,10.7738239,554,0.0,1.0,0.0,0.0,0.0,0.0,0.0,1.0,0.0,0.0
106.6784504,10.806955,555,0.0,1.0,0.0,0.0,0.0,0.0,0.0,1.0,0.0,0.0
106.7305836,10.8741989,556,0.0,1.0,0.0,0.0,0.0,0.0,0.0,1.0,0.0,0.0
106.6579962,10.7833851,557,0.0,1.0,0.0,0.0,0.0,0.0,0.0,1.0,0.0,0.0
106.6645445,10.7771755,558,0.0,1.0,0.0,0.0,0.0,0.0,0.0,1.0,0.0,0.0
106.6101827,10.7302666,559,0.0,1.0,0.0,0.0,0.0,0.0,0.0,1.0,0.0,0.0
106.7104127,10.7750334,560,0.0,1.0,0.0,0.0,0.0,0.0,0.0,1.0,0.0,0.0
106.6035093,10.8752155,561,0.0,1.0,0.0,0.0,0.0,0.0,0.0,1.0,0.0,0.0
106.6586193,10.753824,562,0.0,1.0,0.0,0.0,0.0,0.0,0.0,1.0,0.0,0.0
106.6658237,10.8013324,563,0.0,1.0,0.0,0.0,0.0,0.0,0.0,1.0,0.0,0.0
106.5987241,10.7104799,564,0.0,1.0,0.0,0.0,0.0,0.0,0.0,1.0,0.0,0.0
106.7649324,10.8339386,565,0.0,1.0,0.0,0.0,0.0,0.0,0.0,1.0,0.0,0.0
106.753584,10.6783267,566,0.0,1.0,0.0,0.0,0.0,0.0,0.0,1.0,0.0,0.0
106.6046067,10.8867912,567,0.0,1.0,0.0,0.0,0.0,0.0,0.0,1.0,0.0,0.0
106.6350181,10.8065735,568,0.0,1.0,0.0,0.0,0.0,0.0,0.0,1.0,0.0,0.0
106.6689508,10.7406344,569,0.0,1.0,0.0,0.0,0.0,0.0,0.0,1.0,0.0,0.0
106.6118543,10.8836692,570,0.0,1.0,0.0,0.0,0.0,0.0,0.0,1.0,0.0,0.0
106.6504526,10.7510248,571,0.0,1.0,0.0,0.0,0.0,0.0,0.0,1.0,0.0,0.0
106.668157,10.7943999,572,0.0,1.0,0.0,0.0,0.0,0.0,0.0,1.0,0.0,0.0
106.7644527,10.8261311,573,0.0,1.0,0.0,0.0,0.0,0.0,0.0,1.0,0.0,0.0
106.6557776,10.8425966,574,0.0,1.0,0.0,0.0,0.0,0.0,0.0,1.0,0.0,0.0
106.6563092,10.7878493,575,0.0,1.0,0.0,0.0,0.0,0.0,0.0,1.0,0.0,0.0
106.7335475,10.8382456,576,0.0,1.0,0.0,0.0,0.0,0.0,0.0,1.0,0.0,0.0
106.7361197,10.7404302,577,0.0,1.0,0.0,0.0,0.0,0.0,0.0,1.0,0.0,0.0
106.6912884,10.7972618,578,0.0,1.0,0.0,0.0,0.0,0.0,0.0,1.0,0.0,0.0
106.6347799,10.8152681,579,0.0,1.0,0.0,0.0,0.0,0.0,0.0,1.0,0.0,0.0
106.6498605,10.7783371,580,0.0,1.0,0.0,0.0,0.0,0.0,0.0,1.0,0.0,0.0
106.6275189,10.8249297,581,0.0,1.0,0.0,0.0,0.0,0.0,0.0,1.0,0.0,0.0
106.6479743,10.7748027,582,0.0,1.0,0.0,0.0,0.0,0.0,0.0,0.0,1.0,0.0
106.6627497,10.7652681,583,0.0,1.0,0.0,0.0,0.0,0.0,0.0,0.0,1.0,0.0
106.6988486,10.818499,584,0.0,1.0,0.0,0.0,0.0,0.0,0.0,1.0,0.0,0.0
106.6500642,10.7677159,585,0.0,1.0,0.0,0.0,0.0,0.0,0.0,1.0,0.0,0.0
106.6690254,10.7937455,586,0.0,1.0,0.0,0.0,0.0,0.0,0.0,1.0,0.0,0.0
106.6564425,10.7895104,587,0.0,1.0,0.0,0.0,0.0,0.0,0.0,1.0,0.0,0.0
106.7816243,10.8345986,588,0.0,1.0,0.0,0.0,0.0,0.0,0.0,1.0,0.0,0.0
106.6337742,10.7359493,589,0.0,1.0,0.0,0.0,0.0,0.0,0.0,1.0,0.0,0.0
106.679059,10.8268328,590,0.0,1.0,0.0,0.0,0.0,0.0,0.0,1.0,0.0,0.0
106.6286751,10.7816386,591,0.0,1.0,0.0,0.0,0.0,0.0,0.0,1.0,0.0,0.0
106.7024735,10.6893503,592,0.0,1.0,0.0,0.0,0.0,0.0,0.0,1.0,0.0,0.0
106.6721209,10.8328122,593,0.0,1.0,0.0,0.0,0.0,0.0,0.0,1.0,0.0,0.0
106.7474325,10.8424042,594,0.0,1.0,0.0,0.0,0.0,0.0,0.0,1.0,0.0,0.0
106.6833062,10.7947575,595,0.0,1.0,0.0,0.0,0.0,0.0,0.0,1.0,0.0,0.0
106.659818,10.7826128,596,0.0,1.0,0.0,0.0,0.0,0.0,0.0,1.0,0.0,0.0
106.636066,10.8028848,597,0.0,1.0,0.0,0.0,0.0,0.0,0.0,0.0,1.0,0.0
106.6727703,10.8150046,598,0.0,1.0,0.0,0.0,0.0,0.0,0.0,1.0,0.0,0.0
106.8085819,10.8739372,599,0.0,1.0,0.0,0.0,0.0,0.0,0.0,1.0,0.0,0.0
106.6952956,10.7533608,600,0.0,1.0,0.0,0.0,0.0,0.0,0.0,1.0,0.0,0.0
106.6148456,10.8704185,601,0.0,1.0,0.0,0.0,0.0,0.0,0.0,1.0,0.0,0.0
106.6446032,10.7641068,602,0.0,1.0,0.0,0.0,0.0,0.0,0.0,1.0,0.0,0.0
106.6259924,10.8535692,603,0.0,1.0,0.0,0.0,0.0,0.0,0.0,1.0,0.0,0.0
106.6030332,10.8756688,604,0.0,1.0,0.0,0.0,0.0,0.0,0.0,1.0,0.0,0.0
106.6931881,10.8506779,605,0.0,1.0,0.0,0.0,0.0,0.0,0.0,1.0,0.0,0.0
106.6985639,10.8026021,606,0.0,1.0,0.0,0.0,0.0,0.0,0.0,0.0,1.0,0.0
106.6072912,10.8553665,607,0.0,1.0,0.0,0.0,0.0,0.0,0.0,1.0,0.0,0.0
106.670826,10.8143726,608,0.0,1.0,0.0,0.0,0.0,0.0,0.0,1.0,0.0,0.0
106.6528565,10.7640351,609,0.0,1.0,0.0,0.0,0.0,0.0,0.0,1.0,0.0,0.0
106.6993668,10.7282501,610,0.0,1.0,0.0,0.0,0.0,0.0,0.0,1.0,0.0,0.0
106.6100099,10.76138,611,0.0,1.0,0.0,0.0,0.0,0.0,0.0,1.0,0.0,0.0
106.6506657,10.8435089,612,0.0,1.0,0.0,0.0,0.0,0.0,0.0,1.0,0.0,0.0
106.660442,10.7620133,613,0.0,1.0,0.0,0.0,0.0,0.0,0.0,1.0,0.0,0.0
106.6614527,10.7584006,614,0.0,1.0,0.0,0.0,0.0,0.0,0.0,0.0,1.0,0.0
106.6368278,10.8703305,615,0.0,1.0,0.0,0.0,0.0,0.0,0.0,1.0,0.0,0.0
106.646118,10.7793343,616,0.0,1.0,0.0,0.0,0.0,0.0,0.0,1.0,0.0,0.0
106.6871864,10.8067641,617,0.0,1.0,0.0,0.0,0.0,0.0,0.0,1.0,0.0,0.0
106.6260145,10.8167863,618,0.0,1.0,0.0,0.0,0.0,0.0,0.0,1.0,0.0,0.0
106.7690513,10.8720435,619,0.0,1.0,0.0,0.0,0.0,0.0,0.0,1.0,0.0,0.0
106.6439358,10.7583913,620,0.0,1.0,0.0,0.0,0.0,0.0,0.0,1.0,0.0,0.0
106.7924744,10.8608841,621,0.0,1.0,0.0,0.0,0.0,0.0,0.0,1.0,0.0,0.0
106.7302504,10.8738081,622,0.0,1.0,0.0,0.0,0.0,0.0,0.0,1.0,0.0,0.0
106.5810062,10.6931352,623,0.0,1.0,0.0,0.0,0.0,0.0,0.0,1.0,0.0,0.0
106.6462709,10.8372284,624,0.0,1.0,0.0,0.0,0.0,0.0,0.0,1.0,0.0,0.0
106.7584635,10.821743,625,0.0,1.0,0.0,0.0,0.0,0.0,0.0,1.0,0.0,0.0
106.6236614,10.6890588,626,0.0,1.0,0.0,0.0,0.0,0.0,0.0,1.0,0.0,0.0
106.6524012,10.7613911,627,0.0,1.0,0.0,0.0,0.0,0.0,0.0,1.0,0.0,0.0
106.7295149,10.7988791,628,0.0,1.0,0.0,0.0,0.0,0.0,0.0,1.0,0.0,0.0
106.665673,10.8017494,629,0.0,1.0,0.0,0.0,0.0,0.0,0.0,1.0,0.0,0.0
106.6822071,10.8857781,630,0.0,1.0,0.0,0.0,0.0,0.0,0.0,1.0,0.0,0.0
106.6891393,10.8207407,631,0.0,1.0,0.0,0.0,0.0,0.0,0.0,1.0,0.0,0.0
106.6689647,10.743218,632,0.0,1.0,0.0,0.0,0.0,0.0,0.0,1.0,0.0,0.0
106.5867477,10.8844572,633,0.0,1.0,0.0,0.0,0.0,0.0,0.0,1.0,0.0,0.0
106.6560841,10.7888775,634,0.0,1.0,0.0,0.0,0.0,0.0,0.0,1.0,0.0,0.0
106.65303,10.7641661,635,0.0,1.0,0.0,0.0,0.0,0.0,0.0,1.0,0.0,0.0
106.7415709,10.8016696,636,0.0,1.0,0.0,0.0,0.0,0.0,0.0,1.0,0.0,0.0
106.7826284,10.7636062,637,0.0,1.0,0.0,0.0,0.0,0.0,0.0,1.0,0.0,0.0
106.6194561,10.88006,638,0.0,1.0,0.0,0.0,0.0,0.0,0.0,1.0,0.0,0.0
106.7689232,10.840956,639,0.0,1.0,0.0,0.0,0.0,0.0,0.0,1.0,0.0,0.0
106.6592888,10.8000103,640,0.0,1.0,0.0,0.0,0.0,0.0,0.0,1.0,0.0,0.0
106.6986968,10.8026556,641,0.0,1.0,0.0,0.0,0.0,0.0,0.0,1.0,0.0,0.0
106.6373519,10.7690609,642,0.0,1.0,0.0,0.0,0.0,0.0,0.0,1.0,0.0,0.0
106.6725408,10.7960461,643,0.0,1.0,0.0,0.0,0.0,0.0,0.0,1.0,0.0,0.0
106.698717,10.7517229,644,0.0,1.0,0.0,0.0,0.0,0.0,0.0,1.0,0.0,0.0
106.6682205,10.805981,645,0.0,1.0,0.0,0.0,0.0,0.0,0.0,1.0,0.0,0.0
106.7292386,10.8494797,646,0.0,1.0,0.0,0.0,0.0,0.0,0.0,1.0,0.0,0.0
106.542567,10.718012,647,0.0,1.0,0.0,0.0,0.0,0.0,0.0,1.0,0.0,0.0
106.6818077,10.8294769,648,0.0,1.0,0.0,0.0,0.0,0.0,0.0,1.0,0.0,0.0
106.7440021,10.8414691,649,0.0,1.0,0.0,0.0,0.0,0.0,0.0,1.0,0.0,0.0
106.6097993,10.7299512,650,0.0,1.0,0.0,0.0,0.0,0.0,0.0,1.0,0.0,0.0
106.763295,10.8699244,651,0.0,1.0,0.0,0.0,0.0,0.0,0.0,1.0,0.0,0.0
106.6636835,10.7588778,652,0.0,1.0,0.0,0.0,0.0,0.0,0.0,1.0,0.0,0.0
106.6274606,10.8180721,653,0.0,1.0,0.0,0.0,0.0,0.0,0.0,1.0,0.0,0.0
106.6603396,10.7623793,654,0.0,1.0,0.0,0.0,0.0,0.0,0.0,1.0,0.0,0.0
106.7293424,10.7852932,655,0.0,1.0,0.0,0.0,0.0,0.0,0.0,1.0,0.0,0.0
106.6574894,10.7519927,656,0.0,1.0,0.0,0.0,0.0,0.0,0.0,1.0,0.0,0.0
106.6889316,10.8211723,657,0.0,1.0,0.0,0.0,0.0,0.0,0.0,1.0,0.0,0.0
106.7484282,10.8744484,658,0.0,1.0,0.0,0.0,0.0,0.0,0.0,1.0,0.0,0.0
106.8012749,10.866062,659,0.0,1.0,0.0,0.0,0.0,0.0,0.0,1.0,0.0,0.0
106.575588,10.6920058,660,0.0,1.0,0.0,0.0,0.0,0.0,0.0,1.0,0.0,0.0
106.6105297,10.8842932,661,0.0,1.0,0.0,0.0,0.0,0.0,0.0,1.0,0.0,0.0
106.7588262,10.8753139,662,0.0,1.0,0.0,0.0,0.0,0.0,0.0,1.0,0.0,0.0
106.7687324,10.8415062,663,0.0,1.0,0.0,0.0,0.0,0.0,0.0,1.0,0.0,0.0
106.635745,10.8038442,664,0.0,1.0,0.0,0.0,0.0,0.0,0.0,0.0,1.0,0.0
106.6524141,10.7633819,665,0.0,1.0,0.0,0.0,0.0,0.0,0.0,1.0,0.0,0.0
106.721368,10.7980194,666,0.0,1.0,0.0,0.0,0.0,0.0,0.0,1.0,0.0,0.0
106.7679112,10.8498162,667,0.0,1.0,0.0,0.0,0.0,0.0,0.0,0.0,1.0,0.0
106.7649346,10.8730603,668,0.0,1.0,0.0,0.0,0.0,0.0,0.0,1.0,0.0,0.0
106.8089271,10.8744277,669,0.0,1.0,0.0,0.0,0.0,0.0,0.0,1.0,0.0,0.0
106.6641109,10.7916125,670,0.0,1.0,0.0,0.0,0.0,0.0,0.0,1.0,0.0,0.0
106.6750523,10.7976476,671,0.0,1.0,0.0,0.0,0.0,0.0,0.0,1.0,0.0,0.0
106.6672707,10.7757564,672,0.0,1.0,0.0,0.0,0.0,0.0,0.0,1.0,0.0,0.0
106.6401839,10.7933115,673,0.0,1.0,0.0,0.0,0.0,0.0,0.0,1.0,0.0,0.0
106.7092716,10.8587374,674,0.0,1.0,0.0,0.0,0.0,0.0,0.0,1.0,0.0,0.0
106.7514466,10.8533479,675,0.0,1.0,0.0,0.0,0.0,0.0,0.0,1.0,0.0,0.0
106.6535477,10.7527545,676,0.0,1.0,0.0,0.0,0.0,0.0,0.0,1.0,0.0,0.0
106.6533662,10.7643527,677,0.0,1.0,0.0,0.0,0.0,0.0,0.0,1.0,0.0,0.0
106.5981432,10.7070457,678,0.0,1.0,0.0,0.0,0.0,0.0,0.0,1.0,0.0,0.0
106.6421906,10.7645251,679,0.0,1.0,0.0,0.0,0.0,0.0,0.0,1.0,0.0,0.0
106.6501039,10.7715526,680,0.0,1.0,0.0,0.0,0.0,0.0,0.0,1.0,0.0,0.0
106.6818126,10.8612731,681,0.0,1.0,0.0,0.0,0.0,0.0,0.0,1.0,0.0,0.0
106.6788258,10.8800489,682,0.0,1.0,0.0,0.0,0.0,0.0,0.0,1.0,0.0,0.0
106.655615,10.783832,683,0.0,1.0,0.0,0.0,0.0,0.0,0.0,1.0,0.0,0.0
106.6523748,10.8379941,684,0.0,1.0,0.0,0.0,0.0,0.0,0.0,1.0,0.0,0.0
106.7509253,10.8038001,685,0.0,1.0,0.0,0.0,0.0,0.0,0.0,1.0,0.0,0.0
106.7332392,10.7987252,686,0.0,1.0,0.0,0.0,0.0,0.0,0.0,1.0,0.0,0.0
106.5402437,10.681695,687,0.0,1.0,0.0,0.0,0.0,0.0,0.0,1.0,0.0,0.0
106.6529364,10.7865865,688,0.0,1.0,0.0,0.0,0.0,0.0,0.0,1.0,0.0,0.0
106.7063964,10.7996026,689,0.0,1.0,0.0,0.0,0.0,0.0,0.0,1.0,0.0,0.0
106.6926529,10.8552528,690,0.0,1.0,0.0,0.0,0.0,0.0,0.0,1.0,0.0,0.0
106.6478722,10.7796505,691,0.0,1.0,0.0,0.0,0.0,0.0,0.0,1.0,0.0,0.0
106.6270643,10.77188,692,0.0,1.0,0.0,0.0,0.0,0.0,0.0,1.0,0.0,0.0
106.6528175,10.7793463,693,0.0,1.0,0.0,0.0,0.0,0.0,0.0,1.0,0.0,0.0
106.6610854,10.8045573,694,0.0,1.0,0.0,0.0,0.0,0.0,0.0,1.0,0.0,0.0
106.6621441,10.8011409,695,0.0,1.0,0.0,0.0,0.0,0.0,0.0,1.0,0.0,0.0
106.6147625,10.7377595,696,0.0,1.0,0.0,0.0,0.0,0.0,0.0,1.0,0.0,0.0
106.6401421,10.7771843,697,0.0,1.0,0.0,0.0,0.0,0.0,0.0,1.0,0.0,0.0
106.5903301,10.8793689,698,0.0,1.0,0.0,0.0,0.0,0.0,0.0,1.0,0.0,0.0
106.7091841,10.8101809,699,0.0,1.0,0.0,0.0,0.0,0.0,0.0,1.0,0.0,0.0
106.6967512,10.7517259,700,0.0,1.0,0.0,0.0,0.0,0.0,0.0,1.0,0.0,0.0
106.6534986,10.767385,701,0.0,1.0,0.0,0.0,0.0,0.0,0.0,1.0,0.0,0.0
106.6167264,10.8821993,702,0.0,1.0,0.0,0.0,0.0,0.0,0.0,1.0,0.0,0.0
106.6785389,10.8060882,703,0.0,1.0,0.0,0.0,0.0,0.0,0.0,1.0,0.0,0.0
106.6375106,10.8041703,704,0.0,1.0,0.0,0.0,0.0,0.0,0.0,0.0,1.0,0.0
106.7305701,10.8360422,705,0.0,1.0,0.0,0.0,0.0,0.0,0.0,1.0,0.0,0.0
106.8104451,10.8804438,706,0.0,1.0,0.0,0.0,0.0,0.0,0.0,1.0,0.0,0.0
106.6571611,10.8425938,707,0.0,1.0,0.0,0.0,0.0,0.0,0.0,1.0,0.0,0.0
106.674493,10.767449,708,0.0,1.0,0.0,0.0,0.0,0.0,0.0,1.0,0.0,0.0
106.6704423,10.7793615,709,0.0,1.0,0.0,0.0,0.0,0.0,0.0,1.0,0.0,0.0
106.6973621,10.8058787,710,0.0,1.0,0.0,0.0,0.0,0.0,0.0,1.0,0.0,0.0
106.6991172,10.7983064,711,0.0,1.0,0.0,0.0,0.0,0.0,0.0,1.0,0.0,0.0
106.6221571,10.8783017,712,0.0,1.0,0.0,0.0,0.0,0.0,0.0,1.0,0.0,0.0
106.6346672,10.8479487,713,0.0,1.0,0.0,0.0,0.0,0.0,0.0,1.0,0.0,0.0
106.6720662,10.7529551,714,0.0,1.0,0.0,0.0,0.0,0.0,0.0,1.0,0.0,0.0
106.6452128,10.8347428,715,0.0,1.0,0.0,0.0,0.0,0.0,0.0,1.0,0.0,0.0
106.7215796,10.7979986,716,0.0,1.0,0.0,0.0,0.0,0.0,0.0,1.0,0.0,0.0
106.6349282,10.7871186,717,0.0,1.0,0.0,0.0,0.0,0.0,0.0,1.0,0.0,0.0
106.6484454,10.7955069,718,0.0,1.0,0.0,0.0,0.0,0.0,0.0,0.0,1.0,0.0
106.6643846,10.7522719,719,0.0,1.0,0.0,0.0,0.0,0.0,0.0,1.0,0.0,0.0
106.6463149,10.787979,720,0.0,1.0,0.0,0.0,0.0,0.0,0.0,1.0,0.0,0.0
106.6333285,10.7697967,721,0.0,1.0,0.0,0.0,0.0,0.0,0.0,1.0,0.0,0.0
106.5583867,10.6866776,722,0.0,1.0,0.0,0.0,0.0,0.0,0.0,1.0,0.0,0.0
106.6583739,10.7557727,723,0.0,1.0,0.0,0.0,0.0,0.0,0.0,1.0,0.0,0.0
106.698423,10.802988,724,0.0,1.0,0.0,0.0,0.0,0.0,0.0,1.0,0.0,0.0
106.6674955,10.8323142,725,0.0,1.0,0.0,0.0,0.0,0.0,0.0,1.0,0.0,0.0
106.5775667,10.8125836,726,0.0,1.0,0.0,0.0,0.0,0.0,0.0,1.0,0.0,0.0
106.6569544,10.799275,727,0.0,1.0,0.0,0.0,0.0,0.0,0.0,1.0,0.0,0.0
106.620062,10.8796778,728,0.0,1.0,0.0,0.0,0.0,0.0,0.0,1.0,0.0,0.0
106.6037946,10.8869222,729,0.0,1.0,0.0,0.0,0.0,0.0,0.0,1.0,0.0,0.0
106.6431813,10.766507,730,0.0,1.0,0.0,0.0,0.0,0.0,0.0,1.0,0.0,0.0
106.6923879,10.8576547,731,0.0,1.0,0.0,0.0,0.0,0.0,0.0,1.0,0.0,0.0
106.6742377,10.7817734,732,0.0,1.0,0.0,0.0,0.0,0.0,0.0,1.0,0.0,0.0
106.7738812,10.8504044,733,0.0,1.0,0.0,0.0,0.0,0.0,0.0,1.0,0.0,0.0
106.6650469,10.7912314,734,0.0,1.0,0.0,0.0,0.0,0.0,0.0,1.0,0.0,0.0
106.6068834,10.8838373,735,0.0,1.0,0.0,0.0,0.0,0.0,0.0,1.0,0.0,0.0
106.6597273,10.7504541,736,0.0,1.0,0.0,0.0,0.0,0.0,0.0,1.0,0.0,0.0
106.6774687,10.8692199,737,0.0,1.0,0.0,0.0,0.0,0.0,0.0,1.0,0.0,0.0
106.6560425,10.7519725,738,0.0,1.0,0.0,0.0,0.0,0.0,0.0,1.0,0.0,0.0
106.669732,10.7811107,739,0.0,1.0,0.0,0.0,0.0,0.0,0.0,1.0,0.0,0.0
106.6663116,10.833247,740,0.0,1.0,0.0,0.0,0.0,0.0,0.0,1.0,0.0,0.0
106.7619219,10.8672784,741,0.0,1.0,0.0,0.0,0.0,0.0,0.0,1.0,0.0,0.0
106.6579429,10.7993942,742,0.0,1.0,0.0,0.0,0.0,0.0,0.0,1.0,0.0,0.0
106.7942659,10.8619363,743,0.0,1.0,0.0,0.0,0.0,0.0,0.0,1.0,0.0,0.0
106.65443,10.75373,744,0.0,1.0,0.0,0.0,0.0,0.0,0.0,1.0,0.0,0.0
106.6694811,10.7945294,745,0.0,1.0,0.0,0.0,0.0,0.0,0.0,1.0,0.0,0.0
106.7504903,10.8521583,746,0.0,1.0,0.0,0.0,0.0,0.0,0.0,1.0,0.0,0.0
106.6576126,10.7704681,747,0.0,1.0,0.0,0.0,0.0,0.0,0.0,1.0,0.0,0.0
106.6022625,10.8877416,748,0.0,1.0,0.0,0.0,0.0,0.0,0.0,1.0,0.0,0.0
106.6923933,10.8031859,749,0.0,1.0,0.0,0.0,0.0,0.0,0.0,1.0,0.0,0.0
106.6715846,10.797979,750,0.0,1.0,0.0,0.0,0.0,0.0,0.0,0.0,1.0,0.0
106.562573,10.6881244,751,0.0,1.0,0.0,0.0,0.0,0.0,0.0,1.0,0.0,0.0
106.6638852,10.8375582,752,0.0,1.0,0.0,0.0,0.0,0.0,0.0,1.0,0.0,0.0
106.7759487,10.8696117,753,0.0,1.0,0.0,0.0,0.0,0.0,0.0,1.0,0.0,0.0
106.674532,10.8283625,754,0.0,1.0,0.0,0.0,0.0,0.0,0.0,1.0,0.0,0.0
106.6262903,10.8530313,755,0.0,1.0,0.0,0.0,0.0,0.0,0.0,1.0,0.0,0.0
106.7663876,10.8374319,756,0.0,1.0,0.0,0.0,0.0,0.0,0.0,1.0,0.0,0.0
106.6756862,10.7641237,757,0.0,1.0,0.0,0.0,0.0,0.0,0.0,1.0,0.0,0.0
106.65629,10.7892471,758,0.0,1.0,0.0,0.0,0.0,0.0,0.0,1.0,0.0,0.0
106.6443713,10.8413977,759,0.0,1.0,0.0,0.0,0.0,0.0,0.0,1.0,0.0,0.0
106.6532792,10.7965689,760,0.0,1.0,0.0,0.0,0.0,0.0,0.0,1.0,0.0,0.0
106.6133491,10.8829934,761,0.0,1.0,0.0,0.0,0.0,0.0,0.0,1.0,0.0,0.0
106.7500323,10.764817,762,0.0,1.0,0.0,0.0,0.0,0.0,0.0,1.0,0.0,0.0
106.7425493,10.8717061,763,0.0,1.0,0.0,0.0,0.0,0.0,0.0,1.0,0.0,0.0
106.6599393,10.7599913,764,0.0,1.0,0.0,0.0,0.0,0.0,0.0,1.0,0.0,0.0
106.6851217,10.803874,765,0.0,1.0,0.0,0.0,0.0,0.0,0.0,1.0,0.0,0.0
106.6722005,10.7918939,766,0.0,1.0,0.0,0.0,0.0,0.0,0.0,1.0,0.0,0.0
106.7015215,10.8359844,767,0.0,1.0,0.0,0.0,0.0,0.0,0.0,1.0,0.0,0.0
106.600709,10.7225315,768,0.0,1.0,0.0,0.0,0.0,0.0,0.0,1.0,0.0,0.0
106.7303648,10.7916195,769,0.0,1.0,0.0,0.0,0.0,0.0,0.0,1.0,0.0,0.0
106.6421138,10.7713831,770,0.0,1.0,0.0,0.0,0.0,0.0,0.0,1.0,0.0,0.0
106.6635788,10.8026411,771,0.0,1.0,0.0,0.0,0.0,0.0,0.0,1.0,0.0,0.0
106.6538934,10.7967836,772,0.0,1.0,0.0,0.0,0.0,0.0,0.0,1.0,0.0,0.0
106.6769121,10.8710543,773,0.0,1.0,0.0,0.0,0.0,0.0,0.0,1.0,0.0,0.0
106.7017425,10.794843,774,0.0,1.0,0.0,0.0,0.0,0.0,0.0,1.0,0.0,0.0
106.5884589,10.8858285,775,0.0,1.0,0.0,0.0,0.0,0.0,0.0,1.0,0.0,0.0
106.6080413,10.8857988,776,0.0,1.0,0.0,0.0,0.0,0.0,0.0,1.0,0.0,0.0
106.6281609,10.7801971,777,0.0,1.0,0.0,0.0,0.0,0.0,0.0,1.0,0.0,0.0
106.7501502,10.803454,778,0.0,1.0,0.0,0.0,0.0,0.0,0.0,1.0,0.0,0.0
106.5598851,10.6871568,779,0.0,1.0,0.0,0.0,0.0,0.0,0.0,1.0,0.0,0.0
106.6930411,10.8494217,780,0.0,1.0,0.0,0.0,0.0,0.0,0.0,1.0,0.0,0.0
106.6756118,10.7538616,781,0.0,1.0,0.0,0.0,0.0,0.0,0.0,1.0,0.0,0.0
106.6873701,10.8071569,782,0.0,1.0,0.0,0.0,0.0,0.0,0.0,1.0,0.0,0.0
106.7054531,10.8311762,783,0.0,1.0,0.0,0.0,0.0,0.0,0.0,1.0,0.0,0.0
106.7609852,10.8268031,784,0.0,1.0,0.0,0.0,0.0,0.0,0.0,1.0,0.0,0.0
106.5870757,10.8839989,785,0.0,1.0,0.0,0.0,0.0,0.0,0.0,1.0,0.0,0.0
106.6955704,10.7516898,786,0.0,1.0,0.0,0.0,0.0,0.0,0.0,1.0,0.0,0.0
106.6637035,10.7765285,787,0.0,1.0,0.0,0.0,0.0,0.0,0.0,1.0,0.0,0.0
106.6835344,10.8866773,788,0.0,1.0,0.0,0.0,0.0,0.0,0.0,1.0,0.0,0.0
106.6795597,10.8563915,789,0.0,1.0,0.0,0.0,0.0,0.0,0.0,1.0,0.0,0.0
106.6539707,10.7850518,790,0.0,1.0,0.0,0.0,0.0,0.0,0.0,1.0,0.0,0.0
106.7116008,10.8078652,791,0.0,1.0,0.0,0.0,0.0,0.0,0.0,1.0,0.0,0.0
106.6444354,10.7610645,792,0.0,1.0,0.0,0.0,0.0,0.0,0.0,1.0,0.0,0.0
106.6664823,10.8048147,793,0.0,1.0,0.0,0.0,0.0,0.0,0.0,1.0,0.0,0.0
106.6924729,10.8568123,794,0.0,1.0,0.0,0.0,0.0,0.0,0.0,1.0,0.0,0.0
106.6828,10.8291626,795,0.0,1.0,0.0,0.0,0.0,0.0,0.0,1.0,0.0,0.0
106.7083143,10.8007701,796,0.0,1.0,0.0,0.0,0.0,0.0,0.0,1.0,0.0,0.0
106.7816929,10.8660484,797,0.0,1.0,0.0,0.0,0.0,0.0,0.0,1.0,0.0,0.0
106.6092917,10.885128,798,0.0,1.0,0.0,0.0,0.0,0.0,0.0,1.0,0.0,0.0
106.5896647,10.8866826,799,0.0,1.0,0.0,0.0,0.0,0.0,0.0,1.0,0.0,0.0
106.6694921,10.8337959,800,0.0,1.0,0.0,0.0,0.0,0.0,0.0,1.0,0.0,0.0
106.7051673,10.7984442,801,0.0,1.0,0.0,0.0,0.0,0.0,0.0,1.0,0.0,0.0
106.6686167,10.7607876,802,0.0,1.0,0.0,0.0,0.0,0.0,0.0,1.0,0.0,0.0
106.7612247,10.8248223,803,0.0,1.0,0.0,0.0,0.0,0.0,0.0,1.0,0.0,0.0
106.7714892,10.8454687,804,0.0,1.0,0.0,0.0,0.0,0.0,0.0,1.0,0.0,0.0
106.6544865,10.7709317,805,0.0,1.0,0.0,0.0,0.0,0.0,0.0,1.0,0.0,0.0
106.6419631,10.7927131,806,0.0,1.0,0.0,0.0,0.0,0.0,0.0,1.0,0.0,0.0
106.6523108,10.7630742,807,0.0,1.0,0.0,0.0,0.0,0.0,0.0,1.0,0.0,0.0
106.6544253,10.7527905,808,0.0,1.0,0.0,0.0,0.0,0.0,0.0,1.0,0.0,0.0
106.7778783,10.8757747,809,0.0,1.0,0.0,0.0,0.0,0.0,0.0,1.0,0.0,0.0
106.7410124,10.840341,810,0.0,1.0,0.0,0.0,0.0,0.0,0.0,1.0,0.0,0.0
106.6033606,10.8872704,811,0.0,1.0,0.0,0.0,0.0,0.0,0.0,1.0,0.0,0.0
106.6466411,10.7693007,812,0.0,1.0,0.0,0.0,0.0,0.0,0.0,1.0,0.0,0.0
106.766766,10.838061,813,0.0,1.0,0.0,0.0,0.0,0.0,0.0,1.0,0.0,0.0
106.7092345,10.8092144,814,0.0,1.0,0.0,0.0,0.0,0.0,0.0,1.0,0.0,0.0
106.6665535,10.7540079,815,0.0,1.0,0.0,0.0,0.0,0.0,0.0,1.0,0.0,0.0
106.654355,10.8375092,816,0.0,1.0,0.0,0.0,0.0,0.0,0.0,1.0,0.0,0.0
106.6592059,10.7824916,817,0.0,1.0,0.0,0.0,0.0,0.0,0.0,1.0,0.0,0.0
106.7063387,10.7960538,818,0.0,1.0,0.0,0.0,0.0,0.0,0.0,1.0,0.0,0.0
106.7063222,10.8547157,819,0.0,1.0,0.0,0.0,0.0,0.0,0.0,1.0,0.0,0.0
106.5894669,10.8866129,820,0.0,1.0,0.0,0.0,0.0,0.0,0.0,1.0,0.0,0.0
106.7151083,10.8009447,821,0.0,1.0,0.0,0.0,0.0,0.0,0.0,1.0,0.0,0.0
106.6959121,10.7926919,822,0.0,1.0,0.0,0.0,0.0,0.0,0.0,0.0,1.0,0.0
106.6900103,10.8256691,823,0.0,1.0,0.0,0.0,0.0,0.0,0.0,1.0,0.0,0.0
106.7135134,10.8014085,824,0.0,1.0,0.0,0.0,0.0,0.0,0.0,1.0,0.0,0.0
106.7771682,10.8888594,825,0.0,1.0,0.0,0.0,0.0,0.0,0.0,1.0,0.0,0.0
106.7760159,10.8697425,826,0.0,1.0,0.0,0.0,0.0,0.0,0.0,1.0,0.0,0.0
106.6452429,10.7668615,827,0.0,1.0,0.0,0.0,0.0,0.0,0.0,1.0,0.0,0.0
106.7292475,10.8001505,828,0.0,1.0,0.0,0.0,0.0,0.0,0.0,1.0,0.0,0.0
106.7069923,10.8239764,829,0.0,1.0,0.0,0.0,0.0,0.0,0.0,1.0,0.0,0.0
106.7124216,10.8113026,830,0.0,1.0,0.0,0.0,0.0,0.0,0.0,1.0,0.0,0.0
106.74451,10.8728185,831,0.0,1.0,0.0,0.0,0.0,0.0,0.0,1.0,0.0,0.0
106.6837856,10.8288462,832,0.0,1.0,0.0,0.0,0.0,0.0,0.0,1.0,0.0,0.0
106.5966668,10.8704157,833,0.0,1.0,0.0,0.0,0.0,0.0,0.0,1.0,0.0,0.0
106.7053404,10.8315214,834,0.0,1.0,0.0,0.0,0.0,0.0,0.0,1.0,0.0,0.0
106.721133,10.7976442,835,0.0,1.0,0.0,0.0,0.0,0.0,0.0,1.0,0.0,0.0
106.7139804,10.869339,836,0.0,1.0,0.0,0.0,0.0,0.0,0.0,1.0,0.0,0.0
106.5947609,10.8731105,837,0.0,1.0,0.0,0.0,0.0,0.0,0.0,1.0,0.0,0.0
106.6486927,10.7580576,838,0.0,1.0,0.0,0.0,0.0,0.0,0.0,1.0,0.0,0.0
106.65489,10.7623561,839,0.0,1.0,0.0,0.0,0.0,0.0,0.0,1.0,0.0,0.0
106.7657368,10.7765916,840,0.0,1.0,0.0,0.0,0.0,0.0,0.0,1.0,0.0,0.0
106.6107839,10.8630927,841,0.0,1.0,0.0,0.0,0.0,0.0,0.0,1.0,0.0,0.0
106.6005932,10.8253843,842,0.0,1.0,0.0,0.0,0.0,0.0,0.0,1.0,0.0,0.0
106.5974521,10.888328,843,0.0,1.0,0.0,0.0,0.0,0.0,0.0,1.0,0.0,0.0
106.6818221,10.8854565,844,0.0,1.0,0.0,0.0,0.0,0.0,0.0,1.0,0.0,0.0
106.5412694,10.681336,845,0.0,1.0,0.0,0.0,0.0,0.0,0.0,1.0,0.0,0.0
106.7538088,10.8499886,846,0.0,1.0,0.0,0.0,0.0,0.0,0.0,1.0,0.0,0.0
106.804085,10.8685319,847,0.0,1.0,0.0,0.0,0.0,0.0,0.0,1.0,0.0,0.0
106.7284891,10.8450502,848,0.0,1.0,0.0,0.0,0.0,0.0,0.0,1.0,0.0,0.0
106.6600922,10.7463656,849,0.0,1.0,0.0,0.0,0.0,0.0,0.0,1.0,0.0,0.0
106.7457449,10.8408077,850,0.0,1.0,0.0,0.0,0.0,0.0,0.0,1.0,0.0,0.0
106.7104632,10.728447,851,0.0,1.0,0.0,0.0,0.0,0.0,0.0,1.0,0.0,0.0
106.6585924,10.7996108,852,0.0,1.0,0.0,0.0,0.0,0.0,0.0,1.0,0.0,0.0
106.6582727,10.7604727,853,0.0,1.0,0.0,0.0,0.0,0.0,0.0,1.0,0.0,0.0
106.6095864,10.8517248,854,0.0,1.0,0.0,0.0,0.0,0.0,0.0,1.0,0.0,0.0
106.7973612,10.8139216,855,0.0,1.0,0.0,0.0,0.0,0.0,0.0,1.0,0.0,0.0
106.6198895,10.8797906,856,0.0,1.0,0.0,0.0,0.0,0.0,0.0,1.0,0.0,0.0
106.7292655,10.8003967,857,0.0,1.0,0.0,0.0,0.0,0.0,0.0,1.0,0.0,0.0
106.7474536,10.8741188,858,0.0,1.0,0.0,0.0,0.0,0.0,0.0,1.0,0.0,0.0
106.6635145,10.7656761,859,0.0,1.0,0.0,0.0,0.0,0.0,0.0,1.0,0.0,0.0
106.7549076,10.8629278,860,0.0,1.0,0.0,0.0,0.0,0.0,0.0,1.0,0.0,0.0
106.692618,10.8554962,861,0.0,1.0,0.0,0.0,0.0,0.0,0.0,1.0,0.0,0.0
106.8004111,10.8757868,862,0.0,1.0,0.0,0.0,0.0,0.0,0.0,1.0,0.0,0.0
106.629636,10.7710104,863,0.0,1.0,0.0,0.0,0.0,0.0,0.0,1.0,0.0,0.0
106.6677637,10.8001795,864,0.0,1.0,0.0,0.0,0.0,0.0,0.0,0.0,1.0,0.0
106.5993649,10.8880866,865,0.0,1.0,0.0,0.0,0.0,0.0,0.0,1.0,0.0,0.0
106.743987,10.8724837,866,0.0,1.0,0.0,0.0,0.0,0.0,0.0,1.0,0.0,0.0
106.6699079,10.7980849,867,0.0,1.0,0.0,0.0,0.0,0.0,0.0,1.0,0.0,0.0
106.7306201,10.8006739,868,0.0,1.0,0.0,0.0,0.0,0.0,0.0,1.0,0.0,0.0
106.7163341,10.8273487,869,0.0,1.0,0.0,0.0,0.0,0.0,0.0,1.0,0.0,0.0
106.6529253,10.8429619,870,0.0,1.0,0.0,0.0,0.0,0.0,0.0,1.0,0.0,0.0
106.6784584,10.8075109,871,0.0,1.0,0.0,0.0,0.0,0.0,0.0,1.0,0.0,0.0
106.6598663,10.800764,872,0.0,1.0,0.0,0.0,0.0,0.0,0.0,1.0,0.0,0.0
106.6899906,10.8197605,873,0.0,1.0,0.0,0.0,0.0,0.0,0.0,1.0,0.0,0.0
106.6606851,10.8006867,874,0.0,1.0,0.0,0.0,0.0,0.0,0.0,1.0,0.0,0.0
106.6372504,10.7828455,875,0.0,1.0,0.0,0.0,0.0,0.0,0.0,1.0,0.0,0.0
106.6466938,10.8395934,876,0.0,1.0,0.0,0.0,0.0,0.0,0.0,1.0,0.0,0.0
106.6869947,10.8238312,877,0.0,1.0,0.0,0.0,0.0,0.0,0.0,1.0,0.0,0.0
106.7132132,10.8180299,878,0.0,1.0,0.0,0.0,0.0,0.0,0.0,1.0,0.0,0.0
106.6626838,10.8401047,879,0.0,1.0,0.0,0.0,0.0,0.0,0.0,1.0,0.0,0.0
106.6565352,10.7883735,880,0.0,1.0,0.0,0.0,0.0,0.0,0.0,1.0,0.0,0.0
106.8014464,10.8758682,881,0.0,1.0,0.0,0.0,0.0,0.0,0.0,1.0,0.0,0.0
106.6760864,10.8151117,882,0.0,1.0,0.0,0.0,0.0,0.0,0.0,1.0,0.0,0.0
106.6541763,10.797205,883,0.0,1.0,0.0,0.0,0.0,0.0,0.0,1.0,0.0,0.0
106.597241,10.8696062,884,0.0,1.0,0.0,0.0,0.0,0.0,0.0,1.0,0.0,0.0
106.6816899,10.826257,885,0.0,1.0,0.0,0.0,0.0,0.0,0.0,1.0,0.0,0.0
106.5920047,10.7189172,886,0.0,1.0,0.0,0.0,0.0,0.0,0.0,1.0,0.0,0.0
106.6551076,10.7985332,887,0.0,1.0,0.0,0.0,0.0,0.0,0.0,1.0,0.0,0.0
106.654598,10.7658359,888,0.0,1.0,0.0,0.0,0.0,0.0,0.0,1.0,0.0,0.0
106.6742092,10.7652336,889,0.0,1.0,0.0,0.0,0.0,0.0,0.0,1.0,0.0,0.0
106.8166914,10.8842171,890,0.0,1.0,0.0,0.0,0.0,0.0,0.0,1.0,0.0,0.0
106.6618062,10.7571371,891,0.0,1.0,0.0,0.0,0.0,0.0,0.0,1.0,0.0,0.0
106.6449337,10.7640295,892,0.0,1.0,0.0,0.0,0.0,0.0,0.0,1.0,0.0,0.0
106.6855979,10.8040209,893,0.0,1.0,0.0,0.0,0.0,0.0,0.0,1.0,0.0,0.0
106.692974,10.8229453,894,0.0,1.0,0.0,0.0,0.0,0.0,0.0,1.0,0.0,0.0
106.6811281,10.8361241,895,0.0,1.0,0.0,0.0,0.0,0.0,0.0,1.0,0.0,0.0
106.7806659,10.8538764,896,0.0,1.0,0.0,0.0,0.0,0.0,0.0,1.0,0.0,0.0
106.6937975,10.8141562,897,0.0,1.0,0.0,0.0,0.0,0.0,0.0,1.0,0.0,0.0
106.7381557,10.801033,898,0.0,1.0,0.0,0.0,0.0,0.0,0.0,1.0,0.0,0.0
106.7091408,10.8115667,899,0.0,1.0,0.0,0.0,0.0,0.0,0.0,1.0,0.0,0.0
106.675849,10.7636827,900,0.0,1.0,0.0,0.0,0.0,0.0,0.0,1.0,0.0,0.0
106.6764425,10.7621917,901,0.0,1.0,0.0,0.0,0.0,0.0,0.0,0.0,1.0,0.0
106.6832954,10.8865013,902,0.0,1.0,0.0,0.0,0.0,0.0,0.0,1.0,0.0,0.0
106.6541536,10.7869452,903,0.0,1.0,0.0,0.0,0.0,0.0,0.0,1.0,0.0,0.0
106.6559489,10.7510046,904,0.0,1.0,0.0,0.0,0.0,0.0,0.0,1.0,0.0,0.0
106.6826965,10.8050192,905,0.0,1.0,0.0,0.0,0.0,0.0,0.0,1.0,0.0,0.0
106.6082936,10.8857205,906,0.0,1.0,0.0,0.0,0.0,0.0,0.0,1.0,0.0,0.0
106.6613683,10.7509853,907,0.0,1.0,0.0,0.0,0.0,0.0,0.0,1.0,0.0,0.0
106.6564125,10.7993309,908,0.0,1.0,0.0,0.0,0.0,0.0,0.0,1.0,0.0,0.0
106.7819552,10.8676964,909,0.0,1.0,0.0,0.0,0.0,0.0,0.0,1.0,0.0,0.0
106.6704098,10.8334461,910,0.0,1.0,0.0,0.0,0.0,0.0,0.0,1.0,0.0,0.0
106.6803534,10.8651971,911,0.0,1.0,0.0,0.0,0.0,0.0,0.0,1.0,0.0,0.0
106.6820754,10.8336472,912,0.0,1.0,0.0,0.0,0.0,0.0,0.0,1.0,0.0,0.0
106.6494573,10.782654,913,0.0,1.0,0.0,0.0,0.0,0.0,0.0,1.0,0.0,0.0
106.6541694,10.7969902,914,0.0,1.0,0.0,0.0,0.0,0.0,0.0,1.0,0.0,0.0
106.7065089,10.7920779,915,0.0,1.0,0.0,0.0,0.0,0.0,0.0,1.0,0.0,0.0
106.6513915,10.7591224,916,0.0,1.0,0.0,0.0,0.0,0.0,0.0,1.0,0.0,0.0
106.6444487,10.7611769,917,0.0,1.0,0.0,0.0,0.0,0.0,0.0,1.0,0.0,0.0
106.6407151,10.7951784,918,0.0,1.0,0.0,0.0,0.0,0.0,0.0,1.0,0.0,0.0
106.604983,10.8866501,919,0.0,1.0,0.0,0.0,0.0,0.0,0.0,1.0,0.0,0.0
106.6535497,10.7644648,920,0.0,1.0,0.0,0.0,0.0,0.0,0.0,1.0,0.0,0.0
106.7597097,10.8505759,921,0.0,1.0,0.0,0.0,0.0,0.0,0.0,1.0,0.0,0.0
106.6747507,10.7536266,922,0.0,1.0,0.0,0.0,0.0,0.0,0.0,0.0,1.0,0.0
106.7085848,10.7283976,923,0.0,1.0,0.0,0.0,0.0,0.0,0.0,0.0,1.0,0.0
106.7178672,10.7997214,924,0.0,1.0,0.0,0.0,0.0,0.0,0.0,1.0,0.0,0.0
106.7570548,10.866888,925,0.0,1.0,0.0,0.0,0.0,0.0,0.0,1.0,0.0,0.0
106.7003699,10.8033437,926,0.0,1.0,0.0,0.0,0.0,0.0,0.0,1.0,0.0,0.0
106.6724893,10.7953772,927,0.0,1.0,0.0,0.0,0.0,0.0,0.0,1.0,0.0,0.0
106.6667084,10.8348006,928,0.0,1.0,0.0,0.0,0.0,0.0,0.0,1.0,0.0,0.0
106.6442075,10.7598902,929,0.0,1.0,0.0,0.0,0.0,0.0,0.0,1.0,0.0,0.0
106.7710929,10.8497041,930,0.0,1.0,0.0,0.0,0.0,0.0,0.0,1.0,0.0,0.0
106.6590825,10.7824966,931,0.0,1.0,0.0,0.0,0.0,0.0,0.0,1.0,0.0,0.0
106.6878052,10.8232088,932,0.0,1.0,0.0,0.0,0.0,0.0,0.0,1.0,0.0,0.0
106.6090453,10.8852992,933,0.0,1.0,0.0,0.0,0.0,0.0,0.0,1.0,0.0,0.0
106.7823241,10.8548394,934,0.0,1.0,0.0,0.0,0.0,0.0,0.0,1.0,0.0,0.0
106.6781942,10.814489,935,0.0,1.0,0.0,0.0,0.0,0.0,0.0,1.0,0.0,0.0
106.6594362,10.747949,936,0.0,1.0,0.0,0.0,0.0,0.0,0.0,1.0,0.0,0.0
106.5545178,10.6855984,937,0.0,1.0,0.0,0.0,0.0,0.0,0.0,1.0,0.0,0.0
106.800732,10.8758404,938,0.0,1.0,0.0,0.0,0.0,0.0,0.0,1.0,0.0,0.0
106.664706,10.7506566,939,0.0,1.0,0.0,0.0,0.0,0.0,0.0,1.0,0.0,0.0
106.6701536,10.8335366,940,0.0,1.0,0.0,0.0,0.0,0.0,0.0,1.0,0.0,0.0
106.676797,10.8747715,941,0.0,1.0,0.0,0.0,0.0,0.0,0.0,1.0,0.0,0.0
106.6566307,10.7898465,942,0.0,1.0,0.0,0.0,0.0,0.0,0.0,1.0,0.0,0.0
106.6604158,10.7831076,943,0.0,1.0,0.0,0.0,0.0,0.0,0.0,1.0,0.0,0.0
106.5740119,10.6916637,944,0.0,1.0,0.0,0.0,0.0,0.0,0.0,1.0,0.0,0.0
106.765291,10.8506516,945,0.0,1.0,0.0,0.0,0.0,0.0,0.0,1.0,0.0,0.0
106.6722451,10.7647491,946,0.0,1.0,0.0,0.0,0.0,0.0,0.0,1.0,0.0,0.0
106.766903,10.8382661,947,0.0,1.0,0.0,0.0,0.0,0.0,0.0,1.0,0.0,0.0
106.6421805,10.764322,948,0.0,1.0,0.0,0.0,0.0,0.0,0.0,1.0,0.0,0.0
106.6643883,10.8346228,949,0.0,1.0,0.0,0.0,0.0,0.0,0.0,1.0,0.0,0.0
106.6127177,10.7343122,950,0.0,1.0,0.0,0.0,0.0,0.0,0.0,1.0,0.0,0.0
106.7685146,10.8638603,951,0.0,1.0,0.0,0.0,0.0,0.0,0.0,1.0,0.0,0.0
106.613481,10.776029,952,0.0,1.0,0.0,0.0,0.0,0.0,0.0,1.0,0.0,0.0
106.6440453,10.7589612,953,0.0,1.0,0.0,0.0,0.0,0.0,0.0,1.0,0.0,0.0
106.6584955,10.7974253,954,0.0,1.0,0.0,0.0,0.0,0.0,0.0,1.0,0.0,0.0
106.6642796,10.8045759,955,0.0,1.0,0.0,0.0,0.0,0.0,0.0,1.0,0.0,0.0
106.6561832,10.7351009,956,0.0,1.0,0.0,0.0,0.0,0.0,0.0,1.0,0.0,0.0
106.6655753,10.7592544,957,0.0,1.0,0.0,0.0,0.0,0.0,0.0,1.0,0.0,0.0
106.7505004,10.8036031,958,0.0,1.0,0.0,0.0,0.0,0.0,0.0,1.0,0.0,0.0
106.608784,10.8854573,959,0.0,1.0,0.0,0.0,0.0,0.0,0.0,1.0,0.0,0.0
106.659871,10.7502217,960,0.0,1.0,0.0,0.0,0.0,0.0,0.0,1.0,0.0,0.0
106.6456029,10.7656638,961,0.0,1.0,0.0,0.0,0.0,0.0,0.0,1.0,0.0,0.0
106.7398113,10.7738467,962,0.0,1.0,0.0,0.0,0.0,0.0,0.0,1.0,0.0,0.0
106.7124936,10.8118498,963,0.0,1.0,0.0,0.0,0.0,0.0,0.0,1.0,0.0,0.0
106.7682294,10.8497623,964,0.0,1.0,0.0,0.0,0.0,0.0,0.0,1.0,0.0,0.0
106.6632877,10.752179,965,0.0,1.0,0.0,0.0,0.0,0.0,0.0,1.0,0.0,0.0
106.6572106,10.7908574,966,0.0,1.0,0.0,0.0,0.0,0.0,0.0,1.0,0.0,0.0
106.5759596,10.7888288,967,0.0,1.0,0.0,0.0,0.0,0.0,0.0,1.0,0.0,0.0
106.6406184,10.7674586,968,0.0,1.0,0.0,0.0,0.0,0.0,0.0,1.0,0.0,0.0
106.7033547,10.8226293,969,0.0,1.0,0.0,0.0,0.0,0.0,0.0,1.0,0.0,0.0
106.5406723,10.6817688,970,0.0,1.0,0.0,0.0,0.0,0.0,0.0,1.0,0.0,0.0
106.6244123,10.6906363,971,0.0,1.0,0.0,0.0,0.0,0.0,0.0,1.0,0.0,0.0
106.6288176,10.7497957,972,0.0,1.0,0.0,0.0,0.0,0.0,0.0,1.0,0.0,0.0
106.64536,10.76459,973,0.0,1.0,0.0,0.0,0.0,0.0,0.0,1.0,0.0,0.0
106.6091685,10.8800878,974,0.0,1.0,0.0,0.0,0.0,0.0,0.0,1.0,0.0,0.0
106.6645994,10.7970292,975,0.0,1.0,0.0,0.0,0.0,0.0,0.0,0.0,1.0,0.0
106.6706563,10.7925282,976,0.0,1.0,0.0,0.0,0.0,0.0,0.0,1.0,0.0,0.0
106.7757156,10.8708535,977,0.0,1.0,0.0,0.0,0.0,0.0,0.0,1.0,0.0,0.0
106.6897886,10.8201584,978,0.0,1.0,0.0,0.0,0.0,0.0,0.0,1.0,0.0,0.0
106.633178,10.7800542,979,0.0,1.0,0.0,0.0,0.0,0.0,0.0,1.0,0.0,0.0
106.7997899,10.8754197,980,0.0,1.0,0.0,0.0,0.0,0.0,0.0,1.0,0.0,0.0
106.7599085,10.8249405,981,0.0,1.0,0.0,0.0,0.0,0.0,0.0,1.0,0.0,0.0
106.614788,10.8827778,982,0.0,1.0,0.0,0.0,0.0,0.0,0.0,1.0,0.0,0.0
106.7698263,10.8420349,983,0.0,1.0,0.0,0.0,0.0,0.0,0.0,1.0,0.0,0.0
106.6666045,10.8330118,984,0.0,1.0,0.0,0.0,0.0,0.0,0.0,1.0,0.0,0.0
106.6627554,10.7586901,985,0.0,1.0,0.0,0.0,0.0,0.0,0.0,0.0,1.0,0.0
106.6315856,10.7536116,986,0.0,1.0,0.0,0.0,0.0,0.0,0.0,1.0,0.0,0.0
106.6667416,10.7524698,987,0.0,1.0,0.0,0.0,0.0,0.0,0.0,1.0,0.0,0.0
106.6802826,10.7971878,988,0.0,1.0,0.0,0.0,0.0,0.0,0.0,1.0,0.0,0.0
106.7782285,10.8751922,989,0.0,1.0,0.0,0.0,0.0,0.0,0.0,1.0,0.0,0.0
106.7521248,10.8475655,990,0.0,1.0,0.0,0.0,0.0,0.0,0.0,1.0,0.0,0.0
106.7071763,10.7650945,991,0.0,1.0,0.0,0.0,0.0,0.0,0.0,0.0,1.0,0.0
106.7336853,10.8682125,992,0.0,1.0,0.0,0.0,0.0,0.0,0.0,1.0,0.0,0.0
106.6753012,10.8104861,993,0.0,1.0,0.0,0.0,0.0,0.0,0.0,1.0,0.0,0.0
106.6103678,10.8505534,994,0.0,1.0,0.0,0.0,0.0,0.0,0.0,1.0,0.0,0.0
106.6494781,10.8387156,995,0.0,1.0,0.0,0.0,0.0,0.0,0.0,1.0,0.0,0.0
106.6533773,10.7521005,996,0.0,1.0,0.0,0.0,0.0,0.0,0.0,1.0,0.0,0.0
106.7353111,10.8552027,997,0.0,1.0,0.0,0.0,0.0,0.0,0.0,1.0,0.0,0.0
106.6546054,10.7982054,998,0.0,1.0,0.0,0.0,0.0,0.0,0.0,1.0,0.0,0.0
106.6609131,10.8039431,999,0.0,1.0,0.0,0.0,0.0,0.0,0.0,1.0,0.0,0.0
106.6652167,10.7507697,1000,0.0,1.0,0.0,0.0,0.0,0.0,0.0,1.0,0.0,0.0
106.6802515,10.7992363,1001,0.0,1.0,0.0,0.0,0.0,0.0,0.0,0.0,1.0,0.0
106.7454883,10.8634184,1002,0.0,1.0,0.0,0.0,0.0,0.0,0.0,1.0,0.0,0.0
106.6732803,10.7601196,1003,0.0,1.0,0.0,0.0,0.0,0.0,0.0,1.0,0.0,0.0
106.6396356,10.7844838,1004,0.0,1.0,0.0,0.0,0.0,0.0,0.0,1.0,0.0,0.0
106.6679976,10.7746295,1005,0.0,1.0,0.0,0.0,0.0,0.0,0.0,1.0,0.0,0.0
106.6714607,10.8086441,1006,0.0,1.0,0.0,0.0,0.0,0.0,0.0,1.0,0.0,0.0
106.6561332,10.752877,1007,0.0,1.0,0.0,0.0,0.0,0.0,0.0,1.0,0.0,0.0
106.6559059,10.7838805,1008,0.0,1.0,0.0,0.0,0.0,0.0,0.0,1.0,0.0,0.0
106.6462532,10.7686507,1009,0.0,1.0,0.0,0.0,0.0,0.0,0.0,1.0,0.0,0.0
106.6388492,10.7685221,1010,0.0,1.0,0.0,0.0,0.0,0.0,0.0,1.0,0.0,0.0
106.6727439,10.7978838,1011,0.0,1.0,0.0,0.0,0.0,0.0,0.0,1.0,0.0,0.0
106.6787887,10.8197267,1012,0.0,1.0,0.0,0.0,0.0,0.0,0.0,1.0,0.0,0.0
106.6380894,10.7696111,1013,0.0,1.0,0.0,0.0,0.0,0.0,0.0,1.0,0.0,0.0
106.6524559,10.7613046,1014,0.0,1.0,0.0,0.0,0.0,0.0,0.0,1.0,0.0,0.0
106.6614379,10.7520232,1015,0.0,1.0,0.0,0.0,0.0,0.0,0.0,1.0,0.0,0.0
106.7237512,10.8304925,1016,0.0,1.0,0.0,0.0,0.0,0.0,0.0,1.0,0.0,0.0
106.7319664,10.8772691,1017,0.0,1.0,0.0,0.0,0.0,0.0,0.0,1.0,0.0,0.0
106.6257293,10.85391,1018,0.0,1.0,0.0,0.0,0.0,0.0,0.0,1.0,0.0,0.0
106.7587509,10.8196241,1019,0.0,1.0,0.0,0.0,0.0,0.0,0.0,1.0,0.0,0.0
106.6943703,10.8029423,1020,0.0,1.0,0.0,0.0,0.0,0.0,0.0,1.0,0.0,0.0
106.8000022,10.8756276,1021,0.0,1.0,0.0,0.0,0.0,0.0,0.0,1.0,0.0,0.0
106.6341036,10.8089148,1022,0.0,1.0,0.0,0.0,0.0,0.0,0.0,1.0,0.0,0.0
106.6252083,10.8544446,1023,0.0,1.0,0.0,0.0,0.0,0.0,0.0,1.0,0.0,0.0
106.7230082,10.7266492,1024,0.0,1.0,0.0,0.0,0.0,0.0,0.0,1.0,0.0,0.0
106.759023,10.8232476,1025,0.0,1.0,0.0,0.0,0.0,0.0,0.0,1.0,0.0,0.0
106.65108,10.7509832,1026,0.0,1.0,0.0,0.0,0.0,0.0,0.0,1.0,0.0,0.0
106.6408548,10.7673158,1027,0.0,1.0,0.0,0.0,0.0,0.0,0.0,1.0,0.0,0.0
106.7838587,10.8557659,1028,0.0,1.0,0.0,0.0,0.0,0.0,0.0,1.0,0.0,0.0
106.6752404,10.765331,1029,0.0,1.0,0.0,0.0,0.0,0.0,0.0,1.0,0.0,0.0
106.6873624,10.824868,1030,0.0,1.0,0.0,0.0,0.0,0.0,0.0,1.0,0.0,0.0
106.7325841,10.8377644,1031,1.0,0.0,0.0,0.0,0.0,0.0,0.0,1.0,0.0,0.0
106.6894712,10.8184548,1032,0.0,1.0,0.0,0.0,0.0,0.0,0.0,1.0,0.0,0.0
106.6766491,10.8276308,1033,0.0,1.0,0.0,0.0,0.0,0.0,0.0,1.0,0.0,0.0
106.7334587,10.7992203,1034,0.0,1.0,0.0,0.0,0.0,0.0,0.0,1.0,0.0,0.0
106.67201,10.7915356,1035,0.0,1.0,0.0,0.0,0.0,0.0,0.0,1.0,0.0,0.0
106.8281916,10.8424012,1036,0.0,1.0,0.0,0.0,0.0,0.0,0.0,1.0,0.0,0.0
106.6526853,10.7638863,1037,0.0,1.0,0.0,0.0,0.0,0.0,0.0,1.0,0.0,0.0
106.7543315,10.850616,1038,0.0,1.0,0.0,0.0,0.0,0.0,0.0,1.0,0.0,0.0
106.5952446,10.7502341,1039,0.0,1.0,0.0,0.0,0.0,0.0,0.0,1.0,0.0,0.0
106.6693074,10.794193,1040,0.0,1.0,0.0,0.0,0.0,0.0,0.0,1.0,0.0,0.0
106.6839898,10.8871121,1041,0.0,1.0,0.0,0.0,0.0,0.0,0.0,1.0,0.0,0.0
106.6457128,10.7778966,1042,0.0,1.0,0.0,0.0,0.0,0.0,0.0,1.0,0.0,0.0
106.6375974,10.7689919,1043,0.0,1.0,0.0,0.0,0.0,0.0,0.0,1.0,0.0,0.0
106.6560086,10.7874965,1044,0.0,1.0,0.0,0.0,0.0,0.0,0.0,1.0,0.0,0.0
106.6523994,10.7943672,1045,0.0,1.0,0.0,0.0,0.0,0.0,0.0,1.0,0.0,0.0
106.6483784,10.8390029,1046,0.0,1.0,0.0,0.0,0.0,0.0,0.0,1.0,0.0,0.0
106.6601881,10.7629209,1047,0.0,1.0,0.0,0.0,0.0,0.0,0.0,1.0,0.0,0.0
106.6654234,10.7717432,1048,0.0,1.0,0.0,0.0,0.0,0.0,0.0,1.0,0.0,0.0
106.6545402,10.7941921,1049,0.0,1.0,0.0,0.0,0.0,0.0,0.0,1.0,0.0,0.0
106.6480351,10.7663364,1050,0.0,1.0,0.0,0.0,0.0,0.0,0.0,1.0,0.0,0.0
106.805493,10.8698844,1051,0.0,1.0,0.0,0.0,0.0,0.0,0.0,1.0,0.0,0.0
106.6982434,10.8040213,1052,0.0,1.0,0.0,0.0,0.0,0.0,0.0,0.0,1.0,0.0
106.6496421,10.7722809,1053,0.0,1.0,0.0,0.0,0.0,0.0,0.0,1.0,0.0,0.0
106.6697001,10.7951751,1054,0.0,1.0,0.0,0.0,0.0,0.0,0.0,1.0,0.0,0.0
106.7362714,10.8691872,1055,0.0,1.0,0.0,0.0,0.0,0.0,0.0,1.0,0.0,0.0
106.6778425,10.794303,1056,0.0,1.0,0.0,0.0,0.0,0.0,0.0,0.0,1.0,0.0
106.656223,10.7770935,1057,0.0,1.0,0.0,0.0,0.0,0.0,0.0,1.0,0.0,0.0
106.7291288,10.8485144,1058,0.0,1.0,0.0,0.0,0.0,0.0,0.0,1.0,0.0,0.0
106.713869,10.8233581,1059,0.0,1.0,0.0,0.0,0.0,0.0,0.0,1.0,0.0,0.0
106.7695725,10.8821902,1060,0.0,1.0,0.0,0.0,0.0,0.0,0.0,1.0,0.0,0.0
106.5842276,10.6940773,1061,0.0,1.0,0.0,0.0,0.0,0.0,0.0,1.0,0.0,0.0
106.6628841,10.752145,1062,0.0,1.0,0.0,0.0,0.0,0.0,0.0,1.0,0.0,0.0
106.6566353,10.7819926,1063,0.0,1.0,0.0,0.0,0.0,0.0,0.0,1.0,0.0,0.0
106.730453,10.8740594,1064,0.0,1.0,0.0,0.0,0.0,0.0,0.0,1.0,0.0,0.0
106.7634728,10.8421583,1065,0.0,1.0,0.0,0.0,0.0,0.0,0.0,1.0,0.0,0.0
106.7725836,10.885723,1066,0.0,1.0,0.0,0.0,0.0,0.0,0.0,1.0,0.0,0.0
106.6792159,10.8019814,1067,0.0,1.0,0.0,0.0,0.0,0.0,0.0,1.0,0.0,0.0
106.7734113,10.8643839,1068,0.0,1.0,0.0,0.0,0.0,0.0,0.0,1.0,0.0,0.0
106.6516978,10.7894105,1069,0.0,1.0,0.0,0.0,0.0,0.0,0.0,1.0,0.0,0.0
106.657047,10.7601987,1070,0.0,1.0,0.0,0.0,0.0,0.0,0.0,1.0,0.0,0.0
106.6649722,10.803118,1071,0.0,1.0,0.0,0.0,0.0,0.0,0.0,1.0,0.0,0.0
106.7300776,10.798298,1072,0.0,1.0,0.0,0.0,0.0,0.0,0.0,1.0,0.0,0.0
106.6090134,10.7763006,1073,0.0,1.0,0.0,0.0,0.0,0.0,0.0,1.0,0.0,0.0
106.6720228,10.7915093,1074,1.0,0.0,0.0,0.0,0.0,0.0,0.0,1.0,0.0,0.0
106.5631515,10.6883189,1075,0.0,1.0,0.0,0.0,0.0,0.0,0.0,1.0,0.0,0.0
106.7295323,10.800603,1076,0.0,1.0,0.0,0.0,0.0,0.0,0.0,1.0,0.0,0.0
106.6600419,10.7827199,1077,0.0,1.0,0.0,0.0,0.0,0.0,0.0,1.0,0.0,0.0
106.6844466,10.8876581,1078,0.0,1.0,0.0,0.0,0.0,0.0,0.0,1.0,0.0,0.0
106.6466748,10.7693484,1079,0.0,1.0,0.0,0.0,0.0,0.0,0.0,1.0,0.0,0.0
106.6066348,10.8861495,1080,0.0,1.0,0.0,0.0,0.0,0.0,0.0,1.0,0.0,0.0
106.6553895,10.79872,1081,0.0,1.0,0.0,0.0,0.0,0.0,0.0,1.0,0.0,0.0
106.6472307,10.8393084,1082,0.0,1.0,0.0,0.0,0.0,0.0,0.0,1.0,0.0,0.0
106.6624273,10.7650961,1083,0.0,1.0,0.0,0.0,0.0,0.0,0.0,1.0,0.0,0.0
106.6634828,10.8380607,1084,0.0,1.0,0.0,0.0,0.0,0.0,0.0,1.0,0.0,0.0
106.6927297,10.8547702,1085,0.0,1.0,0.0,0.0,0.0,0.0,0.0,1.0,0.0,0.0
106.6123507,10.7762071,1086,0.0,1.0,0.0,0.0,0.0,0.0,0.0,1.0,0.0,0.0
106.667141,10.8002471,1087,0.0,1.0,0.0,0.0,0.0,0.0,0.0,1.0,0.0,0.0
106.5562576,10.6860732,1088,0.0,1.0,0.0,0.0,0.0,0.0,0.0,1.0,0.0,0.0
106.6505106,10.7679792,1089,0.0,1.0,0.0,0.0,0.0,0.0,0.0,1.0,0.0,0.0
106.7594654,10.8668912,1090,0.0,1.0,0.0,0.0,0.0,0.0,0.0,1.0,0.0,0.0
106.6703675,10.8301591,1091,0.0,1.0,0.0,0.0,0.0,0.0,0.0,1.0,0.0,0.0
106.6792258,10.8078754,1092,0.0,1.0,0.0,0.0,0.0,0.0,0.0,1.0,0.0,0.0
106.5979112,10.7059611,1093,0.0,1.0,0.0,0.0,0.0,0.0,0.0,0.0,1.0,0.0
106.5963084,10.6967183,1094,0.0,1.0,0.0,0.0,0.0,0.0,0.0,1.0,0.0,0.0
106.6630254,10.7914698,1095,0.0,1.0,0.0,0.0,0.0,0.0,0.0,1.0,0.0,0.0
106.6057733,10.8575697,1096,0.0,1.0,0.0,0.0,0.0,0.0,0.0,1.0,0.0,0.0
106.6172927,10.8815288,1097,0.0,1.0,0.0,0.0,0.0,0.0,0.0,1.0,0.0,0.0
106.6832843,10.7611567,1098,0.0,1.0,0.0,0.0,0.0,0.0,0.0,1.0,0.0,0.0
106.6626344,10.7984947,1099,0.0,1.0,0.0,0.0,0.0,0.0,0.0,1.0,0.0,0.0
106.7397513,10.773475,1100,0.0,1.0,0.0,0.0,0.0,0.0,0.0,1.0,0.0,0.0
106.6873783,10.8038431,1101,0.0,1.0,0.0,0.0,0.0,0.0,0.0,1.0,0.0,0.0
106.7545053,10.8504341,1102,0.0,1.0,0.0,0.0,0.0,0.0,0.0,1.0,0.0,0.0
106.6848291,10.7486955,1103,0.0,1.0,0.0,0.0,0.0,0.0,0.0,1.0,0.0,0.0
106.6734934,10.8081955,1104,0.0,1.0,0.0,0.0,0.0,0.0,0.0,1.0,0.0,0.0
106.6647001,10.8094773,1105,0.0,1.0,0.0,0.0,0.0,0.0,0.0,1.0,0.0,0.0
106.6675073,10.7656669,1106,0.0,1.0,0.0,0.0,0.0,0.0,0.0,1.0,0.0,0.0
106.6684566,10.7739206,1107,0.0,1.0,0.0,0.0,0.0,0.0,0.0,1.0,0.0,0.0
106.6890773,10.8092989,1108,0.0,1.0,0.0,0.0,0.0,0.0,0.0,1.0,0.0,0.0
106.5828239,10.6936597,1109,0.0,1.0,0.0,0.0,0.0,0.0,0.0,1.0,0.0,0.0
106.6647545,10.8040937,1110,0.0,1.0,0.0,0.0,0.0,0.0,0.0,1.0,0.0,0.0
106.7326352,10.8376731,1111,0.0,1.0,0.0,0.0,0.0,0.0,0.0,1.0,0.0,0.0
106.7644625,10.8330832,1112,0.0,1.0,0.0,0.0,0.0,0.0,0.0,1.0,0.0,0.0
106.6000082,10.7796646,1113,0.0,1.0,0.0,0.0,0.0,0.0,0.0,1.0,0.0,0.0
106.701785,10.7517644,1114,0.0,1.0,0.0,0.0,0.0,0.0,0.0,1.0,0.0,0.0
106.7639563,10.8321715,1115,0.0,1.0,0.0,0.0,0.0,0.0,0.0,1.0,0.0,0.0
106.6339978,10.7592472,1116,0.0,1.0,0.0,0.0,0.0,0.0,0.0,1.0,0.0,0.0
106.7965925,10.8633078,1117,0.0,1.0,0.0,0.0,0.0,0.0,0.0,1.0,0.0,0.0
106.6694309,10.7808899,1118,0.0,1.0,0.0,0.0,0.0,0.0,0.0,1.0,0.0,0.0
106.6655922,10.8338127,1119,0.0,1.0,0.0,0.0,0.0,0.0,0.0,1.0,0.0,0.0
106.6932056,10.8226675,1120,0.0,1.0,0.0,0.0,0.0,0.0,0.0,1.0,0.0,0.0
106.7093756,10.8029327,1121,0.0,1.0,0.0,0.0,0.0,0.0,0.0,1.0,0.0,0.0
106.6769093,10.8148657,1122,0.0,1.0,0.0,0.0,0.0,0.0,0.0,1.0,0.0,0.0
106.7230401,10.8298828,1123,0.0,1.0,0.0,0.0,0.0,0.0,0.0,1.0,0.0,0.0
106.7311352,10.79627,1124,0.0,1.0,0.0,0.0,0.0,0.0,0.0,1.0,0.0,0.0
106.6569689,10.7904195,1125,0.0,1.0,0.0,0.0,0.0,0.0,0.0,1.0,0.0,0.0
106.7217648,10.8290541,1126,0.0,1.0,0.0,0.0,0.0,0.0,0.0,1.0,0.0,0.0
106.6825111,10.8316967,1127,0.0,1.0,0.0,0.0,0.0,0.0,0.0,1.0,0.0,0.0
106.6725487,10.7962807,1128,0.0,1.0,0.0,0.0,0.0,0.0,0.0,1.0,0.0,0.0
106.6537915,10.765185,1129,0.0,1.0,0.0,0.0,0.0,0.0,0.0,1.0,0.0,0.0
106.6352129,10.8475601,1130,0.0,1.0,0.0,0.0,0.0,0.0,0.0,1.0,0.0,0.0
106.5873952,10.8844033,1131,0.0,1.0,0.0,0.0,0.0,0.0,0.0,1.0,0.0,0.0
106.8019343,10.8664542,1132,0.0,1.0,0.0,0.0,0.0,0.0,0.0,1.0,0.0,0.0
106.6854252,10.8039865,1133,0.0,1.0,0.0,0.0,0.0,0.0,0.0,1.0,0.0,0.0
106.6567412,10.775573,1134,0.0,1.0,0.0,0.0,0.0,0.0,0.0,1.0,0.0,0.0
106.771317,10.845138,1135,0.0,1.0,0.0,0.0,0.0,0.0,0.0,1.0,0.0,0.0
106.6828711,10.8215371,1136,0.0,1.0,0.0,0.0,0.0,0.0,0.0,1.0,0.0,0.0
106.6690531,10.7589175,1137,0.0,1.0,0.0,0.0,0.0,0.0,0.0,1.0,0.0,0.0
106.6006681,10.777223,1138,0.0,1.0,0.0,0.0,0.0,0.0,0.0,1.0,0.0,0.0
106.6863556,10.7504996,1139,0.0,1.0,0.0,0.0,0.0,0.0,0.0,1.0,0.0,0.0
106.6465914,10.7792145,1140,0.0,1.0,0.0,0.0,0.0,0.0,0.0,1.0,0.0,0.0
106.6591277,10.746165,1141,0.0,1.0,0.0,0.0,0.0,0.0,0.0,1.0,0.0,0.0
106.6719254,10.7550696,1142,0.0,1.0,0.0,0.0,0.0,0.0,0.0,1.0,0.0,0.0
106.6776297,10.7588935,1143,0.0,1.0,0.0,0.0,0.0,0.0,0.0,0.0,1.0,0.0
106.6417008,10.7784763,1144,0.0,1.0,0.0,0.0,0.0,0.0,0.0,1.0,0.0,0.0
106.6680944,10.7925175,1145,0.0,1.0,0.0,0.0,0.0,0.0,0.0,1.0,0.0,0.0
106.6200389,10.8571859,1146,0.0,1.0,0.0,0.0,0.0,0.0,0.0,1.0,0.0,0.0
106.6655566,10.7538142,1147,0.0,1.0,0.0,0.0,0.0,0.0,0.0,1.0,0.0,0.0
106.5982675,10.8865251,1148,0.0,1.0,0.0,0.0,0.0,0.0,0.0,1.0,0.0,0.0
106.7237951,10.7976427,1149,0.0,1.0,0.0,0.0,0.0,0.0,0.0,1.0,0.0,0.0
106.6740781,10.8154766,1150,0.0,1.0,0.0,0.0,0.0,0.0,0.0,1.0,0.0,0.0
106.7631714,10.8690596,1151,0.0,1.0,0.0,0.0,0.0,0.0,0.0,1.0,0.0,0.0
106.6700314,10.8131172,1152,0.0,1.0,0.0,0.0,0.0,0.0,0.0,1.0,0.0,0.0
106.6839553,10.7594656,1153,0.0,1.0,0.0,0.0,0.0,0.0,0.0,1.0,0.0,0.0
106.7318819,10.7981949,1154,0.0,1.0,0.0,0.0,0.0,0.0,0.0,1.0,0.0,0.0
106.7301408,10.7903475,1155,0.0,1.0,0.0,0.0,0.0,0.0,0.0,1.0,0.0,0.0
106.7669872,10.8504858,1156,0.0,1.0,0.0,0.0,0.0,0.0,0.0,1.0,0.0,0.0
106.652307,10.7616288,1157,0.0,1.0,0.0,0.0,0.0,0.0,0.0,1.0,0.0,0.0
106.6870931,10.8064973,1158,0.0,1.0,0.0,0.0,0.0,0.0,0.0,1.0,0.0,0.0
106.8030852,10.8762972,1159,0.0,1.0,0.0,0.0,0.0,0.0,0.0,1.0,0.0,0.0
106.6274402,10.7732289,1160,0.0,1.0,0.0,0.0,0.0,0.0,0.0,1.0,0.0,0.0
106.6504956,10.7514819,1161,0.0,1.0,0.0,0.0,0.0,0.0,0.0,1.0,0.0,0.0
106.6374165,10.7829558,1162,0.0,1.0,0.0,0.0,0.0,0.0,0.0,1.0,0.0,0.0
106.7518888,10.8473545,1163,0.0,1.0,0.0,0.0,0.0,0.0,0.0,1.0,0.0,0.0
106.5379359,10.6815155,1164,0.0,1.0,0.0,0.0,0.0,0.0,0.0,1.0,0.0,0.0
106.803996,10.8681772,1165,0.0,1.0,0.0,0.0,0.0,0.0,0.0,1.0,0.0,0.0
106.6082884,10.8818741,1166,0.0,1.0,0.0,0.0,0.0,0.0,0.0,1.0,0.0,0.0
106.6623418,10.7748418,1167,0.0,1.0,0.0,0.0,0.0,0.0,0.0,1.0,0.0,0.0
106.6248211,10.8547698,1168,0.0,1.0,0.0,0.0,0.0,0.0,0.0,1.0,0.0,0.0
106.6933269,10.8030766,1169,0.0,1.0,0.0,0.0,0.0,0.0,0.0,1.0,0.0,0.0
106.6451915,10.8408237,1170,0.0,1.0,0.0,0.0,0.0,0.0,0.0,1.0,0.0,0.0
106.6380178,10.7688403,1171,0.0,1.0,0.0,0.0,0.0,0.0,0.0,1.0,0.0,0.0
106.6595862,10.7825551,1172,0.0,1.0,0.0,0.0,0.0,0.0,0.0,1.0,0.0,0.0
106.6012041,10.8880015,1173,0.0,1.0,0.0,0.0,0.0,0.0,0.0,1.0,0.0,0.0
106.6553787,10.7918055,1174,0.0,1.0,0.0,0.0,0.0,0.0,0.0,1.0,0.0,0.0
106.6955629,10.8113053,1175,0.0,1.0,0.0,0.0,0.0,0.0,0.0,1.0,0.0,0.0
106.6673494,10.7576152,1176,0.0,1.0,0.0,0.0,0.0,0.0,0.0,1.0,0.0,0.0
106.6456743,10.7677353,1177,0.0,1.0,0.0,0.0,0.0,0.0,0.0,1.0,0.0,0.0
106.7462156,10.8412725,1178,0.0,1.0,0.0,0.0,0.0,0.0,0.0,1.0,0.0,0.0
106.7619572,10.87865,1179,0.0,1.0,0.0,0.0,0.0,0.0,0.0,1.0,0.0,0.0
106.6624898,10.8414514,1180,0.0,1.0,0.0,0.0,0.0,0.0,0.0,1.0,0.0,0.0
106.7438259,10.872369,1181,0.0,1.0,0.0,0.0,0.0,0.0,0.0,1.0,0.0,0.0
106.6027949,10.8875177,1182,0.0,1.0,0.0,0.0,0.0,0.0,0.0,1.0,0.0,0.0
106.6734728,10.7711007,1183,0.0,1.0,0.0,0.0,0.0,0.0,0.0,1.0,0.0,0.0
106.8161115,10.8834091,1184,0.0,1.0,0.0,0.0,0.0,0.0,0.0,1.0,0.0,0.0
106.6541687,10.7766665,1185,0.0,1.0,0.0,0.0,0.0,0.0,0.0,1.0,0.0,0.0
106.6645722,10.8351012,1186,0.0,1.0,0.0,0.0,0.0,0.0,0.0,1.0,0.0,0.0
106.6776594,10.7974052,1187,0.0,1.0,0.0,0.0,0.0,0.0,0.0,1.0,0.0,0.0
106.7330634,10.7986017,1188,0.0,1.0,0.0,0.0,0.0,0.0,0.0,1.0,0.0,0.0
106.6732878,10.7822806,1189,0.0,1.0,0.0,0.0,0.0,0.0,0.0,1.0,0.0,0.0
106.7310401,10.7981455,1190,0.0,1.0,0.0,0.0,0.0,0.0,0.0,1.0,0.0,0.0
106.6399335,10.8439743,1191,0.0,1.0,0.0,0.0,0.0,0.0,0.0,1.0,0.0,0.0
106.6536515,10.7624973,1192,0.0,1.0,0.0,0.0,0.0,0.0,0.0,1.0,0.0,0.0
106.6364784,10.7865577,1193,0.0,1.0,0.0,0.0,0.0,0.0,0.0,1.0,0.0,0.0
106.6668105,10.8060626,1194,0.0,1.0,0.0,0.0,0.0,0.0,0.0,1.0,0.0,0.0
106.642956,10.770814,1195,0.0,1.0,0.0,0.0,0.0,0.0,0.0,1.0,0.0,0.0
106.7299492,10.8525073,1196,0.0,1.0,0.0,0.0,0.0,0.0,0.0,1.0,0.0,0.0
106.6202973,10.7956001,1197,0.0,1.0,0.0,0.0,0.0,0.0,0.0,1.0,0.0,0.0
106.6163333,10.8825854,1198,0.0,1.0,0.0,0.0,0.0,0.0,0.0,1.0,0.0,0.0
106.5872968,10.6950698,1199,0.0,1.0,0.0,0.0,0.0,0.0,0.0,1.0,0.0,0.0
106.7698521,10.8824106,1200,0.0,1.0,0.0,0.0,0.0,0.0,0.0,1.0,0.0,0.0
106.5386925,10.7202232,1201,0.0,1.0,0.0,0.0,0.0,0.0,0.0,1.0,0.0,0.0
106.6685787,10.7997719,1202,0.0,1.0,0.0,0.0,0.0,0.0,0.0,1.0,0.0,0.0
106.7709163,10.883771,1203,0.0,1.0,0.0,0.0,0.0,0.0,0.0,1.0,0.0,0.0
106.6141933,10.8712393,1204,0.0,1.0,0.0,0.0,0.0,0.0,0.0,1.0,0.0,0.0
106.6671019,10.7951665,1205,0.0,1.0,0.0,0.0,0.0,0.0,0.0,1.0,0.0,0.0
106.5509034,10.6846201,1206,0.0,1.0,0.0,0.0,0.0,0.0,0.0,1.0,0.0,0.0
106.7068791,10.8547574,1207,0.0,1.0,0.0,0.0,0.0,0.0,0.0,1.0,0.0,0.0
106.6166238,10.8404095,1208,0.0,1.0,0.0,0.0,0.0,0.0,0.0,1.0,0.0,0.0
106.6545443,10.7570142,1209,0.0,1.0,0.0,0.0,0.0,0.0,0.0,1.0,0.0,0.0
106.6362487,10.8166132,1210,0.0,1.0,0.0,0.0,0.0,0.0,0.0,1.0,0.0,0.0
106.6829772,10.801811,1211,0.0,1.0,0.0,0.0,0.0,0.0,0.0,0.0,1.0,0.0
106.5801113,10.6929402,1212,0.0,1.0,0.0,0.0,0.0,0.0,0.0,1.0,0.0,0.0
106.6625664,10.7914844,1213,0.0,1.0,0.0,0.0,0.0,0.0,0.0,1.0,0.0,0.0
106.6291637,10.8194794,1214,0.0,1.0,0.0,0.0,0.0,0.0,0.0,1.0,0.0,0.0
106.6712269,10.7544565,1215,0.0,1.0,0.0,0.0,0.0,0.0,0.0,1.0,0.0,0.0
106.6593776,10.7825172,1216,0.0,1.0,0.0,0.0,0.0,0.0,0.0,1.0,0.0,0.0
106.6648075,10.7663826,1217,0.0,1.0,0.0,0.0,0.0,0.0,0.0,1.0,0.0,0.0
106.667154,10.7672207,1218,0.0,1.0,0.0,0.0,0.0,0.0,0.0,1.0,0.0,0.0
106.6930074,10.8478565,1219,0.0,1.0,0.0,0.0,0.0,0.0,0.0,1.0,0.0,0.0
106.6812882,10.8846445,1220,0.0,1.0,0.0,0.0,0.0,0.0,0.0,1.0,0.0,0.0
106.6931442,10.8500945,1221,0.0,1.0,0.0,0.0,0.0,0.0,0.0,1.0,0.0,0.0
106.6565533,10.7706174,1222,0.0,1.0,0.0,0.0,0.0,0.0,0.0,1.0,0.0,0.0
106.6443254,10.7604569,1223,0.0,1.0,0.0,0.0,0.0,0.0,0.0,1.0,0.0,0.0
106.7040931,10.7973168,1224,0.0,1.0,0.0,0.0,0.0,0.0,0.0,1.0,0.0,0.0
106.653626,10.7645678,1225,0.0,1.0,0.0,0.0,0.0,0.0,0.0,1.0,0.0,0.0
106.6768045,10.8740038,1226,0.0,1.0,0.0,0.0,0.0,0.0,0.0,1.0,0.0,0.0
106.6575383,10.8009968,1227,0.0,1.0,0.0,0.0,0.0,0.0,0.0,0.0,1.0,0.0
106.6637823,10.7588983,1228,0.0,1.0,0.0,0.0,0.0,0.0,0.0,1.0,0.0,0.0
106.7505717,10.7882091,1229,0.0,1.0,0.0,0.0,0.0,0.0,0.0,1.0,0.0,0.0
106.640216,10.7934076,1230,0.0,1.0,0.0,0.0,0.0,0.0,0.0,1.0,0.0,0.0
106.682951,10.8612036,1231,0.0,1.0,0.0,0.0,0.0,0.0,0.0,1.0,0.0,0.0
106.6217957,10.8785183,1232,0.0,1.0,0.0,0.0,0.0,0.0,0.0,1.0,0.0,0.0
106.6538403,10.7652775,1233,0.0,1.0,0.0,0.0,0.0,0.0,0.0,1.0,0.0,0.0
106.6391282,10.7756534,1234,0.0,1.0,0.0,0.0,0.0,0.0,0.0,1.0,0.0,0.0
106.6669651,10.7952587,1235,0.0,1.0,0.0,0.0,0.0,0.0,0.0,1.0,0.0,0.0
106.7067018,10.8251846,1236,0.0,0.0,0.0,0.0,1.0,0.0,0.0,1.0,0.0,0.0
106.6149043,10.7384659,1237,0.0,1.0,0.0,0.0,0.0,0.0,0.0,1.0,0.0,0.0
106.8001828,10.875714,1238,0.0,1.0,0.0,0.0,0.0,0.0,0.0,1.0,0.0,0.0
106.7724049,10.848047,1239,0.0,1.0,0.0,0.0,0.0,0.0,0.0,1.0,0.0,0.0
106.6403271,10.7770947,1240,0.0,1.0,0.0,0.0,0.0,0.0,0.0,1.0,0.0,0.0
106.6788772,10.8080783,1241,0.0,1.0,0.0,0.0,0.0,0.0,0.0,1.0,0.0,0.0
106.6672171,10.766943,1242,0.0,1.0,0.0,0.0,0.0,0.0,0.0,1.0,0.0,0.0
106.6231082,10.8779044,1243,0.0,1.0,0.0,0.0,0.0,0.0,0.0,1.0,0.0,0.0
106.6660826,10.7958989,1244,0.0,1.0,0.0,0.0,0.0,0.0,0.0,1.0,0.0,0.0
106.6599909,10.7530137,1245,0.0,1.0,0.0,0.0,0.0,0.0,0.0,1.0,0.0,0.0
106.7247561,10.7028333,1246,0.0,1.0,0.0,0.0,0.0,0.0,0.0,1.0,0.0,0.0
106.6206233,10.8792798,1247,0.0,1.0,0.0,0.0,0.0,0.0,0.0,1.0,0.0,0.0
106.6569184,10.7910067,1248,0.0,1.0,0.0,0.0,0.0,0.0,0.0,1.0,0.0,0.0
106.7419618,10.8714198,1249,0.0,1.0,0.0,0.0,0.0,0.0,0.0,1.0,0.0,0.0
106.6895892,10.8098784,1250,0.0,1.0,0.0,0.0,0.0,0.0,0.0,1.0,0.0,0.0
106.6768912,10.8755125,1251,0.0,1.0,0.0,0.0,0.0,0.0,0.0,1.0,0.0,0.0
106.6494313,10.7497109,1252,0.0,1.0,0.0,0.0,0.0,0.0,0.0,1.0,0.0,0.0
106.6954833,10.8112469,1253,0.0,1.0,0.0,0.0,0.0,0.0,0.0,1.0,0.0,0.0
106.6055373,10.886458,1254,0.0,1.0,0.0,0.0,0.0,0.0,0.0,1.0,0.0,0.0
106.7015752,10.8366038,1255,0.0,1.0,0.0,0.0,0.0,0.0,0.0,1.0,0.0,0.0
106.6429802,10.7631213,1256,0.0,1.0,0.0,0.0,0.0,0.0,0.0,1.0,0.0,0.0
106.6929896,10.7951101,1257,0.0,1.0,0.0,0.0,0.0,0.0,0.0,1.0,0.0,0.0
106.7636457,10.8712345,1258,0.0,1.0,0.0,0.0,0.0,0.0,0.0,1.0,0.0,0.0
106.7005416,10.8598082,1259,0.0,1.0,0.0,0.0,0.0,0.0,0.0,1.0,0.0,0.0
106.7770879,10.8730172,1260,0.0,1.0,0.0,0.0,0.0,0.0,0.0,1.0,0.0,0.0
106.6888186,10.7472717,1261,0.0,1.0,0.0,0.0,0.0,0.0,0.0,1.0,0.0,0.0
106.6794551,10.8814971,1262,0.0,1.0,0.0,0.0,0.0,0.0,0.0,1.0,0.0,0.0
106.6498695,10.7583005,1263,0.0,1.0,0.0,0.0,0.0,0.0,0.0,1.0,0.0,0.0
106.6405147,10.7944908,1264,0.0,1.0,0.0,0.0,0.0,0.0,0.0,1.0,0.0,0.0
106.6781586,10.757318,1265,0.0,1.0,0.0,0.0,0.0,0.0,0.0,0.0,1.0,0.0
106.6532564,10.857532,1266,0.0,1.0,0.0,0.0,0.0,0.0,0.0,1.0,0.0,0.0
106.651978,10.8587705,1267,0.0,1.0,0.0,0.0,0.0,0.0,0.0,1.0,0.0,0.0
106.7123302,10.8105089,1268,0.0,1.0,0.0,0.0,0.0,0.0,0.0,1.0,0.0,0.0
106.6560806,10.7877277,1269,0.0,1.0,0.0,0.0,0.0,0.0,0.0,1.0,0.0,0.0
106.6675897,10.7983227,1270,0.0,1.0,0.0,0.0,0.0,0.0,0.0,1.0,0.0,0.0
106.6629582,10.7653794,1271,0.0,1.0,0.0,0.0,0.0,0.0,0.0,1.0,0.0,0.0
106.711827,10.8086198,1272,0.0,1.0,0.0,0.0,0.0,0.0,0.0,1.0,0.0,0.0
106.5398654,10.6816329,1273,0.0,1.0,0.0,0.0,0.0,0.0,0.0,1.0,0.0,0.0
106.7091507,10.8120623,1274,0.0,1.0,0.0,0.0,0.0,0.0,0.0,1.0,0.0,0.0
106.7799489,10.8532514,1275,0.0,1.0,0.0,0.0,0.0,0.0,0.0,1.0,0.0,0.0
106.6271541,10.7723432,1276,0.0,1.0,0.0,0.0,0.0,0.0,0.0,1.0,0.0,0.0
106.6713839,10.7589022,1277,0.0,1.0,0.0,0.0,0.0,0.0,0.0,1.0,0.0,0.0
106.7700202,10.8497442,1278,0.0,1.0,0.0,0.0,0.0,0.0,0.0,1.0,0.0,0.0
106.6367225,10.8701212,1279,0.0,1.0,0.0,0.0,0.0,0.0,0.0,1.0,0.0,0.0
106.7096016,10.7876817,1280,0.0,1.0,0.0,0.0,0.0,0.0,0.0,1.0,0.0,0.0
106.7570201,10.8139606,1281,0.0,1.0,0.0,0.0,0.0,0.0,0.0,1.0,0.0,0.0
106.7145929,10.8690532,1282,0.0,1.0,0.0,0.0,0.0,0.0,0.0,1.0,0.0,0.0
106.7394209,10.8399411,1283,0.0,1.0,0.0,0.0,0.0,0.0,0.0,1.0,0.0,0.0
106.7139479,10.8350834,1284,0.0,1.0,0.0,0.0,0.0,0.0,0.0,1.0,0.0,0.0
106.7139796,10.8347246,1285,0.0,1.0,0.0,0.0,0.0,0.0,0.0,1.0,0.0,0.0
106.6799122,10.8591758,1286,0.0,1.0,0.0,0.0,0.0,0.0,0.0,1.0,0.0,0.0
106.6556187,10.8552658,1287,0.0,1.0,0.0,0.0,0.0,0.0,0.0,1.0,0.0,0.0
106.6788505,10.8514637,1288,0.0,1.0,0.0,0.0,0.0,0.0,0.0,1.0,0.0,0.0
106.6787535,10.8506971,1289,0.0,1.0,0.0,0.0,0.0,0.0,0.0,1.0,0.0,0.0
106.6985355,10.8182453,1290,0.0,1.0,0.0,0.0,0.0,0.0,0.0,1.0,0.0,0.0
106.7158764,10.7286341,1291,0.0,1.0,0.0,0.0,0.0,0.0,0.0,1.0,0.0,0.0
106.7171986,10.7289454,1292,0.0,1.0,0.0,0.0,0.0,0.0,0.0,1.0,0.0,0.0
106.60178,10.7277176,1293,0.0,1.0,0.0,0.0,0.0,0.0,0.0,1.0,0.0,0.0
106.6046598,10.7263462,1294,0.0,1.0,0.0,0.0,0.0,0.0,0.0,1.0,0.0,0.0
106.7094493,10.8064112,1295,0.0,1.0,0.0,0.0,0.0,0.0,0.0,1.0,0.0,0.0
106.7115501,10.805844,1296,0.0,1.0,0.0,0.0,0.0,0.0,0.0,1.0,0.0,0.0
106.7115254,10.8055396,1297,0.0,1.0,0.0,0.0,0.0,0.0,0.0,1.0,0.0,0.0
106.7334573,10.7997398,1298,0.0,1.0,0.0,0.0,0.0,0.0,0.0,1.0,0.0,0.0
106.7334642,10.7994405,1299,0.0,1.0,0.0,0.0,0.0,0.0,0.0,1.0,0.0,0.0
106.7165178,10.8003961,1300,0.0,1.0,0.0,0.0,0.0,0.0,0.0,1.0,0.0,0.0
106.716054,10.8006159,1301,0.0,1.0,0.0,0.0,0.0,0.0,0.0,1.0,0.0,0.0
106.6959206,10.7929272,1302,0.0,1.0,0.0,0.0,0.0,0.0,0.0,1.0,0.0,0.0
106.602171,10.729901,1303,0.0,1.0,0.0,0.0,0.0,0.0,0.0,1.0,0.0,0.0
106.6172503,10.7884223,1304,0.0,1.0,0.0,0.0,0.0,0.0,0.0,1.0,0.0,0.0
106.6353191,10.8474862,1305,0.0,1.0,0.0,0.0,0.0,0.0,0.0,1.0,0.0,0.0
106.6378814,10.8457909,1306,0.0,1.0,0.0,0.0,0.0,0.0,0.0,1.0,0.0,0.0
106.7200233,10.8513034,1307,0.0,1.0,0.0,0.0,0.0,0.0,0.0,1.0,0.0,0.0
106.7293008,10.7998391,1308,0.0,1.0,0.0,0.0,0.0,0.0,0.0,1.0,0.0,0.0
106.6689199,10.7460556,1309,0.0,1.0,0.0,0.0,0.0,0.0,0.0,1.0,0.0,0.0
106.6688502,10.7427885,1310,0.0,1.0,0.0,0.0,0.0,0.0,0.0,1.0,0.0,0.0
106.6613572,10.7433356,1311,0.0,1.0,0.0,0.0,0.0,0.0,0.0,1.0,0.0,0.0
106.6841916,10.7498581,1312,0.0,1.0,0.0,0.0,0.0,0.0,0.0,1.0,0.0,0.0
106.7138669,10.789374,1313,0.0,1.0,0.0,0.0,0.0,0.0,0.0,1.0,0.0,0.0
106.712201,10.7896678,1314,0.0,1.0,0.0,0.0,0.0,0.0,0.0,1.0,0.0,0.0
106.7136861,10.7920783,1315,0.0,1.0,0.0,0.0,0.0,0.0,0.0,1.0,0.0,0.0
106.7494495,10.8036396,1316,0.0,1.0,0.0,0.0,0.0,0.0,0.0,1.0,0.0,0.0
106.7519059,10.8049252,1317,0.0,1.0,0.0,0.0,0.0,0.0,0.0,1.0,0.0,0.0
106.7541394,10.8069972,1318,0.0,1.0,0.0,0.0,0.0,0.0,0.0,1.0,0.0,0.0
106.7547252,10.8079132,1319,0.0,1.0,0.0,0.0,0.0,0.0,0.0,1.0,0.0,0.0
106.7554731,10.8092502,1320,0.0,1.0,0.0,0.0,0.0,0.0,0.0,1.0,0.0,0.0
106.7557929,10.8094109,1321,0.0,1.0,0.0,0.0,0.0,0.0,0.0,1.0,0.0,0.0
106.756138,10.8097861,1322,0.0,1.0,0.0,0.0,0.0,0.0,0.0,1.0,0.0,0.0
106.7214819,10.7986715,1323,0.0,1.0,0.0,0.0,0.0,0.0,0.0,1.0,0.0,0.0
106.7022057,10.7478972,1324,0.0,1.0,0.0,0.0,0.0,0.0,0.0,1.0,0.0,0.0
106.7006105,10.7384081,1325,0.0,1.0,0.0,0.0,0.0,0.0,0.0,1.0,0.0,0.0
106.6998448,10.7335978,1326,0.0,1.0,0.0,0.0,0.0,0.0,0.0,1.0,0.0,0.0
106.6573514,10.7209584,1327,0.0,1.0,0.0,0.0,0.0,0.0,0.0,1.0,0.0,0.0
106.7224037,10.7537495,1328,0.0,1.0,0.0,0.0,0.0,0.0,0.0,1.0,0.0,0.0
106.7242551,10.7516598,1329,0.0,1.0,0.0,0.0,0.0,0.0,0.0,1.0,0.0,0.0
106.6883063,10.787432,1330,0.0,1.0,0.0,0.0,0.0,0.0,0.0,1.0,0.0,0.0
106.689596,10.7897584,1331,0.0,1.0,0.0,0.0,0.0,0.0,0.0,1.0,0.0,0.0
106.686277,10.778772,1332,0.0,1.0,0.0,0.0,0.0,0.0,0.0,1.0,0.0,0.0
106.6860691,10.7789464,1333,0.0,1.0,0.0,0.0,0.0,0.0,0.0,1.0,0.0,0.0
106.7010745,10.7711589,1334,0.0,1.0,0.0,0.0,0.0,0.0,0.0,1.0,0.0,0.0
106.6794954,10.7803936,1335,0.0,1.0,0.0,0.0,0.0,0.0,0.0,0.0,1.0,0.0
106.6798475,10.7807537,1336,0.0,1.0,0.0,0.0,0.0,0.0,0.0,1.0,0.0,0.0
106.677585,10.7799945,1337,0.0,1.0,0.0,0.0,0.0,0.0,0.0,1.0,0.0,0.0
106.6942858,10.7902899,1338,0.0,1.0,0.0,0.0,0.0,0.0,0.0,1.0,0.0,0.0
106.6871714,10.7916908,1339,0.0,1.0,0.0,0.0,0.0,0.0,0.0,1.0,0.0,0.0
106.6955444,10.78281,1340,0.0,1.0,0.0,0.0,0.0,0.0,0.0,1.0,0.0,0.0
106.6884139,10.7907006,1341,0.0,1.0,0.0,0.0,0.0,0.0,0.0,1.0,0.0,0.0
106.6845725,10.7863467,1342,0.0,1.0,0.0,0.0,0.0,0.0,0.0,1.0,0.0,0.0
106.6888956,10.7915069,1343,0.0,1.0,0.0,0.0,0.0,0.0,0.0,1.0,0.0,0.0
106.6957016,10.7830224,1344,0.0,1.0,0.0,0.0,0.0,0.0,0.0,1.0,0.0,0.0
106.6845974,10.7860057,1345,0.0,1.0,0.0,0.0,0.0,0.0,0.0,1.0,0.0,0.0
106.6959915,10.7830939,1346,0.0,1.0,0.0,0.0,0.0,0.0,0.0,1.0,0.0,0.0
106.6846332,10.7867155,1347,0.0,1.0,0.0,0.0,0.0,0.0,0.0,1.0,0.0,0.0
106.6847741,10.7871677,1348,0.0,1.0,0.0,0.0,0.0,0.0,0.0,1.0,0.0,0.0
106.684635,10.785907,1349,0.0,1.0,0.0,0.0,0.0,0.0,0.0,1.0,0.0,0.0
106.684678,10.785113,1350,0.0,1.0,0.0,0.0,0.0,0.0,0.0,1.0,0.0,0.0
106.6836171,10.7804875,1351,0.0,1.0,0.0,0.0,0.0,0.0,0.0,1.0,0.0,0.0
106.684617,10.784903,1352,0.0,1.0,0.0,0.0,0.0,0.0,0.0,1.0,0.0,0.0
106.684734,10.785485,1353,0.0,1.0,0.0,0.0,0.0,0.0,0.0,1.0,0.0,0.0
106.6865513,10.7845477,1354,0.0,1.0,0.0,0.0,0.0,0.0,0.0,1.0,0.0,0.0
106.6849537,10.7878238,1355,0.0,1.0,0.0,0.0,0.0,0.0,0.0,1.0,0.0,0.0
106.6850959,10.788335,1356,0.0,1.0,0.0,0.0,0.0,0.0,0.0,1.0,0.0,0.0
106.6709413,10.7835402,1357,0.0,1.0,0.0,0.0,0.0,0.0,0.0,1.0,0.0,0.0
106.6912273,10.7871327,1358,0.0,1.0,0.0,0.0,0.0,0.0,0.0,1.0,0.0,0.0
106.6883471,10.7914078,1359,0.0,1.0,0.0,0.0,0.0,0.0,0.0,1.0,0.0,0.0
106.6905496,10.7635026,1360,0.0,1.0,0.0,0.0,0.0,0.0,0.0,1.0,0.0,0.0
106.7010097,10.7676642,1361,0.0,1.0,0.0,0.0,0.0,0.0,0.0,1.0,0.0,0.0
106.6775347,10.788032,1362,0.0,1.0,0.0,0.0,0.0,0.0,0.0,1.0,0.0,0.0
106.689846,10.7799599,1363,0.0,1.0,0.0,0.0,0.0,0.0,0.0,1.0,0.0,0.0
106.679297,10.781667,1364,0.0,1.0,0.0,0.0,0.0,0.0,0.0,1.0,0.0,0.0
106.6819869,10.7855943,1365,0.0,1.0,0.0,0.0,0.0,0.0,0.0,1.0,0.0,0.0
106.6840516,10.7595017,1366,0.0,1.0,0.0,0.0,0.0,0.0,0.0,1.0,0.0,0.0
106.694426,10.7859246,1367,0.0,1.0,0.0,0.0,0.0,0.0,0.0,1.0,0.0,0.0
106.689083,10.7783741,1368,0.0,1.0,0.0,0.0,0.0,0.0,0.0,1.0,0.0,0.0
106.6749338,10.7813994,1369,0.0,1.0,0.0,0.0,0.0,0.0,0.0,1.0,0.0,0.0
106.6727592,10.7825681,1370,0.0,1.0,0.0,0.0,0.0,0.0,0.0,1.0,0.0,0.0
106.6929369,10.7710906,1371,0.0,1.0,0.0,0.0,0.0,0.0,0.0,1.0,0.0,0.0
106.6782502,10.7871719,1372,0.0,1.0,0.0,0.0,0.0,0.0,0.0,1.0,0.0,0.0
106.6863367,10.7745147,1373,0.0,1.0,0.0,0.0,0.0,0.0,0.0,1.0,0.0,0.0
106.6755728,10.7693016,1374,0.0,1.0,0.0,0.0,0.0,0.0,0.0,1.0,0.0,0.0
106.6745229,10.7678833,1375,0.0,1.0,0.0,0.0,0.0,0.0,0.0,1.0,0.0,0.0
106.6937201,10.7688856,1376,0.0,1.0,0.0,0.0,0.0,0.0,0.0,1.0,0.0,0.0
106.6964393,10.7821356,1377,0.0,1.0,0.0,0.0,0.0,0.0,0.0,1.0,0.0,0.0
106.7005966,10.7913288,1378,0.0,1.0,0.0,0.0,0.0,0.0,0.0,1.0,0.0,0.0
106.6830536,10.7710351,1379,0.0,1.0,0.0,0.0,0.0,0.0,0.0,1.0,0.0,0.0
106.68096,10.7710539,1380,0.0,1.0,0.0,0.0,0.0,0.0,0.0,1.0,0.0,0.0
106.6711445,10.7834318,1381,0.0,1.0,0.0,0.0,0.0,0.0,0.0,1.0,0.0,0.0
106.6795526,10.7722563,1382,0.0,1.0,0.0,0.0,0.0,0.0,0.0,1.0,0.0,0.0
106.701204,10.790779,1383,0.0,1.0,0.0,0.0,0.0,0.0,0.0,1.0,0.0,0.0
106.6748176,10.7895278,1384,0.0,1.0,0.0,0.0,0.0,0.0,0.0,1.0,0.0,0.0
106.6960283,10.7888334,1385,0.0,1.0,0.0,0.0,0.0,0.0,0.0,1.0,0.0,0.0
106.7001117,10.7917723,1386,0.0,1.0,0.0,0.0,0.0,0.0,0.0,1.0,0.0,0.0
106.6814676,10.7798105,1387,0.0,1.0,0.0,0.0,0.0,0.0,0.0,1.0,0.0,0.0
106.7041489,10.7880507,1388,0.0,1.0,0.0,0.0,0.0,0.0,0.0,1.0,0.0,0.0
106.6999228,10.7919424,1389,0.0,1.0,0.0,0.0,0.0,0.0,0.0,1.0,0.0,0.0
106.692277,10.783788,1390,0.0,1.0,0.0,0.0,0.0,0.0,0.0,1.0,0.0,0.0
106.6940725,10.7862039,1391,0.0,1.0,0.0,0.0,0.0,0.0,0.0,1.0,0.0,0.0
106.7045029,10.7896141,1392,0.0,1.0,0.0,0.0,0.0,0.0,0.0,1.0,0.0,0.0
106.6892894,10.7804821,1393,0.0,1.0,0.0,0.0,0.0,0.0,0.0,1.0,0.0,0.0
106.6789157,10.7820636,1394,0.0,1.0,0.0,0.0,0.0,0.0,0.0,1.0,0.0,0.0
106.6857611,10.7881479,1395,0.0,1.0,0.0,0.0,0.0,0.0,0.0,1.0,0.0,0.0
106.693016,10.78312,1396,0.0,1.0,0.0,0.0,0.0,0.0,0.0,1.0,0.0,0.0
106.6817066,10.770417,1397,0.0,1.0,0.0,0.0,0.0,0.0,0.0,1.0,0.0,0.0
106.6880627,10.7763429,1398,0.0,1.0,0.0,0.0,0.0,0.0,0.0,1.0,0.0,0.0
106.6798441,10.7720072,1399,0.0,1.0,0.0,0.0,0.0,0.0,0.0,1.0,0.0,0.0
106.6831644,10.7775916,1400,0.0,1.0,0.0,0.0,0.0,0.0,0.0,1.0,0.0,0.0
106.6840314,10.7770191,1401,0.0,1.0,0.0,0.0,0.0,0.0,0.0,1.0,0.0,0.0
106.7022238,10.7912371,1402,0.0,1.0,0.0,0.0,0.0,0.0,0.0,1.0,0.0,0.0
106.7027113,10.7917682,1403,0.0,1.0,0.0,0.0,0.0,0.0,0.0,1.0,0.0,0.0
106.6791758,10.7725943,1404,0.0,1.0,0.0,0.0,0.0,0.0,0.0,1.0,0.0,0.0
106.6863082,10.7831971,1405,0.0,1.0,0.0,0.0,0.0,0.0,0.0,1.0,0.0,0.0
106.6915718,10.7874841,1406,0.0,1.0,0.0,0.0,0.0,0.0,0.0,1.0,0.0,0.0
106.6817358,10.7857389,1407,0.0,1.0,0.0,0.0,0.0,0.0,0.0,1.0,0.0,0.0
106.6865765,10.7833367,1408,0.0,1.0,0.0,0.0,0.0,0.0,0.0,1.0,0.0,0.0
106.6896603,10.761662,1409,0.0,1.0,0.0,0.0,0.0,0.0,0.0,1.0,0.0,0.0
106.6924572,10.7707599,1410,0.0,1.0,0.0,0.0,0.0,0.0,0.0,1.0,0.0,0.0
106.6861405,10.7743062,1411,0.0,1.0,0.0,0.0,0.0,0.0,0.0,1.0,0.0,0.0
106.6894845,10.7736312,1412,0.0,1.0,0.0,0.0,0.0,0.0,0.0,0.0,1.0,0.0
106.6989225,10.7821327,1413,0.0,1.0,0.0,0.0,0.0,0.0,0.0,1.0,0.0,0.0
106.6827479,10.7707023,1414,0.0,1.0,0.0,0.0,0.0,0.0,0.0,1.0,0.0,0.0
106.6998523,10.7928621,1415,0.0,1.0,0.0,0.0,0.0,0.0,0.0,1.0,0.0,0.0
106.7060815,10.7756896,1416,0.0,1.0,0.0,0.0,0.0,0.0,0.0,1.0,0.0,0.0
106.6803024,10.7840477,1417,0.0,1.0,0.0,0.0,0.0,0.0,0.0,1.0,0.0,0.0
106.6823788,10.7830548,1418,0.0,1.0,0.0,0.0,0.0,0.0,0.0,1.0,0.0,0.0
106.6809703,10.7837104,1419,0.0,1.0,0.0,0.0,0.0,0.0,0.0,1.0,0.0,0.0
106.6895131,10.7898241,1420,0.0,1.0,0.0,0.0,0.0,0.0,0.0,1.0,0.0,0.0
106.6893182,10.7899798,1421,0.0,1.0,0.0,0.0,0.0,0.0,0.0,1.0,0.0,0.0
106.6947432,10.7875352,1422,0.0,1.0,0.0,0.0,0.0,0.0,0.0,1.0,0.0,0.0
106.6974154,10.7790997,1423,0.0,1.0,0.0,0.0,0.0,0.0,0.0,0.0,1.0,0.0
106.69714,10.7651757,1424,0.0,1.0,0.0,0.0,0.0,0.0,0.0,1.0,0.0,0.0
106.6967928,10.7796593,1425,0.0,1.0,0.0,0.0,0.0,0.0,0.0,1.0,0.0,0.0
106.7031476,10.7924028,1426,0.0,1.0,0.0,0.0,0.0,0.0,0.0,1.0,0.0,0.0
106.7019064,10.792663,1427,0.0,1.0,0.0,0.0,0.0,0.0,0.0,1.0,0.0,0.0
106.7022919,10.7925955,1428,0.0,1.0,0.0,0.0,0.0,0.0,0.0,1.0,0.0,0.0
106.7016166,10.7927117,1429,0.0,1.0,0.0,0.0,0.0,0.0,0.0,1.0,0.0,0.0
106.700919,10.7928213,1430,0.0,1.0,0.0,0.0,0.0,0.0,0.0,1.0,0.0,0.0
106.6991262,10.7879823,1431,0.0,1.0,0.0,0.0,0.0,0.0,0.0,1.0,0.0,0.0
106.6976719,10.7864515,1432,0.0,1.0,0.0,0.0,0.0,0.0,0.0,1.0,0.0,0.0
106.6970488,10.789885,1433,0.0,1.0,0.0,0.0,0.0,0.0,0.0,1.0,0.0,0.0
106.6758237,10.7696266,1434,0.0,1.0,0.0,0.0,0.0,0.0,0.0,1.0,0.0,0.0
106.695675,10.7926662,1435,0.0,1.0,0.0,0.0,0.0,0.0,0.0,1.0,0.0,0.0
106.6825988,10.7910679,1436,0.0,1.0,0.0,0.0,0.0,0.0,0.0,1.0,0.0,0.0
106.681367,10.7921893,1437,0.0,1.0,0.0,0.0,0.0,0.0,0.0,1.0,0.0,0.0
106.6810825,10.7861078,1438,0.0,1.0,0.0,0.0,0.0,0.0,0.0,1.0,0.0,0.0
106.6932415,10.7746806,1439,0.0,1.0,0.0,0.0,0.0,0.0,0.0,1.0,0.0,0.0
106.697328,10.7926284,1440,0.0,1.0,0.0,0.0,0.0,0.0,0.0,1.0,0.0,0.0
106.6784842,10.7830627,1441,0.0,1.0,0.0,0.0,0.0,0.0,0.0,1.0,0.0,0.0
106.6784398,10.7845027,1442,0.0,1.0,0.0,0.0,0.0,0.0,0.0,0.0,1.0,0.0
106.6815175,10.785862,1443,0.0,1.0,0.0,0.0,0.0,0.0,0.0,1.0,0.0,0.0
106.6784596,10.7838843,1444,0.0,1.0,0.0,0.0,0.0,0.0,0.0,1.0,0.0,0.0
106.6784817,10.7835849,1445,0.0,1.0,0.0,0.0,0.0,0.0,0.0,1.0,0.0,0.0
106.6961374,10.7830484,1446,0.0,1.0,0.0,0.0,0.0,0.0,0.0,1.0,0.0,0.0
106.6869946,10.7759864,1447,0.0,1.0,0.0,0.0,0.0,0.0,0.0,1.0,0.0,0.0
106.7084596,10.7852466,1448,0.0,1.0,0.0,0.0,0.0,0.0,0.0,1.0,0.0,0.0
106.7090563,10.7866663,1449,0.0,1.0,0.0,0.0,0.0,0.0,0.0,1.0,0.0,0.0
106.6704781,10.788249,1450,0.0,1.0,0.0,0.0,0.0,0.0,0.0,1.0,0.0,0.0
106.6703253,10.7878168,1451,0.0,1.0,0.0,0.0,0.0,0.0,0.0,1.0,0.0,0.0
106.6709586,10.7876124,1452,0.0,1.0,0.0,0.0,0.0,0.0,0.0,1.0,0.0,0.0
106.6711168,10.7880524,1453,0.0,1.0,0.0,0.0,0.0,0.0,0.0,1.0,0.0,0.0
106.6660952,10.7905286,1454,0.0,1.0,0.0,0.0,0.0,0.0,0.0,1.0,0.0,0.0
106.7092743,10.7868392,1455,0.0,1.0,0.0,0.0,0.0,0.0,0.0,1.0,0.0,0.0
106.6999471,10.7768048,1456,0.0,1.0,0.0,0.0,0.0,0.0,0.0,0.0,1.0,0.0
106.6818944,10.7777494,1457,0.0,1.0,0.0,0.0,0.0,0.0,0.0,1.0,0.0,0.0
106.7004522,10.7756465,1458,0.0,1.0,0.0,0.0,0.0,0.0,0.0,0.0,1.0,0.0
106.7007769,10.7717994,1459,0.0,1.0,0.0,0.0,0.0,0.0,0.0,1.0,0.0,0.0
106.6979911,10.7899274,1460,0.0,1.0,0.0,0.0,0.0,0.0,0.0,1.0,0.0,0.0
106.6781727,10.7845804,1461,0.0,1.0,0.0,0.0,0.0,0.0,0.0,1.0,0.0,0.0
106.6779724,10.7846918,1462,0.0,1.0,0.0,0.0,0.0,0.0,0.0,1.0,0.0,0.0
106.6988251,10.7778266,1463,0.0,1.0,0.0,0.0,0.0,0.0,0.0,0.0,1.0,0.0
106.6995134,10.7785145,1464,0.0,1.0,0.0,0.0,0.0,0.0,0.0,1.0,0.0,0.0
106.6998806,10.7733207,1465,0.0,1.0,0.0,0.0,0.0,0.0,0.0,1.0,0.0,0.0
106.70004,10.7734953,1466,0.0,1.0,0.0,0.0,0.0,0.0,0.0,0.0,1.0,0.0
106.6904811,10.7900598,1467,0.0,1.0,0.0,0.0,0.0,0.0,0.0,1.0,0.0,0.0
106.681442,10.7776515,1468,0.0,1.0,0.0,0.0,0.0,0.0,0.0,1.0,0.0,0.0
106.6854001,10.7889878,1469,0.0,1.0,0.0,0.0,0.0,0.0,0.0,1.0,0.0,0.0
106.685727,10.7896083,1470,0.0,1.0,0.0,0.0,0.0,0.0,0.0,1.0,0.0,0.0
106.6858507,10.7897723,1471,0.0,1.0,0.0,0.0,0.0,0.0,0.0,1.0,0.0,0.0
106.6815724,10.7775778,1472,0.0,1.0,0.0,0.0,0.0,0.0,0.0,1.0,0.0,0.0
106.7010813,10.7742558,1473,0.0,1.0,0.0,0.0,0.0,0.0,0.0,0.0,1.0,0.0
106.6911085,10.7870041,1474,0.0,1.0,0.0,0.0,0.0,0.0,0.0,0.0,1.0,0.0
106.6872147,10.7823906,1475,0.0,1.0,0.0,0.0,0.0,0.0,0.0,1.0,0.0,0.0
106.6986125,10.7712269,1476,0.0,1.0,0.0,0.0,0.0,0.0,0.0,1.0,0.0,0.0
106.6984223,10.7773443,1477,0.0,1.0,0.0,0.0,0.0,0.0,0.0,1.0,0.0,0.0
106.6743058,10.7678982,1478,0.0,1.0,0.0,0.0,0.0,0.0,0.0,1.0,0.0,0.0
106.6746406,10.7676235,1479,0.0,1.0,0.0,0.0,0.0,0.0,0.0,1.0,0.0,0.0
106.6879359,10.7817243,1480,0.0,1.0,0.0,0.0,0.0,0.0,0.0,1.0,0.0,0.0
106.6742736,10.7674642,1481,0.0,1.0,0.0,0.0,0.0,0.0,0.0,1.0,0.0,0.0
106.6741538,10.7676423,1482,0.0,1.0,0.0,0.0,0.0,0.0,0.0,1.0,0.0,0.0
106.6975082,10.7742686,1483,0.0,1.0,0.0,0.0,0.0,0.0,0.0,1.0,0.0,0.0
106.6824927,10.7914427,1484,0.0,1.0,0.0,0.0,0.0,0.0,0.0,1.0,0.0,0.0
106.6949578,10.7930271,1485,0.0,1.0,0.0,0.0,0.0,0.0,0.0,1.0,0.0,0.0
106.696625,10.7932828,1486,0.0,1.0,0.0,0.0,0.0,0.0,0.0,1.0,0.0,0.0
106.6988751,10.793161,1487,0.0,1.0,0.0,0.0,0.0,0.0,0.0,1.0,0.0,0.0
106.6986111,10.7931725,1488,0.0,1.0,0.0,0.0,0.0,0.0,0.0,1.0,0.0,0.0
106.6724582,10.7871388,1489,0.0,1.0,0.0,0.0,0.0,0.0,0.0,1.0,0.0,0.0
106.6728009,10.7870448,1490,0.0,1.0,0.0,0.0,0.0,0.0,0.0,1.0,0.0,0.0
106.673949,10.7867039,1491,0.0,1.0,0.0,0.0,0.0,0.0,0.0,1.0,0.0,0.0
106.6736726,10.7867852,1492,0.0,1.0,0.0,0.0,0.0,0.0,0.0,1.0,0.0,0.0
106.6784129,10.7795416,1493,0.0,1.0,0.0,0.0,0.0,0.0,0.0,1.0,0.0,0.0
106.680996,10.7656818,1494,0.0,1.0,0.0,0.0,0.0,0.0,0.0,1.0,0.0,0.0
106.6817158,10.7665422,1495,0.0,1.0,0.0,0.0,0.0,0.0,0.0,1.0,0.0,0.0
106.6828657,10.770836,1496,0.0,1.0,0.0,0.0,0.0,0.0,0.0,1.0,0.0,0.0
106.6831766,10.776257,1497,0.0,1.0,0.0,0.0,0.0,0.0,0.0,1.0,0.0,0.0
106.6929632,10.7889873,1498,0.0,1.0,0.0,0.0,0.0,0.0,0.0,1.0,0.0,0.0
106.6787729,10.7689391,1499,0.0,1.0,0.0,0.0,0.0,0.0,0.0,1.0,0.0,0.0
106.6856517,10.7737771,1500,0.0,1.0,0.0,0.0,0.0,0.0,0.0,1.0,0.0,0.0
106.6793214,10.7684793,1501,0.0,1.0,0.0,0.0,0.0,0.0,0.0,1.0,0.0,0.0
106.6936394,10.792788,1502,0.0,1.0,0.0,0.0,0.0,0.0,0.0,1.0,0.0,0.0
106.6782468,10.7881348,1503,0.0,1.0,0.0,0.0,0.0,0.0,0.0,1.0,0.0,0.0
106.6818172,10.7703225,1504,0.0,1.0,0.0,0.0,0.0,0.0,0.0,1.0,0.0,0.0
106.6742416,10.789882,1505,0.0,1.0,0.0,0.0,0.0,0.0,0.0,1.0,0.0,0.0
106.6887479,10.7882231,1506,0.0,1.0,0.0,0.0,0.0,0.0,0.0,1.0,0.0,0.0
106.6793389,10.7662074,1507,0.0,1.0,0.0,0.0,0.0,0.0,0.0,1.0,0.0,0.0
106.6760146,10.7672427,1508,0.0,1.0,0.0,0.0,0.0,0.0,0.0,1.0,0.0,0.0
106.6781758,10.7892822,1509,0.0,1.0,0.0,0.0,0.0,0.0,0.0,1.0,0.0,0.0
106.6780871,10.7906381,1510,0.0,1.0,0.0,0.0,0.0,0.0,0.0,1.0,0.0,0.0
106.6637966,10.7873586,1511,0.0,1.0,0.0,0.0,0.0,0.0,0.0,1.0,0.0,0.0
106.6908975,10.7696728,1512,0.0,1.0,0.0,0.0,0.0,0.0,0.0,1.0,0.0,0.0
106.6848494,10.78749,1513,0.0,1.0,0.0,0.0,0.0,0.0,0.0,1.0,0.0,0.0
106.6774395,10.7880834,1514,0.0,1.0,0.0,0.0,0.0,0.0,0.0,1.0,0.0,0.0
106.6826611,10.7758541,1515,0.0,1.0,0.0,0.0,0.0,0.0,0.0,1.0,0.0,0.0
106.6782709,10.7693455,1516,0.0,1.0,0.0,0.0,0.0,0.0,0.0,1.0,0.0,0.0
106.679824,10.7680707,1517,0.0,1.0,0.0,0.0,0.0,0.0,0.0,1.0,0.0,0.0
106.6800643,10.7718191,1518,0.0,1.0,0.0,0.0,0.0,0.0,0.0,1.0,0.0,0.0
106.6802249,10.7716819,1519,0.0,1.0,0.0,0.0,0.0,0.0,0.0,1.0,0.0,0.0
106.6915461,10.7621795,1520,0.0,1.0,0.0,0.0,0.0,0.0,0.0,1.0,0.0,0.0
106.6790529,10.7828255,1521,0.0,1.0,0.0,0.0,0.0,0.0,0.0,1.0,0.0,0.0
106.6752628,10.7688926,1522,0.0,1.0,0.0,0.0,0.0,0.0,0.0,1.0,0.0,0.0
106.6935778,10.7932473,1523,0.0,1.0,0.0,0.0,0.0,0.0,0.0,1.0,0.0,0.0
106.6936951,10.7923255,1524,0.0,1.0,0.0,0.0,0.0,0.0,0.0,0.0,1.0,0.0
106.6934639,10.7937837,1525,0.0,1.0,0.0,0.0,0.0,0.0,0.0,1.0,0.0,0.0
106.6887419,10.767783,1526,0.0,1.0,0.0,0.0,0.0,0.0,0.0,1.0,0.0,0.0
106.7032968,10.7803899,1527,0.0,1.0,0.0,0.0,0.0,0.0,0.0,1.0,0.0,0.0
106.6781154,10.790265,1528,0.0,1.0,0.0,0.0,0.0,0.0,0.0,1.0,0.0,0.0
106.6763237,10.7887157,1529,0.0,1.0,0.0,0.0,0.0,0.0,0.0,1.0,0.0,0.0
106.6847173,10.7856138,1530,0.0,1.0,0.0,0.0,0.0,0.0,0.0,1.0,0.0,0.0
106.6886284,10.7905259,1531,0.0,1.0,0.0,0.0,0.0,0.0,0.0,1.0,0.0,0.0
106.6847788,10.7890645,1532,0.0,1.0,0.0,0.0,0.0,0.0,0.0,1.0,0.0,0.0
106.690236,10.7892498,1533,0.0,1.0,0.0,0.0,0.0,0.0,0.0,1.0,0.0,0.0
106.6947199,10.7907367,1534,0.0,1.0,0.0,0.0,0.0,0.0,0.0,1.0,0.0,0.0
106.6949985,10.7910035,1535,0.0,1.0,0.0,0.0,0.0,0.0,0.0,1.0,0.0,0.0
106.691286,10.784724,1536,0.0,1.0,0.0,0.0,0.0,0.0,0.0,1.0,0.0,0.0
106.691023,10.784967,1537,0.0,1.0,0.0,0.0,0.0,0.0,0.0,1.0,0.0,0.0
106.6782254,10.7884931,1538,0.0,1.0,0.0,0.0,0.0,0.0,0.0,1.0,0.0,0.0
106.6845977,10.7726586,1539,0.0,1.0,0.0,0.0,0.0,0.0,0.0,1.0,0.0,0.0
106.686267,10.7722654,1540,0.0,1.0,0.0,0.0,0.0,0.0,0.0,1.0,0.0,0.0
106.6803098,10.7785269,1541,0.0,1.0,0.0,0.0,0.0,0.0,0.0,1.0,0.0,0.0
106.6856219,10.7894144,1542,0.0,1.0,0.0,0.0,0.0,0.0,0.0,1.0,0.0,0.0
106.6760421,10.7888672,1543,0.0,1.0,0.0,0.0,0.0,0.0,0.0,1.0,0.0,0.0
106.6889282,10.7680261,1544,0.0,1.0,0.0,0.0,0.0,0.0,0.0,1.0,0.0,0.0
106.6779008,10.7878291,1545,0.0,1.0,0.0,0.0,0.0,0.0,0.0,1.0,0.0,0.0
106.6846535,10.78678,1546,0.0,1.0,0.0,0.0,0.0,0.0,0.0,1.0,0.0,0.0
106.678741,10.7874276,1547,0.0,1.0,0.0,0.0,0.0,0.0,0.0,1.0,0.0,0.0
106.6773663,10.7712873,1548,0.0,1.0,0.0,0.0,0.0,0.0,0.0,1.0,0.0,0.0
106.6961988,10.7890096,1549,0.0,1.0,0.0,0.0,0.0,0.0,0.0,1.0,0.0,0.0
106.675853,10.7889674,1550,0.0,1.0,0.0,0.0,0.0,0.0,0.0,1.0,0.0,0.0
106.6833517,10.7609887,1551,0.0,1.0,0.0,0.0,0.0,0.0,0.0,1.0,0.0,0.0
106.6782093,10.7887065,1552,0.0,1.0,0.0,0.0,0.0,0.0,0.0,1.0,0.0,0.0
106.6764323,10.7886538,1553,0.0,1.0,0.0,0.0,0.0,0.0,0.0,1.0,0.0,0.0
106.6781952,10.7889085,1554,0.0,1.0,0.0,0.0,0.0,0.0,0.0,1.0,0.0,0.0
106.6934938,10.793656,1555,0.0,1.0,0.0,0.0,0.0,0.0,0.0,1.0,0.0,0.0
106.6935243,10.7602225,1556,0.0,1.0,0.0,0.0,0.0,0.0,0.0,1.0,0.0,0.0
106.6824908,10.7697502,1557,0.0,1.0,0.0,0.0,0.0,0.0,0.0,1.0,0.0,0.0
106.690529,10.7694074,1558,0.0,1.0,0.0,0.0,0.0,0.0,0.0,1.0,0.0,0.0
106.6885476,10.7727553,1559,0.0,1.0,0.0,0.0,0.0,0.0,0.0,1.0,0.0,0.0
106.6881119,10.7722853,1560,0.0,1.0,0.0,0.0,0.0,0.0,0.0,1.0,0.0,0.0
106.6913055,10.769954,1561,0.0,1.0,0.0,0.0,0.0,0.0,0.0,1.0,0.0,0.0
106.6849842,10.7730843,1562,0.0,1.0,0.0,0.0,0.0,0.0,0.0,1.0,0.0,0.0
106.6769559,10.7708507,1563,0.0,1.0,0.0,0.0,0.0,0.0,0.0,1.0,0.0,0.0
106.6835267,10.7715254,1564,0.0,1.0,0.0,0.0,0.0,0.0,0.0,1.0,0.0,0.0
106.6865372,10.770475,1565,0.0,1.0,0.0,0.0,0.0,0.0,0.0,1.0,0.0,0.0
106.6863243,10.7902575,1566,0.0,1.0,0.0,0.0,0.0,0.0,0.0,1.0,0.0,0.0
106.6833068,10.7904178,1567,0.0,1.0,0.0,0.0,0.0,0.0,0.0,1.0,0.0,0.0
106.6913897,10.7634656,1568,0.0,1.0,0.0,0.0,0.0,0.0,0.0,1.0,0.0,0.0
106.6769218,10.7883719,1569,0.0,1.0,0.0,0.0,0.0,0.0,0.0,1.0,0.0,0.0
106.6747468,10.7895702,1570,0.0,1.0,0.0,0.0,0.0,0.0,0.0,1.0,0.0,0.0
106.6756719,10.7890701,1571,0.0,1.0,0.0,0.0,0.0,0.0,0.0,1.0,0.0,0.0
106.6714664,10.7832603,1572,0.0,1.0,0.0,0.0,0.0,0.0,0.0,1.0,0.0,0.0
106.6875255,10.7746858,1573,0.0,1.0,0.0,0.0,0.0,0.0,0.0,1.0,0.0,0.0
106.7028007,10.7918833,1574,0.0,1.0,0.0,0.0,0.0,0.0,0.0,1.0,0.0,0.0
106.6836012,10.771623,1575,0.0,1.0,0.0,0.0,0.0,0.0,0.0,1.0,0.0,0.0
106.6762887,10.7671553,1576,0.0,1.0,0.0,0.0,0.0,0.0,0.0,1.0,0.0,0.0
106.6838696,10.7719123,1577,0.0,1.0,0.0,0.0,0.0,0.0,0.0,1.0,0.0,0.0
106.6917287,10.7702449,1578,0.0,1.0,0.0,0.0,0.0,0.0,0.0,1.0,0.0,0.0
106.6932529,10.7656108,1579,0.0,1.0,0.0,0.0,0.0,0.0,0.0,1.0,0.0,0.0
106.6844157,10.7724869,1580,0.0,1.0,0.0,0.0,0.0,0.0,0.0,1.0,0.0,0.0
106.6692688,10.7844363,1581,0.0,1.0,0.0,0.0,0.0,0.0,0.0,1.0,0.0,0.0
106.6924092,10.7884111,1582,0.0,1.0,0.0,0.0,0.0,0.0,0.0,1.0,0.0,0.0
106.703645,10.792299,1583,0.0,1.0,0.0,0.0,0.0,0.0,0.0,1.0,0.0,0.0
106.6828374,10.7908499,1584,0.0,1.0,0.0,0.0,0.0,0.0,0.0,1.0,0.0,0.0
106.7010996,10.7900597,1585,0.0,1.0,0.0,0.0,0.0,0.0,0.0,1.0,0.0,0.0
106.6906319,10.7903113,1586,0.0,1.0,0.0,0.0,0.0,0.0,0.0,1.0,0.0,0.0
106.6907337,10.7904862,1587,0.0,1.0,0.0,0.0,0.0,0.0,0.0,1.0,0.0,0.0
106.678498,10.7794974,1588,0.0,1.0,0.0,0.0,0.0,0.0,0.0,1.0,0.0,0.0
106.6797258,10.7868668,1589,0.0,1.0,0.0,0.0,0.0,0.0,0.0,1.0,0.0,0.0
106.683741,10.7846473,1590,0.0,1.0,0.0,0.0,0.0,0.0,0.0,1.0,0.0,0.0
106.6824486,10.7853191,1591,0.0,1.0,0.0,0.0,0.0,0.0,0.0,1.0,0.0,0.0
106.690548,10.7864403,1592,0.0,1.0,0.0,0.0,0.0,0.0,0.0,1.0,0.0,0.0
106.6763895,10.7671182,1593,0.0,1.0,0.0,0.0,0.0,0.0,0.0,1.0,0.0,0.0
106.6747562,10.7676472,1594,0.0,1.0,0.0,0.0,0.0,0.0,0.0,1.0,0.0,0.0
106.6750593,10.7675395,1595,0.0,1.0,0.0,0.0,0.0,0.0,0.0,1.0,0.0,0.0
106.6829426,10.7709267,1596,0.0,1.0,0.0,0.0,0.0,0.0,0.0,1.0,0.0,0.0
106.6741152,10.7899675,1597,0.0,1.0,0.0,0.0,0.0,0.0,0.0,1.0,0.0,0.0
106.680005,10.78097,1598,0.0,1.0,0.0,0.0,0.0,0.0,0.0,1.0,0.0,0.0
106.6890464,10.7901964,1599,0.0,1.0,0.0,0.0,0.0,0.0,0.0,1.0,0.0,0.0
106.6797758,10.7868341,1600,0.0,1.0,0.0,0.0,0.0,0.0,0.0,1.0,0.0,0.0
106.6781355,10.7899765,1601,0.0,1.0,0.0,0.0,0.0,0.0,0.0,1.0,0.0,0.0
106.6842566,10.7589691,1602,0.0,1.0,0.0,0.0,0.0,0.0,0.0,1.0,0.0,0.0
106.6840093,10.7720296,1603,0.0,1.0,0.0,0.0,0.0,0.0,0.0,1.0,0.0,0.0
106.6782293,10.7665487,1604,0.0,1.0,0.0,0.0,0.0,0.0,0.0,1.0,0.0,0.0
106.6833008,10.7712985,1605,0.0,1.0,0.0,0.0,0.0,0.0,0.0,1.0,0.0,0.0
106.6911229,10.7698289,1606,0.0,1.0,0.0,0.0,0.0,0.0,0.0,1.0,0.0,0.0
106.6842338,10.7723039,1607,0.0,1.0,0.0,0.0,0.0,0.0,0.0,1.0,0.0,0.0
106.6937716,10.7600143,1608,0.0,1.0,0.0,0.0,0.0,0.0,0.0,1.0,0.0,0.0
106.6864345,10.7724495,1609,0.0,1.0,0.0,0.0,0.0,0.0,0.0,1.0,0.0,0.0
106.6914271,10.770031,1610,0.0,1.0,0.0,0.0,0.0,0.0,0.0,1.0,0.0,0.0
106.6838351,10.7722208,1611,0.0,1.0,0.0,0.0,0.0,0.0,0.0,1.0,0.0,0.0
106.6815198,10.7705765,1612,0.0,1.0,0.0,0.0,0.0,0.0,0.0,1.0,0.0,0.0
106.69068,10.7865702,1613,0.0,1.0,0.0,0.0,0.0,0.0,0.0,1.0,0.0,0.0
106.6761789,10.7807328,1614,0.0,1.0,0.0,0.0,0.0,0.0,0.0,1.0,0.0,0.0
106.69119,10.784813,1615,0.0,1.0,0.0,0.0,0.0,0.0,0.0,1.0,0.0,0.0
106.6825095,10.7697339,1616,0.0,1.0,0.0,0.0,0.0,0.0,0.0,1.0,0.0,0.0
106.6801096,10.7659666,1617,0.0,1.0,0.0,0.0,0.0,0.0,0.0,1.0,0.0,0.0
106.6903446,10.7692766,1618,0.0,1.0,0.0,0.0,0.0,0.0,0.0,1.0,0.0,0.0
106.6804512,10.7658457,1619,0.0,1.0,0.0,0.0,0.0,0.0,0.0,1.0,0.0,0.0
106.6798148,10.7660664,1620,0.0,1.0,0.0,0.0,0.0,0.0,0.0,1.0,0.0,0.0
106.6770101,10.7669304,1621,0.0,1.0,0.0,0.0,0.0,0.0,0.0,1.0,0.0,0.0
106.6772742,10.7701426,1622,0.0,1.0,0.0,0.0,0.0,0.0,0.0,1.0,0.0,0.0
106.6922385,10.7613956,1623,0.0,1.0,0.0,0.0,0.0,0.0,0.0,1.0,0.0,0.0
106.6912098,10.7626021,1624,0.0,1.0,0.0,0.0,0.0,0.0,0.0,1.0,0.0,0.0
106.6917845,10.7583109,1625,0.0,1.0,0.0,0.0,0.0,0.0,0.0,1.0,0.0,0.0
106.6841839,10.7895944,1626,0.0,1.0,0.0,0.0,0.0,0.0,0.0,1.0,0.0,0.0
106.6899246,10.7894961,1627,0.0,1.0,0.0,0.0,0.0,0.0,0.0,1.0,0.0,0.0
106.700004,10.7918707,1628,0.0,1.0,0.0,0.0,0.0,0.0,0.0,1.0,0.0,0.0
106.687904,10.791107,1629,0.0,1.0,0.0,0.0,0.0,0.0,0.0,1.0,0.0,0.0
106.6887485,10.7854195,1630,0.0,1.0,0.0,0.0,0.0,0.0,0.0,1.0,0.0,0.0
106.6892673,10.7893494,1631,0.0,1.0,0.0,0.0,0.0,0.0,0.0,1.0,0.0,0.0
106.6900902,10.7774517,1632,0.0,1.0,0.0,0.0,0.0,0.0,0.0,1.0,0.0,0.0
106.692548,10.783553,1633,0.0,1.0,0.0,0.0,0.0,0.0,0.0,1.0,0.0,0.0
106.6867878,10.7907507,1634,0.0,1.0,0.0,0.0,0.0,0.0,0.0,1.0,0.0,0.0
106.686705,10.7920626,1635,0.0,1.0,0.0,0.0,0.0,0.0,0.0,1.0,0.0,0.0
106.6746822,10.7896033,1636,0.0,1.0,0.0,0.0,0.0,0.0,0.0,1.0,0.0,0.0
106.70091,10.791038,1637,0.0,1.0,0.0,0.0,0.0,0.0,0.0,1.0,0.0,0.0
106.6772454,10.7881884,1638,0.0,1.0,0.0,0.0,0.0,0.0,0.0,1.0,0.0,0.0
106.6904115,10.7891102,1639,0.0,1.0,0.0,0.0,0.0,0.0,0.0,1.0,0.0,0.0
106.6785184,10.7875539,1640,0.0,1.0,0.0,0.0,0.0,0.0,0.0,1.0,0.0,0.0
106.6911251,10.7765041,1641,0.0,1.0,0.0,0.0,0.0,0.0,0.0,1.0,0.0,0.0
106.6784386,10.7850652,1642,0.0,1.0,0.0,0.0,0.0,0.0,0.0,1.0,0.0,0.0
106.678082,10.779719,1643,0.0,1.0,0.0,0.0,0.0,0.0,0.0,1.0,0.0,0.0
106.6706726,10.7836846,1644,0.0,1.0,0.0,0.0,0.0,0.0,0.0,1.0,0.0,0.0
106.6784813,10.7722819,1645,0.0,1.0,0.0,0.0,0.0,0.0,0.0,1.0,0.0,0.0
106.6805562,10.7713988,1646,0.0,1.0,0.0,0.0,0.0,0.0,0.0,1.0,0.0,0.0
106.6803906,10.7715403,1647,0.0,1.0,0.0,0.0,0.0,0.0,0.0,1.0,0.0,0.0
106.6904674,10.7693654,1648,0.0,1.0,0.0,0.0,0.0,0.0,0.0,1.0,0.0,0.0
106.686564,10.7747561,1649,0.0,1.0,0.0,0.0,0.0,0.0,0.0,1.0,0.0,0.0
106.6802679,10.7865605,1650,0.0,1.0,0.0,0.0,0.0,0.0,0.0,1.0,0.0,0.0
106.6803604,10.7865161,1651,0.0,1.0,0.0,0.0,0.0,0.0,0.0,1.0,0.0,0.0
106.684561,10.78616,1652,0.0,1.0,0.0,0.0,0.0,0.0,0.0,1.0,0.0,0.0
106.6946942,10.7857127,1653,0.0,1.0,0.0,0.0,0.0,0.0,0.0,1.0,0.0,0.0
106.6793152,10.7870989,1654,0.0,1.0,0.0,0.0,0.0,0.0,0.0,1.0,0.0,0.0
106.6852199,10.7711494,1655,0.0,1.0,0.0,0.0,0.0,0.0,0.0,1.0,0.0,0.0
106.6899406,10.7689671,1656,0.0,1.0,0.0,0.0,0.0,0.0,0.0,1.0,0.0,0.0
106.6891625,10.7783012,1657,0.0,1.0,0.0,0.0,0.0,0.0,0.0,1.0,0.0,0.0
106.6785811,10.7794508,1658,0.0,1.0,0.0,0.0,0.0,0.0,0.0,1.0,0.0,0.0
106.7001939,10.7891062,1659,0.0,1.0,0.0,0.0,0.0,0.0,0.0,1.0,0.0,0.0
106.6969834,10.790844,1660,0.0,1.0,0.0,0.0,0.0,0.0,0.0,1.0,0.0,0.0
106.6911349,10.791062,1661,0.0,1.0,0.0,0.0,0.0,0.0,0.0,1.0,0.0,0.0
106.6914831,10.7917653,1662,0.0,1.0,0.0,0.0,0.0,0.0,0.0,1.0,0.0,0.0
106.6843755,10.7681567,1663,0.0,1.0,0.0,0.0,0.0,0.0,0.0,1.0,0.0,0.0
106.6856453,10.7716027,1664,0.0,1.0,0.0,0.0,0.0,0.0,0.0,1.0,0.0,0.0
106.6782642,10.787646,1665,0.0,1.0,0.0,0.0,0.0,0.0,0.0,0.0,1.0,0.0
106.6906177,10.7769704,1666,0.0,1.0,0.0,0.0,0.0,0.0,0.0,1.0,0.0,0.0
106.6895712,10.7757982,1667,0.0,1.0,0.0,0.0,0.0,0.0,0.0,1.0,0.0,0.0
106.6907264,10.7791401,1668,0.0,1.0,0.0,0.0,0.0,0.0,0.0,1.0,0.0,0.0
106.6780222,10.791692,1669,0.0,1.0,0.0,0.0,0.0,0.0,0.0,1.0,0.0,0.0
106.6956364,10.782412,1670,0.0,1.0,0.0,0.0,0.0,0.0,0.0,1.0,0.0,0.0
106.6947958,10.7815065,1671,0.0,1.0,0.0,0.0,0.0,0.0,0.0,0.0,1.0,0.0
106.7056039,10.7829212,1672,0.0,1.0,0.0,0.0,0.0,0.0,0.0,1.0,0.0,0.0
106.7046426,10.7818664,1673,0.0,1.0,0.0,0.0,0.0,0.0,0.0,1.0,0.0,0.0
106.6969534,10.7817113,1674,0.0,1.0,0.0,0.0,0.0,0.0,0.0,0.0,1.0,0.0
106.7055373,10.7761586,1675,0.0,1.0,0.0,0.0,0.0,0.0,0.0,1.0,0.0,0.0
106.6958731,10.7918339,1676,0.0,1.0,0.0,0.0,0.0,0.0,0.0,1.0,0.0,0.0
106.6874653,10.7914566,1677,0.0,1.0,0.0,0.0,0.0,0.0,0.0,0.0,1.0,0.0
106.6937982,10.7898058,1678,0.0,1.0,0.0,0.0,0.0,0.0,0.0,1.0,0.0,0.0
106.6966421,10.7894757,1679,0.0,1.0,0.0,0.0,0.0,0.0,0.0,1.0,0.0,0.0
106.7030937,10.7922169,1680,0.0,1.0,0.0,0.0,0.0,0.0,0.0,1.0,0.0,0.0
106.6986553,10.7915923,1681,0.0,1.0,0.0,0.0,0.0,0.0,0.0,1.0,0.0,0.0
106.7015127,10.7904945,1682,0.0,1.0,0.0,0.0,0.0,0.0,0.0,1.0,0.0,0.0
106.7035492,10.7886038,1683,0.0,1.0,0.0,0.0,0.0,0.0,0.0,0.0,1.0,0.0
106.6967184,10.7926663,1684,0.0,1.0,0.0,0.0,0.0,0.0,0.0,1.0,0.0,0.0
106.6964998,10.7912704,1685,0.0,1.0,0.0,0.0,0.0,0.0,0.0,1.0,0.0,0.0
106.6901615,10.7785454,1686,0.0,1.0,0.0,0.0,0.0,0.0,0.0,1.0,0.0,0.0
106.685847,10.7756007,1687,0.0,1.0,0.0,0.0,0.0,0.0,0.0,1.0,0.0,0.0
106.6907681,10.7888242,1688,0.0,1.0,0.0,0.0,0.0,0.0,0.0,1.0,0.0,0.0
106.6914605,10.7919345,1689,0.0,1.0,0.0,0.0,0.0,0.0,0.0,1.0,0.0,0.0
106.7004476,10.791466,1690,0.0,1.0,0.0,0.0,0.0,0.0,0.0,1.0,0.0,0.0
106.694522,10.7905412,1691,0.0,1.0,0.0,0.0,0.0,0.0,0.0,1.0,0.0,0.0
106.7001333,10.7810471,1692,0.0,1.0,0.0,0.0,0.0,0.0,0.0,1.0,0.0,0.0
106.6853982,10.7774209,1693,0.0,1.0,0.0,0.0,0.0,0.0,0.0,1.0,0.0,0.0
106.686457,10.7765016,1694,0.0,1.0,0.0,0.0,0.0,0.0,0.0,1.0,0.0,0.0
106.6933018,10.7860633,1695,0.0,1.0,0.0,0.0,0.0,0.0,0.0,1.0,0.0,0.0
106.6830526,10.7788891,1696,0.0,1.0,0.0,0.0,0.0,0.0,0.0,0.0,1.0,0.0
106.6842099,10.7771809,1697,0.0,1.0,0.0,0.0,0.0,0.0,0.0,1.0,0.0,0.0
106.6944832,10.7721656,1698,0.0,1.0,0.0,0.0,0.0,0.0,0.0,1.0,0.0,0.0
106.6992875,10.7704594,1699,0.0,1.0,0.0,0.0,0.0,0.0,0.0,1.0,0.0,0.0
106.6924052,10.7587531,1700,0.0,1.0,0.0,0.0,0.0,0.0,0.0,1.0,0.0,0.0
106.6932891,10.7592926,1701,0.0,1.0,0.0,0.0,0.0,0.0,0.0,1.0,0.0,0.0
106.6885094,10.7674189,1702,0.0,1.0,0.0,0.0,0.0,0.0,0.0,1.0,0.0,0.0
106.6808694,10.7801372,1703,0.0,1.0,0.0,0.0,0.0,0.0,0.0,1.0,0.0,0.0
106.6821346,10.7794404,1704,0.0,1.0,0.0,0.0,0.0,0.0,0.0,1.0,0.0,0.0
106.6898524,10.7916682,1705,0.0,1.0,0.0,0.0,0.0,0.0,0.0,0.0,1.0,0.0
106.6880959,10.7771153,1706,0.0,1.0,0.0,0.0,0.0,0.0,0.0,1.0,0.0,0.0
106.6876964,10.777479,1707,0.0,1.0,0.0,0.0,0.0,0.0,0.0,1.0,0.0,0.0
106.6965601,10.7692013,1708,0.0,1.0,0.0,0.0,0.0,0.0,0.0,1.0,0.0,0.0
106.6900293,10.7858733,1709,0.0,1.0,0.0,0.0,0.0,0.0,0.0,0.0,1.0,0.0
106.6929429,10.7814734,1710,0.0,1.0,0.0,0.0,0.0,0.0,0.0,0.0,1.0,0.0
106.6839106,10.778385,1711,0.0,1.0,0.0,0.0,0.0,0.0,0.0,1.0,0.0,0.0
106.7000845,10.7791557,1712,0.0,1.0,0.0,0.0,0.0,0.0,0.0,1.0,0.0,0.0
106.6939292,10.780562,1713,0.0,1.0,0.0,0.0,0.0,0.0,0.0,0.0,1.0,0.0
106.6880288,10.7839046,1714,0.0,1.0,0.0,0.0,0.0,0.0,0.0,1.0,0.0,0.0
106.6876762,10.786401,1715,0.0,1.0,0.0,0.0,0.0,0.0,0.0,1.0,0.0,0.0
106.6835712,10.7824606,1716,0.0,1.0,0.0,0.0,0.0,0.0,0.0,1.0,0.0,0.0
106.6795303,10.7822564,1717,0.0,1.0,0.0,0.0,0.0,0.0,0.0,1.0,0.0,0.0
106.679592,10.7823407,1718,0.0,1.0,0.0,0.0,0.0,0.0,0.0,1.0,0.0,0.0
106.6795866,10.7825858,1719,0.0,1.0,0.0,0.0,0.0,0.0,0.0,1.0,0.0,0.0
106.6795249,10.7826227,1720,0.0,1.0,0.0,0.0,0.0,0.0,0.0,1.0,0.0,0.0
106.6891937,10.7850222,1721,0.0,1.0,0.0,0.0,0.0,0.0,0.0,0.0,1.0,0.0
106.6861316,10.7700204,1722,0.0,1.0,0.0,0.0,0.0,0.0,0.0,1.0,0.0,0.0
106.6779981,10.792161,1723,0.0,1.0,0.0,0.0,0.0,0.0,0.0,0.0,1.0,0.0
106.6848773,10.7707859,1724,0.0,1.0,0.0,0.0,0.0,0.0,0.0,1.0,0.0,0.0
106.6915488,10.7581329,1725,0.0,1.0,0.0,0.0,0.0,0.0,0.0,1.0,0.0,0.0
106.6738824,10.7819658,1726,0.0,1.0,0.0,0.0,0.0,0.0,0.0,1.0,0.0,0.0
106.683905,10.7898473,1727,0.0,1.0,0.0,0.0,0.0,0.0,0.0,1.0,0.0,0.0
106.6854172,10.7713587,1728,0.0,1.0,0.0,0.0,0.0,0.0,0.0,1.0,0.0,0.0
106.6932778,10.7604272,1729,0.0,1.0,0.0,0.0,0.0,0.0,0.0,1.0,0.0,0.0
106.6876754,10.7912892,1730,0.0,1.0,0.0,0.0,0.0,0.0,0.0,0.0,1.0,0.0
106.6919402,10.78789,1731,0.0,1.0,0.0,0.0,0.0,0.0,0.0,0.0,1.0,0.0
106.6900344,10.789409,1732,0.0,1.0,0.0,0.0,0.0,0.0,0.0,1.0,0.0,0.0
106.7010583,10.7779424,1733,0.0,1.0,0.0,0.0,0.0,0.0,0.0,0.0,1.0,0.0
106.6948699,10.7724371,1734,0.0,1.0,0.0,0.0,0.0,0.0,0.0,1.0,0.0,0.0
106.7051105,10.7765415,1735,0.0,1.0,0.0,0.0,0.0,0.0,0.0,0.0,1.0,0.0
106.68968,10.7823755,1736,0.0,1.0,0.0,0.0,0.0,0.0,0.0,0.0,1.0,0.0
106.6828452,10.7772012,1737,0.0,1.0,0.0,0.0,0.0,0.0,0.0,1.0,0.0,0.0
106.6981652,10.7748616,1738,0.0,1.0,0.0,0.0,0.0,0.0,0.0,1.0,0.0,0.0
106.6884887,10.7812172,1739,0.0,1.0,0.0,0.0,0.0,0.0,0.0,1.0,0.0,0.0
106.6927956,10.78553,1740,0.0,1.0,0.0,0.0,0.0,0.0,0.0,0.0,1.0,0.0
106.688343,10.7907571,1741,0.0,1.0,0.0,0.0,0.0,0.0,0.0,1.0,0.0,0.0
106.6852753,10.7759074,1742,0.0,1.0,0.0,0.0,0.0,0.0,0.0,1.0,0.0,0.0
106.6837295,10.7767363,1743,0.0,1.0,0.0,0.0,0.0,0.0,0.0,0.0,1.0,0.0
106.682549,10.780342,1744,0.0,1.0,0.0,0.0,0.0,0.0,0.0,1.0,0.0,0.0
106.6981077,10.7910246,1745,0.0,1.0,0.0,0.0,0.0,0.0,0.0,1.0,0.0,0.0
106.7014834,10.7732727,1746,0.0,1.0,0.0,0.0,0.0,0.0,0.0,1.0,0.0,0.0
106.6948657,10.7855772,1747,0.0,1.0,0.0,0.0,0.0,0.0,0.0,1.0,0.0,0.0
106.683275,10.7690931,1748,0.0,1.0,0.0,0.0,0.0,0.0,0.0,1.0,0.0,0.0
106.6937109,10.7864896,1749,0.0,1.0,0.0,0.0,0.0,0.0,0.0,1.0,0.0,0.0
106.6852456,10.7886426,1750,0.0,1.0,0.0,0.0,0.0,0.0,0.0,0.0,1.0,0.0
106.6864011,10.7752936,1751,0.0,1.0,0.0,0.0,0.0,0.0,0.0,1.0,0.0,0.0
106.6918856,10.7803604,1752,0.0,1.0,0.0,0.0,0.0,0.0,0.0,1.0,0.0,0.0
106.6876354,10.782002,1753,0.0,1.0,0.0,0.0,0.0,0.0,0.0,1.0,0.0,0.0
106.6907157,10.7836046,1754,0.0,1.0,0.0,0.0,0.0,0.0,0.0,1.0,0.0,0.0
106.6900229,10.7842681,1755,0.0,1.0,0.0,0.0,0.0,0.0,0.0,1.0,0.0,0.0
106.6959889,10.7846776,1756,0.0,1.0,0.0,0.0,0.0,0.0,0.0,1.0,0.0,0.0
106.6960593,10.7916899,1757,0.0,1.0,0.0,0.0,0.0,0.0,0.0,1.0,0.0,0.0
106.6977372,10.7698459,1758,0.0,1.0,0.0,0.0,0.0,0.0,0.0,1.0,0.0,0.0
106.6907522,10.7834491,1759,0.0,1.0,0.0,0.0,0.0,0.0,0.0,0.0,1.0,0.0
106.6990287,10.7740594,1760,0.0,1.0,0.0,0.0,0.0,0.0,0.0,1.0,0.0,0.0
106.6968604,10.7855972,1761,0.0,1.0,0.0,0.0,0.0,0.0,0.0,1.0,0.0,0.0
106.6995607,10.7746928,1762,0.0,1.0,0.0,0.0,0.0,0.0,0.0,1.0,0.0,0.0
106.6996636,10.7814797,1763,0.0,1.0,0.0,0.0,0.0,0.0,0.0,0.0,1.0,0.0
106.6882287,10.7743208,1764,0.0,1.0,0.0,0.0,0.0,0.0,0.0,0.0,1.0,0.0
106.6938041,10.78238,1765,0.0,1.0,0.0,0.0,0.0,0.0,0.0,1.0,0.0,0.0
106.691669,10.7843492,1766,0.0,1.0,0.0,0.0,0.0,0.0,0.0,0.0,1.0,0.0
106.6868463,10.7750498,1767,0.0,1.0,0.0,0.0,0.0,0.0,0.0,1.0,0.0,0.0
106.6988628,10.7684256,1768,0.0,1.0,0.0,0.0,0.0,0.0,0.0,0.0,1.0,0.0
106.6969738,10.7838362,1769,0.0,1.0,0.0,0.0,0.0,0.0,0.0,1.0,0.0,0.0
106.6980689,10.7828692,1770,0.0,1.0,0.0,0.0,0.0,0.0,0.0,0.0,1.0,0.0
106.6955625,10.7883712,1771,0.0,1.0,0.0,0.0,0.0,0.0,0.0,1.0,0.0,0.0
106.6897454,10.7616108,1772,0.0,1.0,0.0,0.0,0.0,0.0,0.0,1.0,0.0,0.0
106.7021938,10.7791797,1773,0.0,1.0,0.0,0.0,0.0,0.0,0.0,0.0,1.0,0.0
106.694946,10.783582,1774,0.0,1.0,0.0,0.0,0.0,0.0,0.0,1.0,0.0,0.0
106.6956156,10.7829425,1775,0.0,1.0,0.0,0.0,0.0,0.0,0.0,1.0,0.0,0.0
106.6958684,10.7805464,1776,0.0,1.0,0.0,0.0,0.0,0.0,0.0,0.0,1.0,0.0
106.7007533,10.7896952,1777,0.0,1.0,0.0,0.0,0.0,0.0,0.0,1.0,0.0,0.0
106.6872335,10.7800298,1778,0.0,1.0,0.0,0.0,0.0,0.0,0.0,1.0,0.0,0.0
106.6884634,10.7767699,1779,0.0,1.0,0.0,0.0,0.0,0.0,0.0,1.0,0.0,0.0
106.6954284,10.772787,1780,0.0,1.0,0.0,0.0,0.0,0.0,0.0,0.0,1.0,0.0
106.6971445,10.7740188,1781,0.0,1.0,0.0,0.0,0.0,0.0,0.0,0.0,1.0,0.0
106.6943087,10.7668316,1782,0.0,1.0,0.0,0.0,0.0,0.0,0.0,1.0,0.0,0.0
106.7010865,10.7801784,1783,0.0,1.0,0.0,0.0,0.0,0.0,0.0,0.0,1.0,0.0
106.6863035,10.7807024,1784,0.0,1.0,0.0,0.0,0.0,0.0,0.0,1.0,0.0,0.0
106.6920153,10.7704446,1785,0.0,1.0,0.0,0.0,0.0,0.0,0.0,1.0,0.0,0.0
106.7007522,10.7681052,1786,0.0,1.0,0.0,0.0,0.0,0.0,0.0,1.0,0.0,0.0
106.6895626,10.777915,1787,0.0,1.0,0.0,0.0,0.0,0.0,0.0,1.0,0.0,0.0
106.6842705,10.7800994,1788,0.0,1.0,0.0,0.0,0.0,0.0,0.0,0.0,1.0,0.0
106.6851335,10.7795601,1789,0.0,1.0,0.0,0.0,0.0,0.0,0.0,1.0,0.0,0.0
106.6853751,10.7840054,1790,0.0,1.0,0.0,0.0,0.0,0.0,0.0,1.0,0.0,0.0
106.685528,10.783903,1791,0.0,1.0,0.0,0.0,0.0,0.0,0.0,1.0,0.0,0.0
106.685151,10.7841282,1792,0.0,1.0,0.0,0.0,0.0,0.0,0.0,1.0,0.0,0.0
106.685699,10.783752,1793,0.0,1.0,0.0,0.0,0.0,0.0,0.0,1.0,0.0,0.0
106.685973,10.7834895,1794,0.0,1.0,0.0,0.0,0.0,0.0,0.0,1.0,0.0,0.0
106.6980163,10.7767856,1795,0.0,1.0,0.0,0.0,0.0,0.0,0.0,1.0,0.0,0.0
106.6990601,10.7758374,1796,0.0,1.0,0.0,0.0,0.0,0.0,0.0,1.0,0.0,0.0
106.6868337,10.7827317,1797,0.0,1.0,0.0,0.0,0.0,0.0,0.0,0.0,1.0,0.0
106.686595,10.782936,1798,0.0,1.0,0.0,0.0,0.0,0.0,0.0,1.0,0.0,0.0
106.7029619,10.7784905,1799,0.0,1.0,0.0,0.0,0.0,0.0,0.0,1.0,0.0,0.0
106.6985385,10.7894352,1800,0.0,1.0,0.0,0.0,0.0,0.0,0.0,1.0,0.0,0.0
106.697507,10.7903743,1801,0.0,1.0,0.0,0.0,0.0,0.0,0.0,1.0,0.0,0.0
106.6981035,10.7693787,1802,0.0,1.0,0.0,0.0,0.0,0.0,0.0,1.0,0.0,0.0
106.7199382,10.7828466,1803,0.0,1.0,0.0,0.0,0.0,0.0,0.0,1.0,0.0,0.0
106.8475204,10.7042473,1804,0.0,1.0,0.0,0.0,0.0,0.0,0.0,1.0,0.0,0.0
106.8236348,10.7065115,1805,0.0,1.0,0.0,0.0,0.0,0.0,0.0,1.0,0.0,0.0
106.5436563,10.6825854,1806,0.0,1.0,0.0,0.0,0.0,0.0,0.0,1.0,0.0,0.0
106.5921504,10.6961839,1807,0.0,1.0,0.0,0.0,0.0,0.0,0.0,1.0,0.0,0.0
106.6815038,10.7652009,1808,0.0,1.0,0.0,0.0,0.0,0.0,0.0,1.0,0.0,0.0
106.6815426,10.765182,1809,0.0,1.0,0.0,0.0,0.0,0.0,0.0,1.0,0.0,0.0
106.6818405,10.765251,1810,0.0,1.0,0.0,0.0,0.0,0.0,0.0,1.0,0.0,0.0
106.6818483,10.7655904,1811,0.0,1.0,0.0,0.0,0.0,0.0,0.0,1.0,0.0,0.0
106.6818083,10.7656295,1812,0.0,1.0,0.0,0.0,0.0,0.0,0.0,1.0,0.0,0.0
106.8080194,10.8731799,1813,0.0,1.0,0.0,0.0,0.0,0.0,0.0,1.0,0.0,0.0
106.810076,10.8752397,1814,0.0,1.0,0.0,0.0,0.0,0.0,0.0,1.0,0.0,0.0
106.8075832,10.871817,1815,0.0,1.0,0.0,0.0,0.0,0.0,0.0,1.0,0.0,0.0
106.8055799,10.869327,1816,0.0,1.0,0.0,0.0,0.0,0.0,0.0,1.0,0.0,0.0
106.7959178,10.8620872,1817,0.0,1.0,0.0,0.0,0.0,0.0,0.0,1.0,0.0,0.0
106.7952438,10.8631382,1818,0.0,1.0,0.0,0.0,0.0,0.0,0.0,1.0,0.0,0.0
106.7948042,10.8638409,1819,0.0,1.0,0.0,0.0,0.0,0.0,0.0,1.0,0.0,0.0
106.7906678,10.8596321,1820,0.0,1.0,0.0,0.0,0.0,0.0,0.0,1.0,0.0,0.0
106.786963,10.8574143,1821,0.0,1.0,0.0,0.0,0.0,0.0,0.0,1.0,0.0,0.0
106.7611086,10.826759,1822,0.0,1.0,0.0,0.0,0.0,0.0,0.0,1.0,0.0,0.0
106.7626543,10.8295682,1823,0.0,1.0,0.0,0.0,0.0,0.0,0.0,1.0,0.0,0.0
106.7645442,10.8329768,1824,0.0,1.0,0.0,0.0,0.0,0.0,0.0,1.0,0.0,0.0
106.7650548,10.833875,1825,0.0,1.0,0.0,0.0,0.0,0.0,0.0,1.0,0.0,0.0
106.7663753,10.8361449,1826,0.0,1.0,0.0,0.0,0.0,0.0,0.0,1.0,0.0,0.0
106.7695847,10.8418294,1827,0.0,1.0,0.0,0.0,0.0,0.0,0.0,1.0,0.0,0.0
106.7720705,10.8461191,1828,0.0,1.0,0.0,0.0,0.0,0.0,0.0,1.0,0.0,0.0
106.7659661,10.8354312,1829,0.0,1.0,0.0,0.0,0.0,0.0,0.0,0.0,1.0,0.0
106.7583201,10.8196164,1830,0.0,1.0,0.0,0.0,0.0,0.0,0.0,1.0,0.0,0.0
106.7585383,10.8209553,1831,0.0,1.0,0.0,0.0,0.0,0.0,0.0,1.0,0.0,0.0
106.7586566,10.8214242,1832,0.0,1.0,0.0,0.0,0.0,0.0,0.0,1.0,0.0,0.0
106.7593516,10.8232647,1833,0.0,1.0,0.0,0.0,0.0,0.0,0.0,1.0,0.0,0.0
106.7605407,10.8257673,1834,0.0,1.0,0.0,0.0,0.0,0.0,0.0,1.0,0.0,0.0
106.7568917,10.8126189,1835,0.0,1.0,0.0,0.0,0.0,0.0,0.0,1.0,0.0,0.0
106.7571509,10.8139767,1836,0.0,1.0,0.0,0.0,0.0,0.0,0.0,1.0,0.0,0.0
106.7567002,10.8115249,1837,0.0,1.0,0.0,0.0,0.0,0.0,0.0,1.0,0.0,0.0
106.7561071,10.8092943,1838,0.0,1.0,0.0,0.0,0.0,0.0,0.0,1.0,0.0,0.0
106.7562974,10.8097664,1839,0.0,1.0,0.0,0.0,0.0,0.0,0.0,1.0,0.0,0.0
106.7565881,10.8109033,1840,0.0,1.0,0.0,0.0,0.0,0.0,0.0,1.0,0.0,0.0
106.7534452,10.8053529,1841,0.0,1.0,0.0,0.0,0.0,0.0,0.0,1.0,0.0,0.0
106.7541551,10.8060662,1842,0.0,1.0,0.0,0.0,0.0,0.0,0.0,1.0,0.0,0.0
106.7540511,10.8062271,1843,0.0,1.0,0.0,0.0,0.0,0.0,0.0,1.0,0.0,0.0
106.7533081,10.8055091,1844,0.0,1.0,0.0,0.0,0.0,0.0,0.0,1.0,0.0,0.0
106.7521024,10.8045382,1845,0.0,1.0,0.0,0.0,0.0,0.0,0.0,1.0,0.0,0.0
106.7511206,10.8044247,1846,0.0,1.0,0.0,0.0,0.0,0.0,0.0,1.0,0.0,0.0
106.748823,10.8028998,1847,0.0,1.0,0.0,0.0,0.0,0.0,0.0,1.0,0.0,0.0
106.7438952,10.801925,1848,0.0,1.0,0.0,0.0,0.0,0.0,0.0,1.0,0.0,0.0
106.7471432,10.8024055,1849,0.0,1.0,0.0,0.0,0.0,0.0,0.0,1.0,0.0,0.0
106.7418094,10.8015554,1850,0.0,1.0,0.0,0.0,0.0,0.0,0.0,1.0,0.0,0.0
106.7381826,10.8008971,1851,0.0,1.0,0.0,0.0,0.0,0.0,0.0,1.0,0.0,0.0
106.7196907,10.7984055,1852,0.0,1.0,0.0,0.0,0.0,0.0,0.0,1.0,0.0,0.0
106.7203685,10.7981065,1853,0.0,1.0,0.0,0.0,0.0,0.0,0.0,1.0,0.0,0.0
106.7112997,10.8006438,1854,0.0,1.0,0.0,0.0,0.0,0.0,0.0,1.0,0.0,0.0
106.706512,10.7995083,1855,0.0,1.0,0.0,0.0,0.0,0.0,0.0,1.0,0.0,0.0
106.7028286,10.7957979,1856,0.0,1.0,0.0,0.0,0.0,0.0,0.0,1.0,0.0,0.0
106.70102,10.7937716,1857,0.0,1.0,0.0,0.0,0.0,0.0,0.0,1.0,0.0,0.0
106.6991854,10.7925511,1858,0.0,1.0,0.0,0.0,0.0,0.0,0.0,1.0,0.0,0.0
106.699134,10.7924662,1859,0.0,1.0,0.0,0.0,0.0,0.0,0.0,1.0,0.0,0.0
106.6991153,10.7924043,1860,0.0,1.0,0.0,0.0,0.0,0.0,0.0,1.0,0.0,0.0
106.6991177,10.7922552,1861,0.0,1.0,0.0,0.0,0.0,0.0,0.0,1.0,0.0,0.0
106.699169,10.7921841,1862,0.0,1.0,0.0,0.0,0.0,0.0,0.0,1.0,0.0,0.0
106.6992344,10.7921359,1863,0.0,1.0,0.0,0.0,0.0,0.0,0.0,1.0,0.0,0.0
106.6993535,10.7921084,1864,0.0,1.0,0.0,0.0,0.0,0.0,0.0,1.0,0.0,0.0
106.6996218,10.7921994,1865,0.0,1.0,0.0,0.0,0.0,0.0,0.0,1.0,0.0,0.0
106.6996779,10.7922686,1866,0.0,1.0,0.0,0.0,0.0,0.0,0.0,1.0,0.0,0.0
106.6646812,10.8079681,1867,0.0,1.0,0.0,0.0,0.0,0.0,0.0,1.0,0.0,0.0
106.6657079,10.7508311,1868,0.0,1.0,0.0,0.0,0.0,0.0,0.0,1.0,0.0,0.0
106.6645766,10.7505235,1869,0.0,1.0,0.0,0.0,0.0,0.0,0.0,1.0,0.0,0.0
106.59955,10.7169989,1870,0.0,1.0,0.0,0.0,0.0,0.0,0.0,1.0,0.0,0.0
106.5996195,10.7164038,1871,0.0,1.0,0.0,0.0,0.0,0.0,0.0,1.0,0.0,0.0
106.6645902,10.7504117,1872,0.0,1.0,0.0,0.0,0.0,0.0,0.0,1.0,0.0,0.0
106.6868465,10.8039041,1873,0.0,1.0,0.0,0.0,0.0,0.0,0.0,1.0,0.0,0.0
106.6905857,10.7972961,1874,0.0,1.0,0.0,0.0,0.0,0.0,0.0,0.0,1.0,0.0
106.6909008,10.8033887,1875,0.0,1.0,0.0,0.0,0.0,0.0,0.0,1.0,0.0,0.0
106.7045663,10.8111947,1876,0.0,1.0,0.0,0.0,0.0,0.0,0.0,1.0,0.0,0.0
106.7091403,10.8118342,1877,0.0,1.0,0.0,0.0,0.0,0.0,0.0,1.0,0.0,0.0
106.7091995,10.8123416,1878,0.0,1.0,0.0,0.0,0.0,0.0,0.0,1.0,0.0,0.0
106.709282,10.8126388,1879,0.0,1.0,0.0,0.0,0.0,0.0,0.0,1.0,0.0,0.0
106.7095349,10.8133163,1880,0.0,1.0,0.0,0.0,0.0,0.0,0.0,1.0,0.0,0.0
106.7129039,10.8190196,1881,0.0,1.0,0.0,0.0,0.0,0.0,0.0,1.0,0.0,0.0
106.7135696,10.8235017,1882,0.0,1.0,0.0,0.0,0.0,0.0,0.0,1.0,0.0,0.0
106.6746232,10.7675717,1883,0.0,1.0,0.0,0.0,0.0,0.0,0.0,1.0,0.0,0.0
106.6741524,10.7676916,1884,0.0,1.0,0.0,0.0,0.0,0.0,0.0,1.0,0.0,0.0
106.6744532,10.7679102,1885,0.0,1.0,0.0,0.0,0.0,0.0,0.0,1.0,0.0,0.0
106.6746459,10.7676779,1886,0.0,1.0,0.0,0.0,0.0,0.0,0.0,1.0,0.0,0.0
106.6740174,10.7714372,1887,0.0,1.0,0.0,0.0,0.0,0.0,0.0,1.0,0.0,0.0
106.6762825,10.7701439,1888,0.0,1.0,0.0,0.0,0.0,0.0,0.0,1.0,0.0,0.0
106.6749038,10.7719956,1889,0.0,1.0,0.0,0.0,0.0,0.0,0.0,1.0,0.0,0.0
106.6666868,10.7764798,1890,0.0,1.0,0.0,0.0,0.0,0.0,0.0,1.0,0.0,0.0
106.6591796,10.7931486,1891,0.0,1.0,0.0,0.0,0.0,0.0,0.0,1.0,0.0,0.0
106.6649024,10.8033709,1892,0.0,1.0,0.0,0.0,0.0,0.0,0.0,1.0,0.0,0.0
106.6847136,10.80355,1893,0.0,1.0,0.0,0.0,0.0,0.0,0.0,1.0,0.0,0.0
106.681394,10.7777183,1894,0.0,1.0,0.0,0.0,0.0,0.0,0.0,1.0,0.0,0.0
106.6815084,10.7776021,1895,0.0,1.0,0.0,0.0,0.0,0.0,0.0,1.0,0.0,0.0
106.6813688,10.7777963,1896,0.0,1.0,0.0,0.0,0.0,0.0,0.0,1.0,0.0,0.0
106.6817124,10.778094,1897,0.0,1.0,0.0,0.0,0.0,0.0,0.0,1.0,0.0,0.0
106.6829631,10.8195189,1898,0.0,1.0,0.0,0.0,0.0,0.0,0.0,1.0,0.0,0.0
106.6800231,10.8263771,1899,0.0,1.0,0.0,0.0,0.0,0.0,0.0,1.0,0.0,0.0
106.6800742,10.8264831,1900,0.0,1.0,0.0,0.0,0.0,0.0,0.0,1.0,0.0,0.0
106.6800491,10.8264059,1901,0.0,1.0,0.0,0.0,0.0,0.0,0.0,1.0,0.0,0.0
106.7015669,10.7947643,1902,0.0,1.0,0.0,0.0,0.0,0.0,0.0,1.0,0.0,0.0
106.7056357,10.7991182,1903,0.0,1.0,0.0,0.0,0.0,0.0,0.0,1.0,0.0,0.0
106.7082373,10.8008957,1904,0.0,1.0,0.0,0.0,0.0,0.0,0.0,1.0,0.0,0.0
106.7086061,10.8010507,1905,0.0,1.0,0.0,0.0,0.0,0.0,0.0,1.0,0.0,0.0
106.6755726,10.7956505,1906,0.0,1.0,0.0,0.0,0.0,0.0,0.0,0.0,1.0,0.0
106.6726751,10.8080022,1907,0.0,1.0,0.0,0.0,0.0,0.0,0.0,1.0,0.0,0.0
106.6728593,10.8079826,1908,0.0,1.0,0.0,0.0,0.0,0.0,0.0,1.0,0.0,0.0
106.6732927,10.808081,1909,0.0,1.0,0.0,0.0,0.0,0.0,0.0,1.0,0.0,0.0
106.6778016,10.7949615,1910,0.0,1.0,0.0,0.0,0.0,0.0,0.0,1.0,0.0,0.0
106.6955259,10.7826997,1911,0.0,1.0,0.0,0.0,0.0,0.0,0.0,1.0,0.0,0.0
106.6958408,10.783085,1912,0.0,1.0,0.0,0.0,0.0,0.0,0.0,1.0,0.0,0.0
106.6759845,10.8112355,1913,0.0,1.0,0.0,0.0,0.0,0.0,0.0,1.0,0.0,0.0
106.6871511,10.7521891,1914,0.0,1.0,0.0,0.0,0.0,0.0,0.0,1.0,0.0,0.0
106.6772986,10.7519295,1915,0.0,1.0,0.0,0.0,0.0,0.0,0.0,1.0,0.0,0.0
106.6742775,10.8079316,1916,0.0,1.0,0.0,0.0,0.0,0.0,0.0,1.0,0.0,0.0
106.6765433,10.7931786,1917,0.0,1.0,0.0,0.0,0.0,0.0,0.0,1.0,0.0,0.0
106.6738506,10.7941198,1918,0.0,1.0,0.0,0.0,0.0,0.0,0.0,1.0,0.0,0.0
106.6770814,10.7947481,1919,0.0,1.0,0.0,0.0,0.0,0.0,0.0,1.0,0.0,0.0
106.6750376,10.7959666,1920,0.0,1.0,0.0,0.0,0.0,0.0,0.0,1.0,0.0,0.0
106.6777933,10.7921838,1921,0.0,1.0,0.0,0.0,0.0,0.0,0.0,1.0,0.0,0.0
106.677131,10.7974381,1922,0.0,1.0,0.0,0.0,0.0,0.0,0.0,1.0,0.0,0.0
106.6764786,10.8064699,1923,0.0,1.0,0.0,0.0,0.0,0.0,0.0,1.0,0.0,0.0
106.6837704,10.8041511,1924,0.0,1.0,0.0,0.0,0.0,0.0,0.0,1.0,0.0,0.0
106.6758848,10.8068583,1925,0.0,1.0,0.0,0.0,0.0,0.0,0.0,1.0,0.0,0.0
106.6754064,10.8071778,1926,0.0,1.0,0.0,0.0,0.0,0.0,0.0,1.0,0.0,0.0
106.682193,10.7956017,1927,0.0,1.0,0.0,0.0,0.0,0.0,0.0,1.0,0.0,0.0
106.6899712,10.7975409,1928,0.0,1.0,0.0,0.0,0.0,0.0,0.0,1.0,0.0,0.0
106.6712524,10.8086517,1929,0.0,1.0,0.0,0.0,0.0,0.0,0.0,1.0,0.0,0.0
106.6774727,10.8002788,1930,0.0,1.0,0.0,0.0,0.0,0.0,0.0,1.0,0.0,0.0
106.6767252,10.8008077,1931,1.0,0.0,0.0,0.0,0.0,0.0,0.0,1.0,0.0,0.0
106.6758626,10.8014439,1932,0.0,1.0,0.0,0.0,0.0,0.0,0.0,1.0,0.0,0.0
106.7540475,10.7496023,1933,0.0,1.0,0.0,0.0,0.0,0.0,0.0,1.0,0.0,0.0
106.7545048,10.7500732,1934,0.0,1.0,0.0,0.0,0.0,0.0,0.0,1.0,0.0,0.0
106.7685703,10.7639382,1935,0.0,1.0,0.0,0.0,0.0,0.0,0.0,1.0,0.0,0.0
106.7485551,10.7867563,1936,0.0,1.0,0.0,0.0,0.0,0.0,0.0,1.0,0.0,0.0
106.7279543,10.7347762,1937,0.0,1.0,0.0,0.0,0.0,0.0,0.0,1.0,0.0,0.0
106.7560741,10.7514031,1938,0.0,1.0,0.0,0.0,0.0,0.0,0.0,1.0,0.0,0.0
106.770577,10.7655125,1939,0.0,1.0,0.0,0.0,0.0,0.0,0.0,1.0,0.0,0.0
106.7325959,10.7388742,1940,0.0,1.0,0.0,0.0,0.0,0.0,0.0,1.0,0.0,0.0
106.7512035,10.7905333,1941,0.0,1.0,0.0,0.0,0.0,0.0,0.0,1.0,0.0,0.0
106.7634266,10.7588708,1942,0.0,1.0,0.0,0.0,0.0,0.0,0.0,1.0,0.0,0.0
106.7725504,10.7673434,1943,0.0,1.0,0.0,0.0,0.0,0.0,0.0,1.0,0.0,0.0
106.7496734,10.7875864,1944,0.0,1.0,0.0,0.0,0.0,0.0,0.0,1.0,0.0,0.0
106.7643159,10.759804,1945,0.0,1.0,0.0,0.0,0.0,0.0,0.0,1.0,0.0,0.0
106.7257742,10.7337522,1946,0.0,1.0,0.0,0.0,0.0,0.0,0.0,1.0,0.0,0.0
106.7500664,10.7880492,1947,0.0,1.0,0.0,0.0,0.0,0.0,0.0,1.0,0.0,0.0
106.7265162,10.7339512,1948,0.0,1.0,0.0,0.0,0.0,0.0,0.0,1.0,0.0,0.0
106.7539783,10.7497043,1949,0.0,1.0,0.0,0.0,0.0,0.0,0.0,1.0,0.0,0.0
106.7659359,10.7614557,1950,0.0,1.0,0.0,0.0,0.0,0.0,0.0,1.0,0.0,0.0
106.7287952,10.7357075,1951,0.0,1.0,0.0,0.0,0.0,0.0,0.0,1.0,0.0,0.0
106.7614378,10.7568077,1952,0.0,1.0,0.0,0.0,0.0,0.0,0.0,1.0,0.0,0.0
106.7271372,10.7342194,1953,0.0,1.0,0.0,0.0,0.0,0.0,0.0,1.0,0.0,0.0
106.7672255,10.7627946,1954,0.0,1.0,0.0,0.0,0.0,0.0,0.0,1.0,0.0,0.0
106.75628,10.7515712,1955,0.0,1.0,0.0,0.0,0.0,0.0,0.0,1.0,0.0,0.0
106.7393868,10.7820028,1956,0.0,1.0,0.0,0.0,0.0,0.0,0.0,1.0,0.0,0.0
106.6423321,10.7669741,1957,0.0,1.0,0.0,0.0,0.0,0.0,0.0,1.0,0.0,0.0
106.6421846,10.7667806,1958,0.0,1.0,0.0,0.0,0.0,0.0,0.0,1.0,0.0,0.0
106.6421911,10.7667577,1959,0.0,1.0,0.0,0.0,0.0,0.0,0.0,1.0,0.0,0.0
106.6423436,10.7666517,1960,0.0,1.0,0.0,0.0,0.0,0.0,0.0,1.0,0.0,0.0
106.6423879,10.7666571,1961,0.0,1.0,0.0,0.0,0.0,0.0,0.0,1.0,0.0,0.0
106.642429,10.7666741,1962,0.0,1.0,0.0,0.0,0.0,0.0,0.0,1.0,0.0,0.0
106.6424809,10.766713,1963,0.0,1.0,0.0,0.0,0.0,0.0,0.0,1.0,0.0,0.0
106.6425071,10.7667834,1964,0.0,1.0,0.0,0.0,0.0,0.0,0.0,1.0,0.0,0.0
106.6425087,10.7668328,1965,0.0,1.0,0.0,0.0,0.0,0.0,0.0,1.0,0.0,0.0
106.6424949,10.7668804,1966,0.0,1.0,0.0,0.0,0.0,0.0,0.0,1.0,0.0,0.0
106.6423817,10.7669707,1967,0.0,1.0,0.0,0.0,0.0,0.0,0.0,1.0,0.0,0.0
106.642428,10.7669528,1968,0.0,1.0,0.0,0.0,0.0,0.0,0.0,1.0,0.0,0.0
106.6365088,10.8056849,1969,0.0,1.0,0.0,0.0,0.0,0.0,0.0,1.0,0.0,0.0
106.6668173,10.800283,1970,0.0,1.0,0.0,0.0,0.0,0.0,0.0,1.0,0.0,0.0
106.6244212,10.8283112,1971,0.0,1.0,0.0,0.0,0.0,0.0,0.0,1.0,0.0,0.0
106.6340806,10.7540208,1972,0.0,1.0,0.0,0.0,0.0,0.0,0.0,1.0,0.0,0.0
106.6340886,10.7539125,1973,0.0,1.0,0.0,0.0,0.0,0.0,0.0,1.0,0.0,0.0
106.6812544,10.8001662,1974,0.0,1.0,0.0,0.0,0.0,0.0,0.0,1.0,0.0,0.0
106.7131002,10.8170244,1975,0.0,1.0,0.0,0.0,0.0,0.0,0.0,1.0,0.0,0.0
106.7522864,10.7948062,1976,0.0,1.0,0.0,0.0,0.0,0.0,0.0,1.0,0.0,0.0
106.7538407,10.803238,1977,0.0,1.0,0.0,0.0,0.0,0.0,0.0,1.0,0.0,0.0
106.753989,10.8041688,1978,0.0,1.0,0.0,0.0,0.0,0.0,0.0,1.0,0.0,0.0
106.6987123,10.7718228,1979,0.0,1.0,0.0,0.0,0.0,0.0,0.0,1.0,0.0,0.0
106.6707112,10.7876947,1980,1.0,0.0,0.0,0.0,0.0,0.0,0.0,1.0,0.0,0.0
106.665752,10.79102,1981,0.0,1.0,0.0,0.0,0.0,0.0,0.0,1.0,0.0,0.0
106.6656105,10.7905936,1982,0.0,1.0,0.0,0.0,0.0,0.0,0.0,1.0,0.0,0.0
106.6621739,10.7914669,1983,0.0,1.0,0.0,0.0,0.0,0.0,0.0,1.0,0.0,0.0
106.6623696,10.7918338,1984,0.0,1.0,0.0,0.0,0.0,0.0,0.0,0.0,1.0,0.0
106.673609,10.7941429,1985,0.0,1.0,0.0,0.0,0.0,0.0,0.0,1.0,0.0,0.0
106.673077,10.7940624,1986,0.0,1.0,0.0,0.0,0.0,0.0,0.0,1.0,0.0,0.0
106.6733371,10.794123,1987,1.0,0.0,0.0,0.0,0.0,0.0,0.0,1.0,0.0,0.0
106.6707836,10.7881447,1988,1.0,0.0,0.0,0.0,0.0,0.0,0.0,1.0,0.0,0.0
106.7091397,10.78688,1989,0.0,1.0,0.0,0.0,0.0,0.0,0.0,1.0,0.0,0.0
106.7098061,10.7882081,1990,0.0,1.0,0.0,0.0,0.0,0.0,0.0,1.0,0.0,0.0
106.7058445,10.7910523,1991,0.0,1.0,0.0,0.0,0.0,0.0,0.0,1.0,0.0,0.0
106.7066072,10.7921007,1992,0.0,1.0,0.0,0.0,0.0,0.0,0.0,1.0,0.0,0.0
106.707195,10.7924505,1993,0.0,1.0,0.0,0.0,0.0,0.0,0.0,1.0,0.0,0.0
106.7110451,10.7894259,1994,0.0,1.0,0.0,0.0,0.0,0.0,0.0,1.0,0.0,0.0
106.7121753,10.7894924,1995,0.0,1.0,0.0,0.0,0.0,0.0,0.0,1.0,0.0,0.0
106.7138262,10.7892164,1996,0.0,1.0,0.0,0.0,0.0,0.0,0.0,1.0,0.0,0.0
106.7146133,10.7890403,1997,0.0,1.0,0.0,0.0,0.0,0.0,0.0,1.0,0.0,0.0
106.718378,10.7952342,1998,0.0,1.0,0.0,0.0,0.0,0.0,0.0,1.0,0.0,0.0
106.7206272,10.7976619,1999,0.0,1.0,0.0,0.0,0.0,0.0,0.0,1.0,0.0,0.0
106.6974031,10.7930658,2000,0.0,1.0,0.0,0.0,0.0,0.0,0.0,1.0,0.0,0.0
106.7022971,10.7950064,2001,0.0,1.0,0.0,0.0,0.0,0.0,0.0,1.0,0.0,0.0
106.7043938,10.7972141,2002,0.0,1.0,0.0,0.0,0.0,0.0,0.0,1.0,0.0,0.0
106.7057187,10.7989815,2003,0.0,1.0,0.0,0.0,0.0,0.0,0.0,1.0,0.0,0.0
106.7059684,10.7988022,2004,0.0,1.0,0.0,0.0,0.0,0.0,0.0,1.0,0.0,0.0
106.7066464,10.7994136,2005,0.0,1.0,0.0,0.0,0.0,0.0,0.0,1.0,0.0,0.0
106.708907,10.8006999,2006,0.0,1.0,0.0,0.0,0.0,0.0,0.0,1.0,0.0,0.0
106.70954,10.8009331,2007,0.0,1.0,0.0,0.0,0.0,0.0,0.0,1.0,0.0,0.0
106.7107669,10.8011911,2008,0.0,1.0,0.0,0.0,0.0,0.0,0.0,1.0,0.0,0.0
106.7114279,10.802169,2009,0.0,1.0,0.0,0.0,0.0,0.0,0.0,1.0,0.0,0.0
106.7119071,10.8012885,2010,0.0,1.0,0.0,0.0,0.0,0.0,0.0,1.0,0.0,0.0
106.71479,10.8007556,2011,0.0,1.0,0.0,0.0,0.0,0.0,0.0,1.0,0.0,0.0
106.7134749,10.8011063,2012,0.0,1.0,0.0,0.0,0.0,0.0,0.0,1.0,0.0,0.0
106.714439,10.8012947,2013,0.0,1.0,0.0,0.0,0.0,0.0,0.0,1.0,0.0,0.0
106.6690063,10.7597549,2014,0.0,1.0,0.0,0.0,0.0,0.0,0.0,1.0,0.0,0.0
106.6689652,10.7597201,2015,0.0,1.0,0.0,0.0,0.0,0.0,0.0,1.0,0.0,0.0
106.6690335,10.759801,2016,0.0,1.0,0.0,0.0,0.0,0.0,0.0,1.0,0.0,0.0
106.6883922,10.7541132,2017,0.0,1.0,0.0,0.0,0.0,0.0,0.0,1.0,0.0,0.0
106.6842501,10.7536129,2018,0.0,1.0,0.0,0.0,0.0,0.0,0.0,1.0,0.0,0.0
106.66888,10.7596969,2019,0.0,1.0,0.0,0.0,0.0,0.0,0.0,1.0,0.0,0.0
106.7019861,10.7466153,2020,0.0,1.0,0.0,0.0,0.0,0.0,0.0,1.0,0.0,0.0
106.6924996,10.796692,2021,0.0,1.0,0.0,0.0,0.0,0.0,0.0,1.0,0.0,0.0
106.69249,10.7971723,2022,0.0,1.0,0.0,0.0,0.0,0.0,0.0,1.0,0.0,0.0
106.7104467,10.7291635,2023,0.0,1.0,0.0,0.0,0.0,0.0,0.0,1.0,0.0,0.0
106.6927346,10.7959469,2024,0.0,1.0,0.0,0.0,0.0,0.0,0.0,1.0,0.0,0.0
106.7025956,10.7451997,2025,0.0,1.0,0.0,0.0,0.0,0.0,0.0,0.0,1.0,0.0
106.6925368,10.7963265,2026,0.0,1.0,0.0,0.0,0.0,0.0,0.0,1.0,0.0,0.0
106.6926049,10.7961462,2027,0.0,1.0,0.0,0.0,0.0,0.0,0.0,1.0,0.0,0.0
106.6963878,10.728815,2028,0.0,1.0,0.0,0.0,0.0,0.0,0.0,1.0,0.0,0.0
106.6882703,10.7419079,2029,0.0,1.0,0.0,0.0,0.0,0.0,0.0,1.0,0.0,0.0
106.6885801,10.8218656,2030,0.0,1.0,0.0,0.0,0.0,0.0,0.0,1.0,0.0,0.0
106.6980017,10.728864,2031,0.0,1.0,0.0,0.0,0.0,0.0,0.0,1.0,0.0,0.0
106.6044287,10.8862953,2032,0.0,1.0,0.0,0.0,0.0,0.0,0.0,1.0,0.0,0.0
106.6072573,10.8834596,2033,0.0,1.0,0.0,0.0,0.0,0.0,0.0,1.0,0.0,0.0
106.6176482,10.8598528,2034,0.0,1.0,0.0,0.0,0.0,0.0,0.0,1.0,0.0,0.0
106.6168784,10.8632029,2035,0.0,1.0,0.0,0.0,0.0,0.0,0.0,1.0,0.0,0.0
106.7402788,10.8706394,2036,0.0,1.0,0.0,0.0,0.0,0.0,0.0,1.0,0.0,0.0
106.7020454,10.7530815,2037,0.0,1.0,0.0,0.0,0.0,0.0,0.0,1.0,0.0,0.0
106.6992257,10.757871,2038,0.0,1.0,0.0,0.0,0.0,0.0,0.0,1.0,0.0,0.0
106.699507,10.7575259,2039,0.0,1.0,0.0,0.0,0.0,0.0,0.0,1.0,0.0,0.0
106.7112053,10.816504,2040,0.0,1.0,0.0,0.0,0.0,0.0,0.0,1.0,0.0,0.0
106.6700904,10.8142591,2041,0.0,1.0,0.0,0.0,0.0,0.0,0.0,1.0,0.0,0.0
106.8240042,10.7310421,2042,0.0,1.0,0.0,0.0,0.0,0.0,0.0,1.0,0.0,0.0
106.8248737,10.7170573,2043,0.0,1.0,0.0,0.0,0.0,0.0,0.0,1.0,0.0,0.0
106.8258445,10.7238574,2044,0.0,1.0,0.0,0.0,0.0,0.0,0.0,1.0,0.0,0.0
106.7187246,10.7994003,2045,0.0,1.0,0.0,0.0,0.0,0.0,0.0,1.0,0.0,0.0
106.7513374,10.7912078,2046,0.0,1.0,0.0,0.0,0.0,0.0,0.0,1.0,0.0,0.0
106.7556946,10.8083542,2047,0.0,1.0,0.0,0.0,0.0,0.0,0.0,1.0,0.0,0.0
106.819207,10.7339021,2048,0.0,1.0,0.0,0.0,0.0,0.0,0.0,1.0,0.0,0.0
106.8267563,10.7275831,2049,0.0,1.0,0.0,0.0,0.0,0.0,0.0,1.0,0.0,0.0
106.7190979,10.7986437,2050,0.0,1.0,0.0,0.0,0.0,0.0,0.0,1.0,0.0,0.0
106.6585727,10.7587935,2051,0.0,1.0,0.0,0.0,0.0,0.0,0.0,1.0,0.0,0.0
106.6683739,10.7528641,2052,0.0,1.0,0.0,0.0,0.0,0.0,0.0,1.0,0.0,0.0
106.6884076,10.7292604,2053,0.0,1.0,0.0,0.0,0.0,0.0,0.0,1.0,0.0,0.0
106.6570979,10.758465,2054,0.0,1.0,0.0,0.0,0.0,0.0,0.0,1.0,0.0,0.0
106.6684652,10.752615,2055,0.0,1.0,0.0,0.0,0.0,0.0,0.0,1.0,0.0,0.0
106.7011755,10.740399,2056,0.0,1.0,0.0,0.0,0.0,0.0,0.0,1.0,0.0,0.0
106.6649688,10.8130718,2057,0.0,1.0,0.0,0.0,0.0,0.0,0.0,1.0,0.0,0.0
106.7094595,10.8044597,2058,0.0,1.0,0.0,0.0,0.0,0.0,0.0,1.0,0.0,0.0
106.7094158,10.8068331,2059,0.0,1.0,0.0,0.0,0.0,0.0,0.0,1.0,0.0,0.0
106.7114661,10.8043203,2060,0.0,1.0,0.0,0.0,0.0,0.0,0.0,1.0,0.0,0.0
106.6784121,10.7939638,2061,0.0,1.0,0.0,0.0,0.0,0.0,0.0,1.0,0.0,0.0
106.6953625,10.8113729,2062,0.0,1.0,0.0,0.0,0.0,0.0,0.0,1.0,0.0,0.0
106.6931337,10.7891557,2063,0.0,1.0,0.0,0.0,0.0,0.0,0.0,1.0,0.0,0.0
106.8191301,10.7085686,2064,0.0,1.0,0.0,0.0,0.0,0.0,0.0,1.0,0.0,0.0
106.7207096,10.7979827,2065,0.0,1.0,0.0,0.0,0.0,0.0,0.0,1.0,0.0,0.0
106.7198746,10.7986231,2066,0.0,1.0,0.0,0.0,0.0,0.0,0.0,1.0,0.0,0.0
106.8200297,10.7333357,2067,0.0,1.0,0.0,0.0,0.0,0.0,0.0,1.0,0.0,0.0
106.8345554,10.7048398,2068,0.0,1.0,0.0,0.0,0.0,0.0,0.0,1.0,0.0,0.0
106.8176368,10.7350382,2069,0.0,1.0,0.0,0.0,0.0,0.0,0.0,1.0,0.0,0.0
106.7446366,10.8020554,2070,0.0,1.0,0.0,0.0,0.0,0.0,0.0,1.0,0.0,0.0
106.6584873,10.7689974,2071,0.0,1.0,0.0,0.0,0.0,0.0,0.0,1.0,0.0,0.0
106.7184992,10.7225075,2072,0.0,1.0,0.0,0.0,0.0,0.0,0.0,1.0,0.0,0.0
106.7511235,10.8537487,2073,1.0,0.0,0.0,0.0,1.0,0.0,0.0,1.0,0.0,0.0
106.6678118,10.8320789,2074,0.0,1.0,0.0,0.0,0.0,0.0,0.0,1.0,0.0,0.0
106.6818842,10.8181425,2075,0.0,1.0,0.0,0.0,0.0,0.0,0.0,1.0,0.0,0.0
106.6717288,10.7918875,2076,0.0,1.0,0.0,0.0,0.0,0.0,0.0,1.0,0.0,0.0
106.6725945,10.791092,2077,0.0,1.0,0.0,0.0,0.0,0.0,0.0,0.0,0.0,0.0
106.6950685,10.7925952,2078,0.0,1.0,0.0,0.0,0.0,0.0,0.0,1.0,0.0,0.0
106.6675204,10.8003224,2079,0.0,1.0,0.0,0.0,0.0,0.0,0.0,1.0,0.0,0.0
106.693204,10.7946727,2080,0.0,1.0,0.0,0.0,0.0,0.0,0.0,1.0,0.0,0.0
106.6927968,10.7958364,2081,0.0,1.0,0.0,0.0,0.0,0.0,0.0,1.0,0.0,0.0
106.6785525,10.8483517,2082,0.0,1.0,0.0,0.0,0.0,0.0,0.0,1.0,0.0,0.0
106.6798911,10.8589939,2083,0.0,1.0,0.0,0.0,0.0,0.0,0.0,1.0,0.0,0.0
106.6784376,10.8473465,2084,0.0,1.0,0.0,0.0,0.0,0.0,0.0,1.0,0.0,0.0
106.6650526,10.7506371,2085,0.0,1.0,0.0,0.0,0.0,0.0,0.0,1.0,0.0,0.0
106.6648657,10.7504881,2086,0.0,1.0,0.0,0.0,0.0,0.0,0.0,1.0,0.0,0.0
106.6641397,10.7502625,2087,0.0,1.0,0.0,0.0,0.0,0.0,0.0,1.0,0.0,0.0
106.7073787,10.7838718,2088,0.0,1.0,0.0,0.0,0.0,0.0,0.0,1.0,0.0,0.0
106.6410452,10.8024968,2089,0.0,1.0,0.0,0.0,0.0,0.0,0.0,0.0,0.0,0.0
106.6588272,10.8010055,2090,0.0,1.0,0.0,0.0,0.0,0.0,0.0,0.0,0.0,0.0
106.6794993,10.7992383,2091,0.0,1.0,0.0,0.0,0.0,0.0,0.0,0.0,0.0,0.0
106.7477498,10.8027971,2092,0.0,1.0,0.0,0.0,0.0,0.0,0.0,0.0,0.0,0.0
106.6509196,10.8016842,2093,0.0,1.0,0.0,0.0,0.0,0.0,0.0,0.0,0.0,0.0
106.6550378,10.8013293,2094,0.0,1.0,0.0,0.0,0.0,0.0,0.0,0.0,0.0,0.0
106.6625083,10.8015141,2095,0.0,1.0,0.0,0.0,0.0,0.0,0.0,0.0,0.0,0.0
106.6861371,10.8040174,2096,0.0,1.0,0.0,0.0,0.0,0.0,0.0,0.0,0.0,0.0
106.687792,10.8037891,2097,0.0,1.0,0.0,0.0,0.0,0.0,0.0,0.0,0.0,0.0
106.691555,10.8032998,2098,0.0,1.0,0.0,0.0,0.0,0.0,0.0,0.0,0.0,0.0
106.6837113,10.8025425,2099,0.0,1.0,0.0,0.0,0.0,0.0,0.0,0.0,0.0,0.0
106.7079027,10.8031415,2100,0.0,1.0,0.0,0.0,0.0,0.0,0.0,0.0,0.0,0.0
106.6835737,10.8022873,2101,0.0,1.0,0.0,0.0,0.0,0.0,0.0,0.0,0.0,0.0
106.6860511,10.803934,2102,0.0,1.0,0.0,0.0,0.0,0.0,0.0,0.0,0.0,0.0
106.7196704,10.7987347,2103,0.0,1.0,0.0,0.0,0.0,0.0,0.0,0.0,0.0,0.0
106.6990755,10.8029498,2104,0.0,1.0,0.0,0.0,0.0,0.0,0.0,0.0,0.0,0.0
106.7009752,10.8037105,2105,0.0,1.0,0.0,0.0,0.0,0.0,0.0,0.0,0.0,0.0
106.7044101,10.8034009,2106,0.0,1.0,0.0,0.0,0.0,0.0,0.0,0.0,0.0,0.0
106.710341,10.8029569,2107,0.0,1.0,0.0,0.0,0.0,0.0,0.0,0.0,0.0,0.0
106.6820199,10.800897,2108,0.0,1.0,0.0,0.0,0.0,0.0,0.0,0.0,0.0,0.0
106.6435165,10.8023039,2109,0.0,1.0,0.0,0.0,0.0,0.0,0.0,0.0,0.0,0.0
106.713111,10.8011602,2110,0.0,1.0,0.0,0.0,0.0,0.0,0.0,0.0,0.0,0.0
106.7343734,10.8000814,2111,0.0,1.0,0.0,0.0,0.0,0.0,0.0,0.0,0.0,0.0
106.7075332,10.8030838,2112,0.0,1.0,0.0,0.0,0.0,0.0,0.0,0.0,0.0,0.0
106.7420278,10.8014984,2113,0.0,1.0,0.0,0.0,0.0,0.0,0.0,0.0,0.0,0.0
106.699523,10.7843234,2114,0.0,1.0,0.0,0.0,0.0,0.0,0.0,0.0,0.0,0.0
106.7045845,10.7897016,2115,0.0,1.0,0.0,0.0,0.0,0.0,0.0,0.0,0.0,0.0
106.6883833,10.7855756,2116,0.0,1.0,0.0,0.0,0.0,0.0,0.0,0.0,0.0,0.0
106.6681725,10.7998563,2117,0.0,1.0,0.0,0.0,0.0,0.0,0.0,0.0,0.0,0.0
106.6858201,10.787916,2118,0.0,1.0,0.0,0.0,0.0,0.0,0.0,0.0,0.0,0.0
106.6787129,10.7936599,2119,0.0,1.0,0.0,0.0,0.0,0.0,0.0,0.0,0.0,0.0
106.7365319,10.8005679,2120,0.0,1.0,0.0,0.0,0.0,0.0,0.0,1.0,0.0,0.0
106.621809,10.8321183,2121,0.0,1.0,0.0,0.0,0.0,0.0,0.0,0.0,0.0,0.0
106.6376785,10.8039728,2122,0.0,1.0,0.0,0.0,0.0,0.0,0.0,0.0,0.0,0.0
106.629903,10.8222724,2123,0.0,1.0,0.0,0.0,0.0,0.0,0.0,0.0,0.0,0.0
106.7650905,10.8344344,2124,0.0,1.0,0.0,0.0,0.0,0.0,0.0,0.0,0.0,0.0
106.73343,10.799006,2125,0.0,1.0,0.0,0.0,0.0,0.0,0.0,1.0,0.0,0.0
106.7333728,10.7988723,2126,0.0,1.0,0.0,0.0,0.0,0.0,0.0,1.0,0.0,0.0
106.7092607,10.8088223,2127,0.0,1.0,0.0,0.0,0.0,0.0,0.0,1.0,0.0,0.0
106.719196,10.7962785,2128,0.0,1.0,0.0,0.0,0.0,0.0,0.0,1.0,0.0,0.0
106.7169972,10.7896189,2129,0.0,1.0,0.0,0.0,0.0,0.0,0.0,1.0,0.0,0.0
106.6644313,10.8066514,2130,0.0,1.0,0.0,0.0,0.0,0.0,0.0,1.0,0.0,0.0
106.6588525,10.7807392,2131,0.0,1.0,0.0,0.0,0.0,0.0,0.0,0.0,1.0,0.0
106.7226845,10.7734663,2132,0.0,1.0,0.0,0.0,0.0,0.0,0.0,0.0,1.0,0.0
106.6793546,10.7933991,2133,0.0,1.0,0.0,0.0,0.0,0.0,0.0,1.0,0.0,0.0
106.6786595,10.814871,2134,0.0,1.0,0.0,0.0,0.0,0.0,0.0,1.0,0.0,0.0
106.6786918,10.8158221,2135,0.0,1.0,0.0,0.0,0.0,0.0,0.0,1.0,0.0,0.0
106.6824341,10.8188474,2136,0.0,1.0,0.0,0.0,0.0,0.0,0.0,1.0,0.0,0.0
106.6832697,10.8207556,2137,0.0,1.0,0.0,0.0,0.0,0.0,0.0,1.0,0.0,0.0
106.6829666,10.8213632,2138,0.0,1.0,0.0,0.0,0.0,0.0,0.0,1.0,0.0,0.0
106.6788405,10.8222265,2139,0.0,1.0,0.0,0.0,0.0,0.0,0.0,1.0,0.0,0.0
106.6789553,10.8233571,2140,0.0,1.0,0.0,0.0,0.0,0.0,0.0,1.0,0.0,0.0
106.6790432,10.8237819,2141,0.0,1.0,0.0,0.0,0.0,0.0,0.0,1.0,0.0,0.0
106.681045,10.8247778,2142,0.0,1.0,0.0,0.0,0.0,0.0,0.0,1.0,0.0,0.0
106.6777974,10.805623,2143,0.0,1.0,0.0,0.0,0.0,0.0,0.0,1.0,0.0,0.0
106.6784338,10.8058889,2144,0.0,1.0,0.0,0.0,0.0,0.0,0.0,1.0,0.0,0.0
106.6721549,10.8083351,2145,0.0,1.0,0.0,0.0,0.0,0.0,0.0,1.0,0.0,0.0
106.6716439,10.8086054,2146,0.0,1.0,0.0,0.0,0.0,0.0,0.0,1.0,0.0,0.0
106.6784695,10.809281,2147,0.0,1.0,0.0,0.0,0.0,0.0,0.0,1.0,0.0,0.0
106.6784762,10.8097473,2148,0.0,1.0,0.0,0.0,0.0,0.0,0.0,1.0,0.0,0.0
106.6784896,10.8105021,2149,0.0,1.0,0.0,0.0,0.0,0.0,0.0,1.0,0.0,0.0
106.6785282,10.8111393,2150,0.0,1.0,0.0,0.0,0.0,0.0,0.0,1.0,0.0,0.0
106.6785475,10.8113383,2151,0.0,1.0,0.0,0.0,0.0,0.0,0.0,1.0,0.0,0.0
106.6785881,10.8117569,2152,0.0,1.0,0.0,0.0,0.0,0.0,0.0,1.0,0.0,0.0
106.6786076,10.8120592,2153,0.0,1.0,0.0,0.0,0.0,0.0,0.0,1.0,0.0,0.0
106.6796467,10.8034825,2154,0.0,1.0,0.0,0.0,0.0,0.0,0.0,1.0,0.0,0.0
106.6789225,10.8037064,2155,0.0,1.0,0.0,0.0,0.0,0.0,0.0,1.0,0.0,0.0
106.6788316,10.8043173,2156,0.0,1.0,0.0,0.0,0.0,0.0,0.0,1.0,0.0,0.0
106.6788861,10.8227518,2157,0.0,1.0,0.0,0.0,0.0,0.0,0.0,1.0,0.0,0.0
106.6789881,10.8235257,2158,0.0,1.0,0.0,0.0,0.0,0.0,0.0,1.0,0.0,0.0
106.6805875,10.8165395,2159,0.0,1.0,0.0,0.0,0.0,0.0,0.0,1.0,0.0,0.0
106.6787562,10.8187342,2160,0.0,1.0,0.0,0.0,0.0,0.0,0.0,1.0,0.0,0.0
106.6787669,10.8192058,2161,0.0,1.0,0.0,0.0,0.0,0.0,0.0,1.0,0.0,0.0
106.6788186,10.8220272,2162,0.0,1.0,0.0,0.0,0.0,0.0,0.0,1.0,0.0,0.0
106.6822356,10.8308003,2163,0.0,1.0,0.0,0.0,0.0,0.0,0.0,1.0,0.0,0.0
106.6611458,10.8003982,2164,0.0,1.0,0.0,0.0,0.0,0.0,0.0,1.0,0.0,0.0
106.6614884,10.8005746,2165,0.0,1.0,0.0,0.0,0.0,0.0,0.0,1.0,0.0,0.0
106.6621072,10.800874,2166,0.0,1.0,0.0,0.0,0.0,0.0,0.0,1.0,0.0,0.0
106.664164,10.8042324,2167,0.0,1.0,0.0,0.0,0.0,0.0,0.0,1.0,0.0,0.0
106.6682995,10.8063345,2168,0.0,1.0,0.0,0.0,0.0,0.0,0.0,1.0,0.0,0.0
106.6683806,10.8068489,2169,0.0,1.0,0.0,0.0,0.0,0.0,0.0,1.0,0.0,0.0
106.6894155,10.8035773,2170,0.0,1.0,0.0,0.0,0.0,0.0,0.0,1.0,0.0,0.0
106.6787531,10.8047249,2171,1.0,0.0,0.0,0.0,0.0,0.0,0.0,1.0,0.0,0.0
106.6102491,10.8507007,2172,0.0,1.0,0.0,0.0,0.0,0.0,0.0,1.0,0.0,0.0
106.6088847,10.8528358,2173,0.0,1.0,0.0,0.0,0.0,0.0,0.0,1.0,0.0,0.0
106.6087077,10.8530832,2174,0.0,1.0,0.0,0.0,0.0,0.0,0.0,1.0,0.0,0.0
106.6032632,10.8610938,2175,0.0,1.0,0.0,0.0,0.0,0.0,0.0,1.0,0.0,0.0
106.6000503,10.86564,2176,0.0,1.0,0.0,0.0,0.0,0.0,0.0,1.0,0.0,0.0
106.6763061,10.8022312,2177,0.0,1.0,0.0,0.0,0.0,0.0,0.0,1.0,0.0,0.0
106.677242,10.8038652,2178,0.0,1.0,0.0,0.0,0.0,0.0,0.0,1.0,0.0,0.0
106.6775017,10.8043283,2179,0.0,1.0,0.0,0.0,0.0,0.0,0.0,1.0,0.0,0.0
106.6872833,10.8069322,2180,0.0,1.0,0.0,0.0,0.0,0.0,0.0,1.0,0.0,0.0
106.6609866,10.8002587,2181,0.0,1.0,0.0,0.0,0.0,0.0,0.0,1.0,0.0,0.0
106.6610578,10.8002969,2182,0.0,1.0,0.0,0.0,0.0,0.0,0.0,1.0,0.0,0.0
106.6607913,10.800386,2183,0.0,1.0,0.0,0.0,0.0,0.0,0.0,1.0,0.0,0.0
106.660811,10.8004871,2184,0.0,1.0,0.0,0.0,0.0,0.0,0.0,1.0,0.0,0.0
106.6616781,10.8006677,2185,0.0,1.0,0.0,0.0,0.0,0.0,0.0,1.0,0.0,0.0
106.6610495,10.8006298,2186,0.0,1.0,0.0,0.0,0.0,0.0,0.0,1.0,0.0,0.0
106.5880754,10.8853059,2187,0.0,1.0,0.0,0.0,0.0,0.0,0.0,1.0,0.0,0.0
106.6267897,10.7482037,2188,0.0,1.0,0.0,0.0,0.0,0.0,0.0,1.0,0.0,0.0
106.6270669,10.7484321,2189,0.0,1.0,0.0,0.0,0.0,0.0,0.0,1.0,0.0,0.0
106.6887666,10.8090351,2190,0.0,1.0,0.0,0.0,0.0,0.0,0.0,1.0,0.0,0.0
106.6852746,10.8039418,2191,0.0,1.0,0.0,0.0,0.0,0.0,0.0,1.0,0.0,0.0
106.6857976,10.8040272,2192,0.0,1.0,0.0,0.0,0.0,0.0,0.0,1.0,0.0,0.0
106.687445,10.8073089,2193,0.0,1.0,0.0,0.0,0.0,0.0,0.0,1.0,0.0,0.0
106.6981465,10.7956332,2194,0.0,1.0,0.0,0.0,0.0,0.0,0.0,1.0,0.0,0.0
106.6986741,10.7972433,2195,0.0,1.0,0.0,0.0,0.0,0.0,0.0,1.0,0.0,0.0
106.7050716,10.7981616,2196,0.0,1.0,0.0,0.0,0.0,0.0,0.0,1.0,0.0,0.0
106.6994039,10.7991158,2197,0.0,1.0,0.0,0.0,0.0,0.0,0.0,1.0,0.0,0.0
106.7072136,10.799815,2198,0.0,1.0,0.0,0.0,0.0,0.0,0.0,1.0,0.0,0.0
106.7156061,10.800477,2199,0.0,1.0,0.0,0.0,0.0,0.0,0.0,1.0,0.0,0.0
106.7157865,10.8008421,2200,0.0,1.0,0.0,0.0,0.0,0.0,0.0,1.0,0.0,0.0
106.7110213,10.8010551,2201,0.0,1.0,0.0,0.0,0.0,0.0,0.0,1.0,0.0,0.0
106.7113752,10.8011855,2202,0.0,1.0,0.0,0.0,0.0,0.0,0.0,1.0,0.0,0.0
106.7111262,10.8012791,2203,0.0,1.0,0.0,0.0,0.0,0.0,0.0,1.0,0.0,0.0
106.7110941,10.8013276,2204,0.0,1.0,0.0,0.0,0.0,0.0,0.0,1.0,0.0,0.0
106.7115512,10.8016017,2205,0.0,1.0,0.0,0.0,0.0,0.0,0.0,1.0,0.0,0.0
106.7114473,10.8016858,2206,0.0,1.0,0.0,0.0,0.0,0.0,0.0,1.0,0.0,0.0
106.7302083,10.7897127,2207,0.0,1.0,0.0,0.0,0.0,0.0,0.0,1.0,0.0,0.0
106.730523,10.7915893,2208,0.0,1.0,0.0,0.0,0.0,0.0,0.0,1.0,0.0,0.0
106.718286,10.7947736,2209,0.0,1.0,0.0,0.0,0.0,0.0,0.0,1.0,0.0,0.0
106.7183179,10.7949961,2210,0.0,1.0,0.0,0.0,0.0,0.0,0.0,1.0,0.0,0.0
106.7311474,10.7954388,2211,0.0,1.0,0.0,0.0,0.0,0.0,0.0,1.0,0.0,0.0
106.7312122,10.7958158,2212,0.0,1.0,0.0,0.0,0.0,0.0,0.0,1.0,0.0,0.0
106.723043,10.7974391,2213,0.0,1.0,0.0,0.0,0.0,0.0,0.0,1.0,0.0,0.0
106.7226514,10.7974483,2214,0.0,1.0,0.0,0.0,0.0,0.0,0.0,1.0,0.0,0.0
106.7236729,10.7976138,2215,0.0,1.0,0.0,0.0,0.0,0.0,0.0,1.0,0.0,0.0
106.7205235,10.7976579,2216,0.0,1.0,0.0,0.0,0.0,0.0,0.0,1.0,0.0,0.0
106.7314177,10.7977471,2217,0.0,1.0,0.0,0.0,0.0,0.0,0.0,1.0,0.0,0.0
106.7210993,10.7977589,2218,0.0,1.0,0.0,0.0,0.0,0.0,0.0,1.0,0.0,0.0
106.7241976,10.7978404,2219,0.0,1.0,0.0,0.0,0.0,0.0,0.0,1.0,0.0,0.0
106.7242772,10.7980159,2220,0.0,1.0,0.0,0.0,0.0,0.0,0.0,1.0,0.0,0.0
106.7204931,10.7984931,2221,0.0,1.0,0.0,0.0,0.0,0.0,0.0,1.0,0.0,0.0
106.7192837,10.7986367,2222,0.0,1.0,0.0,0.0,0.0,0.0,0.0,1.0,0.0,0.0
106.720595,10.7984957,2223,0.0,1.0,0.0,0.0,0.0,0.0,0.0,1.0,0.0,0.0
106.7203402,10.7985168,2224,0.0,1.0,0.0,0.0,0.0,0.0,0.0,1.0,0.0,0.0
106.7208069,10.7985405,2225,0.0,1.0,0.0,0.0,0.0,0.0,0.0,1.0,0.0,0.0
106.7209515,10.7985904,2226,0.0,1.0,0.0,0.0,0.0,0.0,0.0,1.0,0.0,0.0
106.7306201,10.7981765,2227,0.0,1.0,0.0,0.0,0.0,0.0,0.0,1.0,0.0,0.0
106.7211671,10.7986918,2228,0.0,1.0,0.0,0.0,0.0,0.0,0.0,1.0,0.0,0.0
106.721302,10.7987636,2229,0.0,1.0,0.0,0.0,0.0,0.0,0.0,1.0,0.0,0.0
106.7213999,10.7988108,2230,0.0,1.0,0.0,0.0,0.0,0.0,0.0,1.0,0.0,0.0
106.7240631,10.798892,2231,0.0,1.0,0.0,0.0,0.0,0.0,0.0,1.0,0.0,0.0
106.7217272,10.7989581,2232,0.0,1.0,0.0,0.0,0.0,0.0,0.0,1.0,0.0,0.0
106.7294718,10.7989752,2233,0.0,1.0,0.0,0.0,0.0,0.0,0.0,1.0,0.0,0.0
106.7240012,10.7989615,2234,0.0,1.0,0.0,0.0,0.0,0.0,0.0,1.0,0.0,0.0
106.7219201,10.7990033,2235,0.0,1.0,0.0,0.0,0.0,0.0,0.0,1.0,0.0,0.0
106.7221767,10.7990415,2236,0.0,1.0,0.0,0.0,0.0,0.0,0.0,1.0,0.0,0.0
106.7228668,10.7991197,2237,0.0,1.0,0.0,0.0,0.0,0.0,0.0,1.0,0.0,0.0
106.7232407,10.7991448,2238,0.0,1.0,0.0,0.0,0.0,0.0,0.0,1.0,0.0,0.0
106.7067365,10.799862,2239,0.0,1.0,0.0,0.0,0.0,0.0,0.0,1.0,0.0,0.0
106.7322404,10.7999012,2240,0.0,1.0,0.0,0.0,0.0,0.0,0.0,1.0,0.0,0.0
106.706663,10.7999805,2241,0.0,1.0,0.0,0.0,0.0,0.0,0.0,1.0,0.0,0.0
106.7082181,10.8004044,2242,0.0,1.0,0.0,0.0,0.0,0.0,0.0,1.0,0.0,0.0
106.7137093,10.8010664,2243,0.0,1.0,0.0,0.0,0.0,0.0,0.0,1.0,0.0,0.0
106.7138299,10.8013264,2244,0.0,1.0,0.0,0.0,0.0,0.0,0.0,1.0,0.0,0.0
106.7138985,10.8014449,2245,0.0,1.0,0.0,0.0,0.0,0.0,0.0,1.0,0.0,0.0
106.5948202,10.6911306,2246,0.0,1.0,0.0,0.0,0.0,0.0,0.0,1.0,0.0,0.0
106.5896523,10.6887747,2247,0.0,1.0,0.0,0.0,0.0,0.0,0.0,1.0,0.0,0.0
106.5930448,10.6894658,2248,0.0,1.0,0.0,0.0,0.0,0.0,0.0,1.0,0.0,0.0
106.5987969,10.7116967,2249,0.0,1.0,0.0,0.0,0.0,0.0,0.0,0.0,1.0,0.0
106.5990474,10.7132262,2250,0.0,1.0,0.0,0.0,0.0,0.0,0.0,1.0,0.0,0.0
106.5993627,10.715415,2251,0.0,1.0,0.0,0.0,0.0,0.0,0.0,1.0,0.0,0.0
106.5995996,10.7179743,2252,0.0,1.0,0.0,0.0,0.0,0.0,0.0,1.0,0.0,0.0
106.5995147,10.7179535,2253,0.0,1.0,0.0,0.0,0.0,0.0,0.0,1.0,0.0,0.0
106.5997482,10.7182682,2254,0.0,1.0,0.0,0.0,0.0,0.0,0.0,1.0,0.0,0.0
106.6034735,10.7185205,2255,0.0,1.0,0.0,0.0,0.0,0.0,0.0,1.0,0.0,0.0
106.6036625,10.7186024,2256,0.0,1.0,0.0,0.0,0.0,0.0,0.0,1.0,0.0,0.0
106.6001433,10.7194792,2257,0.0,1.0,0.0,0.0,0.0,0.0,0.0,1.0,0.0,0.0
106.66701,10.7911735,2258,0.0,1.0,0.0,0.0,0.0,0.0,0.0,1.0,0.0,0.0
106.7464831,10.87383,2259,0.0,1.0,0.0,0.0,0.0,0.0,0.0,1.0,0.0,0.0
106.7531005,10.8759274,2260,0.0,1.0,0.0,0.0,0.0,0.0,0.0,1.0,0.0,0.0
106.7865164,10.8799558,2261,0.0,1.0,0.0,0.0,0.0,0.0,0.0,1.0,0.0,0.0
106.7997194,10.886023,2262,0.0,1.0,0.0,0.0,0.0,0.0,0.0,1.0,0.0,0.0
106.7992728,10.8876615,2263,0.0,1.0,0.0,0.0,0.0,0.0,0.0,1.0,0.0,0.0
106.7990946,10.8882759,2264,0.0,1.0,0.0,0.0,0.0,0.0,0.0,1.0,0.0,0.0
106.7323124,10.7780689,2265,0.0,1.0,0.0,0.0,0.0,0.0,0.0,1.0,0.0,0.0
106.7347388,10.7793052,2266,0.0,1.0,0.0,0.0,0.0,0.0,0.0,1.0,0.0,0.0
106.7378418,10.7809422,2267,0.0,1.0,0.0,0.0,0.0,0.0,0.0,1.0,0.0,0.0
106.738639,10.7816431,2268,0.0,1.0,0.0,0.0,0.0,0.0,0.0,1.0,0.0,0.0
106.6517611,10.7937384,2269,0.0,1.0,0.0,0.0,0.0,0.0,0.0,1.0,0.0,0.0
106.6540497,10.7847747,2270,0.0,1.0,0.0,0.0,0.0,0.0,0.0,1.0,0.0,0.0
106.6695719,10.7718944,2271,0.0,1.0,0.0,0.0,0.0,0.0,0.0,1.0,0.0,0.0
106.6689573,10.7730264,2272,0.0,1.0,0.0,0.0,0.0,0.0,0.0,1.0,0.0,0.0
106.6694018,10.7721935,2273,0.0,1.0,0.0,0.0,0.0,0.0,0.0,1.0,0.0,0.0
106.6691107,10.7727394,2274,0.0,1.0,0.0,0.0,0.0,0.0,0.0,1.0,0.0,0.0
106.6692526,10.7724741,2275,0.0,1.0,0.0,0.0,0.0,0.0,0.0,1.0,0.0,0.0
106.6705481,10.77004,2276,0.0,1.0,0.0,0.0,0.0,0.0,0.0,1.0,0.0,0.0
106.6543665,10.7836425,2277,0.0,1.0,0.0,0.0,0.0,0.0,0.0,1.0,0.0,0.0
106.7460372,10.6764523,2278,0.0,1.0,0.0,0.0,0.0,0.0,0.0,1.0,0.0,0.0
106.6818203,10.7605736,2279,0.0,1.0,0.0,0.0,0.0,0.0,0.0,1.0,0.0,0.0
106.6624837,10.7750277,2280,0.0,1.0,0.0,0.0,0.0,0.0,0.0,1.0,0.0,0.0
106.657614,10.7745415,2281,0.0,1.0,0.0,0.0,0.0,0.0,0.0,1.0,0.0,0.0
106.6582765,10.775411,2282,0.0,1.0,0.0,0.0,0.0,0.0,0.0,1.0,0.0,0.0
106.6594245,10.7768839,2283,0.0,1.0,0.0,0.0,0.0,0.0,0.0,1.0,0.0,0.0
106.660213,10.7780564,2284,0.0,1.0,0.0,0.0,0.0,0.0,0.0,1.0,0.0,0.0
106.6609856,10.7788021,2285,0.0,1.0,0.0,0.0,0.0,0.0,0.0,1.0,0.0,0.0
106.8406454,10.7040546,2286,0.0,1.0,0.0,0.0,0.0,0.0,0.0,1.0,0.0,0.0
106.8475443,10.7154014,2287,0.0,1.0,0.0,0.0,0.0,0.0,0.0,1.0,0.0,0.0
106.8128875,10.7385883,2288,0.0,1.0,0.0,0.0,0.0,0.0,0.0,1.0,0.0,0.0
106.8109602,10.740033,2289,0.0,1.0,0.0,0.0,0.0,0.0,0.0,1.0,0.0,0.0
106.8086767,10.7417617,2290,0.0,1.0,0.0,0.0,0.0,0.0,0.0,1.0,0.0,0.0
106.8070538,10.7429478,2291,0.0,1.0,0.0,0.0,0.0,0.0,0.0,1.0,0.0,0.0
106.8056837,10.7435327,2292,0.0,1.0,0.0,0.0,0.0,0.0,0.0,1.0,0.0,0.0
106.8044591,10.7438421,2293,0.0,1.0,0.0,0.0,0.0,0.0,0.0,1.0,0.0,0.0
106.8026506,10.7443289,2294,0.0,1.0,0.0,0.0,0.0,0.0,0.0,1.0,0.0,0.0
106.8014083,10.7446627,2295,0.0,1.0,0.0,0.0,0.0,0.0,0.0,1.0,0.0,0.0
106.7995255,10.7451635,2296,0.0,1.0,0.0,0.0,0.0,0.0,0.0,1.0,0.0,0.0
106.7983575,10.7454625,2297,0.0,1.0,0.0,0.0,0.0,0.0,0.0,1.0,0.0,0.0
106.7966198,10.7459145,2298,0.0,1.0,0.0,0.0,0.0,0.0,0.0,1.0,0.0,0.0
106.7956925,10.7461614,2299,0.0,1.0,0.0,0.0,0.0,0.0,0.0,1.0,0.0,0.0
106.7943052,10.7465265,2300,0.0,1.0,0.0,0.0,0.0,0.0,0.0,1.0,0.0,0.0
106.7937354,10.746756,2301,0.0,1.0,0.0,0.0,0.0,0.0,0.0,1.0,0.0,0.0
106.7924504,10.7477948,2302,0.0,1.0,0.0,0.0,0.0,0.0,0.0,1.0,0.0,0.0
106.7922164,10.7481334,2303,0.0,1.0,0.0,0.0,0.0,0.0,0.0,1.0,0.0,0.0
106.7920096,10.748507,2304,0.0,1.0,0.0,0.0,0.0,0.0,0.0,1.0,0.0,0.0
106.7917748,10.7491877,2305,0.0,1.0,0.0,0.0,0.0,0.0,0.0,1.0,0.0,0.0
106.791315,10.7505598,2306,0.0,1.0,0.0,0.0,0.0,0.0,0.0,1.0,0.0,0.0
106.7910873,10.7513147,2307,0.0,1.0,0.0,0.0,0.0,0.0,0.0,1.0,0.0,0.0
106.8194846,10.7337361,2308,0.0,1.0,0.0,0.0,0.0,0.0,0.0,1.0,0.0,0.0
106.7931437,10.7471454,2309,0.0,1.0,0.0,0.0,0.0,0.0,0.0,1.0,0.0,0.0
106.7432344,10.7192661,2310,0.0,1.0,0.0,0.0,0.0,0.0,0.0,1.0,0.0,0.0
106.6855472,10.7501925,2311,0.0,1.0,0.0,0.0,0.0,0.0,0.0,1.0,0.0,0.0
106.8449362,10.7040553,2312,0.0,1.0,0.0,0.0,0.0,0.0,0.0,1.0,0.0,0.0
106.8429461,10.7040409,2313,0.0,1.0,0.0,0.0,0.0,0.0,0.0,1.0,0.0,0.0
106.8475904,10.7059,2314,0.0,1.0,0.0,0.0,0.0,0.0,0.0,1.0,0.0,0.0
106.8475454,10.7086939,2315,0.0,1.0,0.0,0.0,0.0,0.0,0.0,1.0,0.0,0.0
106.6545553,10.7770579,2316,0.0,1.0,0.0,0.0,0.0,0.0,0.0,1.0,0.0,0.0
106.6551068,10.7776208,2317,0.0,1.0,0.0,0.0,0.0,0.0,0.0,1.0,0.0,0.0
106.6559457,10.7781162,2318,0.0,1.0,0.0,0.0,0.0,0.0,0.0,1.0,0.0,0.0
106.652777,10.779344,2319,0.0,1.0,0.0,0.0,0.0,0.0,0.0,1.0,0.0,0.0
106.6499427,10.7801239,2320,0.0,1.0,0.0,0.0,0.0,0.0,0.0,1.0,0.0,0.0
106.6499781,10.7806527,2321,0.0,1.0,0.0,0.0,0.0,0.0,0.0,1.0,0.0,0.0
106.6500826,10.7813352,2322,0.0,1.0,0.0,0.0,0.0,0.0,0.0,1.0,0.0,0.0
106.6555319,10.7816527,2323,0.0,1.0,0.0,0.0,0.0,0.0,0.0,1.0,0.0,0.0
106.655586,10.78171,2324,0.0,1.0,0.0,0.0,0.0,0.0,0.0,1.0,0.0,0.0
106.656532,10.7819,2325,0.0,1.0,0.0,0.0,0.0,0.0,0.0,1.0,0.0,0.0
106.6524015,10.7838002,2326,0.0,1.0,0.0,0.0,0.0,0.0,0.0,1.0,0.0,0.0
106.6896458,10.7357633,2327,0.0,1.0,0.0,0.0,0.0,0.0,0.0,1.0,0.0,0.0
106.6934274,10.7356907,2328,0.0,1.0,0.0,0.0,0.0,0.0,0.0,1.0,0.0,0.0
106.6152871,10.8429984,2329,0.0,1.0,0.0,0.0,0.0,0.0,0.0,1.0,0.0,0.0
106.6160996,10.8435785,2330,0.0,1.0,0.0,0.0,0.0,0.0,0.0,1.0,0.0,0.0
106.8474569,10.7123667,2331,0.0,1.0,0.0,0.0,0.0,0.0,0.0,1.0,0.0,0.0
106.8244759,10.7134383,2332,0.0,1.0,0.0,0.0,0.0,0.0,0.0,1.0,0.0,0.0
106.8474689,10.7130085,2333,0.0,1.0,0.0,0.0,0.0,0.0,0.0,1.0,0.0,0.0
106.8474767,10.7112387,2334,0.0,1.0,0.0,0.0,0.0,0.0,0.0,1.0,0.0,0.0
106.8242605,10.7114263,2335,0.0,1.0,0.0,0.0,0.0,0.0,0.0,1.0,0.0,0.0
106.8249391,10.7174257,2336,0.0,1.0,0.0,0.0,0.0,0.0,0.0,1.0,0.0,0.0
106.8244851,10.7156698,2337,0.0,1.0,0.0,0.0,0.0,0.0,0.0,1.0,0.0,0.0
106.8475357,10.7152188,2338,0.0,1.0,0.0,0.0,0.0,0.0,0.0,1.0,0.0,0.0
106.8257462,10.7054699,2339,0.0,1.0,0.0,0.0,0.0,0.0,0.0,1.0,0.0,0.0
106.7213386,10.7340089,2340,0.0,1.0,0.0,0.0,0.0,0.0,0.0,1.0,0.0,0.0
106.7215003,10.7340976,2341,0.0,1.0,0.0,0.0,0.0,0.0,0.0,1.0,0.0,0.0
106.7180368,10.7348064,2342,0.0,1.0,0.0,0.0,0.0,0.0,0.0,1.0,0.0,0.0
106.703296,10.8227434,2343,0.0,1.0,0.0,0.0,0.0,0.0,0.0,1.0,0.0,0.0
106.6831763,10.757374,2344,0.0,1.0,0.0,0.0,0.0,0.0,0.0,1.0,0.0,0.0
106.6919298,10.8032488,2345,0.0,1.0,0.0,0.0,0.0,0.0,0.0,1.0,0.0,0.0
106.6870798,10.8047054,2346,0.0,1.0,0.0,0.0,0.0,0.0,0.0,1.0,0.0,0.0
106.6952331,10.8157269,2347,0.0,1.0,0.0,0.0,0.0,0.0,0.0,1.0,0.0,0.0
106.67402,10.7900335,2348,0.0,1.0,0.0,0.0,0.0,0.0,0.0,1.0,0.0,0.0
106.6753149,10.7935553,2349,0.0,1.0,0.0,0.0,0.0,0.0,0.0,1.0,0.0,0.0
106.6725825,10.7937164,2350,0.0,1.0,0.0,0.0,0.0,0.0,0.0,1.0,0.0,0.0
106.674698,10.7937398,2351,0.0,1.0,0.0,0.0,0.0,0.0,0.0,1.0,0.0,0.0
106.6740703,10.7939426,2352,0.0,1.0,0.0,0.0,0.0,0.0,0.0,1.0,0.0,0.0
106.6730459,10.794347,2353,0.0,1.0,0.0,0.0,0.0,0.0,0.0,1.0,0.0,0.0
106.6874877,10.807408,2354,0.0,1.0,0.0,0.0,0.0,0.0,0.0,1.0,0.0,0.0
106.6889835,10.8092053,2355,0.0,1.0,0.0,0.0,0.0,0.0,0.0,1.0,0.0,0.0
106.6893273,10.8095368,2356,0.0,1.0,0.0,0.0,0.0,0.0,0.0,1.0,0.0,0.0
106.6732764,10.7940744,2357,0.0,1.0,0.0,0.0,0.0,0.0,0.0,1.0,0.0,0.0
106.6697341,10.7953709,2358,0.0,1.0,0.0,0.0,0.0,0.0,0.0,1.0,0.0,0.0
106.672673,10.7950667,2359,0.0,1.0,0.0,0.0,0.0,0.0,0.0,1.0,0.0,0.0
106.6698775,10.7713362,2360,0.0,1.0,0.0,0.0,0.0,0.0,0.0,1.0,0.0,0.0
106.6909167,10.7393161,2361,0.0,1.0,0.0,0.0,0.0,0.0,0.0,1.0,0.0,0.0
106.7099463,10.7291524,2362,0.0,1.0,0.0,0.0,0.0,0.0,0.0,0.0,0.0,0.0
106.7122153,10.7320698,2363,0.0,1.0,0.0,0.0,0.0,0.0,0.0,1.0,0.0,0.0
106.6827789,10.7609576,2364,0.0,1.0,0.0,0.0,0.0,0.0,0.0,0.0,0.0,0.0
106.6819889,10.7643811,2365,0.0,1.0,0.0,0.0,0.0,0.0,0.0,0.0,0.0,0.0
106.6827251,10.7625102,2366,0.0,1.0,0.0,0.0,0.0,0.0,0.0,0.0,0.0,0.0
106.6998303,10.767124,2367,0.0,1.0,0.0,0.0,0.0,0.0,0.0,1.0,0.0,0.0
106.6998985,10.7671805,2368,0.0,1.0,0.0,0.0,0.0,0.0,0.0,1.0,0.0,0.0
106.6862332,10.7550748,2369,0.0,1.0,0.0,0.0,0.0,0.0,0.0,1.0,0.0,0.0
106.6858478,10.7552911,2370,0.0,1.0,0.0,0.0,0.0,0.0,0.0,1.0,0.0,0.0
106.6859912,10.755365,2371,0.0,1.0,0.0,0.0,0.0,0.0,0.0,1.0,0.0,0.0
106.6870296,10.7532588,2372,0.0,1.0,0.0,0.0,0.0,0.0,0.0,1.0,0.0,0.0
106.7370808,10.7412839,2373,0.0,1.0,0.0,0.0,0.0,0.0,0.0,1.0,0.0,0.0
106.7405148,10.7432943,2374,0.0,1.0,0.0,0.0,0.0,0.0,0.0,1.0,0.0,0.0
106.7183942,10.7567174,2375,0.0,1.0,0.0,0.0,0.0,0.0,0.0,1.0,0.0,0.0
106.7010057,10.765631,2376,0.0,1.0,0.0,0.0,0.0,0.0,0.0,1.0,0.0,0.0
106.699362,10.7646006,2377,0.0,1.0,0.0,0.0,0.0,0.0,0.0,1.0,0.0,0.0
106.7022171,10.7530896,2378,0.0,1.0,0.0,0.0,0.0,0.0,0.0,1.0,0.0,0.0
106.715968,10.7255698,2379,0.0,1.0,0.0,0.0,0.0,0.0,0.0,1.0,0.0,0.0
106.7198082,10.7305714,2380,0.0,1.0,0.0,0.0,0.0,0.0,0.0,1.0,0.0,0.0
106.6977663,10.7606542,2381,0.0,1.0,0.0,0.0,0.0,0.0,0.0,1.0,0.0,0.0
106.6975418,10.7609283,2382,0.0,1.0,0.0,0.0,0.0,0.0,0.0,1.0,0.0,0.0
106.7008649,10.7557367,2383,0.0,1.0,0.0,0.0,0.0,0.0,0.0,1.0,0.0,0.0
106.6990481,10.7708253,2384,0.0,1.0,0.0,0.0,0.0,0.0,0.0,1.0,0.0,0.0
106.7164541,10.7578081,2385,0.0,1.0,0.0,0.0,0.0,0.0,0.0,1.0,0.0,0.0
106.700978,10.7663531,2386,0.0,1.0,0.0,0.0,0.0,0.0,0.0,1.0,0.0,0.0
106.7000301,10.7731826,2387,0.0,1.0,0.0,0.0,0.0,0.0,0.0,1.0,0.0,0.0
106.7010371,10.7743326,2388,0.0,1.0,0.0,0.0,0.0,0.0,0.0,0.0,1.0,0.0
106.6990769,10.7722079,2389,0.0,1.0,0.0,0.0,0.0,0.0,0.0,1.0,0.0,0.0
106.6978143,10.78092,2390,0.0,1.0,0.0,0.0,0.0,0.0,0.0,1.0,0.0,0.0
106.6979082,10.7808338,2391,0.0,1.0,0.0,0.0,0.0,0.0,0.0,1.0,0.0,0.0
106.7025153,10.7858349,2392,0.0,1.0,0.0,0.0,0.0,0.0,0.0,1.0,0.0,0.0
106.7016628,10.7865616,2393,0.0,1.0,0.0,0.0,0.0,0.0,0.0,0.0,1.0,0.0
106.702879,10.7854965,2394,0.0,1.0,0.0,0.0,0.0,0.0,0.0,1.0,0.0,0.0
106.6977798,10.7825886,2395,0.0,1.0,0.0,0.0,0.0,0.0,0.0,1.0,0.0,0.0
106.6975217,10.7811889,2396,0.0,1.0,0.0,0.0,0.0,0.0,0.0,1.0,0.0,0.0
106.7009892,10.7646966,2397,0.0,1.0,0.0,0.0,0.0,0.0,0.0,1.0,0.0,0.0
106.700715,10.7645089,2398,0.0,1.0,0.0,0.0,0.0,0.0,0.0,1.0,0.0,0.0
106.6879866,10.7504154,2399,0.0,1.0,0.0,0.0,0.0,0.0,0.0,1.0,0.0,0.0
106.6883157,10.7488721,2400,0.0,1.0,0.0,0.0,0.0,0.0,0.0,1.0,0.0,0.0
106.6841225,10.7941209,2401,0.0,1.0,0.0,0.0,0.0,0.0,0.0,1.0,0.0,0.0
106.716779,10.7890182,2402,0.0,1.0,0.0,0.0,0.0,0.0,0.0,1.0,0.0,0.0
106.7147499,10.788967,2403,0.0,1.0,0.0,0.0,0.0,0.0,0.0,1.0,0.0,0.0
106.7153185,10.7892008,2404,0.0,1.0,0.0,0.0,0.0,0.0,0.0,1.0,0.0,0.0
106.7207164,10.7816737,2405,0.0,1.0,0.0,0.0,0.0,0.0,0.0,1.0,0.0,0.0
106.7141671,10.7892648,2406,0.0,1.0,0.0,0.0,0.0,0.0,0.0,1.0,0.0,0.0
106.7166622,10.7892007,2407,0.0,1.0,0.0,0.0,0.0,0.0,0.0,1.0,0.0,0.0
106.7177091,10.7874118,2408,0.0,1.0,0.0,0.0,0.0,0.0,0.0,1.0,0.0,0.0
106.7177594,10.7871755,2409,0.0,1.0,0.0,0.0,0.0,0.0,0.0,1.0,0.0,0.0
106.7167867,10.789516,2410,0.0,1.0,0.0,0.0,0.0,0.0,0.0,1.0,0.0,0.0
106.6665747,10.8009113,2411,0.0,1.0,0.0,0.0,0.0,0.0,0.0,0.0,0.0,0.0
106.7015563,10.757461,2412,0.0,1.0,0.0,0.0,0.0,0.0,0.0,1.0,0.0,0.0
106.7008416,10.7565916,2413,0.0,1.0,0.0,0.0,0.0,0.0,0.0,1.0,0.0,0.0
106.6939259,10.7558779,2414,0.0,1.0,0.0,0.0,0.0,0.0,0.0,1.0,0.0,0.0
106.6948938,10.7541206,2415,0.0,1.0,0.0,0.0,0.0,0.0,0.0,1.0,0.0,0.0
106.7009026,10.7565111,2416,0.0,1.0,0.0,0.0,0.0,0.0,0.0,1.0,0.0,0.0
106.6807913,10.771198,2417,0.0,1.0,0.0,0.0,0.0,0.0,0.0,1.0,0.0,0.0
106.7032963,10.7282718,2418,0.0,1.0,0.0,0.0,0.0,0.0,0.0,1.0,0.0,0.0
106.6893413,10.7387993,2419,0.0,1.0,0.0,0.0,0.0,0.0,0.0,1.0,0.0,0.0
106.6893329,10.7388523,2420,0.0,1.0,0.0,0.0,0.0,0.0,0.0,1.0,0.0,0.0
106.6801282,10.7598957,2421,0.0,1.0,0.0,0.0,0.0,0.0,0.0,1.0,0.0,0.0
106.682324,10.7660316,2422,0.0,1.0,0.0,0.0,0.0,0.0,0.0,1.0,0.0,0.0
106.6994889,10.7926589,2423,0.0,1.0,0.0,0.0,0.0,0.0,0.0,1.0,0.0,0.0
106.7116909,10.8082445,2424,0.0,1.0,0.0,0.0,0.0,0.0,0.0,1.0,0.0,0.0
106.6046711,10.7390636,2425,0.0,1.0,0.0,0.0,0.0,0.0,0.0,1.0,0.0,0.0
106.6048642,10.7388319,2426,0.0,1.0,0.0,0.0,0.0,0.0,0.0,1.0,0.0,0.0
106.7748346,10.769328,2427,0.0,1.0,0.0,0.0,0.0,0.0,0.0,1.0,0.0,0.0
106.758226,10.7535585,2428,0.0,1.0,0.0,0.0,0.0,0.0,0.0,1.0,0.0,0.0
106.7597266,10.7550762,2429,0.0,1.0,0.0,0.0,0.0,0.0,0.0,1.0,0.0,0.0
106.7606269,10.7559963,2430,0.0,1.0,0.0,0.0,0.0,0.0,0.0,1.0,0.0,0.0
106.7864364,10.7602425,2431,0.0,1.0,0.0,0.0,0.0,0.0,0.0,1.0,0.0,0.0
106.783466,10.7628713,2432,0.0,1.0,0.0,0.0,0.0,0.0,0.0,0.0,1.0,0.0
106.7832993,10.7630221,2433,0.0,1.0,0.0,0.0,0.0,0.0,0.0,1.0,0.0,0.0
106.7241133,10.7741827,2434,0.0,1.0,0.0,0.0,0.0,0.0,0.0,1.0,0.0,0.0
106.7248969,10.7745747,2435,0.0,1.0,0.0,0.0,0.0,0.0,0.0,1.0,0.0,0.0
106.7489277,10.7869792,2436,0.0,1.0,0.0,0.0,0.0,0.0,0.0,1.0,0.0,0.0
106.7498206,10.7877678,2437,0.0,1.0,0.0,0.0,0.0,0.0,0.0,0.0,1.0,0.0
106.7530906,10.7992643,2438,0.0,1.0,0.0,0.0,0.0,0.0,0.0,1.0,0.0,0.0
106.7533771,10.8007957,2439,0.0,1.0,0.0,0.0,0.0,0.0,0.0,1.0,0.0,0.0
106.7531672,10.8015842,2440,0.0,1.0,0.0,0.0,0.0,0.0,0.0,1.0,0.0,0.0
106.7483741,10.8027445,2441,0.0,1.0,0.0,0.0,0.0,0.0,0.0,1.0,0.0,0.0
106.7516548,10.8039762,2442,0.0,1.0,0.0,0.0,0.0,0.0,0.0,1.0,0.0,0.0
106.7541517,10.8038211,2443,0.0,1.0,0.0,0.0,0.0,0.0,0.0,1.0,0.0,0.0
106.7518042,10.8040198,2444,0.0,1.0,0.0,0.0,0.0,0.0,0.0,1.0,0.0,0.0
106.7524268,10.8042064,2445,0.0,1.0,0.0,0.0,0.0,0.0,0.0,1.0,0.0,0.0
106.7525747,10.8042094,2446,0.0,1.0,0.0,0.0,0.0,0.0,0.0,1.0,0.0,0.0
106.7516401,10.8043176,2447,0.0,1.0,0.0,0.0,0.0,0.0,0.0,1.0,0.0,0.0
106.7532094,10.804388,2448,0.0,1.0,0.0,0.0,0.0,0.0,0.0,1.0,0.0,0.0
106.7524575,10.8045639,2449,0.0,1.0,0.0,0.0,0.0,0.0,0.0,1.0,0.0,0.0
106.7543417,10.8045786,2450,0.0,1.0,0.0,0.0,0.0,0.0,0.0,1.0,0.0,0.0
106.7530307,10.8046271,2451,0.0,1.0,0.0,0.0,0.0,0.0,0.0,1.0,0.0,0.0
106.753095,10.8050409,2452,0.0,1.0,0.0,0.0,0.0,0.0,0.0,1.0,0.0,0.0
106.7527063,10.8053756,2453,0.0,1.0,0.0,0.0,0.0,0.0,0.0,1.0,0.0,0.0
106.7542574,10.8054703,2454,0.0,1.0,0.0,0.0,0.0,0.0,0.0,1.0,0.0,0.0
106.7528475,10.8055309,2455,0.0,1.0,0.0,0.0,0.0,0.0,0.0,1.0,0.0,0.0
106.754294,10.805654,2456,0.0,1.0,0.0,0.0,0.0,0.0,0.0,1.0,0.0,0.0
106.7541883,10.8062031,2457,0.0,1.0,0.0,0.0,0.0,0.0,0.0,1.0,0.0,0.0
106.7539769,10.8063449,2458,0.0,1.0,0.0,0.0,0.0,0.0,0.0,1.0,0.0,0.0
106.7548299,10.8069194,2459,0.0,1.0,0.0,0.0,0.0,0.0,0.0,1.0,0.0,0.0
106.7544487,10.8074076,2460,0.0,1.0,0.0,0.0,0.0,0.0,0.0,1.0,0.0,0.0
106.7550375,10.8071421,2461,0.0,1.0,0.0,0.0,0.0,0.0,0.0,1.0,0.0,0.0
106.7867276,10.7600061,2462,0.0,1.0,0.0,0.0,0.0,0.0,0.0,1.0,0.0,0.0
106.7859168,10.7606884,2463,0.0,1.0,0.0,0.0,0.0,0.0,0.0,1.0,0.0,0.0
106.7851651,10.7613456,2464,0.0,1.0,0.0,0.0,0.0,0.0,0.0,1.0,0.0,0.0
106.7573704,10.8150179,2465,0.0,1.0,0.0,0.0,0.0,0.0,0.0,1.0,0.0,0.0
106.7579707,10.817913,2466,0.0,1.0,0.0,0.0,0.0,0.0,0.0,1.0,0.0,0.0
106.7622706,10.828875,2467,0.0,1.0,0.0,0.0,0.0,0.0,0.0,1.0,0.0,0.0
106.6999279,10.7789931,2468,0.0,1.0,0.0,0.0,0.0,0.0,0.0,1.0,0.0,0.0
106.8261873,10.7257142,2469,0.0,1.0,0.0,0.0,0.0,0.0,0.0,1.0,0.0,0.0
106.7181438,10.7293691,2470,0.0,1.0,0.0,0.0,0.0,0.0,0.0,1.0,0.0,0.0
106.7249463,10.7336958,2471,0.0,1.0,0.0,0.0,0.0,0.0,0.0,1.0,0.0,0.0
106.7260868,10.7338178,2472,0.0,1.0,0.0,0.0,0.0,0.0,0.0,1.0,0.0,0.0
106.7283828,10.7351845,2473,0.0,1.0,0.0,0.0,0.0,0.0,0.0,1.0,0.0,0.0
106.7309557,10.7380216,2474,0.0,1.0,0.0,0.0,0.0,0.0,0.0,1.0,0.0,0.0
106.7361764,10.7408928,2475,0.0,1.0,0.0,0.0,0.0,0.0,0.0,1.0,0.0,0.0
106.6624212,10.7986427,2476,0.0,1.0,0.0,0.0,0.0,0.0,0.0,1.0,0.0,0.0
106.7380557,10.8395518,2477,0.0,1.0,0.0,0.0,0.0,0.0,0.0,1.0,0.0,0.0
106.7382401,10.8396259,2478,0.0,1.0,0.0,0.0,0.0,0.0,0.0,1.0,0.0,0.0
106.7854487,10.8565208,2479,0.0,1.0,0.0,0.0,0.0,0.0,0.0,1.0,0.0,0.0
106.7883194,10.8582038,2480,0.0,1.0,0.0,0.0,0.0,0.0,0.0,1.0,0.0,0.0
106.7882037,10.8583287,2481,0.0,1.0,0.0,0.0,0.0,0.0,0.0,1.0,0.0,0.0
106.7887832,10.8585044,2482,0.0,1.0,0.0,0.0,0.0,0.0,0.0,1.0,0.0,0.0
106.7981672,10.8592311,2483,0.0,1.0,0.0,0.0,0.0,0.0,0.0,1.0,0.0,0.0
106.7904411,10.8594106,2484,0.0,1.0,0.0,0.0,0.0,0.0,0.0,1.0,0.0,0.0
106.7979945,10.8596177,2485,0.0,1.0,0.0,0.0,0.0,0.0,0.0,1.0,0.0,0.0
106.7973005,10.8598284,2486,0.0,1.0,0.0,0.0,0.0,0.0,0.0,1.0,0.0,0.0
106.7971812,10.8598979,2487,0.0,1.0,0.0,0.0,0.0,0.0,0.0,1.0,0.0,0.0
106.7975535,10.8600202,2488,0.0,1.0,0.0,0.0,0.0,0.0,0.0,1.0,0.0,0.0
106.7903213,10.8599391,2489,0.0,1.0,0.0,0.0,0.0,0.0,0.0,1.0,0.0,0.0
106.7915729,10.8600755,2490,0.0,1.0,0.0,0.0,0.0,0.0,0.0,1.0,0.0,0.0
106.7969558,10.8600137,2491,0.0,1.0,0.0,0.0,0.0,0.0,0.0,1.0,0.0,0.0
106.7966726,10.8601149,2492,0.0,1.0,0.0,0.0,0.0,0.0,0.0,1.0,0.0,0.0
106.7972652,10.8602853,2493,0.0,1.0,0.0,0.0,0.0,0.0,0.0,1.0,0.0,0.0
106.796204,10.8602626,2494,0.0,1.0,0.0,0.0,0.0,0.0,0.0,1.0,0.0,0.0
106.7957315,10.8604098,2495,0.0,1.0,0.0,0.0,0.0,0.0,0.0,1.0,0.0,0.0
106.7969401,10.8606136,2496,0.0,1.0,0.0,0.0,0.0,0.0,0.0,1.0,0.0,0.0
106.7925556,10.8606401,2497,0.0,1.0,0.0,0.0,0.0,0.0,0.0,1.0,0.0,0.0
106.7950722,10.860601,2498,0.0,1.0,0.0,0.0,0.0,0.0,0.0,1.0,0.0,0.0
106.7952641,10.8607194,2499,0.0,1.0,0.0,0.0,0.0,0.0,0.0,1.0,0.0,0.0
106.7967757,10.860797,2500,0.0,1.0,0.0,0.0,0.0,0.0,0.0,1.0,0.0,0.0
106.794666,10.8607174,2501,0.0,1.0,0.0,0.0,0.0,0.0,0.0,1.0,0.0,0.0
106.7930919,10.860826,2502,0.0,1.0,0.0,0.0,0.0,0.0,0.0,1.0,0.0,0.0
106.7943203,10.8608124,2503,0.0,1.0,0.0,0.0,0.0,0.0,0.0,1.0,0.0,0.0
106.7932881,10.8608704,2504,0.0,1.0,0.0,0.0,0.0,0.0,0.0,1.0,0.0,0.0
106.7965998,10.8610122,2505,0.0,1.0,0.0,0.0,0.0,0.0,0.0,1.0,0.0,0.0
106.7963794,10.8613494,2506,0.0,1.0,0.0,0.0,0.0,0.0,0.0,1.0,0.0,0.0
106.7958668,10.8618381,2507,0.0,1.0,0.0,0.0,0.0,0.0,0.0,1.0,0.0,0.0
106.7960558,10.8618651,2508,0.0,1.0,0.0,0.0,0.0,0.0,0.0,1.0,0.0,0.0
106.7945633,10.8622393,2509,0.0,1.0,0.0,0.0,0.0,0.0,0.0,1.0,0.0,0.0
106.7948467,10.8622914,2510,0.0,1.0,0.0,0.0,0.0,0.0,0.0,1.0,0.0,0.0
106.7949551,10.8621355,2511,0.0,1.0,0.0,0.0,0.0,0.0,0.0,1.0,0.0,0.0
106.796101,10.8630232,2512,0.0,1.0,0.0,0.0,0.0,0.0,0.0,1.0,0.0,0.0
106.7943186,10.8645433,2513,0.0,1.0,0.0,0.0,0.0,0.0,0.0,1.0,0.0,0.0
106.7941606,10.8647434,2514,0.0,1.0,0.0,0.0,0.0,0.0,0.0,1.0,0.0,0.0
106.7987514,10.8645808,2515,0.0,1.0,0.0,0.0,0.0,0.0,0.0,1.0,0.0,0.0
106.7935727,10.8653874,2516,0.0,1.0,0.0,0.0,0.0,0.0,0.0,1.0,0.0,0.0
106.7930834,10.8656119,2517,0.0,1.0,0.0,0.0,0.0,0.0,0.0,1.0,0.0,0.0
106.7930837,10.8658174,2518,0.0,1.0,0.0,0.0,0.0,0.0,0.0,1.0,0.0,0.0
106.7926331,10.8661056,2519,0.0,1.0,0.0,0.0,0.0,0.0,0.0,1.0,0.0,0.0
106.7928709,10.8657389,2520,0.0,1.0,0.0,0.0,0.0,0.0,0.0,1.0,0.0,0.0
106.7922934,10.8662952,2521,0.0,1.0,0.0,0.0,0.0,0.0,0.0,1.0,0.0,0.0
106.7918855,10.8665161,2522,0.0,1.0,0.0,0.0,0.0,0.0,0.0,1.0,0.0,0.0
106.7914069,10.8667184,2523,0.0,1.0,0.0,0.0,0.0,0.0,0.0,1.0,0.0,0.0
106.7889837,10.8670979,2524,0.0,1.0,0.0,0.0,0.0,0.0,0.0,1.0,0.0,0.0
106.7901194,10.8670987,2525,0.0,1.0,0.0,0.0,0.0,0.0,0.0,1.0,0.0,0.0
106.7881544,10.8671265,2526,0.0,1.0,0.0,0.0,0.0,0.0,0.0,1.0,0.0,0.0
106.7878294,10.8672892,2527,0.0,1.0,0.0,0.0,0.0,0.0,0.0,1.0,0.0,0.0
106.7864774,10.8673457,2528,0.0,1.0,0.0,0.0,0.0,0.0,0.0,1.0,0.0,0.0
106.7843169,10.8674147,2529,0.0,1.0,0.0,0.0,0.0,0.0,0.0,1.0,0.0,0.0
106.7818615,10.8677226,2530,0.0,1.0,0.0,0.0,0.0,0.0,0.0,1.0,0.0,0.0
106.7822209,10.8677675,2531,0.0,1.0,0.0,0.0,0.0,0.0,0.0,1.0,0.0,0.0
106.7813371,10.8678819,2532,0.0,1.0,0.0,0.0,0.0,0.0,0.0,1.0,0.0,0.0
106.7815007,10.8679894,2533,0.0,1.0,0.0,0.0,0.0,0.0,0.0,1.0,0.0,0.0
106.7632735,10.8695119,2534,0.0,1.0,0.0,0.0,0.0,0.0,0.0,1.0,0.0,0.0
106.7632935,10.8703942,2535,0.0,1.0,0.0,0.0,0.0,0.0,0.0,1.0,0.0,0.0
106.772471,10.8709188,2536,0.0,1.0,0.0,0.0,0.0,0.0,0.0,1.0,0.0,0.0
106.7714915,10.8712329,2537,0.0,1.0,0.0,0.0,0.0,0.0,0.0,1.0,0.0,0.0
106.7704109,10.8716001,2538,0.0,1.0,0.0,0.0,0.0,0.0,0.0,0.0,0.0,0.0
106.7702758,10.8715115,2539,0.0,1.0,0.0,0.0,0.0,0.0,0.0,1.0,0.0,0.0
106.7689876,10.8719189,2540,0.0,1.0,0.0,0.0,0.0,0.0,0.0,1.0,0.0,0.0
106.7682801,10.8721683,2541,0.0,1.0,0.0,0.0,0.0,0.0,0.0,1.0,0.0,0.0
106.7668518,10.8725843,2542,0.0,1.0,0.0,0.0,0.0,0.0,0.0,1.0,0.0,0.0
106.7673168,10.8726044,2543,0.0,1.0,0.0,0.0,0.0,0.0,0.0,1.0,0.0,0.0
106.7665668,10.8726658,2544,0.0,1.0,0.0,0.0,0.0,0.0,0.0,1.0,0.0,0.0
106.7654315,10.8730469,2545,0.0,1.0,0.0,0.0,0.0,0.0,0.0,1.0,0.0,0.0
106.7647609,10.873109,2546,0.0,1.0,0.0,0.0,0.0,0.0,0.0,1.0,0.0,0.0
106.7652639,10.8730617,2547,0.0,1.0,0.0,0.0,0.0,0.0,0.0,1.0,0.0,0.0
106.764717,10.8731873,2548,0.0,1.0,0.0,0.0,0.0,0.0,0.0,1.0,0.0,0.0
106.7648804,10.8735728,2549,0.0,1.0,0.0,0.0,0.0,0.0,0.0,1.0,0.0,0.0
106.7647835,10.8735819,2550,0.0,1.0,0.0,0.0,0.0,0.0,0.0,1.0,0.0,0.0
106.7634192,10.8739107,2551,0.0,1.0,0.0,0.0,0.0,0.0,0.0,1.0,0.0,0.0
106.7627258,10.8739963,2552,0.0,1.0,0.0,0.0,0.0,0.0,0.0,1.0,0.0,0.0
106.7480064,10.8744917,2553,0.0,1.0,0.0,0.0,0.0,0.0,0.0,1.0,0.0,0.0
106.7487214,10.8747377,2554,0.0,1.0,0.0,0.0,0.0,0.0,0.0,1.0,0.0,0.0
106.748644,10.8752124,2555,0.0,1.0,0.0,0.0,0.0,0.0,0.0,1.0,0.0,0.0
106.7513071,10.8751815,2556,0.0,1.0,0.0,0.0,0.0,0.0,0.0,1.0,0.0,0.0
106.7521587,10.8754803,2557,1.0,0.0,0.0,0.0,0.0,0.0,0.0,1.0,0.0,0.0
106.7574566,10.8756007,2558,0.0,1.0,0.0,0.0,0.0,0.0,0.0,1.0,0.0,0.0
106.7534473,10.8758465,2559,0.0,1.0,0.0,0.0,0.0,0.0,0.0,1.0,0.0,0.0
106.7537488,10.8758848,2560,0.0,1.0,0.0,0.0,0.0,0.0,0.0,1.0,0.0,0.0
106.7543362,10.8758833,2561,0.0,1.0,0.0,0.0,0.0,0.0,0.0,1.0,0.0,0.0
106.7554178,10.8759481,2562,0.0,1.0,0.0,0.0,0.0,0.0,0.0,1.0,0.0,0.0
106.7547079,10.8760707,2563,0.0,1.0,0.0,0.0,0.0,0.0,0.0,1.0,0.0,0.0
106.6882437,10.7490054,2564,0.0,1.0,0.0,0.0,0.0,0.0,0.0,1.0,0.0,0.0
106.7100356,10.7550068,2565,0.0,1.0,0.0,0.0,0.0,0.0,0.0,1.0,0.0,0.0
106.7183691,10.7569043,2566,0.0,1.0,0.0,0.0,0.0,0.0,0.0,1.0,0.0,0.0
106.717783,10.7569461,2567,0.0,1.0,0.0,0.0,0.0,0.0,0.0,1.0,0.0,0.0
106.6629955,10.7500937,2568,0.0,1.0,0.0,0.0,0.0,0.0,0.0,1.0,0.0,0.0
106.660514,10.7487925,2569,0.0,1.0,0.0,0.0,0.0,0.0,0.0,1.0,0.0,0.0
106.6632624,10.7505578,2570,0.0,1.0,0.0,0.0,0.0,0.0,0.0,1.0,0.0,0.0
106.6600637,10.7501689,2571,0.0,1.0,0.0,0.0,0.0,0.0,0.0,1.0,0.0,0.0
106.6616454,10.7496022,2572,0.0,1.0,0.0,0.0,0.0,0.0,0.0,1.0,0.0,0.0
106.6554159,10.7519774,2573,0.0,1.0,0.0,0.0,0.0,0.0,0.0,1.0,0.0,0.0
106.6555663,10.7519753,2574,0.0,1.0,0.0,0.0,0.0,0.0,0.0,1.0,0.0,0.0
106.6584699,10.7547805,2575,0.0,1.0,0.0,0.0,0.0,0.0,0.0,1.0,0.0,0.0
106.6641734,10.7503928,2576,0.0,1.0,0.0,0.0,0.0,0.0,0.0,1.0,0.0,0.0
106.7003302,10.765444,2577,0.0,1.0,0.0,0.0,0.0,0.0,0.0,1.0,0.0,0.0
106.6872433,10.7544506,2578,0.0,1.0,0.0,0.0,0.0,0.0,0.0,1.0,0.0,0.0
106.6669188,10.7570289,2579,0.0,1.0,0.0,0.0,0.0,0.0,0.0,1.0,0.0,0.0
106.6564733,10.7510127,2580,0.0,1.0,0.0,0.0,0.0,0.0,0.0,1.0,0.0,0.0
106.6630964,10.7500122,2581,0.0,1.0,0.0,0.0,0.0,0.0,0.0,1.0,0.0,0.0
106.6537519,10.7535742,2582,0.0,1.0,0.0,0.0,0.0,0.0,0.0,1.0,0.0,0.0
106.6648111,10.7505865,2583,0.0,1.0,0.0,0.0,0.0,0.0,0.0,1.0,0.0,0.0
106.6622364,10.751154,2584,0.0,1.0,0.0,0.0,0.0,0.0,0.0,1.0,0.0,0.0
106.6618032,10.7510348,2585,0.0,1.0,0.0,0.0,0.0,0.0,0.0,1.0,0.0,0.0
106.6604618,10.746844,2586,0.0,1.0,0.0,0.0,0.0,0.0,0.0,1.0,0.0,0.0
106.6630615,10.7507283,2587,0.0,1.0,0.0,0.0,0.0,0.0,0.0,1.0,0.0,0.0
106.6599788,10.7504239,2588,0.0,1.0,0.0,0.0,0.0,0.0,0.0,1.0,0.0,0.0
106.6601636,10.750294,2589,0.0,1.0,0.0,0.0,0.0,0.0,0.0,1.0,0.0,0.0
106.66925,10.7508658,2590,0.0,1.0,0.0,0.0,0.0,0.0,0.0,1.0,0.0,0.0
106.653784,10.7535754,2591,0.0,1.0,0.0,0.0,0.0,0.0,0.0,1.0,0.0,0.0
106.689512,10.7566318,2592,0.0,1.0,0.0,0.0,0.0,0.0,0.0,1.0,0.0,0.0
106.655487,10.7510273,2593,0.0,1.0,0.0,0.0,0.0,0.0,0.0,1.0,0.0,0.0
106.6605995,10.7479517,2594,0.0,1.0,0.0,0.0,0.0,0.0,0.0,1.0,0.0,0.0
106.6940131,10.7598239,2595,0.0,1.0,0.0,0.0,0.0,0.0,0.0,1.0,0.0,0.0
106.6537164,10.7535842,2596,0.0,1.0,0.0,0.0,0.0,0.0,0.0,1.0,0.0,0.0
106.6625619,10.7508361,2597,0.0,1.0,0.0,0.0,0.0,0.0,0.0,1.0,0.0,0.0
106.6600872,10.7500301,2598,0.0,1.0,0.0,0.0,0.0,0.0,0.0,1.0,0.0,0.0
106.6590186,10.7507925,2599,0.0,1.0,0.0,0.0,0.0,0.0,0.0,1.0,0.0,0.0
106.669382,10.7503414,2600,0.0,1.0,0.0,0.0,0.0,0.0,0.0,1.0,0.0,0.0
106.6765611,10.7517346,2601,0.0,1.0,0.0,0.0,0.0,0.0,0.0,1.0,0.0,0.0
106.6590589,10.7506283,2602,0.0,1.0,0.0,0.0,0.0,0.0,0.0,1.0,0.0,0.0
106.6592696,10.750841,2603,0.0,1.0,0.0,0.0,0.0,0.0,0.0,1.0,0.0,0.0
106.6593063,10.750703,2604,0.0,1.0,0.0,0.0,0.0,0.0,0.0,1.0,0.0,0.0
106.6601066,10.7502593,2605,0.0,1.0,0.0,0.0,0.0,0.0,0.0,1.0,0.0,0.0
106.6591695,10.7505909,2606,0.0,1.0,0.0,0.0,0.0,0.0,0.0,1.0,0.0,0.0
106.6593108,10.7507386,2607,0.0,1.0,0.0,0.0,0.0,0.0,0.0,1.0,0.0,0.0
106.6544262,10.7519813,2608,0.0,1.0,0.0,0.0,0.0,0.0,0.0,1.0,0.0,0.0
106.6672986,10.7565688,2609,0.0,1.0,0.0,0.0,0.0,0.0,0.0,1.0,0.0,0.0
106.6603741,10.7548303,2610,0.0,1.0,0.0,0.0,0.0,0.0,0.0,1.0,0.0,0.0
106.6611808,10.7509298,2611,0.0,1.0,0.0,0.0,0.0,0.0,0.0,1.0,0.0,0.0
106.6630864,10.7502942,2612,0.0,1.0,0.0,0.0,0.0,0.0,0.0,1.0,0.0,0.0
106.6600782,10.7502205,2613,0.0,1.0,0.0,0.0,0.0,0.0,0.0,1.0,0.0,0.0
106.6612149,10.7511288,2614,0.0,1.0,0.0,0.0,0.0,0.0,0.0,1.0,0.0,0.0
106.6652934,10.7506758,2615,0.0,1.0,0.0,0.0,0.0,0.0,0.0,1.0,0.0,0.0
106.6605795,10.7483432,2616,0.0,1.0,0.0,0.0,0.0,0.0,0.0,1.0,0.0,0.0
106.6604304,10.7486691,2617,0.0,1.0,0.0,0.0,0.0,0.0,0.0,1.0,0.0,0.0
106.6538338,10.7537647,2618,0.0,1.0,0.0,0.0,0.0,0.0,0.0,1.0,0.0,0.0
106.6590919,10.7506063,2619,0.0,1.0,0.0,0.0,0.0,0.0,0.0,1.0,0.0,0.0
106.6592925,10.7508101,2620,0.0,1.0,0.0,0.0,0.0,0.0,0.0,1.0,0.0,0.0
106.6593065,10.7507744,2621,0.0,1.0,0.0,0.0,0.0,0.0,0.0,1.0,0.0,0.0
106.6538648,10.7537241,2622,0.0,1.0,0.0,0.0,0.0,0.0,0.0,1.0,0.0,0.0
106.6607473,10.7508997,2623,0.0,1.0,0.0,0.0,0.0,0.0,0.0,1.0,0.0,0.0
106.6592932,10.7506694,2624,0.0,1.0,0.0,0.0,0.0,0.0,0.0,1.0,0.0,0.0
106.6537549,10.753789,2625,0.0,1.0,0.0,0.0,0.0,0.0,0.0,1.0,0.0,0.0
106.6532793,10.7516644,2626,0.0,1.0,0.0,0.0,0.0,0.0,0.0,1.0,0.0,0.0
106.6694153,10.7508347,2627,0.0,1.0,0.0,0.0,0.0,0.0,0.0,1.0,0.0,0.0
106.6601779,10.7505608,2628,0.0,1.0,0.0,0.0,0.0,0.0,0.0,1.0,0.0,0.0
106.7008951,10.7661842,2629,0.0,1.0,0.0,0.0,0.0,0.0,0.0,1.0,0.0,0.0
106.6609506,10.7508344,2630,0.0,1.0,0.0,0.0,0.0,0.0,0.0,1.0,0.0,0.0
106.6692199,10.7504584,2631,0.0,1.0,0.0,0.0,0.0,0.0,0.0,1.0,0.0,0.0
106.6629139,10.750621,2632,0.0,1.0,0.0,0.0,0.0,0.0,0.0,1.0,0.0,0.0
106.6536776,10.7537483,2633,0.0,1.0,0.0,0.0,0.0,0.0,0.0,1.0,0.0,0.0
106.6538143,10.7535856,2634,0.0,1.0,0.0,0.0,0.0,0.0,0.0,1.0,0.0,0.0
106.6897271,10.7568087,2635,0.0,1.0,0.0,0.0,0.0,0.0,0.0,1.0,0.0,0.0
106.6538722,10.7536995,2636,0.0,1.0,0.0,0.0,0.0,0.0,0.0,1.0,0.0,0.0
106.659204,10.7508811,2637,0.0,1.0,0.0,0.0,0.0,0.0,0.0,1.0,0.0,0.0
106.6590329,10.7506581,2638,0.0,1.0,0.0,0.0,0.0,0.0,0.0,1.0,0.0,0.0
106.6591302,10.7508848,2639,0.0,1.0,0.0,0.0,0.0,0.0,0.0,1.0,0.0,0.0
106.6544539,10.7510693,2640,0.0,1.0,0.0,0.0,0.0,0.0,0.0,1.0,0.0,0.0
106.6629048,10.7508391,2641,0.0,1.0,0.0,0.0,0.0,0.0,0.0,1.0,0.0,0.0
106.6603117,10.7506263,2642,0.0,1.0,0.0,0.0,0.0,0.0,0.0,1.0,0.0,0.0
106.6597794,10.7505881,2643,0.0,1.0,0.0,0.0,0.0,0.0,0.0,1.0,0.0,0.0
106.6538599,10.7536291,2644,0.0,1.0,0.0,0.0,0.0,0.0,0.0,1.0,0.0,0.0
106.6538721,10.7536633,2645,0.0,1.0,0.0,0.0,0.0,0.0,0.0,1.0,0.0,0.0
106.6605364,10.7505909,2646,0.0,1.0,0.0,0.0,0.0,0.0,0.0,1.0,0.0,0.0
106.7033248,10.7684374,2647,0.0,1.0,0.0,0.0,0.0,0.0,0.0,1.0,0.0,0.0
106.6681836,10.7507824,2648,0.0,1.0,0.0,0.0,0.0,0.0,0.0,1.0,0.0,0.0
106.656474,10.7508106,2649,0.0,1.0,0.0,0.0,0.0,0.0,0.0,1.0,0.0,0.0
106.6603921,10.7487665,2650,0.0,1.0,0.0,0.0,0.0,0.0,0.0,1.0,0.0,0.0
106.6582526,10.7542638,2651,0.0,1.0,0.0,0.0,0.0,0.0,0.0,1.0,0.0,0.0
106.6592722,10.7506399,2652,0.0,1.0,0.0,0.0,0.0,0.0,0.0,1.0,0.0,0.0
106.6627264,10.7509437,2653,0.0,1.0,0.0,0.0,0.0,0.0,0.0,1.0,0.0,0.0
106.6537719,10.7550059,2654,0.0,1.0,0.0,0.0,0.0,0.0,0.0,1.0,0.0,0.0
106.6637348,10.7503468,2655,0.0,1.0,0.0,0.0,0.0,0.0,0.0,1.0,0.0,0.0
106.6592357,10.7506107,2656,0.0,1.0,0.0,0.0,0.0,0.0,0.0,1.0,0.0,0.0
106.6999689,10.7649505,2657,0.0,1.0,0.0,0.0,0.0,0.0,0.0,1.0,0.0,0.0
106.6682076,10.7508217,2658,0.0,1.0,0.0,0.0,0.0,0.0,0.0,1.0,0.0,0.0
106.6617569,10.7512199,2659,0.0,1.0,0.0,0.0,0.0,0.0,0.0,1.0,0.0,0.0
106.6583805,10.753769,2660,0.0,1.0,0.0,0.0,0.0,0.0,0.0,1.0,0.0,0.0
106.6609902,10.7510358,2661,0.0,1.0,0.0,0.0,0.0,0.0,0.0,1.0,0.0,0.0
106.6631697,10.750641,2662,0.0,1.0,0.0,0.0,0.0,0.0,0.0,1.0,0.0,0.0
106.6518036,10.7514999,2663,0.0,1.0,0.0,0.0,0.0,0.0,0.0,1.0,0.0,0.0
106.6582571,10.7506702,2664,0.0,1.0,0.0,0.0,0.0,0.0,0.0,1.0,0.0,0.0
106.6689569,10.7448407,2665,0.0,1.0,0.0,0.0,0.0,0.0,0.0,1.0,0.0,0.0
106.6688752,10.7447602,2666,0.0,1.0,0.0,0.0,0.0,0.0,0.0,1.0,0.0,0.0
106.6530134,10.7534697,2667,0.0,1.0,0.0,0.0,0.0,0.0,0.0,1.0,0.0,0.0
106.6550665,10.7539963,2668,0.0,1.0,0.0,0.0,0.0,0.0,0.0,1.0,0.0,0.0
106.6604156,10.7482848,2669,0.0,1.0,0.0,0.0,0.0,0.0,0.0,1.0,0.0,0.0
106.6517925,10.752994,2670,0.0,1.0,0.0,0.0,0.0,0.0,0.0,1.0,0.0,0.0
106.6605461,10.746712,2671,0.0,1.0,0.0,0.0,0.0,0.0,0.0,1.0,0.0,0.0
106.6537004,10.7535934,2672,0.0,1.0,0.0,0.0,0.0,0.0,0.0,1.0,0.0,0.0
106.6528193,10.7510631,2673,0.0,1.0,0.0,0.0,0.0,0.0,0.0,1.0,0.0,0.0
106.6528687,10.7527393,2674,0.0,1.0,0.0,0.0,0.0,0.0,0.0,1.0,0.0,0.0
106.6459534,10.7539603,2675,0.0,1.0,0.0,0.0,0.0,0.0,0.0,1.0,0.0,0.0
106.6521595,10.7535363,2676,0.0,1.0,0.0,0.0,0.0,0.0,0.0,1.0,0.0,0.0
106.649744,10.753419,2677,0.0,1.0,0.0,0.0,0.0,0.0,0.0,1.0,0.0,0.0
106.6595736,10.750671,2678,0.0,1.0,0.0,0.0,0.0,0.0,0.0,1.0,0.0,0.0
106.6537349,10.7556925,2679,0.0,1.0,0.0,0.0,0.0,0.0,0.0,1.0,0.0,0.0
106.6537848,10.7537874,2680,0.0,1.0,0.0,0.0,0.0,0.0,0.0,1.0,0.0,0.0
106.6912922,10.7580866,2681,0.0,1.0,0.0,0.0,0.0,0.0,0.0,1.0,0.0,0.0
106.6603737,10.7470453,2682,0.0,1.0,0.0,0.0,0.0,0.0,0.0,1.0,0.0,0.0
106.6924512,10.758645,2683,0.0,1.0,0.0,0.0,0.0,0.0,0.0,1.0,0.0,0.0
106.662319,10.7509274,2684,0.0,1.0,0.0,0.0,0.0,0.0,0.0,1.0,0.0,0.0
106.6603515,10.7470127,2685,0.0,1.0,0.0,0.0,0.0,0.0,0.0,1.0,0.0,0.0
106.6605397,10.7467638,2686,0.0,1.0,0.0,0.0,0.0,0.0,0.0,1.0,0.0,0.0
106.6604031,10.7504208,2687,0.0,1.0,0.0,0.0,0.0,0.0,0.0,1.0,0.0,0.0
106.6519488,10.7510135,2688,0.0,1.0,0.0,0.0,0.0,0.0,0.0,1.0,0.0,0.0
106.6624187,10.749886,2689,0.0,1.0,0.0,0.0,0.0,0.0,0.0,1.0,0.0,0.0
106.6583333,10.7551255,2690,0.0,1.0,0.0,0.0,0.0,0.0,0.0,1.0,0.0,0.0
106.6724593,10.7595914,2691,0.0,1.0,0.0,0.0,0.0,0.0,0.0,1.0,0.0,0.0
106.6718312,10.7591825,2692,0.0,1.0,0.0,0.0,0.0,0.0,0.0,1.0,0.0,0.0
106.6654991,10.7523576,2693,0.0,1.0,0.0,0.0,0.0,0.0,0.0,1.0,0.0,0.0
106.6680413,10.7526919,2694,0.0,1.0,0.0,0.0,0.0,0.0,0.0,1.0,0.0,0.0
106.6782029,10.7571994,2695,0.0,1.0,0.0,0.0,0.0,0.0,0.0,1.0,0.0,0.0
106.6676135,10.7542151,2696,0.0,1.0,0.0,0.0,0.0,0.0,0.0,1.0,0.0,0.0
106.6623733,10.752102,2697,0.0,1.0,0.0,0.0,0.0,0.0,0.0,1.0,0.0,0.0
106.6627572,10.7521343,2698,0.0,1.0,0.0,0.0,0.0,0.0,0.0,1.0,0.0,0.0
106.6640349,10.7540683,2699,0.0,1.0,0.0,0.0,0.0,0.0,0.0,1.0,0.0,0.0
106.6743698,10.7551972,2700,0.0,1.0,0.0,0.0,0.0,0.0,0.0,1.0,0.0,0.0
106.6671175,10.7541153,2701,0.0,1.0,0.0,0.0,0.0,0.0,0.0,1.0,0.0,0.0
106.6960761,10.7412623,2702,0.0,1.0,0.0,0.0,0.0,0.0,0.0,1.0,0.0,0.0
106.6978958,10.7450655,2703,0.0,1.0,0.0,0.0,0.0,0.0,0.0,1.0,0.0,0.0
106.6957773,10.7452196,2704,0.0,1.0,0.0,0.0,0.0,0.0,0.0,1.0,0.0,0.0
106.6999111,10.792642,2705,0.0,1.0,0.0,0.0,0.0,0.0,0.0,1.0,0.0,0.0
106.7006919,10.7939608,2706,0.0,1.0,0.0,0.0,0.0,0.0,0.0,1.0,0.0,0.0
106.6995706,10.7926428,2707,0.0,1.0,0.0,0.0,0.0,0.0,0.0,1.0,0.0,0.0
106.6976069,10.7940986,2708,0.0,1.0,0.0,0.0,0.0,0.0,0.0,1.0,0.0,0.0
106.6991107,10.7923263,2709,0.0,1.0,0.0,0.0,0.0,0.0,0.0,1.0,0.0,0.0
106.6958257,10.7938795,2710,0.0,1.0,0.0,0.0,0.0,0.0,0.0,1.0,0.0,0.0
106.7009569,10.7939789,2711,0.0,1.0,0.0,0.0,0.0,0.0,0.0,1.0,0.0,0.0
106.6985829,10.7916703,2712,0.0,1.0,0.0,0.0,0.0,0.0,0.0,1.0,0.0,0.0
106.7012082,10.7937418,2713,0.0,1.0,0.0,0.0,0.0,0.0,0.0,1.0,0.0,0.0
106.7008167,10.7939698,2714,0.0,1.0,0.0,0.0,0.0,0.0,0.0,1.0,0.0,0.0
106.6871934,10.7527375,2715,0.0,1.0,0.0,0.0,0.0,0.0,0.0,1.0,0.0,0.0
106.7013254,10.7939684,2716,0.0,1.0,0.0,0.0,0.0,0.0,0.0,1.0,0.0,0.0
106.7012358,10.7938201,2717,0.0,1.0,0.0,0.0,0.0,0.0,0.0,1.0,0.0,0.0
106.6957205,10.7931616,2718,0.0,1.0,0.0,0.0,0.0,0.0,0.0,1.0,0.0,0.0
106.6929157,10.7956163,2719,0.0,1.0,0.0,0.0,0.0,0.0,0.0,1.0,0.0,0.0
106.6958564,10.7931882,2720,0.0,1.0,0.0,0.0,0.0,0.0,0.0,1.0,0.0,0.0
106.6974185,10.7904595,2721,0.0,1.0,0.0,0.0,0.0,0.0,0.0,1.0,0.0,0.0
106.6974526,10.793997,2722,0.0,1.0,0.0,0.0,0.0,0.0,0.0,1.0,0.0,0.0
106.6979162,10.7939796,2723,0.0,1.0,0.0,0.0,0.0,0.0,0.0,1.0,0.0,0.0
106.7008835,10.7936318,2724,0.0,1.0,0.0,0.0,0.0,0.0,0.0,1.0,0.0,0.0
106.6784654,10.7846218,2725,0.0,1.0,0.0,0.0,0.0,0.0,0.0,1.0,0.0,0.0
106.6876058,10.7862874,2726,0.0,1.0,0.0,0.0,0.0,0.0,0.0,1.0,0.0,0.0
106.6851801,10.7885356,2727,0.0,1.0,0.0,0.0,0.0,0.0,0.0,0.0,1.0,0.0
106.6778505,10.7941739,2728,0.0,1.0,0.0,0.0,0.0,0.0,0.0,0.0,1.0,0.0
106.6743802,10.7962308,2729,1.0,0.0,0.0,0.0,0.0,0.0,0.0,1.0,0.0,0.0
106.6726428,10.7972673,2730,0.0,1.0,0.0,0.0,0.0,0.0,0.0,0.0,1.0,0.0
106.6713883,10.7979968,2731,0.0,1.0,0.0,0.0,0.0,0.0,0.0,0.0,1.0,0.0
106.6676893,10.8001132,2732,0.0,1.0,0.0,0.0,0.0,0.0,0.0,1.0,0.0,0.0
106.667375,10.8002215,2733,0.0,1.0,0.0,0.0,0.0,0.0,0.0,1.0,0.0,0.0
106.7179212,10.7993443,2734,0.0,1.0,0.0,0.0,0.0,0.0,0.0,1.0,0.0,0.0
106.7178674,10.7986979,2735,0.0,1.0,0.0,0.0,0.0,0.0,0.0,1.0,0.0,0.0
106.7093873,10.7875007,2736,0.0,1.0,0.0,0.0,0.0,0.0,0.0,1.0,0.0,0.0
106.6960005,10.7937351,2737,0.0,1.0,0.0,0.0,0.0,0.0,0.0,1.0,0.0,0.0
106.7735321,10.8498652,2738,0.0,1.0,0.0,0.0,0.0,0.0,0.0,1.0,0.0,0.0
106.7732859,10.8495648,2739,0.0,1.0,0.0,0.0,0.0,0.0,0.0,1.0,0.0,0.0
106.8049983,10.8693826,2740,0.0,1.0,0.0,0.0,0.0,0.0,0.0,1.0,0.0,0.0
106.7332868,10.7998892,2741,0.0,1.0,0.0,0.0,0.0,0.0,0.0,1.0,0.0,0.0
106.8011838,10.8488982,2742,0.0,1.0,0.0,0.0,0.0,0.0,0.0,1.0,0.0,0.0
106.7715732,10.8496933,2743,0.0,1.0,0.0,0.0,0.0,0.0,0.0,1.0,0.0,0.0
106.7732164,10.8494348,2744,0.0,1.0,0.0,0.0,0.0,0.0,0.0,1.0,0.0,0.0
106.7811059,10.8539292,2745,0.0,1.0,0.0,0.0,0.0,0.0,0.0,1.0,0.0,0.0
106.773359,10.8496688,2746,0.0,1.0,0.0,0.0,0.0,0.0,0.0,1.0,0.0,0.0
106.7731014,10.8494741,2747,0.0,1.0,0.0,0.0,0.0,0.0,0.0,1.0,0.0,0.0
106.7334693,10.799934,2748,0.0,1.0,0.0,0.0,0.0,0.0,0.0,1.0,0.0,0.0
106.7744207,10.8486663,2749,0.0,1.0,0.0,0.0,0.0,0.0,0.0,1.0,0.0,0.0
106.7879693,10.8576546,2750,0.0,1.0,0.0,0.0,0.0,0.0,0.0,1.0,0.0,0.0
106.7879096,10.8579468,2751,0.0,1.0,0.0,0.0,0.0,0.0,0.0,1.0,0.0,0.0
106.7761533,10.8511278,2752,0.0,1.0,0.0,0.0,0.0,0.0,0.0,1.0,0.0,0.0
106.763245,10.8308985,2753,0.0,1.0,0.0,0.0,0.0,0.0,0.0,1.0,0.0,0.0
106.7731731,10.8494398,2754,0.0,1.0,0.0,0.0,0.0,0.0,0.0,1.0,0.0,0.0
106.7468489,10.8022617,2755,0.0,1.0,0.0,0.0,0.0,0.0,0.0,1.0,0.0,0.0
106.8035641,10.8675337,2756,0.0,1.0,0.0,0.0,0.0,0.0,0.0,1.0,0.0,0.0
106.7777187,10.851955,2757,0.0,1.0,0.0,0.0,0.0,0.0,0.0,1.0,0.0,0.0
106.8045281,10.8689353,2758,0.0,1.0,0.0,0.0,0.0,0.0,0.0,1.0,0.0,0.0
106.8176113,10.8854418,2759,0.0,1.0,0.0,0.0,0.0,0.0,0.0,1.0,0.0,0.0
106.7733787,10.849521,2760,0.0,1.0,0.0,0.0,0.0,0.0,0.0,1.0,0.0,0.0
106.7744626,10.849339,2761,0.0,1.0,0.0,0.0,0.0,0.0,0.0,1.0,0.0,0.0
106.7464095,10.8025976,2762,0.0,1.0,0.0,0.0,0.0,0.0,0.0,1.0,0.0,0.0
106.7336526,10.799979,2763,0.0,1.0,0.0,0.0,0.0,0.0,0.0,1.0,0.0,0.0
106.8062717,10.8701062,2764,0.0,1.0,0.0,0.0,0.0,0.0,0.0,1.0,0.0,0.0
106.7013083,10.7652772,2765,0.0,1.0,0.0,0.0,0.0,0.0,0.0,1.0,0.0,0.0
106.7014313,10.7576394,2766,0.0,1.0,0.0,0.0,0.0,0.0,0.0,1.0,0.0,0.0
106.6939906,10.7557574,2767,0.0,1.0,0.0,0.0,0.0,0.0,0.0,1.0,0.0,0.0
106.6937223,10.7584116,2768,0.0,1.0,0.0,0.0,0.0,0.0,0.0,1.0,0.0,0.0
106.6938943,10.758518,2769,0.0,1.0,0.0,0.0,0.0,0.0,0.0,1.0,0.0,0.0
106.6987767,10.7597771,2770,0.0,1.0,0.0,0.0,0.0,0.0,0.0,1.0,0.0,0.0
106.7180639,10.7926043,2771,0.0,1.0,0.0,0.0,0.0,0.0,0.0,1.0,0.0,0.0
106.7186111,10.7955052,2772,0.0,1.0,0.0,0.0,0.0,0.0,0.0,1.0,0.0,0.0
106.7573132,10.8143245,2773,0.0,1.0,0.0,0.0,0.0,0.0,0.0,1.0,0.0,0.0
106.7188176,10.7957739,2774,0.0,1.0,0.0,0.0,0.0,0.0,0.0,1.0,0.0,0.0
106.7187613,10.7957133,2775,0.0,1.0,0.0,0.0,0.0,0.0,0.0,1.0,0.0,0.0
106.7342869,10.800157,2776,0.0,1.0,0.0,0.0,0.0,0.0,0.0,1.0,0.0,0.0
106.7595207,10.823967,2777,0.0,1.0,0.0,0.0,0.0,0.0,0.0,1.0,0.0,0.0
106.7658175,10.8355189,2778,0.0,1.0,0.0,0.0,0.0,0.0,0.0,0.0,1.0,0.0
106.7428742,10.8019994,2779,0.0,1.0,0.0,0.0,0.0,0.0,0.0,1.0,0.0,0.0
106.7580087,10.8187612,2780,0.0,1.0,0.0,0.0,0.0,0.0,0.0,1.0,0.0,0.0
106.718378,10.7935116,2781,0.0,1.0,0.0,0.0,0.0,0.0,0.0,1.0,0.0,0.0
106.757629,10.8158862,2782,0.0,1.0,0.0,0.0,0.0,0.0,0.0,1.0,0.0,0.0
106.7192468,10.7961454,2783,0.0,1.0,0.0,0.0,0.0,0.0,0.0,1.0,0.0,0.0
106.7180242,10.7911306,2784,0.0,1.0,0.0,0.0,0.0,0.0,0.0,1.0,0.0,0.0
106.7460243,10.8019924,2785,0.0,1.0,0.0,0.0,0.0,0.0,0.0,1.0,0.0,0.0
106.7567749,10.8113276,2786,0.0,1.0,0.0,0.0,0.0,0.0,0.0,1.0,0.0,0.0
106.7459122,10.8025081,2787,0.0,1.0,0.0,0.0,0.0,0.0,0.0,1.0,0.0,0.0
106.7199137,10.7981813,2788,0.0,1.0,0.0,0.0,0.0,0.0,0.0,1.0,0.0,0.0
106.718263,10.7935098,2789,0.0,1.0,0.0,0.0,0.0,0.0,0.0,1.0,0.0,0.0
106.7452836,10.8024534,2790,0.0,1.0,0.0,0.0,0.0,0.0,0.0,1.0,0.0,0.0
106.7381342,10.8011238,2791,0.0,1.0,0.0,0.0,0.0,0.0,0.0,1.0,0.0,0.0
106.7575697,10.815571,2792,0.0,1.0,0.0,0.0,0.0,0.0,0.0,1.0,0.0,0.0
106.7336756,10.8002697,2793,0.0,1.0,0.0,0.0,0.0,0.0,0.0,1.0,0.0,0.0
106.7365411,10.8004832,2794,0.0,1.0,0.0,0.0,0.0,0.0,0.0,1.0,0.0,0.0
106.757768,10.8170567,2795,0.0,1.0,0.0,0.0,0.0,0.0,0.0,1.0,0.0,0.0
106.7439532,10.8018324,2796,0.0,1.0,0.0,0.0,0.0,0.0,0.0,1.0,0.0,0.0
106.7578917,10.8184447,2797,0.0,1.0,0.0,0.0,0.0,0.0,0.0,1.0,0.0,0.0
106.7335126,10.8002103,2798,0.0,1.0,0.0,0.0,0.0,0.0,0.0,1.0,0.0,0.0
106.757767,10.8167282,2799,0.0,1.0,0.0,0.0,0.0,0.0,0.0,1.0,0.0,0.0
106.7333895,10.8001346,2800,0.0,1.0,0.0,0.0,0.0,0.0,0.0,1.0,0.0,0.0
106.7563406,10.8099607,2801,0.0,1.0,0.0,0.0,0.0,0.0,0.0,1.0,0.0,0.0
106.7201402,10.7979697,2802,0.0,1.0,0.0,0.0,0.0,0.0,0.0,1.0,0.0,0.0
106.7414135,10.8013902,2803,0.0,1.0,0.0,0.0,0.0,0.0,0.0,1.0,0.0,0.0
106.720103,10.7980288,2804,0.0,1.0,0.0,0.0,0.0,0.0,0.0,1.0,0.0,0.0
106.7596233,10.824179,2805,0.0,1.0,0.0,0.0,0.0,0.0,0.0,1.0,0.0,0.0
106.7392519,10.8010884,2806,0.0,1.0,0.0,0.0,0.0,0.0,0.0,1.0,0.0,0.0
106.7150911,10.7891973,2807,0.0,1.0,0.0,0.0,0.0,0.0,0.0,1.0,0.0,0.0
106.7192842,10.7961753,2808,0.0,1.0,0.0,0.0,0.0,0.0,0.0,1.0,0.0,0.0
106.7582479,10.8205687,2809,0.0,1.0,0.0,0.0,0.0,0.0,0.0,1.0,0.0,0.0
106.7320752,10.7994998,2810,0.0,1.0,0.0,0.0,0.0,0.0,0.0,1.0,0.0,0.0
106.758897,10.8223719,2811,0.0,1.0,0.0,0.0,0.0,0.0,0.0,1.0,0.0,0.0
106.7321537,10.7998734,2812,0.0,1.0,0.0,0.0,0.0,0.0,0.0,1.0,0.0,0.0
106.757537,10.8159074,2813,0.0,1.0,0.0,0.0,0.0,0.0,0.0,1.0,0.0,0.0
106.7568964,10.8119882,2814,0.0,1.0,0.0,0.0,0.0,0.0,0.0,1.0,0.0,0.0
106.7438771,10.8021916,2815,0.0,1.0,0.0,0.0,0.0,0.0,0.0,1.0,0.0,0.0
106.7186783,10.7956104,2816,0.0,1.0,0.0,0.0,0.0,0.0,0.0,1.0,0.0,0.0
106.720703,10.7977989,2817,0.0,1.0,0.0,0.0,0.0,0.0,0.0,1.0,0.0,0.0
106.7592446,10.8233691,2818,0.0,1.0,0.0,0.0,0.0,0.0,0.0,1.0,0.0,0.0
106.7578882,10.8187923,2819,0.0,1.0,0.0,0.0,0.0,0.0,0.0,1.0,0.0,0.0
106.7180666,10.793292,2820,0.0,1.0,0.0,0.0,0.0,0.0,0.0,1.0,0.0,0.0
106.7198022,10.7982491,2821,0.0,1.0,0.0,0.0,0.0,0.0,0.0,1.0,0.0,0.0
106.7393063,10.8009992,2822,0.0,1.0,0.0,0.0,0.0,0.0,0.0,1.0,0.0,0.0
106.7581147,10.8200646,2823,0.0,1.0,0.0,0.0,0.0,0.0,0.0,1.0,0.0,0.0
106.7128144,10.8144789,2824,0.0,1.0,0.0,0.0,0.0,0.0,0.0,1.0,0.0,0.0
106.7019625,10.7946479,2825,0.0,1.0,0.0,0.0,0.0,0.0,0.0,1.0,0.0,0.0
106.7017934,10.7946084,2826,0.0,1.0,0.0,0.0,0.0,0.0,0.0,1.0,0.0,0.0
106.7017656,10.7945751,2827,0.0,1.0,0.0,0.0,0.0,0.0,0.0,1.0,0.0,0.0
106.7128357,10.8101781,2828,0.0,1.0,0.0,0.0,0.0,0.0,0.0,1.0,0.0,0.0
106.7129007,10.8173989,2829,0.0,1.0,0.0,0.0,0.0,0.0,0.0,1.0,0.0,0.0
106.7108749,10.8012168,2830,0.0,1.0,0.0,0.0,0.0,0.0,0.0,1.0,0.0,0.0
106.711558,10.8013004,2831,0.0,1.0,0.0,0.0,0.0,0.0,0.0,1.0,0.0,0.0
106.7125377,10.8012727,2832,0.0,1.0,0.0,0.0,0.0,0.0,0.0,1.0,0.0,0.0
106.7127697,10.8180917,2833,0.0,1.0,0.0,0.0,0.0,0.0,0.0,1.0,0.0,0.0
106.7098195,10.801359,2834,0.0,1.0,0.0,0.0,0.0,0.0,0.0,1.0,0.0,0.0
106.7135113,10.8106974,2835,0.0,1.0,0.0,0.0,0.0,0.0,0.0,1.0,0.0,0.0
106.7112916,10.8021847,2836,0.0,1.0,0.0,0.0,0.0,0.0,0.0,1.0,0.0,0.0
106.7152473,10.8005958,2837,0.0,1.0,0.0,0.0,0.0,0.0,0.0,1.0,0.0,0.0
106.7127424,10.8012607,2838,0.0,1.0,0.0,0.0,0.0,0.0,0.0,1.0,0.0,0.0
106.7173296,10.7996568,2839,0.0,1.0,0.0,0.0,0.0,0.0,0.0,1.0,0.0,0.0
106.7092326,10.8009671,2840,0.0,1.0,0.0,0.0,0.0,0.0,0.0,1.0,0.0,0.0
106.712568,10.8125861,2841,0.0,1.0,0.0,0.0,0.0,0.0,0.0,1.0,0.0,0.0
106.6908647,10.7630593,2842,0.0,1.0,0.0,0.0,0.0,0.0,0.0,1.0,0.0,0.0
106.6903293,10.7622758,2843,0.0,1.0,0.0,0.0,0.0,0.0,0.0,1.0,0.0,0.0
106.6971322,10.7652402,2844,0.0,1.0,0.0,0.0,0.0,0.0,0.0,1.0,0.0,0.0
106.692428,10.7644448,2845,0.0,1.0,0.0,0.0,0.0,0.0,0.0,0.0,1.0,0.0
106.7059931,10.770794,2846,0.0,1.0,0.0,0.0,0.0,0.0,0.0,1.0,0.0,0.0
106.6991751,10.7711901,2847,0.0,1.0,0.0,0.0,0.0,0.0,0.0,0.0,1.0,0.0
106.7098683,10.7888202,2848,0.0,1.0,0.0,0.0,0.0,0.0,0.0,1.0,0.0,0.0
106.7114733,10.7897491,2849,0.0,1.0,0.0,0.0,0.0,0.0,0.0,1.0,0.0,0.0
106.7086127,10.7855921,2850,0.0,1.0,0.0,0.0,0.0,0.0,0.0,1.0,0.0,0.0
106.7120901,10.7896428,2851,0.0,1.0,0.0,0.0,0.0,0.0,0.0,1.0,0.0,0.0
106.7087071,10.7858673,2852,0.0,1.0,0.0,0.0,0.0,0.0,0.0,1.0,0.0,0.0
106.7109386,10.7892759,2853,0.0,1.0,0.0,0.0,0.0,0.0,0.0,1.0,0.0,0.0
106.7065305,10.7748291,2854,0.0,1.0,0.0,0.0,0.0,0.0,0.0,1.0,0.0,0.0
106.71133,10.7897248,2855,0.0,1.0,0.0,0.0,0.0,0.0,0.0,1.0,0.0,0.0
106.7086908,10.7860048,2856,0.0,1.0,0.0,0.0,0.0,0.0,0.0,1.0,0.0,0.0
106.709867,10.7883547,2857,0.0,1.0,0.0,0.0,0.0,0.0,0.0,1.0,0.0,0.0
106.710812,10.789201,2858,0.0,1.0,0.0,0.0,0.0,0.0,0.0,1.0,0.0,0.0
106.7083098,10.7849971,2859,0.0,1.0,0.0,0.0,0.0,0.0,0.0,1.0,0.0,0.0
106.7062982,10.7719889,2860,0.0,1.0,0.0,0.0,0.0,0.0,0.0,1.0,0.0,0.0
106.7120961,10.7897352,2861,0.0,1.0,0.0,0.0,0.0,0.0,0.0,1.0,0.0,0.0
106.7097844,10.7886953,2862,0.0,1.0,0.0,0.0,0.0,0.0,0.0,1.0,0.0,0.0
106.7111099,10.7896768,2863,0.0,1.0,0.0,0.0,0.0,0.0,0.0,1.0,0.0,0.0
106.711007,10.7896572,2864,0.0,1.0,0.0,0.0,0.0,0.0,0.0,0.0,1.0,0.0
106.7099854,10.7885766,2865,0.0,1.0,0.0,0.0,0.0,0.0,0.0,1.0,0.0,0.0
106.705531,10.7828412,2866,0.0,1.0,0.0,0.0,0.0,0.0,0.0,1.0,0.0,0.0
106.708388,10.7851091,2867,0.0,1.0,0.0,0.0,0.0,0.0,0.0,1.0,0.0,0.0
106.7108462,10.7894831,2868,0.0,1.0,0.0,0.0,0.0,0.0,0.0,1.0,0.0,0.0
106.7102333,10.7887347,2869,0.0,1.0,0.0,0.0,0.0,0.0,0.0,1.0,0.0,0.0
106.7109842,10.7896339,2870,0.0,1.0,0.0,0.0,0.0,0.0,0.0,1.0,0.0,0.0
106.7103378,10.7888553,2871,0.0,1.0,0.0,0.0,0.0,0.0,0.0,1.0,0.0,0.0
106.7099355,10.7884833,2872,0.0,1.0,0.0,0.0,0.0,0.0,0.0,1.0,0.0,0.0
106.7087853,10.7859856,2873,0.0,1.0,0.0,0.0,0.0,0.0,0.0,1.0,0.0,0.0
106.7060163,10.7757481,2874,0.0,1.0,0.0,0.0,0.0,0.0,0.0,1.0,0.0,0.0
106.7082179,10.7848685,2875,0.0,1.0,0.0,0.0,0.0,0.0,0.0,1.0,0.0,0.0
106.708541,10.7854034,2876,0.0,1.0,0.0,0.0,0.0,0.0,0.0,1.0,0.0,0.0
106.7108938,10.7893606,2877,0.0,1.0,0.0,0.0,0.0,0.0,0.0,1.0,0.0,0.0
106.6890134,10.7851938,2878,0.0,1.0,0.0,0.0,0.0,0.0,0.0,1.0,0.0,0.0
106.6905922,10.7835097,2879,0.0,1.0,0.0,0.0,0.0,0.0,0.0,1.0,0.0,0.0
106.6887045,10.7847289,2880,0.0,1.0,0.0,0.0,0.0,0.0,0.0,1.0,0.0,0.0
106.6864611,10.7875076,2881,0.0,1.0,0.0,0.0,0.0,0.0,0.0,1.0,0.0,0.0
106.6891007,10.7849292,2882,0.0,1.0,0.0,0.0,0.0,0.0,0.0,0.0,1.0,0.0
106.6896289,10.7854717,2883,0.0,1.0,0.0,0.0,0.0,0.0,0.0,1.0,0.0,0.0
106.6891214,10.7852161,2884,0.0,1.0,0.0,0.0,0.0,0.0,0.0,1.0,0.0,0.0
106.6890835,10.7849227,2885,0.0,1.0,0.0,0.0,0.0,0.0,0.0,1.0,0.0,0.0
106.6899421,10.7841924,2886,0.0,1.0,0.0,0.0,0.0,0.0,0.0,1.0,0.0,0.0
106.688715,10.7845701,2887,0.0,1.0,0.0,0.0,0.0,0.0,0.0,1.0,0.0,0.0
106.6824685,10.7914796,2888,0.0,1.0,0.0,0.0,0.0,0.0,0.0,1.0,0.0,0.0
106.6962159,10.7829947,2889,0.0,1.0,0.0,0.0,0.0,0.0,0.0,1.0,0.0,0.0
106.6988836,10.7837292,2890,0.0,1.0,0.0,0.0,0.0,0.0,0.0,1.0,0.0,0.0
106.698982,10.7838038,2891,0.0,1.0,0.0,0.0,0.0,0.0,0.0,1.0,0.0,0.0
106.6989068,10.783849,2892,0.0,1.0,0.0,0.0,0.0,0.0,0.0,1.0,0.0,0.0
106.6988303,10.7837846,2893,0.0,1.0,0.0,0.0,0.0,0.0,0.0,1.0,0.0,0.0
106.7334658,10.7992821,2894,0.0,1.0,0.0,0.0,0.0,0.0,0.0,1.0,0.0,0.0
106.7363742,10.8006952,2895,0.0,1.0,0.0,0.0,0.0,0.0,0.0,1.0,0.0,0.0
106.6691251,10.7484337,2896,0.0,1.0,0.0,0.0,0.0,0.0,0.0,1.0,0.0,0.0
106.6548139,10.7404244,2897,0.0,1.0,0.0,0.0,0.0,0.0,0.0,1.0,0.0,0.0
106.6547795,10.7403527,2898,0.0,1.0,0.0,0.0,0.0,0.0,0.0,1.0,0.0,0.0
106.6622897,10.8006093,2899,0.0,1.0,0.0,0.0,0.0,0.0,0.0,1.0,0.0,0.0
106.6609346,10.800243,2900,0.0,1.0,0.0,0.0,0.0,0.0,0.0,1.0,0.0,0.0
106.6688958,10.7457295,2901,0.0,1.0,0.0,0.0,0.0,0.0,0.0,1.0,0.0,0.0
106.6690387,10.7476572,2902,0.0,1.0,0.0,0.0,0.0,0.0,0.0,1.0,0.0,0.0
106.668845,10.7446588,2903,0.0,1.0,0.0,0.0,0.0,0.0,0.0,1.0,0.0,0.0
106.668879,10.7416454,2904,0.0,1.0,0.0,0.0,0.0,0.0,0.0,1.0,0.0,0.0
106.668967,10.7466728,2905,0.0,1.0,0.0,0.0,0.0,0.0,0.0,1.0,0.0,0.0
106.7017715,10.7787196,2906,0.0,1.0,0.0,0.0,0.0,0.0,0.0,1.0,0.0,0.0
106.7016019,10.7906058,2907,0.0,1.0,0.0,0.0,0.0,0.0,0.0,1.0,0.0,0.0
106.6996091,10.777117,2908,0.0,1.0,0.0,0.0,0.0,0.0,0.0,1.0,0.0,0.0
106.6994404,10.7772701,2909,0.0,1.0,0.0,0.0,0.0,0.0,0.0,1.0,0.0,0.0
106.6873031,10.7507929,2910,0.0,1.0,0.0,0.0,0.0,0.0,0.0,1.0,0.0,0.0
106.6890934,10.746385,2911,0.0,1.0,0.0,0.0,0.0,0.0,0.0,1.0,0.0,0.0
106.6874216,10.7508219,2912,0.0,1.0,0.0,0.0,0.0,0.0,0.0,1.0,0.0,0.0
106.68835,10.7487599,2913,0.0,1.0,0.0,0.0,0.0,0.0,0.0,1.0,0.0,0.0
106.6819277,10.7479796,2914,0.0,1.0,0.0,0.0,0.0,0.0,0.0,1.0,0.0,0.0
106.6884185,10.7485602,2915,0.0,1.0,0.0,0.0,0.0,0.0,0.0,1.0,0.0,0.0
106.6881377,10.7493268,2916,0.0,1.0,0.0,0.0,0.0,0.0,0.0,1.0,0.0,0.0
106.6890012,10.746655,2917,0.0,1.0,0.0,0.0,0.0,0.0,0.0,1.0,0.0,0.0
106.6216983,10.8073924,2918,0.0,1.0,0.0,0.0,0.0,0.0,0.0,1.0,0.0,0.0
106.6226738,10.8131648,2919,0.0,1.0,0.0,0.0,0.0,0.0,0.0,1.0,0.0,0.0
106.6195823,10.8098344,2920,0.0,1.0,0.0,0.0,0.0,0.0,0.0,1.0,0.0,0.0
106.6220202,10.8053605,2921,0.0,1.0,0.0,0.0,0.0,0.0,0.0,1.0,0.0,0.0
106.621715,10.8066441,2922,0.0,1.0,0.0,0.0,0.0,0.0,0.0,1.0,0.0,0.0
106.6353988,10.80264,2923,0.0,1.0,0.0,0.0,0.0,0.0,0.0,1.0,0.0,0.0
106.6556404,10.7952612,2924,0.0,1.0,0.0,0.0,0.0,0.0,0.0,1.0,0.0,0.0
106.6525413,10.7906127,2925,0.0,1.0,0.0,0.0,0.0,0.0,0.0,1.0,0.0,0.0
106.6523292,10.79024,2926,0.0,1.0,0.0,0.0,0.0,0.0,0.0,1.0,0.0,0.0
106.6606878,10.7530226,2927,0.0,1.0,0.0,0.0,0.0,0.0,0.0,1.0,0.0,0.0
106.6627247,10.753268,2928,0.0,1.0,0.0,0.0,0.0,0.0,0.0,1.0,0.0,0.0
106.6659991,10.8153557,2929,0.0,1.0,0.0,0.0,0.0,0.0,0.0,1.0,0.0,0.0
106.6647613,10.8125831,2930,0.0,1.0,0.0,0.0,0.0,0.0,0.0,1.0,0.0,0.0
106.6652599,10.8134061,2931,0.0,1.0,0.0,0.0,0.0,0.0,0.0,1.0,0.0,0.0
106.6633414,10.8152546,2932,0.0,1.0,0.0,0.0,0.0,0.0,0.0,1.0,0.0,0.0
106.6643593,10.8140262,2933,0.0,1.0,0.0,0.0,0.0,0.0,0.0,1.0,0.0,0.0
106.6643688,10.8139939,2934,0.0,1.0,0.0,0.0,0.0,0.0,0.0,1.0,0.0,0.0
106.6653235,10.813437,2935,0.0,1.0,0.0,0.0,0.0,0.0,0.0,1.0,0.0,0.0
106.6660397,10.8154126,2936,0.0,1.0,0.0,0.0,0.0,0.0,0.0,1.0,0.0,0.0
106.6655386,10.8134963,2937,0.0,1.0,0.0,0.0,0.0,0.0,0.0,1.0,0.0,0.0
106.6648445,10.8120226,2938,0.0,1.0,0.0,0.0,0.0,0.0,0.0,1.0,0.0,0.0
106.6648739,10.812469,2939,0.0,1.0,0.0,0.0,0.0,0.0,0.0,0.0,1.0,0.0
106.6646557,10.8125989,2940,0.0,1.0,0.0,0.0,0.0,0.0,0.0,1.0,0.0,0.0
106.6658236,10.8134751,2941,0.0,1.0,0.0,0.0,0.0,0.0,0.0,1.0,0.0,0.0
106.6651144,10.8124631,2942,0.0,1.0,0.0,0.0,0.0,0.0,0.0,0.0,1.0,0.0
106.6643387,10.8050283,2943,0.0,1.0,0.0,0.0,0.0,0.0,0.0,1.0,0.0,0.0
106.6646939,10.8093981,2944,0.0,1.0,0.0,0.0,0.0,0.0,0.0,1.0,0.0,0.0
106.6644156,10.8046829,2945,0.0,1.0,0.0,0.0,0.0,0.0,0.0,1.0,0.0,0.0
106.6646425,10.808949,2946,0.0,1.0,0.0,0.0,0.0,0.0,0.0,1.0,0.0,0.0
106.6644903,10.8073324,2947,0.0,1.0,0.0,0.0,0.0,0.0,0.0,1.0,0.0,0.0
106.6645768,10.8048503,2948,0.0,1.0,0.0,0.0,0.0,0.0,0.0,1.0,0.0,0.0
106.6645578,10.8063177,2949,0.0,1.0,0.0,0.0,0.0,0.0,0.0,1.0,0.0,0.0
106.6644615,10.8046866,2950,0.0,1.0,0.0,0.0,0.0,0.0,0.0,1.0,0.0,0.0
106.6645101,10.8046853,2951,0.0,1.0,0.0,0.0,0.0,0.0,0.0,1.0,0.0,0.0
106.6645991,10.8067969,2952,0.0,1.0,0.0,0.0,0.0,0.0,0.0,1.0,0.0,0.0
106.664614,10.8046333,2953,0.0,1.0,0.0,0.0,0.0,0.0,0.0,1.0,0.0,0.0
106.6684714,10.8132277,2954,0.0,1.0,0.0,0.0,0.0,0.0,0.0,1.0,0.0,0.0
106.6643303,10.8048631,2955,0.0,1.0,0.0,0.0,0.0,0.0,0.0,1.0,0.0,0.0
106.6646346,10.8088602,2956,0.0,1.0,0.0,0.0,0.0,0.0,0.0,1.0,0.0,0.0
106.6668807,10.8060845,2957,0.0,1.0,0.0,0.0,0.0,0.0,0.0,1.0,0.0,0.0
106.6647102,10.8095915,2958,0.0,1.0,0.0,0.0,0.0,0.0,0.0,1.0,0.0,0.0
106.6554439,10.7987475,2959,0.0,1.0,0.0,0.0,0.0,0.0,0.0,1.0,0.0,0.0
106.6544697,10.7981348,2960,0.0,1.0,0.0,0.0,0.0,0.0,0.0,1.0,0.0,0.0
106.6542414,10.79781,2961,0.0,1.0,0.0,0.0,0.0,0.0,0.0,1.0,0.0,0.0
106.6542734,10.7979297,2962,0.0,1.0,0.0,0.0,0.0,0.0,0.0,1.0,0.0,0.0
106.6523793,10.7964689,2963,0.0,1.0,0.0,0.0,0.0,0.0,0.0,1.0,0.0,0.0
106.6592728,10.8051578,2964,0.0,1.0,0.0,0.0,0.0,0.0,0.0,1.0,0.0,0.0
106.6570387,10.7991896,2965,0.0,1.0,0.0,0.0,0.0,0.0,0.0,1.0,0.0,0.0
106.6470721,10.7973763,2966,0.0,1.0,0.0,0.0,0.0,0.0,0.0,1.0,0.0,0.0
106.6542125,10.7975791,2967,0.0,1.0,0.0,0.0,0.0,0.0,0.0,1.0,0.0,0.0
106.6567791,10.7994037,2968,0.0,1.0,0.0,0.0,0.0,0.0,0.0,1.0,0.0,0.0
106.6566976,10.7994229,2969,0.0,1.0,0.0,0.0,0.0,0.0,0.0,1.0,0.0,0.0
106.6343929,10.8087581,2970,0.0,1.0,0.0,0.0,0.0,0.0,0.0,1.0,0.0,0.0
106.6348128,10.8073797,2971,0.0,1.0,0.0,0.0,0.0,0.0,0.0,1.0,0.0,0.0
106.6370631,10.8049054,2972,0.0,1.0,0.0,0.0,0.0,0.0,0.0,1.0,0.0,0.0
106.6402306,10.8077887,2973,0.0,1.0,0.0,0.0,0.0,0.0,0.0,1.0,0.0,0.0
106.6376734,10.8041993,2974,0.0,1.0,0.0,0.0,0.0,0.0,0.0,0.0,1.0,0.0
106.6600301,10.8009238,2975,0.0,1.0,0.0,0.0,0.0,0.0,0.0,1.0,0.0,0.0
106.6349229,10.8068584,2976,0.0,1.0,0.0,0.0,0.0,0.0,0.0,1.0,0.0,0.0
106.643124,10.8009799,2977,0.0,1.0,0.0,0.0,0.0,0.0,0.0,1.0,0.0,0.0
106.6516769,10.8016145,2978,0.0,1.0,0.0,0.0,0.0,0.0,0.0,1.0,0.0,0.0
106.6359272,10.8063368,2979,0.0,1.0,0.0,0.0,0.0,0.0,0.0,1.0,0.0,0.0
106.6578436,10.8010881,2980,0.0,1.0,0.0,0.0,0.0,0.0,0.0,1.0,0.0,0.0
106.6300953,10.8224713,2981,0.0,1.0,0.0,0.0,0.0,0.0,0.0,1.0,0.0,0.0
106.6357479,10.8066399,2982,0.0,1.0,0.0,0.0,0.0,0.0,0.0,1.0,0.0,0.0
106.6390262,10.8028247,2983,0.0,1.0,0.0,0.0,0.0,0.0,0.0,1.0,0.0,0.0
106.6453771,10.8021815,2984,0.0,1.0,0.0,0.0,0.0,0.0,0.0,1.0,0.0,0.0
106.6298257,10.8229405,2985,0.0,1.0,0.0,0.0,0.0,0.0,0.0,1.0,0.0,0.0
106.6470466,10.797138,2986,0.0,1.0,0.0,0.0,0.0,0.0,0.0,1.0,0.0,0.0
106.6589966,10.8009916,2987,0.0,1.0,0.0,0.0,0.0,0.0,0.0,1.0,0.0,0.0
106.6610032,10.8006285,2988,0.0,1.0,0.0,0.0,0.0,0.0,0.0,1.0,0.0,0.0
106.6346016,10.807673,2989,0.0,1.0,0.0,0.0,0.0,0.0,0.0,1.0,0.0,0.0
106.6371518,10.8049776,2990,0.0,1.0,0.0,0.0,0.0,0.0,0.0,1.0,0.0,0.0
106.6582348,10.8010539,2991,0.0,1.0,0.0,0.0,0.0,0.0,0.0,1.0,0.0,0.0
106.6429183,10.8007478,2992,0.0,1.0,0.0,0.0,0.0,0.0,0.0,1.0,0.0,0.0
106.6361571,10.8061105,2993,0.0,1.0,0.0,0.0,0.0,0.0,0.0,1.0,0.0,0.0
106.6621282,10.8008307,2994,0.0,1.0,0.0,0.0,0.0,0.0,1.0,0.0,0.0,0.0
106.6385982,10.8030627,2995,0.0,1.0,0.0,0.0,0.0,0.0,0.0,1.0,0.0,0.0
106.654531,10.8013727,2996,0.0,1.0,0.0,0.0,0.0,0.0,0.0,1.0,0.0,0.0
106.6347162,10.8078566,2997,0.0,1.0,0.0,0.0,0.0,0.0,0.0,1.0,0.0,0.0
106.6470972,10.7976057,2998,0.0,1.0,0.0,0.0,0.0,0.0,0.0,1.0,0.0,0.0
106.6429279,10.8023465,2999,0.0,1.0,0.0,0.0,0.0,0.0,0.0,1.0,0.0,0.0
106.6388451,10.8029112,3000,0.0,1.0,0.0,0.0,0.0,0.0,0.0,1.0,0.0,0.0
106.653948,10.8014252,3001,0.0,1.0,0.0,0.0,0.0,0.0,0.0,1.0,0.0,0.0
106.6331378,10.8126831,3002,0.0,1.0,0.0,0.0,0.0,0.0,0.0,1.0,0.0,0.0
106.6575427,10.8011091,3003,0.0,1.0,0.0,0.0,0.0,0.0,0.0,0.0,1.0,0.0
106.6424774,10.8022845,3004,0.0,1.0,0.0,0.0,0.0,0.0,0.0,1.0,0.0,0.0
106.6284038,10.8242954,3005,0.0,1.0,0.0,0.0,0.0,0.0,0.0,1.0,0.0,0.0
106.6312451,10.8188699,3006,0.0,1.0,0.0,0.0,0.0,0.0,0.0,1.0,0.0,0.0
106.6399065,10.8025958,3007,0.0,1.0,0.0,0.0,0.0,0.0,0.0,1.0,0.0,0.0
106.6347569,10.8074489,3008,0.0,1.0,0.0,0.0,0.0,0.0,0.0,1.0,0.0,0.0
106.6392774,10.802728,3009,0.0,1.0,0.0,0.0,0.0,0.0,0.0,1.0,0.0,0.0
106.6384057,10.8032199,3010,0.0,1.0,0.0,0.0,0.0,0.0,0.0,1.0,0.0,0.0
106.6525736,10.8015464,3011,0.0,1.0,0.0,0.0,0.0,0.0,0.0,1.0,0.0,0.0
106.6337199,10.8107674,3012,0.0,1.0,0.0,0.0,0.0,0.0,0.0,1.0,0.0,0.0
106.6571086,10.8011502,3013,0.0,1.0,0.0,0.0,0.0,0.0,0.0,1.0,0.0,0.0
106.6407379,10.8025225,3014,0.0,1.0,0.0,0.0,0.0,0.0,0.0,1.0,0.0,0.0
106.6295638,10.8232486,3015,0.0,1.0,0.0,0.0,0.0,0.0,0.0,1.0,0.0,0.0
106.650856,10.80169,3016,0.0,1.0,0.0,0.0,0.0,0.0,0.0,1.0,0.0,0.0
106.6436328,10.8022955,3017,0.0,1.0,0.0,0.0,0.0,0.0,0.0,1.0,0.0,0.0
106.6416127,10.8024496,3018,0.0,1.0,0.0,0.0,0.0,0.0,0.0,1.0,0.0,0.0
106.6303825,10.8217265,3019,0.0,1.0,0.0,0.0,0.0,0.0,0.0,1.0,0.0,0.0
106.6413422,10.7997419,3020,0.0,1.0,0.0,0.0,0.0,0.0,0.0,1.0,0.0,0.0
106.6350731,10.807296,3021,0.0,1.0,0.0,0.0,0.0,0.0,0.0,1.0,0.0,0.0
106.6423382,10.8023976,3022,0.0,1.0,0.0,0.0,0.0,0.0,0.0,1.0,0.0,0.0
106.644295,10.8022319,3023,0.0,1.0,0.0,0.0,0.0,0.0,0.0,1.0,0.0,0.0
106.6354901,10.8068704,3024,0.0,1.0,0.0,0.0,0.0,0.0,0.0,1.0,0.0,0.0
106.6608621,10.8008556,3025,0.0,1.0,0.0,0.0,0.0,0.0,0.0,1.0,0.0,0.0
106.6617986,10.80095,3026,0.0,1.0,0.0,0.0,0.0,0.0,1.0,0.0,0.0,0.0
106.6382133,10.8034132,3027,0.0,1.0,0.0,0.0,0.0,0.0,0.0,1.0,0.0,0.0
106.6606905,10.8008737,3028,0.0,1.0,0.0,0.0,0.0,0.0,0.0,1.0,0.0,0.0
106.635306,10.8070471,3029,0.0,1.0,0.0,0.0,0.0,0.0,0.0,1.0,0.0,0.0
106.6560831,10.8012398,3030,0.0,1.0,0.0,0.0,0.0,0.0,0.0,1.0,0.0,0.0
106.6414678,10.7999297,3031,0.0,1.0,0.0,0.0,0.0,0.0,0.0,1.0,0.0,0.0
106.6368692,10.8054136,3032,0.0,1.0,0.0,0.0,0.0,0.0,0.0,1.0,0.0,0.0
106.6415662,10.8000771,3033,0.0,1.0,0.0,0.0,0.0,0.0,0.0,1.0,0.0,0.0
106.6604104,10.7998235,3034,0.0,1.0,0.0,0.0,0.0,0.0,0.0,1.0,0.0,0.0
106.654233,10.7938511,3035,0.0,1.0,0.0,0.0,0.0,0.0,0.0,1.0,0.0,0.0
106.6586204,10.7996243,3036,0.0,1.0,0.0,0.0,0.0,0.0,0.0,1.0,0.0,0.0
106.6581032,10.7988697,3037,0.0,1.0,0.0,0.0,0.0,0.0,0.0,1.0,0.0,0.0
106.6597378,10.7991832,3038,0.0,1.0,0.0,0.0,0.0,0.0,0.0,1.0,0.0,0.0
106.6589702,10.7998084,3039,0.0,1.0,0.0,0.0,0.0,0.0,0.0,1.0,0.0,0.0
106.6612499,10.7995321,3040,0.0,1.0,0.0,0.0,0.0,0.0,0.0,1.0,0.0,0.0
106.6581265,10.798813,3041,0.0,1.0,0.0,0.0,0.0,0.0,0.0,1.0,0.0,0.0
106.6598869,10.7993244,3042,0.0,1.0,0.0,0.0,0.0,0.0,0.0,1.0,0.0,0.0
106.6635168,10.7978405,3043,0.0,1.0,0.0,0.0,0.0,0.0,0.0,1.0,0.0,0.0
106.6635616,10.7917964,3044,0.0,1.0,0.0,0.0,0.0,0.0,0.0,1.0,0.0,0.0
106.6587687,10.7959446,3045,0.0,1.0,0.0,0.0,0.0,0.0,0.0,1.0,0.0,0.0
106.664249,10.7972976,3046,0.0,1.0,0.0,0.0,0.0,0.0,0.0,1.0,0.0,0.0
106.6628737,10.7979599,3047,0.0,1.0,0.0,0.0,0.0,0.0,0.0,1.0,0.0,0.0
106.6644137,10.7965248,3048,0.0,1.0,0.0,0.0,0.0,0.0,0.0,1.0,0.0,0.0
106.6586087,10.7967791,3049,0.0,1.0,0.0,0.0,0.0,0.0,0.0,1.0,0.0,0.0
106.6662026,10.7904705,3050,0.0,1.0,0.0,0.0,0.0,0.0,0.0,1.0,0.0,0.0
106.6639886,10.7974906,3051,0.0,1.0,0.0,0.0,0.0,0.0,0.0,1.0,0.0,0.0
106.6629907,10.7918768,3052,0.0,1.0,0.0,0.0,0.0,0.0,0.0,1.0,0.0,0.0
106.6637842,10.7917394,3053,0.0,1.0,0.0,0.0,0.0,0.0,0.0,1.0,0.0,0.0
106.6586804,10.7964028,3054,0.0,1.0,0.0,0.0,0.0,0.0,0.0,1.0,0.0,0.0
106.7098827,10.8012395,3055,0.0,1.0,0.0,0.0,0.0,0.0,0.0,1.0,0.0,0.0
106.7130845,10.8014305,3056,0.0,1.0,0.0,0.0,0.0,0.0,0.0,1.0,0.0,0.0
106.7119239,10.8014846,3057,0.0,1.0,0.0,0.0,0.0,0.0,0.0,1.0,0.0,0.0
106.6669666,10.8003822,3058,0.0,1.0,0.0,0.0,0.0,0.0,0.0,1.0,0.0,0.0
106.6654524,10.802087,3059,0.0,1.0,0.0,0.0,0.0,0.0,0.0,1.0,0.0,0.0
106.6679435,10.7999887,3060,0.0,1.0,0.0,0.0,0.0,0.0,0.0,1.0,0.0,0.0
106.6683971,10.7999657,3061,0.0,1.0,0.0,0.0,0.0,0.0,0.0,1.0,0.0,0.0
106.6684078,10.8,3062,0.0,1.0,0.0,0.0,0.0,0.0,0.0,1.0,0.0,0.0
106.6684577,10.7998399,3063,0.0,1.0,0.0,0.0,0.0,0.0,0.0,1.0,0.0,0.0
106.6669255,10.800335,3064,0.0,1.0,0.0,0.0,0.0,0.0,0.0,1.0,0.0,0.0
106.6352212,10.8068765,3065,0.0,1.0,0.0,0.0,0.0,0.0,0.0,1.0,0.0,0.0
106.6353205,10.8068534,3066,0.0,1.0,0.0,0.0,0.0,0.0,0.0,1.0,0.0,0.0
106.6352908,10.8068631,3067,0.0,1.0,0.0,0.0,0.0,0.0,0.0,1.0,0.0,0.0
106.65539,10.7950268,3068,0.0,1.0,0.0,0.0,0.0,0.0,0.0,1.0,0.0,0.0
106.6550202,10.7946516,3069,0.0,1.0,0.0,0.0,0.0,0.0,0.0,1.0,0.0,0.0
106.6556478,10.7955438,3070,0.0,1.0,0.0,0.0,0.0,0.0,0.0,1.0,0.0,0.0
106.641227,10.7968057,3071,0.0,1.0,0.0,0.0,0.0,0.0,0.0,1.0,0.0,0.0
106.6257926,10.8263626,3072,0.0,1.0,0.0,0.0,0.0,0.0,0.0,0.0,0.0,0.0
106.6227295,10.8311999,3073,0.0,1.0,0.0,0.0,0.0,0.0,0.0,1.0,0.0,0.0
106.6196842,10.8354511,3074,0.0,1.0,0.0,0.0,0.0,0.0,0.0,1.0,0.0,0.0
106.6263309,10.8262297,3075,0.0,1.0,0.0,0.0,0.0,0.0,0.0,1.0,0.0,0.0
106.6345381,10.8083021,3076,0.0,1.0,0.0,0.0,0.0,0.0,0.0,1.0,0.0,0.0
106.6343419,10.8091392,3077,0.0,1.0,0.0,0.0,0.0,0.0,0.0,1.0,0.0,0.0
106.6265303,10.8260474,3078,0.0,1.0,0.0,0.0,0.0,0.0,0.0,1.0,0.0,0.0
106.6225017,10.8310744,3079,0.0,1.0,0.0,0.0,0.0,0.0,0.0,1.0,0.0,0.0
106.6265884,10.8261451,3080,0.0,1.0,0.0,0.0,0.0,0.0,0.0,1.0,0.0,0.0
106.6297806,10.8231377,3081,0.0,1.0,0.0,0.0,0.0,0.0,0.0,1.0,0.0,0.0
106.6266087,10.8264064,3082,0.0,1.0,0.0,0.0,0.0,0.0,0.0,1.0,0.0,0.0
106.6328984,10.8137406,3083,0.0,1.0,0.0,0.0,0.0,0.0,0.0,1.0,0.0,0.0
106.6342346,10.8091307,3084,0.0,1.0,0.0,0.0,0.0,0.0,0.0,1.0,0.0,0.0
106.6346113,10.8080922,3085,0.0,1.0,0.0,0.0,0.0,0.0,0.0,1.0,0.0,0.0
106.6326949,10.814075,3086,0.0,1.0,0.0,0.0,0.0,0.0,0.0,1.0,0.0,0.0
106.6245946,10.8282963,3087,0.0,1.0,0.0,0.0,0.0,0.0,0.0,1.0,0.0,0.0
106.6251862,10.8275972,3088,0.0,1.0,0.0,0.0,0.0,0.0,0.0,1.0,0.0,0.0
106.6296207,10.8231859,3089,0.0,1.0,0.0,0.0,0.0,0.0,0.0,1.0,0.0,0.0
106.6284952,10.8243955,3090,0.0,1.0,0.0,0.0,0.0,0.0,0.0,1.0,0.0,0.0
106.6293593,10.8230635,3091,0.0,1.0,0.0,0.0,0.0,0.0,0.0,1.0,0.0,0.0
106.6285031,10.8238802,3092,0.0,1.0,0.0,0.0,0.0,0.0,0.0,1.0,0.0,0.0
106.6251092,10.8275464,3093,0.0,1.0,0.0,0.0,0.0,0.0,0.0,1.0,0.0,0.0
106.619899,10.8355755,3094,0.0,1.0,0.0,0.0,0.0,0.0,0.0,1.0,0.0,0.0
106.6300714,10.8218093,3095,0.0,1.0,0.0,0.0,0.0,0.0,0.0,1.0,0.0,0.0
106.6246772,10.8276892,3096,0.0,1.0,0.0,0.0,0.0,0.0,0.0,1.0,0.0,0.0
106.6327928,10.8140372,3097,0.0,1.0,0.0,0.0,0.0,0.0,0.0,1.0,0.0,0.0
106.6249037,10.8274348,3098,0.0,1.0,0.0,0.0,0.0,0.0,0.0,1.0,0.0,0.0
106.6285785,10.8239608,3099,0.0,1.0,0.0,0.0,0.0,0.0,0.0,1.0,0.0,0.0
106.6340454,10.8091066,3100,0.0,1.0,0.0,0.0,0.0,0.0,0.0,1.0,0.0,0.0
106.6226061,10.8311327,3101,0.0,1.0,0.0,0.0,0.0,0.0,0.0,1.0,0.0,0.0
106.6327923,10.8137018,3102,0.0,1.0,0.0,0.0,0.0,0.0,0.0,1.0,0.0,0.0
106.6277019,10.8251111,3103,0.0,1.0,0.0,0.0,0.0,0.0,0.0,1.0,0.0,0.0
106.6259707,10.8263598,3104,0.0,1.0,0.0,0.0,0.0,0.0,0.0,1.0,0.0,0.0
106.6301687,10.8215524,3105,0.0,1.0,0.0,0.0,0.0,0.0,0.0,1.0,0.0,0.0
106.6298514,10.8224046,3106,0.0,1.0,0.0,0.0,0.0,0.0,0.0,1.0,0.0,0.0
106.6164278,10.84059,3107,0.0,1.0,0.0,0.0,0.0,0.0,0.0,1.0,0.0,0.0
106.6299799,10.8226966,3108,0.0,1.0,0.0,0.0,0.0,0.0,0.0,1.0,0.0,0.0
106.6295205,10.8230901,3109,0.0,1.0,0.0,0.0,0.0,0.0,0.0,1.0,0.0,0.0
106.6286802,10.8240563,3110,0.0,1.0,0.0,0.0,0.0,0.0,0.0,1.0,0.0,0.0
106.6292284,10.8231917,3111,0.0,1.0,0.0,0.0,0.0,0.0,0.0,1.0,0.0,0.0
106.6166326,10.8408287,3112,0.0,1.0,0.0,0.0,0.0,0.0,0.0,1.0,0.0,0.0
106.6296889,10.8232557,3113,0.0,1.0,0.0,0.0,0.0,0.0,0.0,1.0,0.0,0.0
106.6246086,10.8284986,3114,0.0,1.0,0.0,0.0,0.0,0.0,0.0,1.0,0.0,0.0
106.6259116,10.8267852,3115,0.0,1.0,0.0,0.0,0.0,0.0,0.0,1.0,0.0,0.0
106.5966344,10.8702617,3116,0.0,1.0,0.0,0.0,0.0,0.0,0.0,1.0,0.0,0.0
106.6128346,10.8464505,3117,0.0,1.0,0.0,0.0,0.0,0.0,0.0,1.0,0.0,0.0
106.6149651,10.843027,3118,0.0,1.0,0.0,0.0,0.0,0.0,0.0,1.0,0.0,0.0
106.5979787,10.8683393,3119,0.0,1.0,0.0,0.0,0.0,0.0,0.0,1.0,0.0,0.0
106.6150302,10.8428093,3120,0.0,1.0,0.0,0.0,0.0,0.0,0.0,1.0,0.0,0.0
106.6045252,10.8590069,3121,0.0,1.0,0.0,0.0,0.0,0.0,0.0,1.0,0.0,0.0
106.5979257,10.8684142,3122,0.0,1.0,0.0,0.0,0.0,0.0,0.0,1.0,0.0,0.0
106.6680258,10.7944966,3123,0.0,1.0,0.0,0.0,0.0,0.0,0.0,1.0,0.0,0.0
106.6694049,10.7394377,3124,0.0,1.0,0.0,0.0,0.0,0.0,0.0,1.0,0.0,0.0
106.6692097,10.7397659,3125,0.0,1.0,0.0,0.0,0.0,0.0,0.0,1.0,0.0,0.0
106.6688882,10.7410191,3126,0.0,1.0,0.0,0.0,0.0,0.0,0.0,1.0,0.0,0.0
106.6688585,10.7414307,3127,0.0,1.0,0.0,0.0,0.0,0.0,0.0,1.0,0.0,0.0
106.6687726,10.743189,3128,0.0,1.0,0.0,0.0,0.0,0.0,0.0,1.0,0.0,0.0
106.6689939,10.7462671,3129,0.0,1.0,0.0,0.0,0.0,0.0,0.0,1.0,0.0,0.0
106.7011245,10.7710445,3130,0.0,1.0,0.0,0.0,0.0,0.0,0.0,1.0,0.0,0.0
106.6743564,10.7962594,3131,0.0,1.0,0.0,0.0,0.0,0.0,0.0,1.0,0.0,0.0
106.7209613,10.797672,3132,0.0,1.0,0.0,0.0,0.0,0.0,0.0,0.0,1.0,0.0
106.7097716,10.7274088,3133,0.0,1.0,0.0,0.0,0.0,0.0,0.0,1.0,0.0,0.0
106.7099956,10.7414548,3134,0.0,1.0,0.0,0.0,0.0,0.0,0.0,1.0,0.0,0.0
106.7123057,10.7297859,3135,0.0,1.0,0.0,0.0,0.0,0.0,0.0,1.0,0.0,0.0
106.7122946,10.7302354,3136,0.0,1.0,0.0,0.0,0.0,0.0,0.0,1.0,0.0,0.0
106.7122498,10.7320511,3137,0.0,1.0,0.0,0.0,0.0,0.0,0.0,1.0,0.0,0.0
106.699903,10.7406127,3138,0.0,1.0,0.0,0.0,0.0,0.0,0.0,1.0,0.0,0.0
106.6986771,10.7408183,3139,0.0,1.0,0.0,0.0,0.0,0.0,0.0,1.0,0.0,0.0
106.697432,10.7410273,3140,0.0,1.0,0.0,0.0,0.0,0.0,0.0,1.0,0.0,0.0
106.6883191,10.74249,3141,0.0,1.0,0.0,0.0,0.0,0.0,0.0,1.0,0.0,0.0
106.7041347,10.7434014,3142,0.0,1.0,0.0,0.0,0.0,0.0,0.0,1.0,0.0,0.0
106.6886989,10.7436054,3143,0.0,1.0,0.0,0.0,0.0,0.0,0.0,1.0,0.0,0.0
106.700412,10.7450591,3144,0.0,1.0,0.0,0.0,0.0,0.0,0.0,1.0,0.0,0.0
106.6991597,10.7450569,3145,0.0,1.0,0.0,0.0,0.0,0.0,0.0,1.0,0.0,0.0
106.704554,10.7465724,3146,0.0,1.0,0.0,0.0,0.0,0.0,0.0,1.0,0.0,0.0
106.7049163,10.7491527,3147,0.0,1.0,0.0,0.0,0.0,0.0,0.0,1.0,0.0,0.0
106.7049726,10.7496013,3148,0.0,1.0,0.0,0.0,0.0,0.0,0.0,1.0,0.0,0.0
106.7051664,10.7507454,3149,0.0,1.0,0.0,0.0,0.0,0.0,0.0,1.0,0.0,0.0
106.6880005,10.7288508,3150,0.0,1.0,0.0,0.0,0.0,0.0,0.0,1.0,0.0,0.0
106.6894218,10.7357728,3151,0.0,1.0,0.0,0.0,0.0,0.0,0.0,1.0,0.0,0.0
106.6926713,10.7513797,3152,0.0,1.0,0.0,0.0,0.0,0.0,0.0,1.0,0.0,0.0
106.6934497,10.7515411,3153,0.0,1.0,0.0,0.0,0.0,0.0,0.0,1.0,0.0,0.0
106.7269803,10.7526944,3154,0.0,1.0,0.0,0.0,0.0,0.0,0.0,1.0,0.0,0.0
106.7317815,10.7044835,3155,0.0,1.0,0.0,0.0,0.0,0.0,0.0,1.0,0.0,0.0
106.7045144,10.7462775,3156,0.0,1.0,0.0,0.0,0.0,0.0,0.0,1.0,0.0,0.0
106.7023235,10.7486324,3157,0.0,1.0,0.0,0.0,0.0,0.0,0.0,1.0,0.0,0.0
106.7021306,10.7517666,3158,0.0,1.0,0.0,0.0,0.0,0.0,0.0,1.0,0.0,0.0
106.7028463,10.7517715,3159,0.0,1.0,0.0,0.0,0.0,0.0,0.0,1.0,0.0,0.0
106.704688,10.7517924,3160,0.0,1.0,0.0,0.0,0.0,0.0,0.0,1.0,0.0,0.0
106.6731127,10.7907044,3161,0.0,1.0,0.0,0.0,0.0,0.0,0.0,1.0,0.0,0.0
106.6729605,10.790811,3162,0.0,1.0,0.0,0.0,0.0,0.0,0.0,1.0,0.0,0.0
106.6724437,10.7912062,3163,0.0,1.0,0.0,0.0,0.0,0.0,0.0,1.0,0.0,0.0
106.6728093,10.7909294,3164,0.0,1.0,0.0,0.0,0.0,0.0,0.0,1.0,0.0,0.0
106.6722507,10.7913458,3165,0.0,1.0,0.0,0.0,0.0,0.0,0.0,1.0,0.0,0.0
106.6739225,10.7940149,3166,0.0,1.0,0.0,0.0,0.0,0.0,0.0,1.0,0.0,0.0
106.6344914,10.8718266,3167,0.0,1.0,0.0,0.0,0.0,0.0,0.0,1.0,0.0,0.0
106.6342119,10.8719594,3168,0.0,1.0,0.0,0.0,0.0,0.0,0.0,1.0,0.0,0.0
106.6349484,10.8716748,3169,0.0,1.0,0.0,0.0,0.0,0.0,0.0,1.0,0.0,0.0
106.6353981,10.8714043,3170,0.0,1.0,0.0,0.0,0.0,0.0,0.0,1.0,0.0,0.0
106.6358003,10.8710891,3171,0.0,1.0,0.0,0.0,0.0,0.0,0.0,1.0,0.0,0.0
106.6364066,10.870711,3172,0.0,1.0,0.0,0.0,0.0,0.0,0.0,1.0,0.0,0.0
106.7300337,10.7897402,3173,0.0,1.0,0.0,0.0,0.0,0.0,0.0,1.0,0.0,0.0
106.7104507,10.7290226,3174,0.0,1.0,0.0,0.0,0.0,0.0,0.0,1.0,0.0,0.0
106.7123109,10.7290654,3175,0.0,1.0,0.0,0.0,0.0,0.0,0.0,1.0,0.0,0.0
106.6995749,10.7287792,3176,0.0,1.0,0.0,0.0,0.0,0.0,0.0,1.0,0.0,0.0
106.6267287,10.8500675,3177,0.0,1.0,0.0,0.0,0.0,0.0,0.0,1.0,0.0,0.0
106.6251949,10.8493448,3178,0.0,1.0,0.0,0.0,0.0,0.0,0.0,1.0,0.0,0.0
106.6257115,10.8536211,3179,0.0,1.0,0.0,0.0,0.0,0.0,0.0,1.0,0.0,0.0
106.6172752,10.861788,3180,0.0,1.0,0.0,0.0,0.0,0.0,0.0,1.0,0.0,0.0
106.627062,10.8513947,3181,0.0,1.0,0.0,0.0,0.0,0.0,0.0,1.0,0.0,0.0
106.6979443,10.7281011,3182,0.0,1.0,0.0,0.0,0.0,0.0,0.0,1.0,0.0,0.0
106.7085857,10.7282946,3183,0.0,1.0,0.0,0.0,0.0,0.0,0.0,0.0,1.0,0.0
106.712277,10.7283925,3184,0.0,1.0,0.0,0.0,0.0,0.0,0.0,1.0,0.0,0.0
106.7081416,10.7282837,3185,0.0,1.0,0.0,0.0,0.0,0.0,0.0,1.0,0.0,0.0
106.7068136,10.7282561,3186,0.0,1.0,0.0,0.0,0.0,0.0,0.0,1.0,0.0,0.0
106.7104678,10.7283442,3187,0.0,1.0,0.0,0.0,0.0,0.0,0.0,1.0,0.0,0.0
106.7198381,10.7317777,3188,0.0,1.0,0.0,0.0,0.0,0.0,0.0,0.0,1.0,0.0
106.7180543,10.7303713,3189,0.0,1.0,0.0,0.0,0.0,0.0,0.0,1.0,0.0,0.0
106.7188029,10.7308809,3190,0.0,1.0,0.0,0.0,0.0,0.0,0.0,1.0,0.0,0.0
106.7192028,10.7311956,3191,0.0,1.0,0.0,0.0,0.0,0.0,0.0,1.0,0.0,0.0
106.7153476,10.7294379,3192,0.0,1.0,0.0,0.0,0.0,0.0,0.0,1.0,0.0,0.0
106.7123164,10.7293538,3193,0.0,1.0,0.0,0.0,0.0,0.0,0.0,1.0,0.0,0.0
106.6997246,10.7289956,3194,0.0,1.0,0.0,0.0,0.0,0.0,0.0,1.0,0.0,0.0
106.6984998,10.7289549,3195,0.0,1.0,0.0,0.0,0.0,0.0,0.0,1.0,0.0,0.0
106.7085817,10.7285196,3196,0.0,1.0,0.0,0.0,0.0,0.0,0.0,0.0,1.0,0.0
106.6310493,10.8512522,3197,0.0,1.0,0.0,0.0,0.0,0.0,0.0,1.0,0.0,0.0
106.6304685,10.8505077,3198,0.0,1.0,0.0,0.0,0.0,0.0,0.0,1.0,0.0,0.0
106.6312509,10.8502225,3199,0.0,1.0,0.0,0.0,0.0,0.0,0.0,1.0,0.0,0.0
106.6301001,10.8504859,3200,0.0,1.0,0.0,0.0,0.0,0.0,0.0,1.0,0.0,0.0
106.6305511,10.8503771,3201,0.0,1.0,0.0,0.0,0.0,0.0,0.0,1.0,0.0,0.0
106.6296611,10.8505848,3202,0.0,1.0,0.0,0.0,0.0,0.0,0.0,1.0,0.0,0.0
106.631284,10.8500778,3203,0.0,1.0,0.0,0.0,0.0,0.0,0.0,1.0,0.0,0.0
106.6309142,10.850249,3204,0.0,1.0,0.0,0.0,0.0,0.0,0.0,1.0,0.0,0.0
106.631833,10.8498146,3205,0.0,1.0,0.0,0.0,0.0,0.0,0.0,1.0,0.0,0.0
106.6286561,10.8507083,3206,0.0,1.0,0.0,0.0,0.0,0.0,0.0,1.0,0.0,0.0
106.6267236,10.8516946,3207,0.0,1.0,0.0,0.0,0.0,0.0,0.0,1.0,0.0,0.0
106.6159407,10.8434268,3208,0.0,1.0,0.0,0.0,0.0,0.0,0.0,1.0,0.0,0.0
106.6148008,10.8436754,3209,0.0,1.0,0.0,0.0,0.0,0.0,0.0,1.0,0.0,0.0
106.6511715,10.8621176,3210,0.0,1.0,0.0,0.0,0.0,0.0,0.0,1.0,0.0,0.0
106.6499973,10.8620995,3211,0.0,1.0,0.0,0.0,0.0,0.0,0.0,1.0,0.0,0.0
106.6577305,10.8618085,3212,0.0,1.0,0.0,0.0,0.0,0.0,0.0,1.0,0.0,0.0
106.6378401,10.8457017,3213,0.0,1.0,0.0,0.0,0.0,0.0,0.0,1.0,0.0,0.0
106.6383884,10.8455019,3214,0.0,1.0,0.0,0.0,0.0,0.0,0.0,1.0,0.0,0.0
106.6628144,10.8353372,3215,0.0,1.0,0.0,0.0,0.0,0.0,0.0,1.0,0.0,0.0
106.6748788,10.8282358,3216,0.0,1.0,0.0,0.0,0.0,0.0,0.0,1.0,0.0,0.0
106.6276654,10.8512865,3217,0.0,1.0,0.0,0.0,0.0,0.0,0.0,1.0,0.0,0.0
106.6279658,10.8512128,3218,0.0,1.0,0.0,0.0,0.0,0.0,0.0,1.0,0.0,0.0
106.6934207,10.7403902,3219,0.0,1.0,0.0,0.0,0.0,0.0,0.0,1.0,0.0,0.0
106.6350975,10.847504,3220,0.0,1.0,0.0,0.0,0.0,0.0,0.0,1.0,0.0,0.0
106.7183782,10.7305569,3221,0.0,1.0,0.0,0.0,0.0,0.0,0.0,1.0,0.0,0.0
106.720166,10.7322688,3222,0.0,1.0,0.0,0.0,0.0,0.0,0.0,1.0,0.0,0.0
106.7174106,10.7300274,3223,0.0,1.0,0.0,0.0,0.0,0.0,0.0,1.0,0.0,0.0
106.6275794,10.8511982,3224,0.0,1.0,0.0,0.0,0.0,0.0,0.0,1.0,0.0,0.0
106.6506367,10.8621335,3225,0.0,1.0,0.0,0.0,0.0,0.0,0.0,1.0,0.0,0.0
106.6801257,10.7971997,3226,0.0,1.0,0.0,0.0,0.0,0.0,0.0,1.0,0.0,0.0
106.6667051,10.8056626,3227,0.0,1.0,0.0,0.0,0.0,0.0,0.0,1.0,0.0,0.0
106.6685313,10.8077891,3228,0.0,1.0,0.0,0.0,0.0,0.0,0.0,1.0,0.0,0.0
106.6697355,10.8087125,3229,0.0,1.0,0.0,0.0,0.0,0.0,0.0,1.0,0.0,0.0
106.7734819,10.8485482,3230,0.0,1.0,0.0,0.0,0.0,0.0,0.0,1.0,0.0,0.0
106.7758752,10.850882,3231,0.0,1.0,0.0,0.0,0.0,0.0,0.0,1.0,0.0,0.0
106.7747696,10.8499117,3232,0.0,1.0,0.0,0.0,0.0,0.0,0.0,1.0,0.0,0.0
106.7729343,10.8488911,3233,0.0,1.0,0.0,0.0,0.0,0.0,0.0,1.0,0.0,0.0
106.7683704,10.8399922,3234,0.0,1.0,0.0,0.0,0.0,0.0,0.0,1.0,0.0,0.0
106.7679986,10.8392975,3235,0.0,1.0,0.0,0.0,0.0,0.0,0.0,1.0,0.0,0.0
106.7704293,10.8435988,3236,0.0,1.0,0.0,0.0,0.0,0.0,0.0,1.0,0.0,0.0
106.7660704,10.8353644,3237,0.0,1.0,0.0,0.0,0.0,0.0,0.0,0.0,1.0,0.0
106.769055,10.8408949,3238,0.0,1.0,0.0,0.0,0.0,0.0,0.0,1.0,0.0,0.0
106.787622,10.8798329,3239,0.0,1.0,0.0,0.0,0.0,0.0,0.0,1.0,0.0,0.0
106.8007335,10.883142,3240,0.0,1.0,0.0,0.0,0.0,0.0,0.0,1.0,0.0,0.0
106.8051805,10.875565,3241,0.0,1.0,0.0,0.0,0.0,0.0,0.0,1.0,0.0,0.0
106.7844341,10.8806052,3242,0.0,1.0,0.0,0.0,0.0,0.0,0.0,1.0,0.0,0.0
106.8016962,10.8808159,3243,0.0,1.0,0.0,0.0,0.0,0.0,0.0,1.0,0.0,0.0
106.7856104,10.8801806,3244,0.0,1.0,0.0,0.0,0.0,0.0,0.0,1.0,0.0,0.0
106.7897624,10.880012,3245,0.0,1.0,0.0,0.0,0.0,0.0,0.0,1.0,0.0,0.0
106.8048724,10.875922,3246,0.0,1.0,0.0,0.0,0.0,0.0,0.0,1.0,0.0,0.0
106.7933781,10.8801595,3247,0.0,1.0,0.0,0.0,0.0,0.0,0.0,1.0,0.0,0.0
106.8041195,10.8762891,3248,0.0,1.0,0.0,0.0,0.0,0.0,0.0,1.0,0.0,0.0
106.8035442,10.8764604,3249,0.0,1.0,0.0,0.0,0.0,0.0,0.0,1.0,0.0,0.0
106.8032313,10.8764067,3250,0.0,1.0,0.0,0.0,0.0,0.0,0.0,1.0,0.0,0.0
106.8045612,10.8761338,3251,0.0,1.0,0.0,0.0,0.0,0.0,0.0,1.0,0.0,0.0
106.7950507,10.8805963,3252,0.0,1.0,0.0,0.0,0.0,0.0,0.0,1.0,0.0,0.0
106.795835,10.8808496,3253,0.0,1.0,0.0,0.0,0.0,0.0,0.0,1.0,0.0,0.0
106.8162399,10.883588,3254,0.0,1.0,0.0,0.0,0.0,0.0,0.0,1.0,0.0,0.0
106.6980345,10.7868265,3255,0.0,1.0,0.0,0.0,0.0,0.0,0.0,1.0,0.0,0.0
106.6943139,10.7860131,3256,0.0,1.0,0.0,0.0,0.0,0.0,0.0,1.0,0.0,0.0
106.6940427,10.7923988,3257,0.0,1.0,0.0,0.0,0.0,0.0,0.0,1.0,0.0,0.0
106.6987735,10.7892119,3258,0.0,1.0,0.0,0.0,0.0,0.0,0.0,1.0,0.0,0.0
106.6990217,10.7889838,3259,0.0,1.0,0.0,0.0,0.0,0.0,0.0,1.0,0.0,0.0
106.6982817,10.7896616,3260,0.0,1.0,0.0,0.0,0.0,0.0,0.0,1.0,0.0,0.0
106.7009617,10.7909924,3261,0.0,1.0,0.0,0.0,0.0,0.0,0.0,1.0,0.0,0.0
106.6959352,10.7938959,3262,0.0,1.0,0.0,0.0,0.0,0.0,0.0,1.0,0.0,0.0
106.6868312,10.7850424,3263,0.0,1.0,0.0,0.0,0.0,0.0,0.0,1.0,0.0,0.0
106.6869968,10.7852991,3264,0.0,1.0,0.0,0.0,0.0,0.0,0.0,1.0,0.0,0.0
106.6865622,10.7839524,3265,0.0,1.0,0.0,0.0,0.0,0.0,0.0,1.0,0.0,0.0
106.6857289,10.7880109,3266,0.0,1.0,0.0,0.0,0.0,0.0,0.0,1.0,0.0,0.0
106.6872492,10.7856904,3267,0.0,1.0,0.0,0.0,0.0,0.0,0.0,1.0,0.0,0.0
106.6873589,10.7858866,3268,0.0,1.0,0.0,0.0,0.0,0.0,0.0,1.0,0.0,0.0
106.6860978,10.7819929,3269,0.0,1.0,0.0,0.0,0.0,0.0,0.0,1.0,0.0,0.0
106.6931483,10.7945244,3270,0.0,1.0,0.0,0.0,0.0,0.0,0.0,1.0,0.0,0.0
106.6951575,10.7879641,3271,0.0,1.0,0.0,0.0,0.0,0.0,0.0,1.0,0.0,0.0
106.6979876,10.7867838,3272,0.0,1.0,0.0,0.0,0.0,0.0,0.0,1.0,0.0,0.0
106.6965359,10.7926721,3273,0.0,1.0,0.0,0.0,0.0,0.0,0.0,1.0,0.0,0.0
106.6961576,10.7926985,3274,0.0,1.0,0.0,0.0,0.0,0.0,0.0,1.0,0.0,0.0
106.6743439,10.7674367,3275,0.0,1.0,0.0,0.0,0.0,0.0,0.0,1.0,0.0,0.0
106.6742156,10.7675105,3276,0.0,1.0,0.0,0.0,0.0,0.0,0.0,1.0,0.0,0.0
106.6741613,10.7677402,3277,0.0,1.0,0.0,0.0,0.0,0.0,0.0,1.0,0.0,0.0
106.6743785,10.7679153,3278,0.0,1.0,0.0,0.0,0.0,0.0,0.0,1.0,0.0,0.0
106.6993161,10.7926268,3279,0.0,1.0,0.0,0.0,0.0,0.0,0.0,1.0,0.0,0.0
106.6994492,10.7921176,3280,0.0,1.0,0.0,0.0,0.0,0.0,0.0,1.0,0.0,0.0
106.683044,10.784944,3281,0.0,1.0,0.0,0.0,0.0,0.0,0.0,1.0,0.0,0.0
106.6626272,10.7772563,3282,0.0,1.0,0.0,0.0,0.0,0.0,0.0,1.0,0.0,0.0
106.668767,10.7599732,3283,0.0,1.0,0.0,0.0,0.0,0.0,0.0,1.0,0.0,0.0
106.6541776,10.7843208,3284,0.0,1.0,0.0,0.0,0.0,0.0,0.0,1.0,0.0,0.0
106.6538061,10.7856285,3285,0.0,1.0,0.0,0.0,0.0,0.0,0.0,0.0,1.0,0.0
106.6544818,10.785806,3286,0.0,1.0,0.0,0.0,0.0,0.0,0.0,1.0,0.0,0.0
106.6533206,10.7873299,3287,0.0,1.0,0.0,0.0,0.0,0.0,0.0,1.0,0.0,0.0
106.6525598,10.7902449,3288,0.0,1.0,0.0,0.0,0.0,0.0,0.0,1.0,0.0,0.0
106.6524429,10.7900793,3289,0.0,1.0,0.0,0.0,0.0,0.0,0.0,1.0,0.0,0.0
106.6523223,10.7902028,3290,0.0,1.0,0.0,0.0,0.0,0.0,0.0,1.0,0.0,0.0
106.6524827,10.790085,3291,0.0,1.0,0.0,0.0,0.0,0.0,0.0,1.0,0.0,0.0
106.6530256,10.7924097,3292,0.0,1.0,0.0,0.0,0.0,0.0,0.0,1.0,0.0,0.0
106.6531335,10.7925798,3293,0.0,1.0,0.0,0.0,0.0,0.0,0.0,1.0,0.0,0.0
106.6531492,10.7929213,3294,0.0,1.0,0.0,0.0,0.0,0.0,0.0,1.0,0.0,0.0
106.6529851,10.7930924,3295,0.0,1.0,0.0,0.0,0.0,0.0,0.0,1.0,0.0,0.0
106.6532226,10.7930696,3296,0.0,1.0,0.0,0.0,0.0,0.0,0.0,1.0,0.0,0.0
106.6533264,10.7930957,3297,0.0,1.0,0.0,0.0,0.0,0.0,0.0,1.0,0.0,0.0
106.6536865,10.7933788,3298,0.0,1.0,0.0,0.0,0.0,0.0,0.0,1.0,0.0,0.0
106.6538226,10.7935427,3299,0.0,1.0,0.0,0.0,0.0,0.0,0.0,1.0,0.0,0.0
106.6531651,10.7930669,3300,0.0,1.0,0.0,0.0,0.0,0.0,0.0,1.0,0.0,0.0
106.6535674,10.7932413,3301,0.0,1.0,0.0,0.0,0.0,0.0,0.0,1.0,0.0,0.0
106.6539776,10.7937142,3302,0.0,1.0,0.0,0.0,0.0,0.0,0.0,1.0,0.0,0.0
106.6534215,10.7931534,3303,0.0,1.0,0.0,0.0,0.0,0.0,0.0,1.0,0.0,0.0
106.6543908,10.7940481,3304,0.0,1.0,0.0,0.0,0.0,0.0,0.0,1.0,0.0,0.0
106.654219,10.793917,3305,0.0,1.0,0.0,0.0,0.0,0.0,0.0,1.0,0.0,0.0
106.6526603,10.7915915,3306,0.0,1.0,0.0,0.0,0.0,0.0,0.0,1.0,0.0,0.0
106.6525306,10.791169,3307,0.0,1.0,0.0,0.0,0.0,0.0,0.0,1.0,0.0,0.0
106.6558764,10.7783982,3308,0.0,1.0,0.0,0.0,0.0,0.0,0.0,1.0,0.0,0.0
106.6562459,10.7781007,3309,0.0,1.0,0.0,0.0,0.0,0.0,0.0,1.0,0.0,0.0
106.7190479,10.8628617,3310,0.0,1.0,0.0,0.0,0.0,0.0,0.0,1.0,0.0,0.0
106.7094081,10.8588551,3311,0.0,1.0,0.0,0.0,0.0,0.0,0.0,1.0,0.0,0.0
106.6754261,10.8618182,3312,0.0,1.0,0.0,0.0,0.0,0.0,0.0,1.0,0.0,0.0
106.7196678,10.863147,3313,0.0,1.0,0.0,0.0,0.0,0.0,0.0,1.0,0.0,0.0
106.67578,10.8618095,3314,0.0,1.0,0.0,0.0,0.0,0.0,0.0,1.0,0.0,0.0
106.7150626,10.8607907,3315,0.0,1.0,0.0,0.0,0.0,0.0,0.0,1.0,0.0,0.0
106.7104133,10.8588349,3316,0.0,1.0,0.0,0.0,0.0,0.0,0.0,1.0,0.0,0.0
106.6712944,10.861785,3317,0.0,1.0,0.0,0.0,0.0,0.0,0.0,1.0,0.0,0.0
106.6784375,10.8616462,3318,0.0,1.0,0.0,0.0,0.0,0.0,0.0,1.0,0.0,0.0
106.7169899,10.8618149,3319,0.0,1.0,0.0,0.0,0.0,0.0,0.0,1.0,0.0,0.0
106.7118142,10.8592236,3320,0.0,1.0,0.0,0.0,0.0,0.0,0.0,1.0,0.0,0.0
106.7053084,10.8593426,3321,0.0,1.0,0.0,0.0,0.0,0.0,0.0,1.0,0.0,0.0
106.7257192,10.8662481,3322,0.0,1.0,0.0,0.0,0.0,0.0,0.0,1.0,0.0,0.0
106.7227673,10.8648149,3323,0.0,1.0,0.0,0.0,0.0,0.0,0.0,1.0,0.0,0.0
106.723437,10.8658338,3324,0.0,1.0,0.0,0.0,0.0,0.0,0.0,1.0,0.0,0.0
106.7270665,10.866945,3325,0.0,1.0,0.0,0.0,0.0,0.0,0.0,1.0,0.0,0.0
106.7238705,10.8653758,3326,0.0,1.0,0.0,0.0,0.0,0.0,0.0,1.0,0.0,0.0
106.6148154,10.8426751,3327,0.0,1.0,0.0,0.0,0.0,0.0,0.0,1.0,0.0,0.0
106.6004351,10.7210614,3328,0.0,1.0,0.0,0.0,0.0,0.0,0.0,1.0,0.0,0.0
106.6010824,10.7237483,3329,0.0,1.0,0.0,0.0,0.0,0.0,0.0,1.0,0.0,0.0
106.6005768,10.7217767,3330,0.0,1.0,0.0,0.0,0.0,0.0,0.0,0.0,1.0,0.0
106.605275,10.8060493,3331,0.0,1.0,0.0,0.0,0.0,0.0,0.0,1.0,0.0,0.0
106.7181296,10.734802,3332,0.0,1.0,0.0,0.0,0.0,0.0,0.0,1.0,0.0,0.0
106.7200097,10.7318083,3333,0.0,1.0,0.0,0.0,0.0,0.0,0.0,0.0,1.0,0.0
106.7241597,10.7249999,3334,0.0,1.0,0.0,0.0,0.0,0.0,0.0,1.0,0.0,0.0
106.7187007,10.7339268,3335,0.0,1.0,0.0,0.0,0.0,0.0,0.0,1.0,0.0,0.0
106.7231231,10.7267196,3336,0.0,1.0,0.0,0.0,0.0,0.0,0.0,1.0,0.0,0.0
106.7221668,10.7282357,3337,0.0,1.0,0.0,0.0,0.0,0.0,0.0,1.0,0.0,0.0
106.7212339,10.7297559,3338,0.0,1.0,0.0,0.0,0.0,0.0,0.0,1.0,0.0,0.0
106.7291968,10.7168425,3339,0.0,1.0,0.0,0.0,0.0,0.0,0.0,1.0,0.0,0.0
106.7265424,10.7211858,3340,0.0,1.0,0.0,0.0,0.0,0.0,0.0,1.0,0.0,0.0
106.727202,10.7201102,3341,0.0,1.0,0.0,0.0,0.0,0.0,0.0,1.0,0.0,0.0
106.7285203,10.7179378,3342,0.0,1.0,0.0,0.0,0.0,0.0,0.0,1.0,0.0,0.0
106.7257177,10.7225313,3343,0.0,1.0,0.0,0.0,0.0,0.0,0.0,1.0,0.0,0.0
106.719948,10.7319117,3344,0.0,1.0,0.0,0.0,0.0,0.0,0.0,0.0,1.0,0.0
106.7237464,10.7256951,3345,0.0,1.0,0.0,0.0,0.0,0.0,0.0,1.0,0.0,0.0
106.7200836,10.7316837,3346,0.0,1.0,0.0,0.0,0.0,0.0,0.0,0.0,1.0,0.0
106.7249535,10.723735,3347,0.0,1.0,0.0,0.0,0.0,0.0,0.0,1.0,0.0,0.0
106.7194052,10.7327738,3348,0.0,1.0,0.0,0.0,0.0,0.0,0.0,1.0,0.0,0.0
106.7188652,10.7336536,3349,0.0,1.0,0.0,0.0,0.0,0.0,0.0,1.0,0.0,0.0
106.6547743,10.7508065,3350,0.0,1.0,0.0,0.0,0.0,0.0,0.0,0.0,0.0,0.0
106.5973319,10.7045783,3351,0.0,1.0,0.0,0.0,0.0,0.0,0.0,1.0,0.0,0.0
106.6304424,10.8215436,3352,0.0,1.0,0.0,0.0,0.0,0.0,0.0,1.0,0.0,0.0
106.6323883,10.8152248,3353,0.0,1.0,0.0,0.0,0.0,0.0,0.0,1.0,0.0,0.0
106.6318036,10.8170578,3354,0.0,1.0,0.0,0.0,0.0,0.0,0.0,1.0,0.0,0.0
106.6292522,10.8235301,3355,0.0,1.0,0.0,0.0,0.0,0.0,0.0,1.0,0.0,0.0
106.6396712,10.8026367,3356,0.0,1.0,0.0,0.0,0.0,0.0,0.0,1.0,0.0,0.0
106.6220307,10.8478683,3357,0.0,1.0,0.0,0.0,0.0,0.0,0.0,1.0,0.0,0.0
106.6225901,10.8481287,3358,0.0,1.0,0.0,0.0,0.0,0.0,0.0,1.0,0.0,0.0
106.6394217,10.820811,3359,0.0,1.0,0.0,0.0,0.0,0.0,0.0,1.0,0.0,0.0
106.6305981,10.8205173,3360,0.0,1.0,0.0,0.0,0.0,0.0,0.0,1.0,0.0,0.0
106.6307318,10.8205646,3361,0.0,0.0,1.0,0.0,0.0,0.0,0.0,1.0,0.0,0.0
106.6308481,10.8201852,3362,0.0,1.0,0.0,0.0,0.0,0.0,0.0,1.0,0.0,0.0
106.7051341,10.751053,3363,0.0,1.0,0.0,0.0,0.0,0.0,0.0,1.0,0.0,0.0
106.6999333,10.7330629,3364,0.0,1.0,0.0,0.0,0.0,0.0,0.0,1.0,0.0,0.0
106.7017497,10.7453356,3365,0.0,1.0,0.0,0.0,0.0,0.0,0.0,0.0,1.0,0.0
106.7003063,10.7303579,3366,0.0,1.0,0.0,0.0,0.0,0.0,0.0,1.0,0.0,0.0
106.7003489,10.7300242,3367,0.0,1.0,0.0,0.0,0.0,0.0,0.0,0.0,1.0,0.0
106.7020413,10.7469589,3368,0.0,1.0,0.0,0.0,0.0,0.0,0.0,1.0,0.0,0.0
106.7027165,10.7401216,3369,0.0,1.0,0.0,0.0,0.0,0.0,0.0,1.0,0.0,0.0
106.6953906,10.728806,3370,0.0,1.0,0.0,0.0,0.0,0.0,0.0,1.0,0.0,0.0
106.6190675,10.8013405,3371,0.0,1.0,0.0,0.0,0.0,0.0,0.0,1.0,0.0,0.0
106.6220522,10.8052255,3372,0.0,1.0,0.0,0.0,0.0,0.0,0.0,1.0,0.0,0.0
106.6217152,10.8064422,3373,0.0,1.0,0.0,0.0,0.0,0.0,0.0,1.0,0.0,0.0
106.6605938,10.83586,3374,0.0,1.0,0.0,0.0,0.0,0.0,0.0,1.0,0.0,0.0
106.6416811,10.8432758,3375,0.0,1.0,0.0,0.0,0.0,0.0,0.0,1.0,0.0,0.0
106.6424187,10.842791,3376,0.0,1.0,0.0,0.0,0.0,0.0,0.0,1.0,0.0,0.0
106.6627889,10.8352529,3377,0.0,1.0,0.0,0.0,0.0,0.0,0.0,1.0,0.0,0.0
106.6455255,10.8406494,3378,0.0,1.0,0.0,0.0,0.0,0.0,0.0,1.0,0.0,0.0
106.6452271,10.8408842,3379,0.0,1.0,0.0,0.0,0.0,0.0,0.0,1.0,0.0,0.0
106.6643811,10.8345662,3380,0.0,1.0,0.0,0.0,0.0,0.0,0.0,1.0,0.0,0.0
106.6649758,10.8341934,3381,0.0,1.0,0.0,0.0,0.0,0.0,0.0,1.0,0.0,0.0
106.6467799,10.8396429,3382,0.0,1.0,0.0,0.0,0.0,0.0,0.0,1.0,0.0,0.0
106.6470299,10.8394248,3383,0.0,1.0,0.0,0.0,0.0,0.0,0.0,1.0,0.0,0.0
106.6403051,10.8442539,3384,0.0,1.0,0.0,0.0,0.0,0.0,0.0,1.0,0.0,0.0
106.6634568,10.8350079,3385,0.0,1.0,0.0,0.0,0.0,0.0,0.0,1.0,0.0,0.0
106.6487261,10.8388514,3386,0.0,1.0,0.0,0.0,0.0,0.0,0.0,1.0,0.0,0.0
106.6674296,10.8322859,3387,0.0,1.0,0.0,0.0,0.0,0.0,0.0,1.0,0.0,0.0
106.6662631,10.8331863,3388,0.0,1.0,0.0,0.0,0.0,0.0,0.0,1.0,0.0,0.0
106.6655556,10.8337477,3389,0.0,1.0,0.0,0.0,0.0,0.0,0.0,1.0,0.0,0.0
106.6568834,10.8367948,3390,0.0,1.0,0.0,0.0,0.0,0.0,0.0,1.0,0.0,0.0
106.6620948,10.83555,3391,0.0,1.0,0.0,0.0,0.0,0.0,0.0,1.0,0.0,0.0
106.6581651,10.8365431,3392,0.0,1.0,0.0,0.0,0.0,0.0,0.0,1.0,0.0,0.0
106.6491032,10.8388107,3393,0.0,1.0,0.0,0.0,0.0,0.0,0.0,1.0,0.0,0.0
106.6544376,10.8374889,3394,0.0,1.0,0.0,0.0,0.0,0.0,0.0,1.0,0.0,0.0
106.6490975,10.8387553,3395,0.0,1.0,0.0,0.0,0.0,0.0,0.0,1.0,0.0,0.0
106.7653031,10.8340438,3396,0.0,1.0,0.0,0.0,0.0,0.0,0.0,1.0,0.0,0.0
106.7612101,10.8267729,3397,0.0,1.0,0.0,0.0,0.0,0.0,0.0,1.0,0.0,0.0
106.7631375,10.8309474,3398,0.0,1.0,0.0,0.0,0.0,0.0,0.0,1.0,0.0,0.0
106.7646754,10.8336803,3399,0.0,1.0,0.0,0.0,0.0,0.0,0.0,1.0,0.0,0.0
106.7636119,10.8310841,3400,0.0,1.0,0.0,0.0,0.0,0.0,0.0,1.0,0.0,0.0
106.7608673,10.826859,3401,0.0,1.0,0.0,0.0,0.0,0.0,0.0,1.0,0.0,0.0
106.7623681,10.8288156,3402,0.0,1.0,0.0,0.0,0.0,0.0,0.0,1.0,0.0,0.0
106.7517729,10.7919594,3403,0.0,1.0,0.0,0.0,0.0,0.0,0.0,1.0,0.0,0.0
106.7646709,10.7601664,3404,0.0,1.0,0.0,0.0,0.0,0.0,0.0,1.0,0.0,0.0
106.7240549,10.7742939,3405,0.0,1.0,0.0,0.0,0.0,0.0,0.0,1.0,0.0,0.0
106.7396341,10.7823018,3406,0.0,1.0,0.0,0.0,0.0,0.0,0.0,1.0,0.0,0.0
106.734801,10.7792064,3407,0.0,1.0,0.0,0.0,0.0,0.0,0.0,1.0,0.0,0.0
106.7273153,10.7759924,3408,0.0,1.0,0.0,0.0,0.0,0.0,0.0,1.0,0.0,0.0
106.750914,10.7898888,3409,0.0,1.0,0.0,0.0,0.0,0.0,0.0,1.0,0.0,0.0
106.7524994,10.7958799,3410,0.0,1.0,0.0,0.0,0.0,0.0,0.0,1.0,0.0,0.0
106.737837,10.7813796,3411,0.0,1.0,0.0,0.0,0.0,0.0,0.0,1.0,0.0,0.0
106.7446125,10.7848713,3412,0.0,1.0,0.0,0.0,0.0,0.0,0.0,1.0,0.0,0.0
106.7497343,10.7878685,3413,0.0,1.0,0.0,0.0,0.0,0.0,0.0,0.0,1.0,0.0
106.7417533,10.7833905,3414,0.0,1.0,0.0,0.0,0.0,0.0,0.0,1.0,0.0,0.0
106.7463705,10.7856277,3415,0.0,1.0,0.0,0.0,0.0,0.0,0.0,1.0,0.0,0.0
106.750991,10.7902351,3416,0.0,1.0,0.0,0.0,0.0,0.0,0.0,1.0,0.0,0.0
106.7498586,10.7880102,3417,0.0,1.0,0.0,0.0,0.0,0.0,0.0,1.0,0.0,0.0
106.7378534,10.7807978,3418,0.0,1.0,0.0,0.0,0.0,0.0,0.0,1.0,0.0,0.0
106.7322207,10.7784791,3419,0.0,1.0,0.0,0.0,0.0,0.0,0.0,1.0,0.0,0.0
106.7248071,10.7746638,3420,0.0,1.0,0.0,0.0,0.0,0.0,0.0,1.0,0.0,0.0
106.7528379,10.7978539,3421,0.0,1.0,0.0,0.0,0.0,0.0,0.0,1.0,0.0,0.0
106.6218498,10.832788,3422,0.0,1.0,0.0,0.0,0.0,0.0,0.0,1.0,0.0,0.0
106.6211617,10.83315,3423,0.0,1.0,0.0,0.0,0.0,0.0,0.0,1.0,0.0,0.0
106.6216132,10.8331771,3424,0.0,1.0,0.0,0.0,0.0,0.0,0.0,1.0,0.0,0.0
106.6206709,10.8339258,3425,0.0,1.0,0.0,0.0,0.0,0.0,0.0,1.0,0.0,0.0
106.5965771,10.6968192,3426,0.0,1.0,0.0,0.0,0.0,0.0,0.0,1.0,0.0,0.0
106.5964858,10.6967335,3427,0.0,1.0,0.0,0.0,0.0,0.0,0.0,1.0,0.0,0.0
106.5966974,10.6969375,3428,0.0,1.0,0.0,0.0,0.0,0.0,0.0,1.0,0.0,0.0
106.5967859,10.697007,3429,0.0,1.0,0.0,0.0,0.0,0.0,0.0,1.0,0.0,0.0
106.5931618,10.7854316,3430,0.0,1.0,0.0,0.0,0.0,0.0,0.0,1.0,0.0,0.0
106.5934583,10.785662,3431,0.0,1.0,0.0,0.0,0.0,0.0,0.0,1.0,0.0,0.0
106.7157751,10.7294972,3432,0.0,1.0,0.0,0.0,0.0,0.0,0.0,1.0,0.0,0.0
106.6771712,10.831038,3433,0.0,1.0,0.0,0.0,0.0,0.0,0.0,1.0,0.0,0.0
106.658551,10.798135,3434,0.0,1.0,0.0,0.0,0.0,0.0,0.0,1.0,0.0,0.0
106.6582253,10.7978298,3435,0.0,1.0,0.0,0.0,0.0,0.0,0.0,1.0,0.0,0.0
106.6563732,10.7960164,3436,0.0,1.0,0.0,0.0,0.0,0.0,0.0,1.0,0.0,0.0
106.659859,10.7993983,3437,0.0,1.0,0.0,0.0,0.0,0.0,0.0,1.0,0.0,0.0
106.6603727,10.7998793,3438,0.0,1.0,0.0,0.0,0.0,0.0,0.0,1.0,0.0,0.0
106.6602246,10.7997462,3439,0.0,1.0,0.0,0.0,0.0,0.0,0.0,1.0,0.0,0.0
106.6594576,10.799014,3440,0.0,1.0,0.0,0.0,0.0,0.0,0.0,1.0,0.0,0.0
106.6564857,10.7961264,3441,0.0,1.0,0.0,0.0,0.0,0.0,0.0,1.0,0.0,0.0
106.6583513,10.797945,3442,0.0,1.0,0.0,0.0,0.0,0.0,0.0,1.0,0.0,0.0
106.657556,10.7971942,3443,0.0,1.0,0.0,0.0,0.0,0.0,0.0,1.0,0.0,0.0
106.659738,10.799284,3444,0.0,1.0,0.0,0.0,0.0,0.0,0.0,1.0,0.0,0.0
106.6609123,10.7997915,3445,0.0,1.0,0.0,0.0,0.0,0.0,0.0,1.0,0.0,0.0
106.685725,10.7554608,3446,0.0,1.0,0.0,0.0,0.0,0.0,0.0,1.0,0.0,0.0
106.6872483,10.7523244,3447,0.0,1.0,0.0,0.0,0.0,0.0,0.0,1.0,0.0,0.0
106.6855245,10.7557502,3448,0.0,1.0,0.0,0.0,0.0,0.0,0.0,1.0,0.0,0.0
106.6860421,10.7550977,3449,0.0,1.0,0.0,0.0,0.0,0.0,0.0,1.0,0.0,0.0
106.6844552,10.7584635,3450,0.0,1.0,0.0,0.0,0.0,0.0,0.0,1.0,0.0,0.0
106.6834114,10.761211,3451,0.0,1.0,0.0,0.0,0.0,0.0,0.0,1.0,0.0,0.0
106.6834818,10.7610338,3452,0.0,1.0,0.0,0.0,0.0,0.0,0.0,1.0,0.0,0.0
106.684412,10.7585707,3453,0.0,1.0,0.0,0.0,0.0,0.0,0.0,1.0,0.0,0.0
106.6845373,10.7579413,3454,0.0,1.0,0.0,0.0,0.0,0.0,0.0,1.0,0.0,0.0
106.6842323,10.7590287,3455,0.0,1.0,0.0,0.0,0.0,0.0,0.0,1.0,0.0,0.0
106.684343,10.7587354,3456,0.0,1.0,0.0,0.0,0.0,0.0,0.0,1.0,0.0,0.0
106.6846466,10.7579811,3457,0.0,1.0,0.0,0.0,0.0,0.0,0.0,1.0,0.0,0.0
106.6676674,10.7679253,3458,0.0,1.0,0.0,0.0,0.0,0.0,0.0,1.0,0.0,0.0
106.668235,10.7680333,3459,0.0,1.0,0.0,0.0,0.0,0.0,0.0,1.0,0.0,0.0
106.6681818,10.7679188,3460,0.0,1.0,0.0,0.0,0.0,0.0,0.0,1.0,0.0,0.0
106.6541332,10.7844735,3461,0.0,1.0,0.0,0.0,0.0,0.0,0.0,1.0,0.0,0.0
106.6171515,10.8400796,3462,0.0,1.0,0.0,0.0,0.0,0.0,0.0,1.0,0.0,0.0
106.6674578,10.7983381,3463,0.0,1.0,0.0,0.0,0.0,0.0,0.0,1.0,0.0,0.0
106.6717593,10.7938991,3464,0.0,1.0,0.0,0.0,0.0,0.0,0.0,1.0,0.0,0.0
106.6724314,10.79358,3465,0.0,1.0,0.0,0.0,0.0,0.0,0.0,1.0,0.0,0.0
106.6948353,10.7672259,3466,0.0,1.0,0.0,0.0,0.0,0.0,0.0,1.0,0.0,0.0
106.6780911,10.7939979,3467,0.0,1.0,0.0,0.0,0.0,0.0,0.0,1.0,0.0,0.0
106.6780428,10.7939874,3468,0.0,1.0,0.0,0.0,0.0,0.0,0.0,1.0,0.0,0.0
106.6775012,10.7944978,3469,0.0,1.0,0.0,0.0,0.0,0.0,0.0,1.0,0.0,0.0
106.6839488,10.7942586,3470,0.0,1.0,0.0,0.0,0.0,0.0,0.0,1.0,0.0,0.0
106.6692205,10.8001121,3471,0.0,1.0,0.0,0.0,0.0,0.0,0.0,1.0,0.0,0.0
106.6702279,10.7999459,3472,0.0,1.0,0.0,0.0,0.0,0.0,0.0,1.0,0.0,0.0
106.6729736,10.7997884,3473,0.0,1.0,0.0,0.0,0.0,0.0,0.0,1.0,0.0,0.0
106.6749197,10.7996157,3474,0.0,1.0,0.0,0.0,0.0,0.0,0.0,0.0,1.0,0.0
106.6718332,10.7998892,3475,0.0,1.0,0.0,0.0,0.0,0.0,0.0,1.0,0.0,0.0
106.6800121,10.7992149,3476,0.0,1.0,0.0,0.0,0.0,0.0,0.0,1.0,0.0,0.0
106.6702353,10.8000314,3477,0.0,1.0,0.0,0.0,0.0,0.0,0.0,1.0,0.0,0.0
106.680083,10.7991228,3478,0.0,1.0,0.0,0.0,0.0,0.0,0.0,1.0,0.0,0.0
106.6784691,10.7993219,3479,0.0,1.0,0.0,0.0,0.0,0.0,0.0,1.0,0.0,0.0
106.671829,10.7997993,3480,0.0,1.0,0.0,0.0,0.0,0.0,0.0,1.0,0.0,0.0
106.676254,10.795246,3481,0.0,1.0,0.0,0.0,0.0,0.0,0.0,1.0,0.0,0.0
106.6679999,10.800209,3482,0.0,1.0,0.0,0.0,0.0,0.0,0.0,1.0,0.0,0.0
106.6768559,10.7994773,3483,0.0,1.0,0.0,0.0,0.0,0.0,0.0,1.0,0.0,0.0
106.668555,10.8001672,3484,0.0,1.0,0.0,0.0,0.0,0.0,0.0,1.0,0.0,0.0
106.6775658,10.7994152,3485,0.0,1.0,0.0,0.0,0.0,0.0,0.0,1.0,0.0,0.0
106.6692205,10.7993872,3486,0.0,1.0,0.0,0.0,0.0,0.0,0.0,1.0,0.0,0.0
106.6691607,10.7992849,3487,0.0,1.0,0.0,0.0,0.0,0.0,0.0,1.0,0.0,0.0
106.6760982,10.7995229,3488,1.0,0.0,0.0,0.0,0.0,0.0,0.0,1.0,0.0,0.0
106.5790414,10.6927098,3489,0.0,1.0,0.0,0.0,0.0,0.0,0.0,1.0,0.0,0.0
106.6133232,10.8409376,3490,0.0,1.0,0.0,0.0,0.0,0.0,0.0,1.0,0.0,0.0
106.7109826,10.8012428,3491,0.0,1.0,0.0,0.0,0.0,0.0,0.0,1.0,0.0,0.0
106.7113554,10.8014756,3492,0.0,1.0,0.0,0.0,0.0,0.0,0.0,1.0,0.0,0.0
106.7109333,10.8015309,3493,0.0,1.0,0.0,0.0,0.0,0.0,0.0,1.0,0.0,0.0
106.702422,10.7502891,3494,0.0,1.0,0.0,0.0,0.0,0.0,0.0,1.0,0.0,0.0
106.7024382,10.7492889,3495,0.0,1.0,0.0,0.0,0.0,0.0,0.0,1.0,0.0,0.0
106.7020223,10.7547107,3496,0.0,1.0,0.0,0.0,0.0,0.0,0.0,1.0,0.0,0.0
106.7019835,10.754992,3497,0.0,1.0,0.0,0.0,0.0,0.0,0.0,1.0,0.0,0.0
106.699884,10.7405192,3498,0.0,1.0,0.0,0.0,0.0,0.0,0.0,1.0,0.0,0.0
106.6960865,10.7411649,3499,0.0,1.0,0.0,0.0,0.0,0.0,0.0,1.0,0.0,0.0
106.6921776,10.7396045,3500,0.0,1.0,0.0,0.0,0.0,0.0,0.0,1.0,0.0,0.0
106.6921076,10.7396684,3501,0.0,1.0,0.0,0.0,0.0,0.0,0.0,1.0,0.0,0.0
106.6909482,10.7392345,3502,0.0,1.0,0.0,0.0,0.0,0.0,0.0,1.0,0.0,0.0
106.7047704,10.7976019,3503,0.0,1.0,0.0,0.0,0.0,0.0,0.0,1.0,0.0,0.0
106.7049748,10.7978124,3504,0.0,1.0,0.0,0.0,0.0,0.0,0.0,1.0,0.0,0.0
106.6969229,10.789758,3505,0.0,1.0,0.0,0.0,0.0,0.0,0.0,1.0,0.0,0.0
106.7033375,10.7888016,3506,0.0,1.0,0.0,0.0,0.0,0.0,0.0,1.0,0.0,0.0
106.7024968,10.7895799,3507,0.0,1.0,0.0,0.0,0.0,0.0,0.0,1.0,0.0,0.0
106.7029041,10.7892029,3508,0.0,1.0,0.0,0.0,0.0,0.0,0.0,1.0,0.0,0.0
106.654447,10.783672,3509,0.0,1.0,0.0,0.0,0.0,0.0,0.0,1.0,0.0,0.0
106.6528317,10.7893421,3510,0.0,1.0,0.0,0.0,0.0,0.0,0.0,1.0,0.0,0.0
106.6559639,10.7778843,3511,0.0,1.0,0.0,0.0,0.0,0.0,0.0,1.0,0.0,0.0
106.653887,10.7856396,3512,0.0,1.0,0.0,0.0,0.0,0.0,0.0,0.0,1.0,0.0
106.6530248,10.7883667,3513,0.0,1.0,0.0,0.0,0.0,0.0,0.0,1.0,0.0,0.0
106.655118,10.7813307,3514,0.0,1.0,0.0,0.0,0.0,0.0,0.0,1.0,0.0,0.0
106.6542174,10.7844803,3515,0.0,1.0,0.0,0.0,0.0,0.0,0.0,1.0,0.0,0.0
106.6557966,10.7779402,3516,0.0,1.0,0.0,0.0,0.0,0.0,0.0,1.0,0.0,0.0
106.6543543,10.7840001,3517,0.0,1.0,0.0,0.0,0.0,0.0,0.0,1.0,0.0,0.0
106.6560333,10.7781836,3518,0.0,1.0,0.0,0.0,0.0,0.0,0.0,1.0,0.0,0.0
106.6560695,10.7876268,3519,0.0,1.0,0.0,0.0,0.0,0.0,0.0,1.0,0.0,0.0
106.655911,10.7779274,3520,0.0,1.0,0.0,0.0,0.0,0.0,0.0,1.0,0.0,0.0
106.6540484,10.7850732,3521,0.0,1.0,0.0,0.0,0.0,0.0,0.0,1.0,0.0,0.0
106.651613,10.786231,3522,0.0,1.0,0.0,0.0,0.0,0.0,0.0,1.0,0.0,0.0
106.6542561,10.7843388,3523,0.0,1.0,0.0,0.0,0.0,0.0,0.0,1.0,0.0,0.0
106.6879234,10.7794204,3524,0.0,1.0,0.0,0.0,0.0,0.0,0.0,1.0,0.0,0.0
106.6725026,10.79555,3525,0.0,1.0,0.0,0.0,0.0,0.0,0.0,1.0,0.0,0.0
106.6703227,10.7927793,3526,0.0,1.0,0.0,0.0,0.0,0.0,0.0,1.0,0.0,0.0
106.6827779,10.7851323,3527,0.0,1.0,0.0,0.0,0.0,0.0,0.0,1.0,0.0,0.0
106.6832444,10.7807155,3528,0.0,1.0,0.0,0.0,0.0,0.0,0.0,1.0,0.0,0.0
106.6827383,10.7807164,3529,0.0,1.0,0.0,0.0,0.0,0.0,0.0,1.0,0.0,0.0
106.6741308,10.7575734,3530,0.0,1.0,0.0,0.0,0.0,0.0,0.0,1.0,0.0,0.0
106.6739746,10.7575532,3531,0.0,1.0,0.0,0.0,0.0,0.0,0.0,1.0,0.0,0.0
106.6739659,10.7574552,3532,0.0,1.0,0.0,0.0,0.0,0.0,0.0,1.0,0.0,0.0
106.6740399,10.7573959,3533,0.0,1.0,0.0,0.0,0.0,0.0,0.0,1.0,0.0,0.0
106.716972,10.7289172,3534,0.0,1.0,0.0,0.0,0.0,0.0,0.0,1.0,0.0,0.0
106.7122757,10.7279406,3535,0.0,1.0,0.0,0.0,0.0,0.0,0.0,1.0,0.0,0.0
106.7119516,10.7293476,3536,0.0,1.0,0.0,0.0,0.0,0.0,0.0,1.0,0.0,0.0
106.7068349,10.739372,3537,0.0,1.0,0.0,0.0,0.0,0.0,0.0,1.0,0.0,0.0
106.6617282,10.7577729,3538,0.0,1.0,0.0,0.0,0.0,0.0,0.0,1.0,0.0,0.0
106.6576503,10.7719918,3539,0.0,1.0,0.0,0.0,0.0,0.0,0.0,1.0,0.0,0.0
106.662043,10.7566401,3540,0.0,1.0,0.0,0.0,0.0,0.0,0.0,1.0,0.0,0.0
106.6585721,10.7690214,3541,0.0,1.0,0.0,0.0,0.0,0.0,0.0,1.0,0.0,0.0
106.6575201,10.7724573,3542,0.0,1.0,0.0,0.0,0.0,0.0,0.0,1.0,0.0,0.0
106.6605326,10.762034,3543,0.0,1.0,0.0,0.0,0.0,0.0,0.0,1.0,0.0,0.0
106.6581904,10.7703982,3544,0.0,1.0,0.0,0.0,0.0,0.0,0.0,1.0,0.0,0.0
106.6607944,10.7610993,3545,0.0,1.0,0.0,0.0,0.0,0.0,0.0,1.0,0.0,0.0
106.6602792,10.7629391,3546,0.0,1.0,0.0,0.0,0.0,0.0,0.0,1.0,0.0,0.0
106.6610385,10.7602291,3547,0.0,1.0,0.0,0.0,0.0,0.0,0.0,0.0,1.0,0.0
106.6622461,10.7555646,3548,0.0,1.0,0.0,0.0,0.0,0.0,0.0,0.0,1.0,0.0
106.6620809,10.7565047,3549,0.0,1.0,0.0,0.0,0.0,0.0,0.0,1.0,0.0,0.0
106.6623394,10.7555817,3550,0.0,1.0,0.0,0.0,0.0,0.0,0.0,1.0,0.0,0.0
106.6587919,10.767952,3551,0.0,1.0,0.0,0.0,0.0,0.0,0.0,1.0,0.0,0.0
106.6577374,10.7720157,3552,0.0,1.0,0.0,0.0,0.0,0.0,0.0,1.0,0.0,0.0
106.6600323,10.7638205,3553,0.0,1.0,0.0,0.0,0.0,0.0,0.0,0.0,1.0,0.0
106.656462,10.7765701,3554,0.0,1.0,0.0,0.0,0.0,0.0,0.0,1.0,0.0,0.0
106.661546,10.7584256,3555,0.0,1.0,0.0,0.0,0.0,0.0,0.0,0.0,1.0,0.0
106.6618976,10.7571594,3556,0.0,1.0,0.0,0.0,0.0,0.0,0.0,1.0,0.0,0.0
106.6613035,10.7592812,3557,0.0,1.0,0.0,0.0,0.0,0.0,0.0,1.0,0.0,0.0
106.6601118,10.7635368,3558,0.0,1.0,0.0,0.0,0.0,0.0,0.0,1.0,0.0,0.0
106.6608466,10.7642528,3559,0.0,1.0,0.0,0.0,0.0,0.0,0.0,1.0,0.0,0.0
106.7280056,10.7527602,3560,0.0,1.0,0.0,0.0,0.0,0.0,0.0,1.0,0.0,0.0
106.7227968,10.7534358,3561,0.0,1.0,0.0,0.0,0.0,0.0,0.0,1.0,0.0,0.0
106.7247169,10.7519605,3562,0.0,1.0,0.0,0.0,0.0,0.0,0.0,1.0,0.0,0.0
106.7282216,10.7525133,3563,0.0,1.0,0.0,0.0,0.0,0.0,0.0,1.0,0.0,0.0
106.7279995,10.7526316,3564,0.0,1.0,0.0,0.0,0.0,0.0,0.0,1.0,0.0,0.0
106.7037515,10.7410217,3565,0.0,1.0,0.0,0.0,0.0,0.0,0.0,1.0,0.0,0.0
106.7084726,10.7391251,3566,0.0,1.0,0.0,0.0,0.0,0.0,0.0,1.0,0.0,0.0
106.7053415,10.739685,3567,0.0,1.0,0.0,0.0,0.0,0.0,0.0,1.0,0.0,0.0
106.7035805,10.7399476,3568,0.0,1.0,0.0,0.0,0.0,0.0,0.0,1.0,0.0,0.0
106.7079638,10.7392893,3569,0.0,1.0,0.0,0.0,0.0,0.0,0.0,1.0,0.0,0.0
106.7045582,10.7398105,3570,0.0,1.0,0.0,0.0,0.0,0.0,0.0,1.0,0.0,0.0
106.7009796,10.7404303,3571,0.0,1.0,0.0,0.0,0.0,0.0,0.0,0.0,1.0,0.0
106.7008654,10.7403438,3572,0.0,1.0,0.0,0.0,0.0,0.0,0.0,0.0,1.0,0.0
106.7009588,10.7403264,3573,0.0,1.0,0.0,0.0,0.0,0.0,0.0,0.0,1.0,0.0
106.7004904,10.7610014,3574,0.0,1.0,0.0,0.0,0.0,0.0,0.0,1.0,0.0,0.0
106.7004391,10.7610792,3575,0.0,1.0,0.0,0.0,0.0,0.0,0.0,0.0,1.0,0.0
106.6949897,10.7407629,3576,0.0,1.0,0.0,0.0,0.0,0.0,0.0,1.0,0.0,0.0
106.694295,10.7405598,3577,0.0,1.0,0.0,0.0,0.0,0.0,0.0,1.0,0.0,0.0
106.6535882,10.7576841,3578,0.0,1.0,0.0,0.0,0.0,0.0,0.0,1.0,0.0,0.0
106.65527,10.7528203,3579,0.0,1.0,0.0,0.0,0.0,0.0,0.0,1.0,0.0,0.0
106.6960034,10.7405536,3580,0.0,1.0,0.0,0.0,0.0,0.0,0.0,1.0,0.0,0.0
106.6959579,10.741131,3581,0.0,1.0,0.0,0.0,0.0,0.0,0.0,1.0,0.0,0.0
106.6959518,10.7412259,3582,0.0,1.0,0.0,0.0,0.0,0.0,0.0,1.0,0.0,0.0
106.6960473,10.7400311,3583,0.0,1.0,0.0,0.0,0.0,0.0,0.0,1.0,0.0,0.0
106.6961929,10.7400283,3584,0.0,1.0,0.0,0.0,0.0,0.0,0.0,1.0,0.0,0.0
106.6961154,10.7400256,3585,0.0,1.0,0.0,0.0,0.0,0.0,0.0,1.0,0.0,0.0
106.7001892,10.7517288,3586,0.0,1.0,0.0,0.0,0.0,0.0,0.0,1.0,0.0,0.0
106.6783783,10.8059221,3587,0.0,1.0,0.0,0.0,0.0,0.0,0.0,1.0,0.0,0.0
106.7241939,10.7523982,3588,0.0,1.0,0.0,0.0,0.0,0.0,0.0,1.0,0.0,0.0
106.6687582,10.7996643,3589,0.0,1.0,0.0,0.0,0.0,0.0,0.0,1.0,0.0,0.0
106.6435889,10.7857746,3590,0.0,1.0,0.0,0.0,0.0,0.0,0.0,1.0,0.0,0.0
106.6496206,10.7822136,3591,0.0,1.0,0.0,0.0,0.0,0.0,0.0,1.0,0.0,0.0
106.6496702,10.7821705,3592,0.0,1.0,0.0,0.0,0.0,0.0,0.0,1.0,0.0,0.0
106.6497547,10.7821504,3593,0.0,1.0,0.0,0.0,0.0,0.0,0.0,1.0,0.0,0.0
106.6653693,10.8615229,3594,0.0,1.0,0.0,0.0,0.0,0.0,0.0,1.0,0.0,0.0
106.6642282,10.8615207,3595,0.0,1.0,0.0,0.0,0.0,0.0,0.0,1.0,0.0,0.0
106.6713827,10.8620076,3596,0.0,1.0,0.0,0.0,0.0,0.0,0.0,1.0,0.0,0.0
106.671317,10.8619668,3597,0.0,1.0,0.0,0.0,0.0,0.0,0.0,1.0,0.0,0.0
106.6797617,10.8615599,3598,0.0,1.0,0.0,0.0,0.0,0.0,0.0,1.0,0.0,0.0
106.6804223,10.8615255,3599,0.0,1.0,0.0,0.0,0.0,0.0,0.0,1.0,0.0,0.0
106.732763,10.8713286,3600,0.0,1.0,0.0,0.0,0.0,0.0,0.0,1.0,0.0,0.0
106.7454594,10.8636069,3601,0.0,1.0,0.0,0.0,0.0,0.0,0.0,1.0,0.0,0.0
106.7548858,10.8508701,3602,0.0,1.0,0.0,0.0,0.0,0.0,0.0,1.0,0.0,0.0
106.7511033,10.8529635,3603,0.0,1.0,0.0,0.0,0.0,0.0,0.0,1.0,0.0,0.0
106.7322736,10.7387671,3604,0.0,1.0,0.0,0.0,0.0,0.0,0.0,1.0,0.0,0.0
106.6959475,10.7931807,3605,0.0,1.0,0.0,0.0,0.0,0.0,0.0,1.0,0.0,0.0
106.6933415,10.7945693,3606,0.0,1.0,0.0,0.0,0.0,0.0,0.0,1.0,0.0,0.0
106.6643242,10.7910734,3607,0.0,1.0,0.0,0.0,0.0,0.0,0.0,1.0,0.0,0.0
106.6619368,10.7913851,3608,0.0,1.0,0.0,0.0,0.0,0.0,0.0,1.0,0.0,0.0
106.6638777,10.7912608,3609,0.0,1.0,0.0,0.0,0.0,0.0,0.0,1.0,0.0,0.0
106.6676524,10.7919587,3610,0.0,1.0,0.0,0.0,0.0,0.0,0.0,1.0,0.0,0.0
106.6668062,10.7908982,3611,0.0,1.0,0.0,0.0,0.0,0.0,0.0,1.0,0.0,0.0
106.6904742,10.7960995,3612,0.0,1.0,0.0,0.0,0.0,0.0,0.0,1.0,0.0,0.0
106.7549877,10.8510625,3613,0.0,1.0,0.0,0.0,0.0,0.0,0.0,1.0,0.0,0.0
106.7547163,10.8510377,3614,0.0,1.0,0.0,0.0,0.0,0.0,0.0,1.0,0.0,0.0
106.7550306,10.851171,3615,0.0,1.0,0.0,0.0,0.0,0.0,0.0,1.0,0.0,0.0
106.7619488,10.8504679,3616,0.0,1.0,0.0,0.0,0.0,0.0,0.0,1.0,0.0,0.0
106.7675267,10.8500886,3617,0.0,1.0,0.0,0.0,0.0,1.0,1.0,0.0,0.0,0.0
106.7003902,10.8879562,3618,0.0,1.0,0.0,0.0,0.0,0.0,0.0,1.0,0.0,0.0
106.7006142,10.8882508,3619,0.0,1.0,0.0,0.0,0.0,0.0,0.0,1.0,0.0,0.0
106.7233611,10.8660953,3620,0.0,1.0,0.0,0.0,0.0,0.0,0.0,1.0,0.0,0.0
106.7348345,10.7243528,3621,0.0,1.0,0.0,0.0,0.0,0.0,0.0,1.0,0.0,0.0
106.7351762,10.7236913,3622,0.0,1.0,0.0,0.0,0.0,0.0,0.0,1.0,0.0,0.0
106.6665397,10.7858855,3623,0.0,1.0,0.0,0.0,0.0,0.0,0.0,0.0,1.0,0.0
106.6662434,10.7860387,3624,0.0,1.0,0.0,0.0,0.0,0.0,0.0,1.0,0.0,0.0
106.6932002,10.845755,3625,0.0,1.0,0.0,0.0,0.0,0.0,0.0,1.0,0.0,0.0
106.6954314,10.8400606,3626,0.0,1.0,0.0,0.0,0.0,0.0,0.0,1.0,0.0,0.0
106.6944009,10.8420021,3627,0.0,1.0,0.0,0.0,0.0,0.0,0.0,1.0,0.0,0.0
106.688522,10.8580682,3628,0.0,1.0,0.0,0.0,0.0,0.0,0.0,1.0,0.0,0.0
106.6939186,10.8429579,3629,0.0,1.0,0.0,0.0,0.0,0.0,0.0,1.0,0.0,0.0
106.6978172,10.837645,3630,0.0,1.0,0.0,0.0,0.0,0.0,0.0,1.0,0.0,0.0
106.6963755,10.838754,3631,0.0,1.0,0.0,0.0,0.0,0.0,0.0,1.0,0.0,0.0
106.7002701,10.8371997,3632,0.0,1.0,0.0,0.0,0.0,0.0,0.0,1.0,0.0,0.0
106.7001735,10.8368731,3633,0.0,1.0,0.0,0.0,0.0,0.0,0.0,1.0,0.0,0.0
106.6958324,10.8332877,3634,0.0,1.0,0.0,0.0,0.0,0.0,0.0,1.0,0.0,0.0
106.6954434,10.8328267,3635,0.0,1.0,0.0,0.0,0.0,0.0,0.0,1.0,0.0,0.0
106.6949807,10.8321258,3636,0.0,1.0,0.0,0.0,0.0,0.0,0.0,1.0,0.0,0.0
106.6998677,10.8355401,3637,0.0,1.0,0.0,0.0,0.0,0.0,0.0,1.0,0.0,0.0
106.6929691,10.830835,3638,0.0,1.0,0.0,0.0,0.0,0.0,0.0,1.0,0.0,0.0
106.7009889,10.8384273,3639,0.0,1.0,0.0,0.0,0.0,0.0,0.0,1.0,0.0,0.0
106.6991167,10.839597,3640,0.0,1.0,0.0,0.0,0.0,0.0,0.0,1.0,0.0,0.0
106.6965847,10.8426976,3641,0.0,1.0,0.0,0.0,0.0,0.0,0.0,1.0,0.0,0.0
106.696949,10.8491648,3642,0.0,1.0,0.0,0.0,0.0,0.0,0.0,1.0,0.0,0.0
106.6964828,10.8430373,3643,0.0,1.0,0.0,0.0,0.0,0.0,0.0,1.0,0.0,0.0
106.6967993,10.8423341,3644,0.0,1.0,0.0,0.0,0.0,0.0,0.0,1.0,0.0,0.0
106.6980031,10.851346,3645,0.0,1.0,0.0,0.0,0.0,0.0,0.0,1.0,0.0,0.0
106.6977858,10.8510167,3646,0.0,1.0,0.0,0.0,0.0,0.0,0.0,1.0,0.0,0.0
106.6973808,10.8416439,3647,0.0,1.0,0.0,0.0,0.0,0.0,0.0,1.0,0.0,0.0
106.6972815,10.8498392,3648,0.0,1.0,0.0,0.0,0.0,0.0,0.0,1.0,0.0,0.0
106.6962435,10.8476237,3649,0.0,1.0,0.0,0.0,0.0,0.0,0.0,1.0,0.0,0.0
106.6996423,10.8391657,3650,0.0,1.0,0.0,0.0,0.0,0.0,0.0,1.0,0.0,0.0
106.6993447,10.8393783,3651,0.0,1.0,0.0,0.0,0.0,0.0,0.0,1.0,0.0,0.0
106.6957184,10.8353214,3652,0.0,1.0,0.0,0.0,0.0,0.0,0.0,1.0,0.0,0.0
106.6932266,10.8334431,3653,0.0,1.0,0.0,0.0,0.0,0.0,0.0,1.0,0.0,0.0
106.6949217,10.834618,3654,0.0,1.0,0.0,0.0,0.0,0.0,0.0,1.0,0.0,0.0
106.6942834,10.8344283,3655,0.0,1.0,0.0,0.0,0.0,0.0,0.0,1.0,0.0,0.0
106.6965847,10.8358193,3656,0.0,1.0,0.0,0.0,0.0,0.0,0.0,1.0,0.0,0.0
106.6974698,10.8365885,3657,0.0,1.0,0.0,0.0,0.0,0.0,0.0,1.0,0.0,0.0
106.6971963,10.8363356,3658,0.0,1.0,0.0,0.0,0.0,0.0,0.0,1.0,0.0,0.0
106.6927974,10.8323472,3659,0.0,1.0,0.0,0.0,0.0,0.0,0.0,1.0,0.0,0.0
106.69578,10.835382,3660,0.0,1.0,0.0,0.0,0.0,0.0,0.0,1.0,0.0,0.0
106.6976147,10.8368204,3661,0.0,1.0,0.0,0.0,0.0,0.0,0.0,1.0,0.0,0.0
106.6940232,10.8342734,3662,0.0,1.0,0.0,0.0,0.0,0.0,0.0,1.0,0.0,0.0
106.6933822,10.8336907,3663,0.0,1.0,0.0,0.0,0.0,0.0,0.0,1.0,0.0,0.0
106.6936391,10.8339304,3664,0.0,1.0,0.0,0.0,0.0,0.0,0.0,1.0,0.0,0.0
106.735369,10.7233126,3665,0.0,1.0,0.0,0.0,0.0,0.0,0.0,1.0,0.0,0.0
106.689796,10.7781607,3666,0.0,1.0,0.0,0.0,0.0,0.0,0.0,0.0,0.0,0.0
106.7371122,10.7809996,3667,0.0,1.0,0.0,0.0,0.0,0.0,0.0,1.0,0.0,0.0
106.6887944,10.8258154,3668,0.0,1.0,0.0,0.0,0.0,0.0,0.0,1.0,0.0,0.0
106.7245948,10.7337185,3669,0.0,1.0,0.0,0.0,0.0,0.0,0.0,1.0,0.0,0.0
106.7303132,10.7375548,3670,0.0,1.0,0.0,0.0,0.0,0.0,0.0,1.0,0.0,0.0
106.729495,10.729784,3671,0.0,1.0,0.0,0.0,0.0,0.0,0.0,1.0,0.0,0.0
106.7221401,10.7341285,3672,0.0,1.0,0.0,0.0,0.0,0.0,0.0,1.0,0.0,0.0
106.7223588,10.7340385,3673,0.0,1.0,0.0,0.0,0.0,0.0,0.0,1.0,0.0,0.0
106.7312623,10.713383,3674,0.0,1.0,0.0,0.0,0.0,0.0,0.0,1.0,0.0,0.0
106.7141102,10.7285295,3675,0.0,1.0,0.0,0.0,0.0,0.0,0.0,1.0,0.0,0.0
106.7012566,10.756068,3676,0.0,1.0,0.0,0.0,0.0,0.0,0.0,1.0,0.0,0.0
106.712272,10.7311497,3677,0.0,1.0,0.0,0.0,0.0,0.0,0.0,1.0,0.0,0.0
106.6153141,10.7754884,3678,0.0,1.0,0.0,0.0,0.0,0.0,0.0,1.0,0.0,0.0
106.7117165,10.8012907,3679,0.0,1.0,0.0,0.0,0.0,0.0,0.0,1.0,0.0,0.0
106.7117144,10.8015962,3680,0.0,1.0,0.0,0.0,0.0,0.0,0.0,1.0,0.0,0.0
106.6895522,10.738675,3681,0.0,1.0,0.0,0.0,0.0,0.0,0.0,1.0,0.0,0.0
106.6894892,10.7386741,3682,0.0,1.0,0.0,0.0,0.0,0.0,0.0,1.0,0.0,0.0
106.6905312,10.7391094,3683,0.0,1.0,0.0,0.0,0.0,0.0,0.0,1.0,0.0,0.0
106.7104479,10.7283454,3684,0.0,1.0,0.0,0.0,0.0,0.0,0.0,1.0,0.0,0.0
106.6311219,10.754722,3685,0.0,1.0,0.0,0.0,0.0,0.0,0.0,1.0,0.0,0.0
106.7151576,10.7285444,3686,0.0,1.0,0.0,0.0,0.0,0.0,0.0,1.0,0.0,0.0
106.7173896,10.7299035,3687,0.0,1.0,0.0,0.0,0.0,0.0,0.0,1.0,0.0,0.0
106.7182033,10.7357768,3688,0.0,1.0,0.0,0.0,0.0,0.0,0.0,1.0,0.0,0.0
106.6933214,10.8029879,3689,0.0,1.0,0.0,0.0,0.0,0.0,0.0,1.0,0.0,0.0
106.6805184,10.7993095,3690,0.0,1.0,0.0,0.0,0.0,0.0,0.0,1.0,0.0,0.0
106.6896835,10.8034623,3691,0.0,1.0,0.0,0.0,0.0,0.0,0.0,1.0,0.0,0.0
106.6830292,10.8017564,3692,0.0,1.0,0.0,0.0,0.0,0.0,0.0,0.0,1.0,0.0
106.6873811,10.8037606,3693,0.0,1.0,0.0,0.0,0.0,0.0,0.0,1.0,0.0,0.0
106.6809505,10.7997527,3694,0.0,1.0,0.0,0.0,0.0,0.0,0.0,1.0,0.0,0.0
106.6857885,10.8039468,3695,0.0,1.0,0.0,0.0,0.0,0.0,0.0,1.0,0.0,0.0
106.6943595,10.80285,3696,0.0,1.0,0.0,0.0,0.0,0.0,0.0,1.0,0.0,0.0
106.6804574,10.7993941,3697,0.0,1.0,0.0,0.0,0.0,0.0,0.0,1.0,0.0,0.0
106.6845465,10.8032397,3698,0.0,1.0,0.0,0.0,0.0,0.0,0.0,0.0,1.0,0.0
106.6869425,10.8038081,3699,0.0,1.0,0.0,0.0,0.0,0.0,0.0,1.0,0.0,0.0
106.703521,10.8034673,3700,0.0,1.0,0.0,0.0,0.0,0.0,0.0,1.0,0.0,0.0
106.698137,10.8025952,3701,0.0,1.0,0.0,0.0,0.0,0.0,0.0,1.0,0.0,0.0
106.7028684,10.8035753,3702,0.0,1.0,0.0,0.0,0.0,0.0,0.0,1.0,0.0,0.0
106.7112566,10.802885,3703,0.0,1.0,0.0,0.0,0.0,0.0,0.0,1.0,0.0,0.0
106.7060607,10.8032777,3704,0.0,1.0,0.0,0.0,0.0,0.0,0.0,1.0,0.0,0.0
106.7026467,10.8036359,3705,0.0,1.0,0.0,0.0,0.0,0.0,0.0,1.0,0.0,0.0
106.6984114,10.8029259,3706,0.0,1.0,0.0,0.0,0.0,0.0,0.0,1.0,0.0,0.0
106.6923844,10.8031077,3707,0.0,1.0,0.0,0.0,0.0,0.0,0.0,1.0,0.0,0.0
106.7003329,10.8034623,3708,0.0,1.0,0.0,0.0,0.0,0.0,0.0,1.0,0.0,0.0
106.7093823,10.8030322,3709,0.0,1.0,0.0,0.0,0.0,0.0,0.0,1.0,0.0,0.0
106.6995286,10.8031389,3710,0.0,1.0,0.0,0.0,0.0,0.0,0.0,1.0,0.0,0.0
106.6985123,10.802715,3711,0.0,1.0,0.0,0.0,0.0,0.0,0.0,0.0,1.0,0.0
106.7015935,10.8039153,3712,0.0,1.0,0.0,0.0,0.0,0.0,0.0,1.0,0.0,0.0
106.7014369,10.8038889,3713,0.0,1.0,0.0,0.0,0.0,0.0,0.0,1.0,0.0,0.0
106.687919,10.8036909,3714,0.0,1.0,0.0,0.0,0.0,0.0,0.0,1.0,0.0,0.0
106.7076354,10.8031613,3715,0.0,1.0,0.0,0.0,0.0,0.0,0.0,1.0,0.0,0.0
106.7076295,10.803077,3716,0.0,1.0,0.0,0.0,0.0,0.0,0.0,1.0,0.0,0.0
106.7177258,10.7994539,3717,0.0,1.0,0.0,0.0,0.0,0.0,0.0,1.0,0.0,0.0
106.7181321,10.7912066,3718,0.0,1.0,0.0,0.0,0.0,0.0,0.0,1.0,0.0,0.0
106.7305825,10.7377785,3719,0.0,1.0,0.0,0.0,0.0,0.0,0.0,1.0,0.0,0.0
106.7366838,10.7410543,3720,0.0,1.0,0.0,0.0,0.0,0.0,0.0,1.0,0.0,0.0
106.7344584,10.7399509,3721,0.0,1.0,0.0,0.0,0.0,0.0,0.0,1.0,0.0,0.0
106.7302106,10.7150534,3722,0.0,1.0,0.0,0.0,0.0,0.0,0.0,1.0,0.0,0.0
106.7314667,10.713176,3723,0.0,1.0,0.0,0.0,0.0,0.0,0.0,1.0,0.0,0.0
106.7301331,10.7151778,3724,0.0,1.0,0.0,0.0,0.0,0.0,0.0,1.0,0.0,0.0
106.7180205,10.7346552,3725,0.0,1.0,0.0,0.0,0.0,0.0,0.0,1.0,0.0,0.0
106.6148585,10.8421196,3726,0.0,1.0,0.0,0.0,0.0,0.0,0.0,1.0,0.0,0.0
106.6140791,10.8444458,3727,0.0,1.0,0.0,0.0,0.0,0.0,0.0,1.0,0.0,0.0
106.6110499,10.8495453,3728,0.0,1.0,0.0,0.0,0.0,0.0,0.0,1.0,0.0,0.0
106.6721529,10.7979359,3729,0.0,1.0,0.0,0.0,0.0,0.0,0.0,1.0,0.0,0.0
106.6720211,10.7977763,3730,0.0,1.0,0.0,0.0,0.0,0.0,0.0,1.0,0.0,0.0
106.6720421,10.7977277,3731,0.0,1.0,0.0,0.0,0.0,0.0,0.0,1.0,0.0,0.0
106.6732342,10.8288235,3732,0.0,1.0,0.0,0.0,0.0,0.0,0.0,1.0,0.0,0.0
106.6775738,10.8273243,3733,0.0,1.0,0.0,0.0,0.0,0.0,0.0,1.0,0.0,0.0
106.6626053,10.8353966,3734,0.0,1.0,0.0,0.0,0.0,0.0,0.0,1.0,0.0,0.0
106.660611,10.8359299,3735,0.0,1.0,0.0,0.0,0.0,0.0,0.0,1.0,0.0,0.0
106.6590855,10.83632,3736,0.0,1.0,0.0,0.0,0.0,0.0,0.0,1.0,0.0,0.0
106.6590629,10.8362314,3737,0.0,1.0,0.0,0.0,0.0,0.0,0.0,1.0,0.0,0.0
106.6583227,10.8365053,3738,0.0,1.0,0.0,0.0,0.0,0.0,0.0,1.0,0.0,0.0
106.6568993,10.8368637,3739,0.0,1.0,0.0,0.0,0.0,0.0,0.0,1.0,0.0,0.0
106.6583745,10.8364929,3740,0.0,1.0,0.0,0.0,0.0,0.0,0.0,1.0,0.0,0.0
106.6558165,10.8371375,3741,0.0,1.0,0.0,0.0,0.0,0.0,0.0,1.0,0.0,0.0
106.6557275,10.837159,3742,0.0,1.0,0.0,0.0,0.0,0.0,0.0,1.0,0.0,0.0
106.6471992,10.8392404,3743,0.0,1.0,0.0,0.0,0.0,0.0,0.0,1.0,0.0,0.0
106.6454308,10.8407231,3744,0.0,1.0,0.0,0.0,0.0,0.0,0.0,1.0,0.0,0.0
106.6392543,10.844895,3745,0.0,1.0,0.0,0.0,0.0,0.0,0.0,1.0,0.0,0.0
106.6393044,10.8449594,3746,0.0,1.0,0.0,0.0,0.0,0.0,0.0,1.0,0.0,0.0
106.6990851,10.7712014,3747,0.0,1.0,0.0,0.0,0.0,0.0,0.0,1.0,0.0,0.0
106.6931596,10.8518991,3748,0.0,1.0,0.0,0.0,0.0,0.0,0.0,1.0,0.0,0.0
106.7068498,10.7394635,3749,0.0,1.0,0.0,0.0,0.0,0.0,0.0,1.0,0.0,0.0
106.7033218,10.7687409,3750,0.0,1.0,0.0,0.0,0.0,0.0,0.0,1.0,0.0,0.0
106.6924841,10.75857,3751,0.0,1.0,0.0,0.0,0.0,0.0,0.0,1.0,0.0,0.0
106.6746759,10.7490528,3752,0.0,1.0,0.0,0.0,0.0,0.0,0.0,1.0,0.0,0.0
106.6947306,10.7599154,3753,0.0,1.0,0.0,0.0,0.0,0.0,0.0,1.0,0.0,0.0
106.6750616,10.7491612,3754,0.0,1.0,0.0,0.0,0.0,0.0,0.0,1.0,0.0,0.0
106.6348577,10.7344093,3755,0.0,1.0,0.0,0.0,0.0,0.0,0.0,1.0,0.0,0.0
106.6362739,10.73526,3756,0.0,1.0,0.0,0.0,0.0,0.0,0.0,1.0,0.0,0.0
106.6922832,10.7575991,3757,0.0,1.0,0.0,0.0,0.0,0.0,0.0,1.0,0.0,0.0
106.6958967,10.7598543,3758,0.0,1.0,0.0,0.0,0.0,0.0,0.0,1.0,0.0,0.0
106.6982326,10.7627657,3759,0.0,1.0,0.0,0.0,0.0,0.0,0.0,1.0,0.0,0.0
106.6971431,10.7613482,3760,0.0,1.0,0.0,0.0,0.0,0.0,0.0,0.0,1.0,0.0
106.6918919,10.7573004,3761,0.0,1.0,0.0,0.0,0.0,0.0,0.0,1.0,0.0,0.0
106.6984622,10.7630602,3762,0.0,1.0,0.0,0.0,0.0,0.0,0.0,1.0,0.0,0.0
106.7004201,10.7288048,3763,0.0,1.0,0.0,0.0,0.0,0.0,0.0,1.0,0.0,0.0
106.6652857,10.7505748,3764,0.0,1.0,0.0,0.0,0.0,0.0,0.0,1.0,0.0,0.0
106.769301,10.8408108,3765,0.0,1.0,0.0,0.0,0.0,0.0,0.0,1.0,0.0,0.0
106.7691343,10.8404918,3766,0.0,1.0,0.0,0.0,0.0,0.0,0.0,1.0,0.0,0.0
106.6235109,10.7455465,3767,0.0,1.0,0.0,0.0,0.0,0.0,0.0,1.0,0.0,0.0
106.6236611,10.745645,3768,0.0,1.0,0.0,0.0,0.0,0.0,0.0,1.0,0.0,0.0
106.7322216,10.7996096,3769,0.0,1.0,0.0,0.0,0.0,0.0,0.0,1.0,0.0,0.0
106.6236292,10.7456047,3770,0.0,1.0,0.0,0.0,0.0,0.0,0.0,1.0,0.0,0.0
106.67318,10.8080397,3771,0.0,1.0,0.0,0.0,0.0,0.0,0.0,1.0,0.0,0.0
106.6765142,10.811636,3772,0.0,1.0,0.0,0.0,0.0,0.0,0.0,0.0,0.0,0.0
106.6736708,10.808488,3773,0.0,1.0,0.0,0.0,0.0,0.0,0.0,1.0,0.0,0.0
106.6760759,10.8111583,3774,0.0,1.0,0.0,0.0,0.0,0.0,0.0,1.0,0.0,0.0
106.6737271,10.8084626,3775,0.0,1.0,0.0,0.0,0.0,0.0,0.0,1.0,0.0,0.0
106.6742335,10.8090649,3776,0.0,1.0,0.0,0.0,0.0,0.0,0.0,0.0,1.0,0.0
106.6855086,10.8229614,3777,0.0,1.0,0.0,0.0,0.0,0.0,0.0,1.0,0.0,0.0
106.6843926,10.8215343,3778,0.0,1.0,0.0,0.0,0.0,0.0,0.0,1.0,0.0,0.0
106.6863749,10.8240501,3779,0.0,1.0,0.0,0.0,0.0,0.0,0.0,1.0,0.0,0.0
106.6861663,10.8237876,3780,0.0,1.0,0.0,0.0,0.0,0.0,0.0,1.0,0.0,0.0
106.685758,10.8232761,3781,0.0,1.0,0.0,0.0,0.0,0.0,0.0,1.0,0.0,0.0
106.6792743,10.8266814,3782,0.0,1.0,0.0,0.0,0.0,0.0,0.0,1.0,0.0,0.0
106.6793429,10.8266076,3783,0.0,1.0,0.0,0.0,0.0,0.0,0.0,1.0,0.0,0.0
106.660027,10.8359932,3784,0.0,1.0,0.0,0.0,0.0,0.0,0.0,1.0,0.0,0.0
106.6959277,10.7887335,3785,0.0,1.0,0.0,0.0,0.0,0.0,0.0,1.0,0.0,0.0
106.6875929,10.7717266,3786,0.0,1.0,0.0,0.0,0.0,0.0,0.0,1.0,0.0,0.0
106.6873965,10.771515,3787,0.0,1.0,0.0,0.0,0.0,0.0,0.0,1.0,0.0,0.0
106.6878088,10.7719593,3788,0.0,1.0,0.0,0.0,0.0,0.0,0.0,1.0,0.0,0.0
106.6822812,10.7660885,3789,0.0,1.0,0.0,0.0,0.0,0.0,0.0,1.0,0.0,0.0
106.6843014,10.7682636,3790,0.0,1.0,0.0,0.0,0.0,0.0,0.0,0.0,1.0,0.0
106.6867866,10.7708579,3791,0.0,1.0,0.0,0.0,0.0,0.0,0.0,1.0,0.0,0.0
106.682478,10.7662945,3792,0.0,1.0,0.0,0.0,0.0,0.0,0.0,1.0,0.0,0.0
106.6888106,10.7730387,3793,0.0,1.0,0.0,0.0,0.0,0.0,0.0,1.0,0.0,0.0
106.6866341,10.7706935,3794,0.0,1.0,0.0,0.0,0.0,0.0,0.0,1.0,0.0,0.0
106.6826405,10.7664573,3795,0.0,1.0,0.0,0.0,0.0,0.0,0.0,1.0,0.0,0.0
106.6695487,10.7526721,3796,0.0,1.0,0.0,0.0,0.0,0.0,0.0,1.0,0.0,0.0
106.6836955,10.7559553,3797,0.0,1.0,0.0,0.0,0.0,0.0,0.0,0.0,1.0,0.0
106.6851829,10.7563778,3798,0.0,1.0,0.0,0.0,0.0,0.0,0.0,0.0,1.0,0.0
106.6851458,10.7564542,3799,0.0,1.0,0.0,0.0,0.0,0.0,0.0,0.0,1.0,0.0
106.7001288,10.7567047,3800,0.0,1.0,0.0,0.0,0.0,0.0,0.0,1.0,0.0,0.0
106.6360576,10.8469938,3801,0.0,1.0,0.0,0.0,0.0,0.0,0.0,1.0,0.0,0.0
106.6371592,10.8461983,3802,0.0,1.0,0.0,0.0,0.0,0.0,0.0,1.0,0.0,0.0
106.6852116,10.7932529,3803,0.0,1.0,0.0,0.0,0.0,0.0,0.0,1.0,0.0,0.0
106.6752985,10.8154515,3804,0.0,1.0,0.0,0.0,0.0,0.0,0.0,1.0,0.0,0.0
106.6747298,10.8155608,3805,0.0,1.0,0.0,0.0,0.0,0.0,0.0,1.0,0.0,0.0
106.678689,10.8156666,3806,0.0,1.0,0.0,0.0,0.0,0.0,0.0,1.0,0.0,0.0
106.6934288,10.7357575,3807,0.0,1.0,0.0,0.0,0.0,0.0,0.0,1.0,0.0,0.0
106.7031455,10.76834,3808,0.0,1.0,0.0,0.0,0.0,0.0,0.0,1.0,0.0,0.0
106.7003906,10.7663918,3809,0.0,1.0,0.0,0.0,0.0,0.0,0.0,1.0,0.0,0.0
106.7032148,10.7687081,3810,0.0,1.0,0.0,0.0,0.0,0.0,0.0,1.0,0.0,0.0
106.5880278,10.7482734,3811,0.0,1.0,0.0,0.0,0.0,0.0,0.0,1.0,0.0,0.0
106.7007234,10.7750349,3812,0.0,1.0,0.0,0.0,0.0,0.0,0.0,1.0,0.0,0.0
106.7005752,10.7753368,3813,0.0,1.0,0.0,0.0,0.0,0.0,0.0,1.0,0.0,0.0
106.7007193,10.7750493,3814,0.0,1.0,0.0,0.0,0.0,0.0,0.0,1.0,0.0,0.0
106.6881777,10.7742698,3815,0.0,1.0,0.0,0.0,0.0,0.0,0.0,0.0,1.0,0.0
106.6874846,10.7746411,3816,0.0,1.0,0.0,0.0,0.0,0.0,0.0,1.0,0.0,0.0
106.6836696,10.7766796,3817,0.0,1.0,0.0,0.0,0.0,0.0,0.0,0.0,1.0,0.0
106.6867998,10.7750066,3818,0.0,1.0,0.0,0.0,0.0,0.0,0.0,0.0,1.0,0.0
106.6827976,10.7771456,3819,0.0,1.0,0.0,0.0,0.0,0.0,0.0,1.0,0.0,0.0
106.6863763,10.7752389,3820,0.0,1.0,0.0,0.0,0.0,0.0,0.0,1.0,0.0,0.0
106.600561,10.8252537,3821,0.0,1.0,0.0,0.0,0.0,0.0,0.0,1.0,0.0,0.0
106.6962897,10.8573626,3822,0.0,1.0,0.0,0.0,0.0,0.0,0.0,1.0,0.0,0.0
106.6964023,10.8567673,3823,0.0,1.0,0.0,0.0,0.0,0.0,0.0,1.0,0.0,0.0
106.6964506,10.8565038,3824,0.0,1.0,0.0,0.0,0.0,0.0,0.0,1.0,0.0,0.0
106.6962199,10.8576365,3825,0.0,1.0,0.0,0.0,0.0,0.0,0.0,1.0,0.0,0.0
106.7020469,10.786134,3826,0.0,1.0,0.0,0.0,0.0,0.0,0.0,1.0,0.0,0.0
106.701699,10.7864525,3827,0.0,1.0,0.0,0.0,0.0,0.0,0.0,1.0,0.0,0.0
106.7111784,10.8007419,3828,0.0,1.0,0.0,0.0,0.0,0.0,0.0,1.0,0.0,0.0
106.7030816,10.7882323,3829,0.0,1.0,0.0,0.0,0.0,0.0,0.0,1.0,0.0,0.0
106.7034865,10.7886678,3830,0.0,1.0,0.0,0.0,0.0,0.0,0.0,0.0,1.0,0.0
106.7028349,10.7879548,3831,0.0,1.0,0.0,0.0,0.0,0.0,0.0,1.0,0.0,0.0
106.7015973,10.786623,3832,0.0,1.0,0.0,0.0,0.0,0.0,0.0,0.0,1.0,0.0
106.7004839,10.7854739,3833,0.0,1.0,0.0,0.0,0.0,0.0,0.0,1.0,0.0,0.0
106.699667,10.7845768,3834,0.0,1.0,0.0,0.0,0.0,0.0,0.0,1.0,0.0,0.0
106.7008453,10.7858553,3835,0.0,1.0,0.0,0.0,0.0,0.0,0.0,1.0,0.0,0.0
106.7001643,10.7851258,3836,0.0,1.0,0.0,0.0,0.0,0.0,0.0,1.0,0.0,0.0
106.7023697,10.7874543,3837,0.0,1.0,0.0,0.0,0.0,0.0,0.0,1.0,0.0,0.0
106.6450548,10.8020955,3838,0.0,1.0,0.0,0.0,0.0,0.0,0.0,1.0,0.0,0.0
106.699781,10.7788254,3839,0.0,1.0,0.0,0.0,0.0,0.0,0.0,1.0,0.0,0.0
106.6912936,10.7974258,3840,0.0,1.0,0.0,0.0,0.0,0.0,0.0,1.0,0.0,0.0
106.6832251,10.801483,3841,0.0,1.0,0.0,0.0,0.0,0.0,0.0,1.0,0.0,0.0
106.6905857,10.7974647,3842,0.0,1.0,0.0,0.0,0.0,0.0,0.0,0.0,1.0,0.0
106.6886667,10.7982761,3843,0.0,1.0,0.0,0.0,0.0,0.0,0.0,0.0,1.0,0.0
106.6876331,10.7987225,3844,0.0,1.0,0.0,0.0,0.0,0.0,0.0,0.0,1.0,0.0
106.6925024,10.7973608,3845,0.0,1.0,0.0,0.0,0.0,0.0,0.0,1.0,0.0,0.0
106.6869344,10.799015,3846,0.0,1.0,0.0,0.0,0.0,0.0,0.0,1.0,0.0,0.0
106.6795302,10.8010289,3847,0.0,1.0,0.0,0.0,0.0,0.0,0.0,1.0,0.0,0.0
106.6790646,10.8027,3848,0.0,1.0,0.0,0.0,0.0,0.0,0.0,1.0,0.0,0.0
106.6308063,10.8504019,3849,0.0,1.0,0.0,0.0,0.0,0.0,0.0,1.0,0.0,0.0
106.636426,10.8023754,3850,0.0,1.0,0.0,0.0,0.0,0.0,0.0,1.0,0.0,0.0
106.6361296,10.8029133,3851,0.0,1.0,0.0,0.0,0.0,0.0,0.0,0.0,1.0,0.0
106.6358219,10.8038503,3852,0.0,1.0,0.0,0.0,0.0,0.0,0.0,0.0,1.0,0.0
106.6360453,10.8031374,3853,0.0,1.0,0.0,0.0,0.0,0.0,0.0,1.0,0.0,0.0
106.6351897,10.8059458,3854,0.0,1.0,0.0,0.0,0.0,0.0,0.0,1.0,0.0,0.0
106.6348547,10.8065901,3855,0.0,1.0,0.0,0.0,0.0,0.0,0.0,1.0,0.0,0.0
106.6367623,10.8053474,3856,0.0,1.0,0.0,0.0,0.0,0.0,0.0,1.0,0.0,0.0
106.637235,10.8015951,3857,0.0,1.0,0.0,0.0,0.0,0.0,0.0,1.0,0.0,0.0
106.6402785,10.7999668,3858,0.0,1.0,0.0,0.0,0.0,0.0,0.0,1.0,0.0,0.0
106.6376944,10.8013571,3859,0.0,1.0,0.0,0.0,0.0,0.0,0.0,1.0,0.0,0.0
106.6514632,10.7939727,3860,0.0,1.0,0.0,0.0,0.0,0.0,0.0,1.0,0.0,0.0
106.638685,10.8008112,3861,0.0,1.0,0.0,0.0,0.0,0.0,0.0,1.0,0.0,0.0
106.6412025,10.7994853,3862,0.0,1.0,0.0,0.0,0.0,0.0,0.0,1.0,0.0,0.0
106.6455909,10.7971271,3863,0.0,1.0,0.0,0.0,0.0,0.0,0.0,1.0,0.0,0.0
106.6430538,10.7984865,3864,0.0,1.0,0.0,0.0,0.0,0.0,0.0,1.0,0.0,0.0
106.6501892,10.7946619,3865,0.0,1.0,0.0,0.0,0.0,0.0,0.0,1.0,0.0,0.0
106.6517999,10.7937947,3866,0.0,1.0,0.0,0.0,0.0,0.0,0.0,1.0,0.0,0.0
106.6442516,10.7978312,3867,0.0,1.0,0.0,0.0,0.0,0.0,0.0,1.0,0.0,0.0
106.6465938,10.7965884,3868,0.0,1.0,0.0,0.0,0.0,0.0,0.0,1.0,0.0,0.0
106.6469484,10.7963989,3869,0.0,1.0,0.0,0.0,0.0,0.0,0.0,1.0,0.0,0.0
106.6440386,10.7979479,3870,0.0,1.0,0.0,0.0,0.0,0.0,0.0,1.0,0.0,0.0
106.6454157,10.7972181,3871,0.0,1.0,0.0,0.0,0.0,0.0,0.0,1.0,0.0,0.0
106.6508186,10.7943158,3872,0.0,1.0,0.0,0.0,0.0,0.0,0.0,1.0,0.0,0.0
106.6484909,10.7955722,3873,0.0,1.0,0.0,0.0,0.0,0.0,0.0,0.0,1.0,0.0
106.643768,10.7981025,3874,0.0,1.0,0.0,0.0,0.0,0.0,0.0,0.0,1.0,0.0
106.6419713,10.7990705,3875,0.0,1.0,0.0,0.0,0.0,0.0,0.0,0.0,1.0,0.0
106.6519615,10.7936226,3876,0.0,1.0,0.0,0.0,0.0,0.0,0.0,1.0,0.0,0.0
106.6458983,10.7969579,3877,0.0,1.0,0.0,0.0,0.0,0.0,0.0,0.0,1.0,0.0
106.834515,10.8847254,3878,0.0,1.0,0.0,0.0,0.0,0.0,0.0,1.0,0.0,0.0
106.8346037,10.8837836,3879,0.0,1.0,0.0,0.0,0.0,0.0,0.0,1.0,0.0,0.0
106.7998294,10.885658,3880,0.0,1.0,0.0,0.0,0.0,0.0,0.0,1.0,0.0,0.0
106.800007,10.8851332,3881,0.0,1.0,0.0,0.0,0.0,0.0,0.0,1.0,0.0,0.0
106.8025358,10.8785917,3882,0.0,1.0,0.0,0.0,0.0,0.0,0.0,1.0,0.0,0.0
106.816462,10.8838975,3883,0.0,1.0,0.0,0.0,0.0,0.0,0.0,1.0,0.0,0.0
106.815014,10.8819202,3884,0.0,1.0,0.0,0.0,0.0,0.0,0.0,1.0,0.0,0.0
106.6024445,10.8876775,3885,0.0,1.0,0.0,0.0,0.0,0.0,0.0,1.0,0.0,0.0
106.5994831,10.8880767,3886,0.0,1.0,0.0,0.0,0.0,0.0,0.0,1.0,0.0,0.0
106.5946609,10.8732438,3887,0.0,1.0,0.0,0.0,0.0,0.0,0.0,1.0,0.0,0.0
106.7093237,10.8078911,3888,0.0,1.0,0.0,0.0,0.0,0.0,0.0,1.0,0.0,0.0
106.7131788,10.8177534,3889,0.0,1.0,0.0,0.0,0.0,0.0,0.0,1.0,0.0,0.0
106.7142068,10.8268814,3890,0.0,1.0,0.0,0.0,0.0,0.0,0.0,1.0,0.0,0.0
106.7156022,10.8394285,3891,0.0,1.0,0.0,0.0,0.0,0.0,0.0,1.0,0.0,0.0
106.7179437,10.8424396,3892,0.0,1.0,0.0,0.0,0.0,0.0,0.0,1.0,0.0,0.0
106.7177662,10.8420967,3893,0.0,1.0,0.0,0.0,0.0,0.0,0.0,1.0,0.0,0.0
106.716916,10.8619389,3894,0.0,1.0,0.0,0.0,0.0,0.0,0.0,1.0,0.0,0.0
106.7136801,10.8601727,3895,0.0,1.0,0.0,0.0,0.0,0.0,0.0,1.0,0.0,0.0
106.7114883,10.8590824,3896,0.0,1.0,0.0,0.0,0.0,0.0,0.0,1.0,0.0,0.0
106.7174672,10.8277,3897,0.0,1.0,0.0,0.0,0.0,0.0,0.0,1.0,0.0,0.0
106.6572305,10.7208632,3898,0.0,1.0,0.0,0.0,0.0,0.0,0.0,1.0,0.0,0.0
106.6571492,10.7209532,3899,0.0,1.0,0.0,0.0,0.0,0.0,0.0,1.0,0.0,0.0
106.6761844,10.796102,3900,0.0,1.0,0.0,0.0,0.0,0.0,0.0,1.0,0.0,0.0
106.6777278,10.794972,3901,0.0,1.0,0.0,0.0,0.0,0.0,0.0,1.0,0.0,0.0
106.6452744,10.8020341,3902,0.0,1.0,0.0,0.0,0.0,0.0,0.0,1.0,0.0,0.0
106.6454907,10.8020557,3903,0.0,1.0,0.0,0.0,0.0,0.0,0.0,1.0,0.0,0.0
106.645513,10.8021042,3904,0.0,1.0,0.0,0.0,0.0,0.0,0.0,1.0,0.0,0.0
106.6479641,10.8019582,3905,0.0,1.0,0.0,0.0,0.0,0.0,0.0,1.0,0.0,0.0
106.6488809,10.8018133,3906,0.0,1.0,0.0,0.0,0.0,0.0,0.0,1.0,0.0,0.0
106.6479549,10.8017925,3907,0.0,1.0,0.0,0.0,0.0,0.0,0.0,1.0,0.0,0.0
106.6497521,10.8018107,3908,0.0,1.0,0.0,0.0,0.0,0.0,0.0,1.0,0.0,0.0
106.6710427,10.7697703,3909,0.0,1.0,0.0,0.0,0.0,0.0,0.0,0.0,1.0,0.0
106.6750615,10.7721946,3910,0.0,1.0,0.0,0.0,0.0,0.0,0.0,1.0,0.0,0.0
106.6777205,10.7738634,3911,0.0,1.0,0.0,0.0,0.0,0.0,0.0,0.0,1.0,0.0
106.6689241,10.768755,3912,0.0,1.0,0.0,0.0,0.0,0.0,0.0,1.0,0.0,0.0
106.6811565,10.7776498,3913,0.0,1.0,0.0,0.0,0.0,0.0,0.0,1.0,0.0,0.0
106.6764425,10.7730645,3914,0.0,1.0,0.0,0.0,0.0,0.0,0.0,1.0,0.0,0.0
106.673684,10.771333,3915,0.0,1.0,0.0,0.0,0.0,0.0,0.0,1.0,0.0,0.0
106.6751101,10.7721221,3916,0.0,1.0,0.0,0.0,0.0,0.0,0.0,1.0,0.0,0.0
106.6764938,10.7729831,3917,0.0,1.0,0.0,0.0,0.0,0.0,0.0,1.0,0.0,0.0
106.6600069,10.7639114,3918,0.0,1.0,0.0,0.0,0.0,0.0,0.0,0.0,1.0,0.0
106.6678809,10.7680265,3919,0.0,1.0,0.0,0.0,0.0,0.0,0.0,1.0,0.0,0.0
106.6586792,10.7630794,3920,0.0,1.0,0.0,0.0,0.0,0.0,0.0,1.0,0.0,0.0
106.6671261,10.7678066,3921,0.0,1.0,0.0,0.0,0.0,0.0,0.0,0.0,1.0,0.0
106.6639913,10.766037,3922,0.0,1.0,0.0,0.0,0.0,0.0,0.0,1.0,0.0,0.0
106.6627096,10.7653526,3923,0.0,1.0,0.0,0.0,0.0,0.0,0.0,0.0,1.0,0.0
106.6614188,10.7646632,3924,0.0,1.0,0.0,0.0,0.0,0.0,0.0,0.0,1.0,0.0
106.6534073,10.7673207,3925,0.0,1.0,0.0,0.0,0.0,0.0,0.0,1.0,0.0,0.0
106.6524868,10.7690082,3926,0.0,1.0,0.0,0.0,0.0,0.0,0.0,1.0,0.0,0.0
106.6525919,10.7685658,3927,0.0,1.0,0.0,0.0,0.0,0.0,0.0,1.0,0.0,0.0
106.652716,10.7684337,3928,0.0,1.0,0.0,0.0,0.0,0.0,0.0,1.0,0.0,0.0
106.652818,10.7684933,3929,0.0,1.0,0.0,0.0,0.0,0.0,0.0,1.0,0.0,0.0
106.652394,10.7687438,3930,0.0,1.0,0.0,0.0,0.0,0.0,0.0,1.0,0.0,0.0
106.6549936,10.7650687,3931,0.0,1.0,0.0,0.0,0.0,0.0,0.0,1.0,0.0,0.0
106.6568351,10.7626323,3932,0.0,1.0,0.0,0.0,0.0,0.0,0.0,1.0,0.0,0.0
106.6544961,10.7657693,3933,0.0,1.0,0.0,0.0,0.0,0.0,0.0,1.0,0.0,0.0
106.6558025,10.7639371,3934,0.0,1.0,0.0,0.0,0.0,0.0,0.0,1.0,0.0,0.0
106.6540384,10.766427,3935,0.0,1.0,0.0,0.0,0.0,0.0,0.0,1.0,0.0,0.0
106.6518565,10.7690835,3936,0.0,1.0,0.0,0.0,0.0,0.0,0.0,1.0,0.0,0.0
106.6519397,10.7688533,3937,0.0,1.0,0.0,0.0,0.0,0.0,0.0,1.0,0.0,0.0
106.6520944,10.768825,3938,0.0,1.0,0.0,0.0,0.0,0.0,0.0,1.0,0.0,0.0
106.651837,10.7690022,3939,0.0,1.0,0.0,0.0,0.0,0.0,0.0,1.0,0.0,0.0
106.6519782,10.769159,3940,0.0,1.0,0.0,0.0,0.0,0.0,0.0,1.0,0.0,0.0
106.6524465,10.7687758,3941,0.0,1.0,0.0,0.0,0.0,0.0,0.0,1.0,0.0,0.0
106.6522174,10.7687597,3942,0.0,1.0,0.0,0.0,0.0,0.0,0.0,1.0,0.0,0.0
106.6519303,10.7691526,3943,0.0,1.0,0.0,0.0,0.0,0.0,0.0,1.0,0.0,0.0
106.6520734,10.7691263,3944,0.0,1.0,0.0,0.0,0.0,0.0,0.0,1.0,0.0,0.0
106.6524833,10.7688223,3945,0.0,1.0,0.0,0.0,0.0,0.0,0.0,1.0,0.0,0.0
106.6513482,10.7592125,3946,0.0,1.0,0.0,0.0,0.0,0.0,0.0,1.0,0.0,0.0
106.6498122,10.7583826,3947,0.0,1.0,0.0,0.0,0.0,0.0,0.0,1.0,0.0,0.0
106.6532812,10.7601453,3948,0.0,1.0,0.0,0.0,0.0,0.0,0.0,1.0,0.0,0.0
106.6525873,10.7597701,3949,0.0,1.0,0.0,0.0,0.0,0.0,0.0,1.0,0.0,0.0
106.6533569,10.7599434,3950,0.0,1.0,0.0,0.0,0.0,0.0,0.0,1.0,0.0,0.0
106.6555817,10.7615037,3951,0.0,1.0,0.0,0.0,0.0,0.0,0.0,1.0,0.0,0.0
106.6491382,10.7580185,3952,0.0,1.0,0.0,0.0,0.0,0.0,0.0,1.0,0.0,0.0
106.6492826,10.7579867,3953,0.0,1.0,0.0,0.0,0.0,0.0,0.0,1.0,0.0,0.0
106.6547963,10.7610754,3954,0.0,1.0,0.0,0.0,0.0,0.0,0.0,1.0,0.0,0.0
106.6452406,10.7558647,3955,0.0,1.0,0.0,0.0,0.0,0.0,0.0,1.0,0.0,0.0
106.6551534,10.7650268,3956,0.0,1.0,0.0,0.0,0.0,0.0,0.0,1.0,0.0,0.0
106.656318,10.7634264,3957,0.0,1.0,0.0,0.0,0.0,0.0,0.0,1.0,0.0,0.0
106.7558991,10.8050746,3958,0.0,1.0,0.0,0.0,0.0,0.0,0.0,1.0,0.0,0.0
106.7686829,10.8131945,3959,0.0,1.0,0.0,0.0,0.0,0.0,0.0,1.0,0.0,0.0
106.7743679,10.8133046,3960,0.0,1.0,0.0,0.0,0.0,0.0,0.0,1.0,0.0,0.0
106.7686852,10.8131985,3961,0.0,1.0,0.0,0.0,0.0,0.0,0.0,1.0,0.0,0.0
106.7576974,10.8173967,3962,0.0,1.0,0.0,0.0,0.0,0.0,0.0,1.0,0.0,0.0
106.7621148,10.8262034,3963,0.0,1.0,0.0,0.0,0.0,0.0,0.0,1.0,0.0,0.0
106.7613177,10.8256157,3964,0.0,1.0,0.0,0.0,0.0,0.0,0.0,1.0,0.0,0.0
106.7589698,10.8226636,3965,0.0,1.0,0.0,0.0,0.0,0.0,0.0,1.0,0.0,0.0
106.6495207,10.8017764,3966,0.0,1.0,0.0,0.0,0.0,0.0,0.0,1.0,0.0,0.0
106.7395189,10.8396495,3967,0.0,1.0,0.0,0.0,0.0,0.0,0.0,1.0,0.0,0.0
106.6740428,10.8616562,3968,0.0,1.0,0.0,0.0,0.0,0.0,0.0,1.0,0.0,0.0
106.6772161,10.8434842,3969,0.0,1.0,0.0,0.0,0.0,0.0,0.0,0.0,0.0,0.0
106.6798659,10.8587585,3970,0.0,1.0,0.0,0.0,0.0,0.0,0.0,1.0,0.0,0.0
106.6766456,10.8421341,3971,0.0,1.0,0.0,0.0,0.0,0.0,0.0,1.0,0.0,0.0
106.6795635,10.8587301,3972,0.0,1.0,0.0,0.0,0.0,0.0,0.0,1.0,0.0,0.0
106.6797512,10.8585404,3973,0.0,1.0,0.0,0.0,0.0,0.0,0.0,1.0,0.0,0.0
106.67953,10.8554093,3974,0.0,1.0,0.0,0.0,0.0,0.0,0.0,1.0,0.0,0.0
106.6775075,10.8445582,3975,0.0,1.0,0.0,0.0,0.0,0.0,0.0,1.0,0.0,0.0
106.680257,10.8609434,3976,0.0,1.0,0.0,0.0,0.0,0.0,0.0,1.0,0.0,0.0
106.6798203,10.8584005,3977,0.0,1.0,0.0,0.0,0.0,0.0,0.0,1.0,0.0,0.0
106.6786381,10.8482774,3978,0.0,1.0,0.0,0.0,0.0,0.0,0.0,1.0,0.0,0.0
106.6796891,10.8587824,3979,0.0,1.0,0.0,0.0,0.0,0.0,0.0,1.0,0.0,0.0
106.6794385,10.8554201,3980,0.0,1.0,0.0,0.0,0.0,0.0,0.0,1.0,0.0,0.0
106.6818266,10.8615168,3981,0.0,1.0,0.0,0.0,0.0,0.0,0.0,1.0,0.0,0.0
106.6803912,10.8639197,3982,0.0,1.0,0.0,0.0,0.0,0.0,0.0,1.0,0.0,0.0
106.6884218,10.7416512,3983,0.0,1.0,0.0,0.0,0.0,0.0,0.0,1.0,0.0,0.0
106.6889032,10.7469969,3984,0.0,1.0,0.0,0.0,0.0,0.0,0.0,1.0,0.0,0.0
106.689291,10.7460975,3985,0.0,1.0,0.0,0.0,0.0,0.0,0.0,1.0,0.0,0.0
106.6883228,10.7416849,3986,0.0,1.0,0.0,0.0,0.0,0.0,0.0,1.0,0.0,0.0
106.6890076,10.7470302,3987,0.0,1.0,0.0,0.0,0.0,0.0,0.0,1.0,0.0,0.0
106.6884693,10.7415302,3988,0.0,1.0,0.0,0.0,0.0,0.0,0.0,1.0,0.0,0.0
106.6884921,10.7430263,3989,0.0,1.0,0.0,0.0,0.0,0.0,0.0,1.0,0.0,0.0
106.6784588,10.8142592,3990,0.0,1.0,0.0,0.0,0.0,0.0,0.0,1.0,0.0,0.0
106.6784151,10.8137372,3991,0.0,1.0,0.0,0.0,0.0,0.0,0.0,1.0,0.0,0.0
106.6790375,10.8136968,3992,0.0,1.0,0.0,0.0,0.0,0.0,0.0,1.0,0.0,0.0
106.6786466,10.8145951,3993,0.0,1.0,0.0,0.0,0.0,0.0,0.0,1.0,0.0,0.0
106.6789288,10.81433,3994,0.0,1.0,0.0,0.0,0.0,0.0,0.0,1.0,0.0,0.0
106.6787698,10.8135747,3995,0.0,1.0,0.0,0.0,0.0,0.0,0.0,1.0,0.0,0.0
106.683007,10.7622438,3996,0.0,1.0,0.0,0.0,0.0,0.0,0.0,1.0,0.0,0.0
106.6827336,10.7629119,3997,0.0,1.0,0.0,0.0,0.0,0.0,0.0,1.0,0.0,0.0
106.6823427,10.7634961,3998,0.0,1.0,0.0,0.0,0.0,0.0,0.0,1.0,0.0,0.0
106.6828599,10.7621866,3999,0.0,1.0,0.0,0.0,0.0,0.0,0.0,1.0,0.0,0.0
106.6533147,10.8428278,4000,0.0,1.0,0.0,0.0,0.0,0.0,0.0,1.0,0.0,0.0
106.6539027,10.842685,4001,0.0,1.0,0.0,0.0,0.0,0.0,0.0,1.0,0.0,0.0
106.6493725,10.8435958,4002,0.0,1.0,0.0,0.0,0.0,0.0,0.0,1.0,0.0,0.0
106.6550511,10.8426036,4003,0.0,1.0,0.0,0.0,0.0,0.0,0.0,1.0,0.0,0.0
106.6522603,10.8431622,4004,0.0,1.0,0.0,0.0,0.0,0.0,0.0,1.0,0.0,0.0
106.6535762,10.8427614,4005,0.0,1.0,0.0,0.0,0.0,0.0,0.0,1.0,0.0,0.0
106.6543679,10.8426169,4006,0.0,1.0,0.0,0.0,0.0,0.0,0.0,1.0,0.0,0.0
106.6432959,10.7096342,4007,0.0,1.0,0.0,0.0,0.0,0.0,0.0,1.0,0.0,0.0
106.6433896,10.7095174,4008,0.0,1.0,0.0,0.0,0.0,0.0,0.0,1.0,0.0,0.0
106.6369297,10.8464356,4009,0.0,1.0,0.0,0.0,0.0,0.0,0.0,1.0,0.0,0.0
106.6381329,10.8455312,4010,0.0,1.0,0.0,0.0,0.0,0.0,0.0,1.0,0.0,0.0
106.6381744,10.8456235,4011,0.0,1.0,0.0,0.0,0.0,0.0,0.0,1.0,0.0,0.0
106.6767829,10.827587,4012,0.0,1.0,0.0,0.0,0.0,0.0,0.0,1.0,0.0,0.0
106.6778781,10.8272212,4013,0.0,1.0,0.0,0.0,0.0,0.0,0.0,1.0,0.0,0.0
106.6724089,10.8291313,4014,0.0,1.0,0.0,0.0,0.0,0.0,0.0,1.0,0.0,0.0
106.6785626,10.8292951,4015,0.0,1.0,0.0,0.0,0.0,0.0,0.0,1.0,0.0,0.0
106.6796872,10.8073327,4016,0.0,1.0,0.0,0.0,0.0,0.0,0.0,1.0,0.0,0.0
106.6485654,10.7955323,4017,0.0,1.0,0.0,0.0,0.0,0.0,0.0,1.0,0.0,0.0
106.7225292,10.8292319,4018,0.0,1.0,0.0,0.0,0.0,0.0,0.0,1.0,0.0,0.0
106.7243356,10.8309514,4019,0.0,1.0,0.0,0.0,0.0,0.0,0.0,1.0,0.0,0.0
106.7244359,10.8304918,4020,0.0,1.0,0.0,0.0,0.0,0.0,0.0,1.0,0.0,0.0
106.7032238,10.8228953,4021,0.0,1.0,0.0,0.0,0.0,0.0,0.0,1.0,0.0,0.0
106.703392,10.8232409,4022,0.0,1.0,0.0,0.0,0.0,0.0,0.0,1.0,0.0,0.0
106.6859192,10.8178591,4023,0.0,1.0,0.0,0.0,0.0,0.0,0.0,1.0,0.0,0.0
106.6888226,10.8191573,4024,0.0,1.0,0.0,0.0,0.0,0.0,0.0,1.0,0.0,0.0
106.6939653,10.8207009,4025,0.0,1.0,0.0,0.0,0.0,0.0,0.0,0.0,1.0,0.0
106.6871226,10.8184574,4026,0.0,1.0,0.0,0.0,0.0,0.0,0.0,1.0,0.0,0.0
106.7243729,10.8308142,4027,0.0,1.0,0.0,0.0,0.0,0.0,0.0,1.0,0.0,0.0
106.6826688,10.8159569,4028,0.0,1.0,0.0,0.0,0.0,0.0,0.0,1.0,0.0,0.0
106.706066,10.8239671,4029,0.0,1.0,0.0,0.0,0.0,0.0,0.0,1.0,0.0,0.0
106.7207419,10.82815,4030,0.0,1.0,0.0,0.0,0.0,0.0,0.0,1.0,0.0,0.0
106.7225589,10.82926,4031,0.0,1.0,0.0,0.0,0.0,0.0,0.0,1.0,0.0,0.0
106.7019537,10.8227371,4032,0.0,1.0,0.0,0.0,0.0,0.0,0.0,1.0,0.0,0.0
106.6982554,10.8217529,4033,0.0,1.0,0.0,0.0,0.0,0.0,0.0,1.0,0.0,0.0
106.6992361,10.8220187,4034,0.0,1.0,0.0,0.0,0.0,0.0,0.0,1.0,0.0,0.0
106.7030896,10.823167,4035,0.0,1.0,0.0,0.0,0.0,0.0,0.0,1.0,0.0,0.0
106.7231949,10.8297932,4036,0.0,1.0,0.0,0.0,0.0,0.0,0.0,1.0,0.0,0.0
106.7187014,10.8273071,4037,0.0,1.0,0.0,0.0,0.0,0.0,0.0,1.0,0.0,0.0
106.6795606,10.8144195,4038,0.0,1.0,0.0,0.0,0.0,0.0,0.0,1.0,0.0,0.0
106.680398,10.8146006,4039,0.0,1.0,0.0,0.0,0.0,0.0,0.0,1.0,0.0,0.0
106.7034472,10.8228373,4040,0.0,1.0,0.0,0.0,0.0,0.0,0.0,1.0,0.0,0.0
106.6898615,10.8191473,4041,0.0,1.0,0.0,0.0,0.0,0.0,0.0,1.0,0.0,0.0
106.6826607,10.8157397,4042,0.0,1.0,0.0,0.0,0.0,0.0,0.0,1.0,0.0,0.0
106.6941488,10.8204219,4043,0.0,1.0,0.0,0.0,0.0,0.0,0.0,0.0,1.0,0.0
106.6821251,10.8154453,4044,0.0,1.0,0.0,0.0,0.0,0.0,0.0,1.0,0.0,0.0
106.6840322,10.8165905,4045,0.0,1.0,0.0,0.0,0.0,0.0,0.0,1.0,0.0,0.0
106.7082727,10.8241119,4046,0.0,1.0,0.0,0.0,0.0,0.0,0.0,1.0,0.0,0.0
106.7061476,10.8235017,4047,0.0,1.0,0.0,0.0,0.0,0.0,0.0,1.0,0.0,0.0
106.6983165,10.821591,4048,0.0,1.0,0.0,0.0,0.0,0.0,0.0,1.0,0.0,0.0
106.6867094,10.818071,4049,0.0,1.0,0.0,0.0,0.0,0.0,0.0,1.0,0.0,0.0
106.6889216,10.8190214,4050,0.0,1.0,0.0,0.0,0.0,0.0,0.0,1.0,0.0,0.0
106.6992827,10.8218467,4051,0.0,1.0,0.0,0.0,0.0,0.0,0.0,1.0,0.0,0.0
106.7109241,10.8248252,4052,0.0,1.0,0.0,0.0,0.0,0.0,0.0,1.0,0.0,0.0
106.711314,10.8253877,4053,0.0,1.0,0.0,0.0,0.0,0.0,0.0,1.0,0.0,0.0
106.7047927,10.8231827,4054,0.0,1.0,0.0,0.0,0.0,0.0,0.0,1.0,0.0,0.0
106.7113994,10.8249501,4055,0.0,1.0,0.0,0.0,0.0,0.0,0.0,1.0,0.0,0.0
106.719029,10.8271087,4056,0.0,1.0,0.0,0.0,0.0,0.0,0.0,1.0,0.0,0.0
106.7189763,10.8273972,4057,0.0,1.0,0.0,0.0,0.0,0.0,0.0,1.0,0.0,0.0
106.6492801,10.7830586,4058,0.0,1.0,0.0,0.0,0.0,0.0,0.0,1.0,0.0,0.0
106.6486116,10.779603,4059,0.0,1.0,0.0,0.0,0.0,0.0,0.0,1.0,0.0,0.0
106.6503202,10.7944939,4060,0.0,1.0,0.0,0.0,0.0,0.0,0.0,1.0,0.0,0.0
106.6410857,10.7930618,4061,0.0,1.0,0.0,0.0,0.0,0.0,0.0,1.0,0.0,0.0
106.6419251,10.7926149,4062,0.0,1.0,0.0,0.0,0.0,0.0,0.0,1.0,0.0,0.0
106.6410455,10.7929669,4063,0.0,1.0,0.0,0.0,0.0,0.0,0.0,1.0,0.0,0.0
106.6429867,10.7922881,4064,0.0,1.0,0.0,0.0,0.0,0.0,0.0,1.0,0.0,0.0
106.6481991,10.7751005,4065,0.0,1.0,0.0,0.0,0.0,0.0,0.0,1.0,0.0,0.0
106.6480738,10.7747842,4066,0.0,1.0,0.0,0.0,0.0,0.0,0.0,1.0,0.0,0.0
106.6478298,10.7749813,4067,0.0,1.0,0.0,0.0,0.0,0.0,0.0,1.0,0.0,0.0
106.6478482,10.7747338,4068,0.0,1.0,0.0,0.0,0.0,0.0,0.0,1.0,0.0,0.0
106.6481194,10.7750604,4069,0.0,1.0,0.0,0.0,0.0,0.0,0.0,1.0,0.0,0.0
106.6478481,10.7746281,4070,0.0,1.0,0.0,0.0,0.0,0.0,0.0,1.0,0.0,0.0
106.6480277,10.7750386,4071,0.0,1.0,0.0,0.0,0.0,0.0,0.0,1.0,0.0,0.0
106.6476462,10.7743437,4072,0.0,1.0,0.0,0.0,0.0,0.0,0.0,1.0,0.0,0.0
106.648196,10.7744847,4073,0.0,1.0,0.0,0.0,0.0,0.0,0.0,1.0,0.0,0.0
106.6484398,10.7752864,4074,0.0,1.0,0.0,0.0,0.0,0.0,0.0,1.0,0.0,0.0
106.648364,10.7753457,4075,0.0,1.0,0.0,0.0,0.0,0.0,0.0,1.0,0.0,0.0
106.6481441,10.7745579,4076,0.0,1.0,0.0,0.0,0.0,0.0,0.0,1.0,0.0,0.0
106.6478436,10.774805,4077,0.0,1.0,0.0,0.0,0.0,0.0,0.0,1.0,0.0,0.0
106.6480312,10.7747177,4078,0.0,1.0,0.0,0.0,0.0,0.0,0.0,0.0,1.0,0.0
106.6478888,10.7750191,4079,0.0,1.0,0.0,0.0,0.0,0.0,0.0,1.0,0.0,0.0
106.6477025,10.7742613,4080,0.0,1.0,0.0,0.0,0.0,0.0,0.0,1.0,0.0,0.0
106.6479407,10.7745839,4081,0.0,1.0,0.0,0.0,0.0,0.0,0.0,1.0,0.0,0.0
106.6474762,10.7752249,4082,0.0,1.0,0.0,0.0,0.0,0.0,0.0,1.0,0.0,0.0
106.6472295,10.7752302,4083,0.0,1.0,0.0,0.0,0.0,0.0,0.0,1.0,0.0,0.0
106.6424276,10.7805548,4084,0.0,1.0,0.0,0.0,0.0,0.0,0.0,1.0,0.0,0.0
106.6538104,10.7710345,4085,0.0,1.0,0.0,0.0,0.0,0.0,0.0,1.0,0.0,0.0
106.6587958,10.7595595,4086,0.0,1.0,0.0,0.0,0.0,0.0,0.0,1.0,0.0,0.0
106.6555588,10.7351222,4087,0.0,1.0,0.0,0.0,0.0,0.0,0.0,1.0,0.0,0.0
106.7133189,10.8253982,4088,0.0,1.0,0.0,0.0,0.0,0.0,0.0,1.0,0.0,0.0
106.713775,10.8244866,4089,0.0,1.0,0.0,0.0,0.0,0.0,0.0,1.0,0.0,0.0
106.6886337,10.8189112,4090,0.0,1.0,0.0,0.0,0.0,0.0,0.0,1.0,0.0,0.0
106.6794831,10.8143876,4091,0.0,1.0,0.0,0.0,0.0,0.0,0.0,1.0,0.0,0.0
106.6890416,10.8175606,4092,0.0,1.0,0.0,0.0,0.0,0.0,0.0,1.0,0.0,0.0
106.6886397,10.8187934,4093,0.0,1.0,0.0,0.0,0.0,0.0,0.0,1.0,0.0,0.0
106.6889126,10.8172506,4094,0.0,1.0,0.0,0.0,0.0,0.0,0.0,1.0,0.0,0.0
106.6834728,10.8204269,4095,0.0,1.0,0.0,0.0,0.0,0.0,0.0,1.0,0.0,0.0
106.679191,10.8147632,4096,0.0,1.0,0.0,0.0,0.0,0.0,0.0,1.0,0.0,0.0
106.6826214,10.819255,4097,0.0,1.0,0.0,0.0,0.0,0.0,0.0,1.0,0.0,0.0
106.6829032,10.8196168,4098,0.0,1.0,0.0,0.0,0.0,0.0,0.0,1.0,0.0,0.0
106.6823546,10.8189155,4099,0.0,1.0,0.0,0.0,0.0,0.0,0.0,1.0,0.0,0.0
106.6818018,10.8182123,4100,0.0,1.0,0.0,0.0,0.0,0.0,0.0,1.0,0.0,0.0
106.7575192,10.8670888,4101,0.0,1.0,0.0,0.0,0.0,0.0,0.0,1.0,0.0,0.0
106.7578623,10.867114,4102,0.0,1.0,0.0,0.0,0.0,0.0,0.0,1.0,0.0,0.0
106.6560556,10.7776916,4103,0.0,1.0,0.0,0.0,0.0,0.0,0.0,1.0,0.0,0.0
106.656152,10.777712,4104,0.0,1.0,0.0,0.0,0.0,0.0,0.0,1.0,0.0,0.0
106.6563416,10.7781305,4105,0.0,1.0,0.0,0.0,0.0,0.0,0.0,1.0,0.0,0.0
106.6634785,10.7765809,4106,0.0,1.0,0.0,0.0,0.0,0.0,0.0,1.0,0.0,0.0
106.6634078,10.7765298,4107,0.0,1.0,0.0,0.0,0.0,0.0,0.0,1.0,0.0,0.0
106.6595074,10.7802867,4108,0.0,1.0,0.0,0.0,0.0,0.0,0.0,1.0,0.0,0.0
106.6617292,10.7782236,4109,0.0,1.0,0.0,0.0,0.0,0.0,0.0,1.0,0.0,0.0
106.6626903,10.7773228,4110,0.0,1.0,0.0,0.0,0.0,0.0,0.0,1.0,0.0,0.0
106.6603331,10.779422,4111,0.0,1.0,0.0,0.0,0.0,0.0,0.0,1.0,0.0,0.0
106.6603994,10.7794909,4112,0.0,1.0,0.0,0.0,0.0,0.0,0.0,1.0,0.0,0.0
106.6594324,10.7802103,4113,0.0,1.0,0.0,0.0,0.0,0.0,0.0,1.0,0.0,0.0
106.6605724,10.7783515,4114,0.0,1.0,0.0,0.0,0.0,0.0,0.0,1.0,0.0,0.0
106.6694933,10.7679568,4115,0.0,1.0,0.0,0.0,0.0,0.0,0.0,1.0,0.0,0.0
106.673828,10.7691458,4116,0.0,1.0,0.0,0.0,0.0,0.0,0.0,1.0,0.0,0.0
106.6714997,10.7678617,4117,0.0,1.0,0.0,0.0,0.0,0.0,0.0,0.0,1.0,0.0
106.6740246,10.7677425,4118,0.0,1.0,0.0,0.0,0.0,0.0,0.0,1.0,0.0,0.0
106.6684163,10.7680037,4119,0.0,1.0,0.0,0.0,0.0,0.0,0.0,1.0,0.0,0.0
106.6694908,10.7678619,4120,0.0,1.0,0.0,0.0,0.0,0.0,0.0,1.0,0.0,0.0
106.6763647,10.7670409,4121,0.0,1.0,0.0,0.0,0.0,0.0,0.0,1.0,0.0,0.0
106.6787221,10.7664002,4122,0.0,1.0,0.0,0.0,0.0,0.0,0.0,1.0,0.0,0.0
106.6794706,10.7661714,4123,0.0,1.0,0.0,0.0,0.0,0.0,0.0,1.0,0.0,0.0
106.6747964,10.7675184,4124,0.0,1.0,0.0,0.0,0.0,0.0,0.0,1.0,0.0,0.0
106.6818889,10.7657285,4125,0.0,1.0,0.0,0.0,0.0,0.0,0.0,1.0,0.0,0.0
106.6723719,10.7572514,4126,0.0,1.0,0.0,0.0,0.0,0.0,0.0,1.0,0.0,0.0
106.6729599,10.7573593,4127,0.0,1.0,0.0,0.0,0.0,0.0,0.0,1.0,0.0,0.0
106.6446559,10.8334201,4128,0.0,1.0,0.0,0.0,0.0,0.0,0.0,1.0,0.0,0.0
106.6260996,10.7813566,4129,0.0,1.0,0.0,0.0,0.0,0.0,0.0,1.0,0.0,0.0
106.6241989,10.7821391,4130,0.0,1.0,0.0,0.0,0.0,0.0,0.0,1.0,0.0,0.0
106.6839026,10.7766471,4131,0.0,1.0,0.0,0.0,0.0,0.0,0.0,1.0,0.0,0.0
106.6838242,10.7768262,4132,0.0,1.0,0.0,0.0,0.0,0.0,0.0,1.0,0.0,0.0
106.6865653,10.7763968,4133,0.0,1.0,0.0,0.0,0.0,0.0,0.0,1.0,0.0,0.0
106.6942224,10.7701329,4134,0.0,1.0,0.0,0.0,0.0,0.0,0.0,0.0,1.0,0.0
106.7206845,10.7302796,4135,0.0,1.0,0.0,0.0,0.0,0.0,0.0,1.0,0.0,0.0
106.7231704,10.7267486,4136,0.0,1.0,0.0,0.0,0.0,0.0,0.0,1.0,0.0,0.0
106.7235921,10.7255965,4137,0.0,1.0,0.0,0.0,0.0,0.0,0.0,1.0,0.0,0.0
106.7203464,10.730884,4138,0.0,1.0,0.0,0.0,0.0,0.0,0.0,1.0,0.0,0.0
106.6375525,10.8043796,4139,0.0,1.0,0.0,0.0,0.0,0.0,0.0,1.0,0.0,0.0
106.6710981,10.7879997,4140,0.0,1.0,0.0,0.0,0.0,0.0,0.0,1.0,0.0,0.0
106.635049,10.8071373,4141,0.0,1.0,0.0,0.0,0.0,0.0,0.0,1.0,0.0,0.0
106.847625,10.7044998,4142,0.0,1.0,0.0,0.0,0.0,0.0,0.0,1.0,0.0,0.0
106.8243313,10.7306749,4143,0.0,1.0,0.0,0.0,0.0,0.0,0.0,1.0,0.0,0.0
106.8471411,10.7040662,4144,0.0,1.0,0.0,0.0,0.0,0.0,0.0,1.0,0.0,0.0
106.8235749,10.7313865,4145,0.0,1.0,0.0,0.0,0.0,0.0,0.0,1.0,0.0,0.0
106.8588029,10.7861123,4146,0.0,1.0,0.0,0.0,0.0,0.0,0.0,1.0,0.0,0.0
106.8534308,10.7859271,4147,0.0,1.0,0.0,0.0,0.0,0.0,0.0,1.0,0.0,0.0
106.8518004,10.7859172,4148,0.0,1.0,0.0,0.0,0.0,0.0,0.0,1.0,0.0,0.0
106.8485047,10.7860119,4149,0.0,1.0,0.0,0.0,0.0,0.0,0.0,1.0,0.0,0.0
106.843937,10.7866225,4150,0.0,1.0,0.0,0.0,0.0,0.0,0.0,1.0,0.0,0.0
106.8358795,10.7883612,4151,0.0,1.0,0.0,0.0,0.0,0.0,0.0,1.0,0.0,0.0
106.8268185,10.790253,4152,0.0,1.0,0.0,0.0,0.0,0.0,0.0,1.0,0.0,0.0
106.8178943,10.7918961,4153,0.0,1.0,0.0,0.0,0.0,0.0,0.0,1.0,0.0,0.0
106.8178476,10.7917928,4154,0.0,1.0,0.0,0.0,0.0,0.0,0.0,1.0,0.0,0.0
106.8439101,10.786507,4155,0.0,1.0,0.0,0.0,0.0,0.0,0.0,1.0,0.0,0.0
106.6676113,10.8002739,4156,0.0,1.0,0.0,0.0,0.0,0.0,0.0,1.0,0.0,0.0
106.6745464,10.7674787,4157,0.0,1.0,0.0,0.0,0.0,0.0,0.0,1.0,0.0,0.0
106.6741744,10.7675718,4158,0.0,1.0,0.0,0.0,0.0,0.0,0.0,1.0,0.0,0.0
106.6746366,10.7677393,4159,0.0,1.0,0.0,0.0,0.0,0.0,0.0,1.0,0.0,0.0
106.6746118,10.7677965,4160,0.0,1.0,0.0,0.0,0.0,0.0,0.0,1.0,0.0,0.0
106.6741826,10.7677909,4161,0.0,1.0,0.0,0.0,0.0,0.0,0.0,1.0,0.0,0.0
106.674215,10.7678355,4162,0.0,1.0,0.0,0.0,0.0,0.0,0.0,1.0,0.0,0.0
106.6742567,10.767872,4163,0.0,1.0,0.0,0.0,0.0,0.0,0.0,1.0,0.0,0.0
106.6737177,10.7694288,4164,0.0,1.0,0.0,0.0,0.0,0.0,0.0,1.0,0.0,0.0
106.6732499,10.7706286,4165,0.0,1.0,0.0,0.0,0.0,0.0,0.0,1.0,0.0,0.0
106.6342182,10.8482734,4166,0.0,1.0,0.0,0.0,0.0,0.0,0.0,1.0,0.0,0.0
106.6338747,10.8485166,4167,0.0,1.0,0.0,0.0,0.0,0.0,0.0,1.0,0.0,0.0
106.7873756,10.796696,4168,0.0,1.0,0.0,0.0,0.0,0.0,0.0,1.0,0.0,0.0
106.7921918,10.797726,4169,0.0,1.0,0.0,0.0,0.0,0.0,0.0,1.0,0.0,0.0
106.792588,10.7977312,4170,0.0,1.0,0.0,0.0,0.0,0.0,0.0,1.0,0.0,0.0
106.6886616,10.7665212,4171,0.0,1.0,0.0,0.0,0.0,0.0,0.0,1.0,0.0,0.0
106.6930476,10.7711638,4172,0.0,1.0,0.0,0.0,0.0,0.0,0.0,0.0,1.0,0.0
106.6188006,10.8012809,4173,0.0,1.0,0.0,0.0,0.0,0.0,0.0,1.0,0.0,0.0
106.6217108,10.8065278,4174,0.0,1.0,0.0,0.0,0.0,0.0,0.0,1.0,0.0,0.0
106.621743,10.8062521,4175,0.0,1.0,0.0,0.0,0.0,0.0,0.0,1.0,0.0,0.0
106.6201634,10.8079305,4176,0.0,1.0,0.0,0.0,0.0,0.0,0.0,1.0,0.0,0.0
106.6182795,10.808432,4177,0.0,1.0,0.0,0.0,0.0,0.0,0.0,1.0,0.0,0.0
106.6113841,10.7762511,4178,0.0,1.0,0.0,0.0,0.0,0.0,0.0,1.0,0.0,0.0
106.6172896,10.7749958,4179,0.0,1.0,0.0,0.0,0.0,0.0,0.0,1.0,0.0,0.0
106.732697,10.8007639,4180,0.0,1.0,0.0,0.0,0.0,0.0,0.0,1.0,0.0,0.0
106.6124805,10.8472751,4181,0.0,1.0,0.0,0.0,0.0,0.0,0.0,1.0,0.0,0.0
106.6123545,10.8471993,4182,0.0,1.0,0.0,0.0,0.0,0.0,0.0,1.0,0.0,0.0
106.7217099,10.7976288,4183,0.0,1.0,0.0,0.0,0.0,0.0,0.0,1.0,0.0,0.0
106.8237646,10.7063918,4184,0.0,1.0,0.0,0.0,0.0,0.0,0.0,1.0,0.0,0.0
106.784305,10.7965338,4185,0.0,1.0,0.0,0.0,0.0,0.0,0.0,1.0,0.0,0.0
106.7572586,10.7525183,4186,0.0,1.0,0.0,0.0,0.0,0.0,0.0,1.0,0.0,0.0
106.7528636,10.7489501,4187,0.0,1.0,0.0,0.0,0.0,0.0,0.0,1.0,0.0,0.0
106.7527933,10.7490341,4188,0.0,1.0,0.0,0.0,0.0,0.0,0.0,1.0,0.0,0.0
106.7680556,10.7635123,4189,0.0,1.0,0.0,0.0,0.0,0.0,0.0,1.0,0.0,0.0
106.6011619,10.8157593,4190,0.0,1.0,0.0,0.0,0.0,0.0,0.0,1.0,0.0,0.0
106.6012493,10.8158913,4191,0.0,1.0,0.0,0.0,0.0,0.0,0.0,1.0,0.0,0.0
106.6942793,10.8424002,4192,0.0,1.0,0.0,0.0,0.0,0.0,0.0,1.0,0.0,0.0
106.6480174,10.7748585,4193,0.0,1.0,0.0,0.0,0.0,0.0,0.0,1.0,0.0,0.0
106.7002069,10.7654123,4194,0.0,1.0,0.0,0.0,0.0,0.0,0.0,1.0,0.0,0.0
106.7476747,10.8020009,4195,0.0,1.0,0.0,0.0,0.0,0.0,0.0,1.0,0.0,0.0
106.7485095,10.8021502,4196,0.0,1.0,0.0,0.0,0.0,0.0,0.0,1.0,0.0,0.0
106.734223,10.8003988,4197,0.0,1.0,0.0,0.0,0.0,0.0,0.0,0.0,0.0,0.0
106.6718455,10.8129681,4198,0.0,1.0,0.0,0.0,0.0,0.0,0.0,1.0,0.0,0.0
106.7921137,10.7482982,4199,0.0,1.0,0.0,0.0,0.0,0.0,0.0,1.0,0.0,0.0
106.7927079,10.7474989,4200,0.0,1.0,0.0,0.0,0.0,0.0,0.0,1.0,0.0,0.0
106.7929136,10.7472982,4201,0.0,1.0,0.0,0.0,0.0,0.0,0.0,1.0,0.0,0.0
106.7939477,10.7466586,4202,0.0,1.0,0.0,0.0,0.0,0.0,0.0,1.0,0.0,0.0
106.794967,10.7463561,4203,0.0,1.0,0.0,0.0,0.0,0.0,0.0,1.0,0.0,0.0
106.8058443,10.7434869,4204,0.0,1.0,0.0,0.0,0.0,0.0,0.0,1.0,0.0,0.0
106.806811,10.7430946,4205,0.0,1.0,0.0,0.0,0.0,0.0,0.0,1.0,0.0,0.0
106.8098091,10.7409061,4206,0.0,1.0,0.0,0.0,0.0,0.0,0.0,1.0,0.0,0.0
106.8238056,10.7312283,4207,0.0,1.0,0.0,0.0,0.0,0.0,0.0,1.0,0.0,0.0
106.8246961,10.7302586,4208,0.0,1.0,0.0,0.0,0.0,0.0,0.0,1.0,0.0,0.0
106.8676539,10.7438248,4209,0.0,1.0,0.0,0.0,0.0,0.0,0.0,1.0,0.0,0.0
106.8677402,10.7439217,4210,0.0,1.0,0.0,0.0,0.0,0.0,0.0,1.0,0.0,0.0
106.8130678,10.7384535,4211,0.0,1.0,0.0,0.0,0.0,0.0,0.0,1.0,0.0,0.0
106.6989318,10.8519558,4212,0.0,1.0,0.0,0.0,0.0,0.0,0.0,1.0,0.0,0.0
106.7000553,10.8523365,4213,0.0,1.0,0.0,0.0,0.0,0.0,0.0,1.0,0.0,0.0
106.6983095,10.8516343,4214,0.0,1.0,0.0,0.0,0.0,0.0,0.0,1.0,0.0,0.0
106.6961857,10.8546285,4215,0.0,1.0,0.0,0.0,0.0,0.0,0.0,1.0,0.0,0.0
106.69637,10.8536084,4216,0.0,1.0,0.0,0.0,0.0,0.0,0.0,1.0,0.0,0.0
106.6671551,10.8617479,4217,0.0,1.0,0.0,0.0,0.0,0.0,0.0,1.0,0.0,0.0
106.7002967,10.7404461,4218,0.0,1.0,0.0,0.0,0.0,0.0,0.0,1.0,0.0,0.0
106.6790581,10.7791838,4219,0.0,1.0,0.0,0.0,0.0,0.0,0.0,1.0,0.0,0.0
106.6787045,10.7793869,4220,0.0,1.0,0.0,0.0,0.0,0.0,0.0,1.0,0.0,0.0
106.6798422,10.7787762,4221,0.0,1.0,0.0,0.0,0.0,0.0,0.0,1.0,0.0,0.0
106.6796379,10.7788862,4222,0.0,1.0,0.0,0.0,0.0,0.0,0.0,1.0,0.0,0.0
106.6660284,10.7783261,4223,0.0,1.0,0.0,0.0,0.0,0.0,0.0,1.0,0.0,0.0
106.6649065,10.7774401,4224,0.0,1.0,0.0,0.0,0.0,0.0,0.0,1.0,0.0,0.0
106.6651709,10.7776422,4225,0.0,1.0,0.0,0.0,0.0,0.0,0.0,1.0,0.0,0.0
106.6659013,10.7774435,4226,0.0,1.0,0.0,0.0,0.0,0.0,0.0,1.0,0.0,0.0
106.6686282,10.7736421,4227,0.0,1.0,0.0,0.0,0.0,0.0,0.0,1.0,0.0,0.0
106.684931,10.7681092,4228,0.0,1.0,0.0,0.0,0.0,0.0,0.0,1.0,0.0,0.0
106.6949169,10.7673139,4229,0.0,1.0,0.0,0.0,0.0,0.0,0.0,1.0,0.0,0.0
106.6991208,10.7707145,4230,0.0,1.0,0.0,0.0,0.0,0.0,0.0,1.0,0.0,0.0
106.6991321,10.7706972,4231,0.0,1.0,0.0,0.0,0.0,0.0,0.0,0.0,1.0,0.0
106.7134465,10.801545,4232,0.0,1.0,0.0,0.0,0.0,0.0,0.0,1.0,0.0,0.0
106.7133178,10.8015688,4233,0.0,1.0,0.0,0.0,0.0,0.0,0.0,1.0,0.0,0.0
106.7309601,10.7952173,4234,0.0,1.0,0.0,0.0,0.0,0.0,0.0,1.0,0.0,0.0
106.7302316,10.790863,4235,0.0,1.0,0.0,0.0,0.0,0.0,0.0,1.0,0.0,0.0
106.7304037,10.7918517,4236,0.0,1.0,0.0,0.0,0.0,0.0,0.0,1.0,0.0,0.0
106.7305961,10.7929991,4237,0.0,1.0,0.0,0.0,0.0,0.0,0.0,1.0,0.0,0.0
106.729969,10.7893523,4238,0.0,1.0,0.0,0.0,0.0,0.0,0.0,1.0,0.0,0.0
106.7295174,10.7866089,4239,0.0,1.0,0.0,0.0,0.0,0.0,0.0,1.0,0.0,0.0
106.7296185,10.7872308,4240,0.0,1.0,0.0,0.0,0.0,0.0,0.0,1.0,0.0,0.0
106.7296941,10.787752,4241,0.0,1.0,0.0,0.0,0.0,0.0,0.0,1.0,0.0,0.0
106.6937502,10.7515982,4242,0.0,1.0,0.0,0.0,0.0,0.0,0.0,1.0,0.0,0.0
106.6949914,10.7517139,4243,0.0,1.0,0.0,0.0,0.0,0.0,0.0,1.0,0.0,0.0
106.6902339,10.76857,4244,0.0,1.0,0.0,0.0,0.0,0.0,0.0,1.0,0.0,0.0
106.7694083,10.8413138,4245,0.0,1.0,0.0,0.0,0.0,0.0,0.0,1.0,0.0,0.0
106.7659756,10.8366827,4246,0.0,1.0,0.0,0.0,0.0,0.0,0.0,1.0,0.0,0.0
106.6374748,10.8172624,4247,0.0,1.0,0.0,0.0,0.0,0.0,0.0,1.0,0.0,0.0
106.6373555,10.8172396,4248,0.0,1.0,0.0,0.0,0.0,0.0,0.0,1.0,0.0,0.0
106.6278998,10.8184708,4249,0.0,1.0,0.0,0.0,0.0,0.0,0.0,1.0,0.0,0.0
106.6241128,10.8148854,4250,0.0,1.0,0.0,0.0,0.0,0.0,0.0,1.0,0.0,0.0
106.6222598,10.8127212,4251,0.0,1.0,0.0,0.0,0.0,0.0,0.0,1.0,0.0,0.0
106.6167739,10.8088461,4252,0.0,1.0,0.0,0.0,0.0,0.0,0.0,1.0,0.0,0.0
106.6690089,10.7464525,4253,0.0,1.0,0.0,0.0,0.0,0.0,0.0,1.0,0.0,0.0
106.6766975,10.8008345,4254,0.0,1.0,0.0,0.0,0.0,0.0,0.0,1.0,0.0,0.0
106.67441,10.7963454,4255,0.0,1.0,0.0,0.0,0.0,0.0,0.0,1.0,0.0,0.0
106.6744789,10.7963084,4256,0.0,1.0,0.0,0.0,0.0,0.0,0.0,1.0,0.0,0.0
106.6744266,10.7962146,4257,0.0,1.0,0.0,0.0,0.0,0.0,0.0,1.0,0.0,0.0
106.6781483,10.8055218,4258,0.0,1.0,0.0,0.0,0.0,0.0,0.0,1.0,0.0,0.0
106.6784638,10.8066836,4259,0.0,1.0,0.0,0.0,0.0,0.0,0.0,1.0,0.0,0.0
106.6678952,10.7922604,4260,0.0,1.0,0.0,0.0,0.0,0.0,0.0,1.0,0.0,0.0
106.6696405,10.7949855,4261,0.0,1.0,0.0,0.0,0.0,0.0,0.0,1.0,0.0,0.0
106.6666459,10.7954905,4262,0.0,1.0,0.0,0.0,0.0,0.0,0.0,1.0,0.0,0.0
106.6664866,10.795604,4263,0.0,1.0,0.0,0.0,0.0,0.0,0.0,1.0,0.0,0.0
106.6560052,10.7914731,4264,0.0,1.0,0.0,0.0,0.0,0.0,0.0,1.0,0.0,0.0
106.6531531,10.7882145,4265,0.0,1.0,0.0,0.0,0.0,0.0,0.0,1.0,0.0,0.0
106.6555419,10.7873533,4266,0.0,1.0,0.0,0.0,0.0,0.0,0.0,1.0,0.0,0.0
106.6923066,10.8235521,4267,0.0,1.0,0.0,0.0,0.0,0.0,0.0,1.0,0.0,0.0
106.6924542,10.823418,4268,0.0,1.0,0.0,0.0,0.0,0.0,0.0,1.0,0.0,0.0
106.6493214,10.8620698,4269,0.0,1.0,0.0,0.0,0.0,0.0,0.0,1.0,0.0,0.0
106.6672875,10.7666335,4270,0.0,1.0,0.0,0.0,0.0,0.0,0.0,1.0,0.0,0.0
106.6674265,10.7660222,4271,0.0,1.0,0.0,0.0,0.0,0.0,0.0,1.0,0.0,0.0
106.6665348,10.7673232,4272,0.0,1.0,0.0,0.0,0.0,0.0,0.0,1.0,0.0,0.0
106.6650843,10.7666374,4273,0.0,1.0,0.0,0.0,0.0,0.0,0.0,1.0,0.0,0.0
106.6620482,10.7649993,4274,0.0,1.0,0.0,0.0,0.0,0.0,0.0,1.0,0.0,0.0
106.6620768,10.7648908,4275,0.0,1.0,0.0,0.0,0.0,0.0,0.0,1.0,0.0,0.0
106.66043,10.7624003,4276,0.0,1.0,0.0,0.0,0.0,0.0,0.0,1.0,0.0,0.0
106.6941245,10.7699958,4277,0.0,1.0,0.0,0.0,0.0,0.0,0.0,1.0,0.0,0.0
106.6940816,10.7700143,4278,0.0,1.0,0.0,0.0,0.0,0.0,0.0,1.0,0.0,0.0
106.6274028,10.8513896,4279,0.0,1.0,0.0,0.0,0.0,0.0,0.0,1.0,0.0,0.0
106.6140027,10.84487,4280,0.0,1.0,0.0,0.0,0.0,0.0,0.0,1.0,0.0,0.0
106.6128986,10.8466302,4281,0.0,1.0,0.0,0.0,0.0,0.0,0.0,1.0,0.0,0.0
106.6132334,10.8458097,4282,0.0,1.0,0.0,0.0,0.0,0.0,0.0,1.0,0.0,0.0
106.6184606,10.8373338,4283,0.0,1.0,0.0,0.0,0.0,0.0,0.0,1.0,0.0,0.0
106.5501049,10.684374,4284,0.0,1.0,0.0,0.0,0.0,0.0,0.0,1.0,0.0,0.0
106.7213204,10.7976359,4285,0.0,1.0,0.0,0.0,0.0,0.0,0.0,1.0,0.0,0.0
106.7557701,10.8051325,4286,0.0,1.0,0.0,0.0,0.0,0.0,0.0,1.0,0.0,0.0
106.7599681,10.7949371,4287,0.0,1.0,0.0,0.0,0.0,0.0,0.0,1.0,0.0,0.0
106.7762458,10.7962732,4288,0.0,1.0,0.0,0.0,0.0,0.0,0.0,1.0,0.0,0.0
106.7657725,10.7959267,4289,0.0,1.0,0.0,0.0,0.0,0.0,0.0,1.0,0.0,0.0
106.7626449,10.7955348,4290,0.0,1.0,0.0,0.0,0.0,0.0,0.0,1.0,0.0,0.0
106.6182361,10.8083229,4291,0.0,1.0,0.0,0.0,0.0,0.0,0.0,1.0,0.0,0.0
106.7224129,10.7733243,4292,0.0,1.0,0.0,0.0,0.0,0.0,0.0,1.0,0.0,0.0
106.7131424,10.8254142,4293,0.0,1.0,0.0,0.0,0.0,0.0,0.0,1.0,0.0,0.0
106.693137,10.7949438,4294,0.0,1.0,0.0,0.0,0.0,0.0,0.0,1.0,0.0,0.0
106.6975655,10.7938886,4295,0.0,1.0,0.0,0.0,0.0,0.0,0.0,1.0,0.0,0.0
106.7005728,10.7935904,4296,0.0,1.0,0.0,0.0,0.0,0.0,0.0,1.0,0.0,0.0
106.6870708,10.8052455,4297,0.0,1.0,0.0,0.0,0.0,0.0,0.0,1.0,0.0,0.0
106.6870475,10.8061622,4298,0.0,1.0,0.0,0.0,0.0,0.0,0.0,1.0,0.0,0.0
106.678511,10.8109618,4299,0.0,1.0,0.0,0.0,0.0,0.0,0.0,1.0,0.0,0.0
106.6534169,10.7710944,4300,0.0,1.0,0.0,0.0,0.0,0.0,0.0,1.0,0.0,0.0
106.6540639,10.770996,4301,0.0,1.0,0.0,0.0,0.0,0.0,0.0,1.0,0.0,0.0
106.7024674,10.7858782,4302,0.0,1.0,0.0,0.0,0.0,0.0,1.0,0.0,0.0,0.0
106.7024029,10.7858084,4303,0.0,1.0,0.0,0.0,0.0,0.0,1.0,0.0,0.0,0.0
106.6780677,10.7909736,4304,0.0,1.0,0.0,0.0,0.0,0.0,0.0,1.0,0.0,0.0
106.7191654,10.7229109,4305,0.0,1.0,0.0,0.0,0.0,0.0,0.0,1.0,0.0,0.0
106.6404336,10.8072353,4306,0.0,1.0,0.0,0.0,0.0,0.0,0.0,1.0,0.0,0.0
106.6322358,10.8731548,4307,0.0,1.0,0.0,0.0,0.0,0.0,0.0,1.0,0.0,0.0
106.6266873,10.8751945,4308,0.0,1.0,0.0,0.0,0.0,0.0,0.0,1.0,0.0,0.0
106.631989,10.8733655,4309,0.0,1.0,0.0,0.0,0.0,0.0,0.0,1.0,0.0,0.0
106.630495,10.8742269,4310,0.0,1.0,0.0,0.0,0.0,0.0,0.0,1.0,0.0,0.0
106.6264309,10.8755727,4311,0.0,1.0,0.0,0.0,0.0,0.0,0.0,1.0,0.0,0.0
106.629111,10.8745351,4312,0.0,1.0,0.0,0.0,0.0,0.0,0.0,1.0,0.0,0.0
106.6679193,10.7797849,4313,0.0,1.0,0.0,0.0,0.0,0.0,0.0,1.0,0.0,0.0
106.6573832,10.7827068,4314,0.0,1.0,0.0,0.0,0.0,0.0,0.0,1.0,0.0,0.0
106.640325,10.7938365,4315,0.0,1.0,0.0,0.0,0.0,0.0,0.0,1.0,0.0,0.0
106.6696106,10.7546206,4316,0.0,1.0,0.0,0.0,0.0,0.0,0.0,1.0,0.0,0.0
106.6695468,10.7537252,4317,0.0,1.0,0.0,0.0,0.0,0.0,0.0,1.0,0.0,0.0
106.669502,10.7536032,4318,0.0,1.0,0.0,0.0,0.0,0.0,0.0,1.0,0.0,0.0
106.6672785,10.7672454,4319,0.0,1.0,0.0,0.0,0.0,0.0,0.0,1.0,0.0,0.0
106.6674092,10.7666599,4320,0.0,1.0,0.0,0.0,0.0,0.0,0.0,1.0,0.0,0.0
106.6687149,10.7608083,4321,0.0,1.0,0.0,0.0,0.0,0.0,0.0,1.0,0.0,0.0
106.6687966,10.7599962,4322,0.0,1.0,0.0,0.0,0.0,0.0,0.0,1.0,0.0,0.0
106.6688913,10.7600176,4323,0.0,1.0,0.0,0.0,0.0,0.0,0.0,1.0,0.0,0.0
106.6674769,10.7663562,4324,0.0,1.0,0.0,0.0,0.0,0.0,0.0,1.0,0.0,0.0
106.6671808,10.767658,4325,0.0,1.0,0.0,0.0,0.0,0.0,0.0,0.0,1.0,0.0
106.6675459,10.7660469,4326,0.0,1.0,0.0,0.0,0.0,0.0,0.0,1.0,0.0,0.0
106.6684783,10.7618685,4327,0.0,1.0,0.0,0.0,0.0,0.0,0.0,1.0,0.0,0.0
106.6673402,10.7669691,4328,0.0,1.0,0.0,0.0,0.0,0.0,0.0,1.0,0.0,0.0
106.6677253,10.764708,4329,0.0,1.0,0.0,0.0,0.0,0.0,0.0,1.0,0.0,0.0
106.668211,10.7630666,4330,0.0,1.0,0.0,0.0,0.0,0.0,0.0,1.0,0.0,0.0
106.7193719,10.7301631,4331,0.0,1.0,0.0,0.0,0.0,0.0,0.0,1.0,0.0,0.0
106.6679509,10.7568673,4332,0.0,1.0,0.0,0.0,0.0,0.0,0.0,1.0,0.0,0.0
106.7198305,10.7305922,4333,0.0,1.0,0.0,0.0,0.0,0.0,0.0,1.0,0.0,0.0
106.7204292,10.730736,4334,0.0,1.0,0.0,0.0,0.0,0.0,0.0,1.0,0.0,0.0
106.6679545,10.7982779,4335,0.0,1.0,0.0,0.0,0.0,0.0,0.0,1.0,0.0,0.0
106.6949806,10.7287779,4336,0.0,1.0,0.0,0.0,0.0,0.0,0.0,1.0,0.0,0.0
106.6824834,10.7635397,4337,0.0,1.0,0.0,0.0,0.0,0.0,0.0,1.0,0.0,0.0
106.6829363,10.8017719,4338,0.0,1.0,0.0,0.0,0.0,0.0,0.0,1.0,0.0,0.0
106.6935429,10.7288436,4339,0.0,1.0,0.0,0.0,0.0,0.0,0.0,1.0,0.0,0.0
106.6934598,10.7288899,4340,0.0,1.0,0.0,0.0,0.0,0.0,0.0,1.0,0.0,0.0
106.6998485,10.7340108,4341,0.0,1.0,0.0,0.0,0.0,0.0,0.0,1.0,0.0,0.0
106.697336,10.7791784,4342,0.0,1.0,0.0,0.0,0.0,1.0,1.0,0.0,0.0,0.0
106.808164,10.8733991,4343,0.0,1.0,0.0,0.0,0.0,0.0,0.0,0.0,1.0,0.0
106.8004621,10.8838307,4344,0.0,1.0,0.0,0.0,0.0,0.0,0.0,1.0,0.0,0.0
106.8003663,10.8838025,4345,0.0,1.0,0.0,0.0,0.0,0.0,0.0,1.0,0.0,0.0
106.7933755,10.8802509,4346,0.0,1.0,0.0,0.0,0.0,0.0,0.0,1.0,0.0,0.0
106.7958164,10.880918,4347,0.0,1.0,0.0,0.0,0.0,0.0,0.0,1.0,0.0,0.0
106.7999876,10.8830707,4348,0.0,1.0,0.0,0.0,0.0,0.0,0.0,1.0,0.0,0.0
106.7996214,10.8860016,4349,0.0,1.0,0.0,0.0,0.0,0.0,0.0,1.0,0.0,0.0
106.785641,10.8802495,4350,0.0,1.0,0.0,0.0,0.0,0.0,0.0,1.0,0.0,0.0
106.8005998,10.8832292,4351,0.0,1.0,0.0,0.0,0.0,0.0,0.0,1.0,0.0,0.0
106.7844547,10.8806844,4352,0.0,1.0,0.0,0.0,0.0,0.0,0.0,1.0,0.0,0.0
106.7952237,10.8807214,4353,0.0,1.0,0.0,0.0,0.0,0.0,0.0,1.0,0.0,0.0
106.7865364,10.8800274,4354,0.0,1.0,0.0,0.0,0.0,0.0,0.0,1.0,0.0,0.0
106.8006708,10.8832781,4355,0.0,1.0,0.0,0.0,0.0,0.0,0.0,1.0,0.0,0.0
106.7997322,10.8856339,4356,0.0,1.0,0.0,0.0,0.0,0.0,0.0,1.0,0.0,0.0
106.8020366,10.8839415,4357,0.0,1.0,0.0,0.0,0.0,0.0,0.0,1.0,0.0,0.0
106.789764,10.8800845,4358,0.0,1.0,0.0,0.0,0.0,0.0,0.0,1.0,0.0,0.0
106.800583,10.8832727,4359,0.0,1.0,0.0,0.0,0.0,0.0,0.0,1.0,0.0,0.0
106.787629,10.8799058,4360,0.0,1.0,0.0,0.0,0.0,0.0,0.0,1.0,0.0,0.0
106.7999104,10.8851074,4361,0.0,1.0,0.0,0.0,0.0,0.0,0.0,1.0,0.0,0.0
106.7997603,10.8829742,4362,0.0,1.0,0.0,0.0,0.0,0.0,0.0,1.0,0.0,0.0
106.8015838,10.8836618,4363,0.0,1.0,0.0,0.0,0.0,0.0,0.0,1.0,0.0,0.0
106.7989961,10.8882562,4364,0.0,1.0,0.0,0.0,0.0,0.0,0.0,1.0,0.0,0.0
106.8024816,10.8787672,4365,0.0,1.0,0.0,0.0,0.0,0.0,0.0,1.0,0.0,0.0
106.8028958,10.8775322,4366,0.0,1.0,0.0,0.0,0.0,0.0,0.0,1.0,0.0,0.0
106.8020496,10.8799386,4367,0.0,1.0,0.0,0.0,0.0,0.0,0.0,1.0,0.0,0.0
106.8049329,10.8853354,4368,0.0,1.0,0.0,0.0,0.0,0.0,0.0,1.0,0.0,0.0
106.8048936,10.8852651,4369,0.0,1.0,0.0,0.0,0.0,0.0,0.0,1.0,0.0,0.0
106.8100261,10.8820255,4370,0.0,1.0,0.0,0.0,0.0,0.0,0.0,1.0,0.0,0.0
106.8033756,10.8673628,4371,0.0,1.0,0.0,0.0,0.0,0.0,0.0,1.0,0.0,0.0
106.8073142,10.8741198,4372,0.0,1.0,0.0,0.0,0.0,0.0,0.0,1.0,0.0,0.0
106.7242338,10.7522526,4373,0.0,1.0,0.0,0.0,0.0,0.0,0.0,1.0,0.0,0.0
106.7744053,10.8495849,4374,0.0,1.0,0.0,0.0,0.0,0.0,0.0,1.0,0.0,0.0
106.7855158,10.8565551,4375,0.0,1.0,0.0,0.0,0.0,0.0,0.0,1.0,0.0,0.0
106.7877117,10.8578302,4376,0.0,1.0,0.0,0.0,0.0,0.0,0.0,1.0,0.0,0.0
106.8047152,10.876046,4377,0.0,1.0,0.0,0.0,0.0,0.0,0.0,1.0,0.0,0.0
106.5946319,10.6907935,4378,0.0,1.0,0.0,0.0,0.0,0.0,0.0,1.0,0.0,0.0
106.5939998,10.696423,4379,0.0,1.0,0.0,0.0,0.0,0.0,0.0,1.0,0.0,0.0
106.5953356,10.6966028,4380,0.0,1.0,0.0,0.0,0.0,0.0,0.0,1.0,0.0,0.0
106.7768377,10.8885934,4381,0.0,1.0,0.0,0.0,0.0,0.0,0.0,1.0,0.0,0.0
106.772619,10.8856184,4382,0.0,1.0,0.0,0.0,0.0,0.0,0.0,1.0,0.0,0.0
106.7723571,10.8853369,4383,0.0,1.0,0.0,0.0,0.0,0.0,0.0,1.0,0.0,0.0
106.7716564,10.8844923,4384,0.0,1.0,0.0,0.0,0.0,0.0,0.0,1.0,0.0,0.0
106.7695045,10.8819621,4385,0.0,1.0,0.0,0.0,0.0,0.0,0.0,1.0,0.0,0.0
106.7670688,10.8791298,4386,0.0,1.0,0.0,0.0,0.0,0.0,0.0,1.0,0.0,0.0
106.7669373,10.8789586,4387,0.0,1.0,0.0,0.0,0.0,0.0,0.0,1.0,0.0,0.0
106.766068,10.8757339,4388,0.0,1.0,0.0,0.0,0.0,0.0,0.0,1.0,0.0,0.0
106.7760528,10.8883021,4389,0.0,1.0,0.0,0.0,0.0,0.0,0.0,1.0,0.0,0.0
106.7755835,10.8879838,4390,0.0,1.0,0.0,0.0,0.0,0.0,0.0,1.0,0.0,0.0
106.7669616,10.8791637,4391,0.0,1.0,0.0,0.0,0.0,0.0,0.0,1.0,0.0,0.0
106.7699649,10.8826313,4392,0.0,1.0,0.0,0.0,0.0,0.0,0.0,1.0,0.0,0.0
106.7674246,10.8796964,4393,0.0,1.0,0.0,0.0,0.0,0.0,0.0,1.0,0.0,0.0
106.7665273,10.8781879,4394,0.0,1.0,0.0,0.0,0.0,0.0,0.0,1.0,0.0,0.0
106.7659947,10.8758648,4395,0.0,1.0,0.0,0.0,0.0,0.0,0.0,1.0,0.0,0.0
106.7663294,10.876615,4396,0.0,1.0,0.0,0.0,0.0,0.0,0.0,1.0,0.0,0.0
106.7725468,10.8856887,4397,0.0,1.0,0.0,0.0,0.0,0.0,0.0,1.0,0.0,0.0
106.7705975,10.8833914,4398,0.0,1.0,0.0,0.0,0.0,0.0,0.0,1.0,0.0,0.0
106.7746604,10.8873213,4399,0.0,1.0,0.0,0.0,0.0,0.0,0.0,1.0,0.0,0.0
106.7671262,10.8793684,4400,0.0,1.0,0.0,0.0,0.0,0.0,0.0,1.0,0.0,0.0
106.7663965,10.8768423,4401,0.0,1.0,0.0,0.0,0.0,0.0,0.0,1.0,0.0,0.0
106.7727536,10.8858774,4402,0.0,1.0,0.0,0.0,0.0,0.0,0.0,1.0,0.0,0.0
106.776249,10.8884089,4403,0.0,1.0,0.0,0.0,0.0,0.0,0.0,1.0,0.0,0.0
106.7682666,10.8806635,4404,0.0,1.0,0.0,0.0,0.0,0.0,0.0,1.0,0.0,0.0
106.7668263,10.8789519,4405,0.0,1.0,0.0,0.0,0.0,0.0,0.0,1.0,0.0,0.0
106.773871,10.8867268,4406,0.0,1.0,0.0,0.0,0.0,0.0,0.0,1.0,0.0,0.0
106.7694273,10.882027,4407,0.0,1.0,0.0,0.0,0.0,0.0,0.0,1.0,0.0,0.0
106.7722802,10.8854021,4408,0.0,1.0,0.0,0.0,0.0,0.0,0.0,1.0,0.0,0.0
106.7688776,10.8813825,4409,0.0,1.0,0.0,0.0,0.0,0.0,0.0,1.0,0.0,0.0
106.773215,10.8862498,4410,0.0,1.0,0.0,0.0,0.0,0.0,0.0,1.0,0.0,0.0
106.7767926,10.8886828,4411,0.0,1.0,0.0,0.0,0.0,0.0,0.0,1.0,0.0,0.0
106.7729082,10.8860046,4412,0.0,1.0,0.0,0.0,0.0,0.0,0.0,1.0,0.0,0.0
106.7992966,10.8875734,4413,0.0,1.0,0.0,0.0,0.0,0.0,0.0,1.0,0.0,0.0
106.7995582,10.8880043,4414,0.0,1.0,0.0,0.0,0.0,0.0,0.0,1.0,0.0,0.0
106.7995766,10.8878706,4415,0.0,1.0,0.0,0.0,0.0,0.0,0.0,1.0,0.0,0.0
106.8001173,10.8886193,4416,0.0,1.0,0.0,0.0,0.0,0.0,0.0,1.0,0.0,0.0
106.638151,10.8177885,4417,0.0,1.0,0.0,0.0,0.0,0.0,0.0,1.0,0.0,0.0
106.7771467,10.8888493,4418,0.0,1.0,0.0,0.0,0.0,0.0,0.0,1.0,0.0,0.0
106.7383228,10.8874344,4419,0.0,1.0,0.0,0.0,0.0,0.0,0.0,1.0,0.0,0.0
106.7879581,10.8693293,4420,0.0,1.0,0.0,0.0,0.0,0.0,0.0,1.0,0.0,0.0
106.7877279,10.8678908,4421,0.0,1.0,0.0,0.0,0.0,0.0,0.0,1.0,0.0,0.0
106.7877298,10.8672947,4422,0.0,1.0,0.0,0.0,0.0,0.0,0.0,1.0,0.0,0.0
106.7668003,10.8642645,4423,0.0,1.0,0.0,0.0,0.0,0.0,0.0,1.0,0.0,0.0
106.7665168,10.86421,4424,0.0,1.0,0.0,0.0,0.0,0.0,0.0,1.0,0.0,0.0
106.7663628,10.8641797,4425,0.0,1.0,0.0,0.0,0.0,0.0,0.0,1.0,0.0,0.0
106.7749133,10.8675871,4426,0.0,1.0,0.0,0.0,0.0,0.0,0.0,1.0,0.0,0.0
106.780149,10.8629506,4427,0.0,1.0,0.0,0.0,0.0,0.0,0.0,1.0,0.0,0.0
106.7671141,10.8504383,4428,0.0,1.0,0.0,0.0,0.0,0.0,0.0,1.0,0.0,0.0
106.7672009,10.8504031,4429,0.0,1.0,0.0,0.0,0.0,0.0,0.0,1.0,0.0,0.0
106.7676702,10.8499388,4430,0.0,1.0,0.0,0.0,0.0,0.0,0.0,1.0,0.0,0.0
106.7453774,10.8407242,4431,0.0,1.0,0.0,0.0,0.0,0.0,0.0,1.0,0.0,0.0
106.7451199,10.840724,4432,0.0,1.0,0.0,0.0,0.0,0.0,0.0,1.0,0.0,0.0
106.7468692,10.8418802,4433,0.0,1.0,0.0,0.0,0.0,0.0,0.0,1.0,0.0,0.0
106.7529815,10.8485905,4434,0.0,1.0,0.0,0.0,0.0,0.0,0.0,1.0,0.0,0.0
106.7767401,10.8885442,4435,0.0,1.0,0.0,0.0,0.0,0.0,0.0,1.0,0.0,0.0
106.784865,10.8805517,4436,0.0,1.0,0.0,0.0,0.0,0.0,0.0,1.0,0.0,0.0
106.7848318,10.88048,4437,0.0,1.0,0.0,0.0,0.0,0.0,0.0,1.0,0.0,0.0
106.7847868,10.8805839,4438,0.0,1.0,0.0,0.0,0.0,0.0,0.0,1.0,0.0,0.0
106.7847494,10.8805117,4439,0.0,1.0,0.0,0.0,0.0,0.0,0.0,1.0,0.0,0.0
106.8043166,10.8762114,4440,0.0,1.0,0.0,0.0,0.0,0.0,0.0,1.0,0.0,0.0
106.7998502,10.8755127,4441,0.0,1.0,0.0,0.0,0.0,0.0,0.0,1.0,0.0,0.0
106.8038271,10.8763945,4442,0.0,1.0,0.0,0.0,0.0,0.0,0.0,1.0,0.0,0.0
106.8032212,10.8765695,4443,0.0,1.0,0.0,0.0,0.0,0.0,0.0,1.0,0.0,0.0
106.8032142,10.8764054,4444,0.0,1.0,0.0,0.0,0.0,0.0,0.0,1.0,0.0,0.0
106.8031389,10.8764566,4445,0.0,1.0,0.0,0.0,0.0,0.0,0.0,1.0,0.0,0.0
106.8031329,10.876482,4446,0.0,1.0,0.0,0.0,0.0,0.0,0.0,1.0,0.0,0.0
106.8031332,10.8764962,4447,0.0,1.0,0.0,0.0,0.0,0.0,0.0,1.0,0.0,0.0
106.803136,10.8765101,4448,0.0,1.0,0.0,0.0,0.0,0.0,0.0,1.0,0.0,0.0
106.8031481,10.876535,4449,0.0,1.0,0.0,0.0,0.0,0.0,0.0,1.0,0.0,0.0
106.803168,10.8765545,4450,0.0,1.0,0.0,0.0,0.0,0.0,0.0,1.0,0.0,0.0
106.8031933,10.8765664,4451,0.0,1.0,0.0,0.0,0.0,0.0,0.0,1.0,0.0,0.0
106.8031446,10.8763452,4452,0.0,1.0,0.0,0.0,0.0,0.0,0.0,1.0,0.0,0.0
106.8036917,10.8764314,4453,0.0,1.0,0.0,0.0,0.0,0.0,0.0,1.0,0.0,0.0
106.8051382,10.8754075,4454,0.0,1.0,0.0,0.0,0.0,0.0,0.0,1.0,0.0,0.0
106.8050631,10.8755418,4455,0.0,1.0,0.0,0.0,0.0,0.0,0.0,1.0,0.0,0.0
106.804937,10.8757051,4456,0.0,1.0,0.0,0.0,0.0,0.0,0.0,1.0,0.0,0.0
106.8048512,10.875792,4457,0.0,1.0,0.0,0.0,0.0,0.0,0.0,1.0,0.0,0.0
106.8047573,10.8758763,4458,0.0,1.0,0.0,0.0,0.0,0.0,0.0,1.0,0.0,0.0
106.8042236,10.876174,4459,0.0,1.0,0.0,0.0,0.0,0.0,0.0,1.0,0.0,0.0
106.804009,10.876253,4460,0.0,1.0,0.0,0.0,0.0,0.0,0.0,1.0,0.0,0.0
106.8037381,10.8763373,4461,0.0,1.0,0.0,0.0,0.0,0.0,0.0,1.0,0.0,0.0
106.8034913,10.8763952,4462,0.0,1.0,0.0,0.0,0.0,0.0,0.0,1.0,0.0,0.0
106.8108255,10.8810436,4463,0.0,1.0,0.0,0.0,0.0,0.0,0.0,1.0,0.0,0.0
106.7681393,10.880532,4464,0.0,1.0,0.0,0.0,0.0,0.0,0.0,1.0,0.0,0.0
106.7682176,10.8804552,4465,0.0,1.0,0.0,0.0,0.0,0.0,0.0,1.0,0.0,0.0
106.7550326,10.8760194,4466,0.0,1.0,0.0,0.0,0.0,0.0,0.0,1.0,0.0,0.0
106.746237,10.8643429,4467,0.0,1.0,0.0,0.0,0.0,0.0,0.0,1.0,0.0,0.0
106.7471477,10.865509,4468,0.0,1.0,0.0,0.0,0.0,0.0,0.0,1.0,0.0,0.0
106.7485967,10.8656041,4469,0.0,1.0,0.0,0.0,0.0,0.0,0.0,1.0,0.0,0.0
106.7494101,10.8659611,4470,0.0,1.0,0.0,0.0,0.0,0.0,0.0,1.0,0.0,0.0
106.7504269,10.866294,4471,0.0,1.0,0.0,0.0,0.0,0.0,0.0,1.0,0.0,0.0
106.74206,10.8608985,4472,0.0,1.0,0.0,0.0,0.0,0.0,0.0,1.0,0.0,0.0
106.7407402,10.8593433,4473,0.0,1.0,0.0,0.0,0.0,0.0,0.0,1.0,0.0,0.0
106.7403367,10.8588454,4474,0.0,1.0,0.0,0.0,0.0,0.0,0.0,1.0,0.0,0.0
106.7382928,10.8562554,4475,0.0,1.0,0.0,0.0,0.0,0.0,0.0,1.0,0.0,0.0
106.7381233,10.8560454,4476,0.0,1.0,0.0,0.0,0.0,0.0,0.0,1.0,0.0,0.0
106.7495064,10.8659854,4477,0.0,1.0,0.0,0.0,0.0,0.0,0.0,1.0,0.0,0.0
106.7632996,10.8704841,4478,0.0,1.0,0.0,0.0,0.0,0.0,0.0,1.0,0.0,0.0
106.6422159,10.7667138,4479,0.0,1.0,0.0,0.0,0.0,0.0,0.0,1.0,0.0,0.0
106.642464,10.7667013,4480,0.0,1.0,0.0,0.0,0.0,0.0,0.0,1.0,0.0,0.0
106.6424672,10.7669217,4481,0.0,1.0,0.0,0.0,0.0,0.0,0.0,1.0,0.0,0.0
106.6422837,10.7669628,4482,0.0,1.0,0.0,0.0,0.0,0.0,0.0,1.0,0.0,0.0
106.642241,10.7669378,4483,0.0,1.0,0.0,0.0,0.0,0.0,0.0,1.0,0.0,0.0
106.6422532,10.7666795,4484,0.0,1.0,0.0,0.0,0.0,0.0,0.0,1.0,0.0,0.0
106.6422078,10.7669014,4485,0.0,1.0,0.0,0.0,0.0,0.0,0.0,1.0,0.0,0.0
106.7006817,10.7751155,4486,0.0,1.0,0.0,0.0,0.0,0.0,0.0,0.0,0.0,0.0
106.7794278,10.8684975,4487,0.0,1.0,0.0,0.0,0.0,0.0,0.0,1.0,0.0,0.0
106.7767418,10.8724489,4488,0.0,1.0,0.0,0.0,0.0,0.0,0.0,1.0,0.0,0.0
106.7758442,10.8707569,4489,0.0,1.0,0.0,0.0,0.0,0.0,0.0,1.0,0.0,0.0
106.7760077,10.8709863,4490,0.0,1.0,0.0,0.0,0.0,0.0,0.0,1.0,0.0,0.0
106.7768815,10.8724057,4491,0.0,1.0,0.0,0.0,0.0,0.0,0.0,1.0,0.0,0.0
106.7783528,10.8747949,4492,0.0,1.0,0.0,0.0,0.0,0.0,0.0,1.0,0.0,0.0
106.7757205,10.8707232,4493,0.0,1.0,0.0,0.0,0.0,0.0,0.0,1.0,0.0,0.0
106.7757714,10.8692517,4494,0.0,1.0,0.0,0.0,0.0,0.0,0.0,1.0,0.0,0.0
106.7726741,10.8627062,4495,0.0,1.0,0.0,0.0,0.0,0.0,0.0,1.0,0.0,0.0
106.7496374,10.8037475,4496,0.0,1.0,0.0,0.0,0.0,0.0,0.0,1.0,0.0,0.0
106.7539503,10.8067931,4497,0.0,1.0,0.0,0.0,0.0,0.0,0.0,1.0,0.0,0.0
106.7691774,10.8497454,4498,0.0,1.0,0.0,0.0,0.0,0.0,0.0,1.0,0.0,0.0
106.7273184,10.869549,4499,0.0,1.0,0.0,0.0,0.0,0.0,0.0,1.0,0.0,0.0
106.7165457,10.8274134,4500,0.0,1.0,0.0,0.0,0.0,0.0,0.0,1.0,0.0,0.0
106.6600143,10.7732414,4501,0.0,1.0,0.0,0.0,0.0,0.0,0.0,1.0,0.0,0.0
106.6601997,10.7733429,4502,0.0,1.0,0.0,0.0,0.0,0.0,0.0,1.0,0.0,0.0
106.7213718,10.8288611,4503,0.0,1.0,0.0,0.0,0.0,0.0,0.0,1.0,0.0,0.0
106.7214884,10.8285969,4504,0.0,1.0,0.0,0.0,0.0,0.0,0.0,1.0,0.0,0.0
106.7201587,10.8278555,4505,0.0,1.0,0.0,0.0,0.0,0.0,0.0,1.0,0.0,0.0
106.7140352,10.8262112,4506,0.0,1.0,0.0,0.0,0.0,0.0,0.0,1.0,0.0,0.0
106.714059,10.8266231,4507,0.0,1.0,0.0,0.0,0.0,0.0,0.0,1.0,0.0,0.0
106.7150274,10.8262938,4508,0.0,1.0,0.0,0.0,0.0,0.0,0.0,1.0,0.0,0.0
106.7143838,10.8267631,4509,0.0,1.0,0.0,0.0,0.0,0.0,0.0,1.0,0.0,0.0
106.7147458,10.8256636,4510,0.0,1.0,0.0,0.0,0.0,0.0,0.0,1.0,0.0,0.0
106.7149095,10.8257905,4511,0.0,1.0,0.0,0.0,0.0,0.0,0.0,1.0,0.0,0.0
106.7755215,10.7698732,4512,0.0,1.0,0.0,0.0,0.0,0.0,0.0,1.0,0.0,0.0
106.7465753,10.8025747,4513,0.0,1.0,0.0,0.0,0.0,0.0,0.0,1.0,0.0,0.0
106.689016,10.8209938,4514,0.0,1.0,0.0,0.0,0.0,0.0,0.0,1.0,0.0,0.0
106.73608,10.8691182,4515,0.0,1.0,0.0,0.0,0.0,0.0,0.0,1.0,0.0,0.0
106.7371679,10.8694747,4516,0.0,1.0,0.0,0.0,0.0,0.0,0.0,1.0,0.0,0.0
106.744538,10.8728483,4517,0.0,1.0,0.0,0.0,0.0,0.0,0.0,1.0,0.0,0.0
106.7561236,10.863402,4518,0.0,1.0,0.0,0.0,0.0,0.0,0.0,1.0,0.0,0.0
106.7028541,10.7855196,4519,0.0,1.0,0.0,0.0,0.0,0.0,1.0,0.0,0.0,0.0
106.701687,10.7867196,4520,0.0,1.0,0.0,0.0,0.0,0.0,1.0,0.0,0.0,0.0
106.854739,10.7858733,4521,0.0,1.0,0.0,0.0,0.0,0.0,0.0,1.0,0.0,0.0
106.8547623,10.7859557,4522,0.0,1.0,0.0,0.0,0.0,0.0,0.0,1.0,0.0,0.0
106.7887514,10.8584028,4523,0.0,1.0,0.0,0.0,0.0,0.0,0.0,0.0,0.0,1.0
106.7269674,10.8331081,4524,0.0,1.0,0.0,0.0,0.0,0.0,0.0,1.0,0.0,0.0
106.7721963,10.849707,4525,0.0,1.0,0.0,0.0,0.0,1.0,1.0,0.0,0.0,0.0
106.7690261,10.8497476,4526,0.0,1.0,0.0,0.0,0.0,0.0,0.0,0.0,0.0,0.0
106.764082,10.8507531,4527,0.0,1.0,0.0,0.0,0.0,0.0,0.0,0.0,0.0,0.0
106.7599916,10.8505632,4528,0.0,1.0,0.0,0.0,0.0,0.0,0.0,0.0,0.0,0.0
106.7543192,10.8502084,4529,0.0,1.0,0.0,0.0,0.0,0.0,0.0,0.0,0.0,0.0
106.759378,10.850597,4530,0.0,1.0,0.0,0.0,0.0,0.0,0.0,0.0,0.0,0.0
106.7116581,10.8169172,4531,0.0,1.0,0.0,0.0,0.0,0.0,0.0,0.0,0.0,0.0
106.7715058,10.8496997,4532,0.0,1.0,0.0,0.0,0.0,1.0,1.0,0.0,0.0,0.0
106.7680585,10.8497858,4533,0.0,1.0,0.0,0.0,0.0,1.0,1.0,0.0,0.0,0.0
106.749763,10.7644644,4534,0.0,1.0,0.0,0.0,0.0,0.0,0.0,1.0,0.0,0.0
106.7205116,10.7309594,4535,0.0,1.0,0.0,0.0,0.0,0.0,0.0,1.0,0.0,0.0
106.6670971,10.7679984,4536,0.0,1.0,0.0,0.0,0.0,0.0,0.0,1.0,0.0,0.0
106.6670229,10.767749,4537,0.0,1.0,0.0,0.0,0.0,0.0,0.0,0.0,1.0,0.0
106.6673908,10.7679525,4538,0.0,1.0,0.0,0.0,0.0,0.0,0.0,1.0,0.0,0.0
106.6672773,10.7679499,4539,0.0,1.0,0.0,0.0,0.0,0.0,0.0,1.0,0.0,0.0
106.6668906,10.7679584,4540,0.0,1.0,0.0,0.0,0.0,0.0,0.0,1.0,0.0,0.0
106.6524351,10.7906384,4541,0.0,1.0,0.0,0.0,0.0,0.0,0.0,1.0,0.0,0.0
106.6535648,10.7867701,4542,0.0,1.0,0.0,0.0,0.0,0.0,0.0,0.0,1.0,0.0
106.6561288,10.7781263,4543,0.0,1.0,0.0,0.0,0.0,0.0,0.0,1.0,0.0,0.0
106.65349,10.7867363,4544,0.0,1.0,0.0,0.0,0.0,0.0,0.0,0.0,1.0,0.0
106.6975675,10.790616,4545,0.0,1.0,0.0,0.0,0.0,0.0,0.0,1.0,0.0,0.0
106.6976523,10.7905389,4546,0.0,1.0,0.0,0.0,0.0,0.0,0.0,1.0,0.0,0.0
106.6975784,10.7905833,4547,0.0,1.0,0.0,0.0,0.0,0.0,0.0,1.0,0.0,0.0
106.6976211,10.7905465,4548,0.0,1.0,0.0,0.0,0.0,0.0,0.0,1.0,0.0,0.0
106.7927383,10.7917842,4549,0.0,1.0,0.0,0.0,0.0,0.0,0.0,1.0,0.0,0.0
106.7537417,10.7933956,4550,0.0,1.0,0.0,0.0,0.0,0.0,0.0,1.0,0.0,0.0
106.6186403,10.8012197,4551,0.0,1.0,0.0,0.0,0.0,0.0,0.0,1.0,0.0,0.0
106.6193967,10.8012387,4552,0.0,1.0,0.0,0.0,0.0,0.0,0.0,1.0,0.0,0.0
106.7023549,10.7564549,4553,0.0,1.0,0.0,0.0,0.0,0.0,0.0,1.0,0.0,0.0
106.7023241,10.7564939,4554,0.0,1.0,0.0,0.0,0.0,0.0,0.0,1.0,0.0,0.0
106.8450235,10.786298,4555,0.0,1.0,0.0,0.0,0.0,0.0,0.0,1.0,0.0,0.0
106.8450507,10.78641,4556,0.0,1.0,0.0,0.0,0.0,0.0,0.0,1.0,0.0,0.0
106.7319201,10.7997621,4557,0.0,1.0,0.0,0.0,0.0,0.0,0.0,1.0,0.0,0.0
106.7320488,10.7996136,4558,0.0,1.0,0.0,0.0,0.0,0.0,0.0,1.0,0.0,0.0
106.7541375,10.8062471,4559,0.0,1.0,0.0,0.0,0.0,0.0,0.0,1.0,0.0,0.0
106.7538962,10.8063759,4560,0.0,1.0,0.0,0.0,0.0,0.0,0.0,1.0,0.0,0.0
106.6402431,10.7369895,4561,0.0,1.0,0.0,0.0,0.0,0.0,0.0,1.0,0.0,0.0
106.6403352,10.7369774,4562,0.0,1.0,0.0,0.0,0.0,0.0,0.0,1.0,0.0,0.0
106.7103879,10.8150578,4563,0.0,1.0,0.0,0.0,0.0,0.0,0.0,1.0,0.0,0.0
106.7106691,10.8156308,4564,0.0,1.0,0.0,0.0,0.0,0.0,0.0,1.0,0.0,0.0
106.7097644,10.8138039,4565,0.0,1.0,0.0,0.0,0.0,0.0,0.0,1.0,0.0,0.0
106.6176325,10.8386385,4566,0.0,1.0,0.0,0.0,0.0,0.0,0.0,1.0,0.0,0.0
106.7039738,10.7974265,4567,0.0,1.0,0.0,0.0,0.0,0.0,0.0,1.0,0.0,0.0
106.5817395,10.7492544,4568,0.0,1.0,0.0,0.0,0.0,0.0,0.0,1.0,0.0,0.0
106.6444644,10.7697921,4569,0.0,1.0,0.0,0.0,0.0,0.0,0.0,1.0,0.0,0.0
106.6384349,10.7760645,4570,0.0,1.0,0.0,0.0,0.0,0.0,0.0,1.0,0.0,0.0
106.6409672,10.7854608,4571,0.0,1.0,0.0,0.0,0.0,0.0,0.0,1.0,0.0,0.0
106.6843698,10.7781284,4572,0.0,1.0,0.0,0.0,0.0,0.0,0.0,1.0,0.0,0.0
106.7607033,10.8626887,4573,0.0,1.0,0.0,0.0,0.0,0.0,0.0,1.0,0.0,0.0
106.6356681,10.7704812,4574,0.0,1.0,0.0,0.0,0.0,0.0,0.0,1.0,0.0,0.0
106.642029,10.7758761,4575,0.0,1.0,0.0,0.0,0.0,0.0,0.0,1.0,0.0,0.0
106.6420505,10.7758299,4576,0.0,1.0,0.0,0.0,0.0,0.0,0.0,1.0,0.0,0.0
106.6410433,10.7768233,4577,0.0,1.0,0.0,0.0,0.0,0.0,0.0,1.0,0.0,0.0
106.6614187,10.7739949,4578,0.0,1.0,0.0,0.0,0.0,0.0,0.0,1.0,0.0,0.0
106.6615589,10.773825,4579,0.0,1.0,0.0,0.0,0.0,0.0,0.0,1.0,0.0,0.0
106.6614007,10.7736176,4580,0.0,1.0,0.0,0.0,0.0,0.0,0.0,1.0,0.0,0.0
106.656945,10.7705578,4581,0.0,1.0,0.0,0.0,0.0,0.0,0.0,1.0,0.0,0.0
106.6543576,10.7709513,4582,0.0,1.0,0.0,0.0,0.0,0.0,0.0,1.0,0.0,0.0
106.6524309,10.7692387,4583,0.0,1.0,0.0,0.0,0.0,0.0,0.0,1.0,0.0,0.0
106.6523784,10.769169,4584,0.0,1.0,0.0,0.0,0.0,0.0,0.0,1.0,0.0,0.0
106.6523202,10.7691309,4585,0.0,1.0,0.0,0.0,0.0,0.0,0.0,1.0,0.0,0.0
106.652204,10.7690895,4586,0.0,1.0,0.0,0.0,0.0,0.0,0.0,1.0,0.0,0.0
106.6523712,10.7690691,4587,0.0,1.0,0.0,0.0,0.0,0.0,0.0,1.0,0.0,0.0
106.7710376,10.8455968,4588,0.0,1.0,0.0,0.0,0.0,0.0,0.0,1.0,0.0,0.0
106.6489783,10.7861123,4589,0.0,1.0,0.0,0.0,0.0,0.0,0.0,1.0,0.0,0.0
106.7326591,10.8376057,4590,0.0,1.0,0.0,0.0,0.0,0.0,0.0,1.0,0.0,0.0
106.7194311,10.8275596,4591,0.0,1.0,0.0,0.0,0.0,0.0,0.0,1.0,0.0,0.0
106.7454841,10.8428607,4592,0.0,1.0,0.0,0.0,0.0,0.0,0.0,1.0,0.0,0.0
106.742714,10.8405071,4593,0.0,1.0,0.0,0.0,0.0,0.0,0.0,1.0,0.0,0.0
106.7445815,10.8417348,4594,0.0,1.0,0.0,0.0,0.0,0.0,0.0,1.0,0.0,0.0
106.7423769,10.8403777,4595,0.0,1.0,0.0,0.0,0.0,0.0,0.0,1.0,0.0,0.0
106.7515331,10.8537335,4596,0.0,1.0,0.0,0.0,0.0,0.0,0.0,1.0,0.0,0.0
106.7462811,10.8445217,4597,0.0,1.0,0.0,0.0,0.0,0.0,0.0,1.0,0.0,0.0
106.7300219,10.8353987,4598,0.0,1.0,0.0,0.0,0.0,0.0,0.0,1.0,0.0,0.0
106.7303006,10.8351625,4599,0.0,1.0,0.0,0.0,0.0,0.0,0.0,1.0,0.0,0.0
106.719839,10.8277305,4600,0.0,1.0,0.0,0.0,0.0,0.0,0.0,1.0,0.0,0.0
106.7200079,10.827367,4601,0.0,1.0,0.0,0.0,0.0,0.0,0.0,1.0,0.0,0.0
106.68708,10.8277686,4602,0.0,1.0,0.0,0.0,0.0,0.0,0.0,1.0,0.0,0.0
106.7631701,10.8508376,4603,0.0,1.0,0.0,0.0,0.0,0.0,0.0,1.0,0.0,0.0
106.7634831,10.832238,4604,0.0,1.0,0.0,0.0,0.0,0.0,0.0,1.0,0.0,0.0
106.7367596,10.855613,4605,0.0,1.0,0.0,0.0,0.0,0.0,0.0,1.0,0.0,0.0
106.7374317,10.855795,4606,0.0,1.0,0.0,0.0,0.0,0.0,0.0,1.0,0.0,0.0
106.7684764,10.8271362,4607,0.0,1.0,0.0,0.0,0.0,0.0,0.0,1.0,0.0,0.0
106.7671376,10.8319709,4608,0.0,1.0,0.0,0.0,0.0,0.0,0.0,1.0,0.0,0.0
106.763161,10.8302697,4609,0.0,1.0,0.0,0.0,0.0,0.0,0.0,0.0,0.0,0.0
106.7648603,10.8506809,4610,0.0,1.0,0.0,0.0,0.0,0.0,0.0,0.0,0.0,0.0
106.7583912,10.8508014,4611,0.0,1.0,0.0,0.0,0.0,1.0,1.0,0.0,0.0,0.0
106.6695562,10.7571496,4612,0.0,1.0,0.0,0.0,0.0,0.0,0.0,0.0,0.0,0.0
106.6650113,10.7559483,4613,0.0,1.0,0.0,0.0,0.0,0.0,0.0,0.0,0.0,0.0
106.6612051,10.7551848,4614,0.0,1.0,0.0,0.0,0.0,0.0,0.0,0.0,0.0,0.0
106.6616053,10.7530657,4615,0.0,1.0,0.0,0.0,0.0,0.0,0.0,0.0,0.0,0.0
106.6646205,10.7536262,4616,0.0,1.0,0.0,0.0,0.0,0.0,0.0,0.0,0.0,0.0
106.6679689,10.7542875,4617,0.0,1.0,0.0,0.0,0.0,0.0,0.0,0.0,0.0,0.0
106.6699247,10.7546744,4618,0.0,1.0,0.0,0.0,0.0,0.0,0.0,0.0,0.0,0.0
106.6767057,10.7614803,4619,0.0,1.0,0.0,0.0,0.0,0.0,0.0,0.0,0.0,0.0
106.6755966,10.764361,4620,0.0,1.0,0.0,0.0,0.0,0.0,0.0,0.0,0.0,0.0
106.6772914,10.7712134,4621,0.0,1.0,0.0,0.0,0.0,0.0,0.0,0.0,0.0,0.0
106.6839593,10.7769515,4622,0.0,1.0,0.0,0.0,0.0,0.0,0.0,0.0,0.0,0.0
106.685171,10.7780742,4623,0.0,1.0,0.0,0.0,0.0,0.0,0.0,0.0,0.0,0.0
106.6874916,10.780274,4624,0.0,1.0,0.0,0.0,0.0,0.0,0.0,0.0,0.0,0.0
106.69017,10.7828612,4625,0.0,1.0,0.0,0.0,0.0,0.0,0.0,0.0,0.0,0.0
106.6923043,10.785015,4626,0.0,1.0,0.0,0.0,0.0,0.0,0.0,0.0,0.0,0.0
106.6941479,10.7869388,4627,0.0,1.0,0.0,0.0,0.0,0.0,0.0,0.0,0.0,0.0
106.6967242,10.7895582,4628,0.0,1.0,0.0,0.0,0.0,0.0,0.0,0.0,0.0,0.0
106.6961569,10.7962409,4629,0.0,1.0,0.0,0.0,0.0,0.0,0.0,0.0,0.0,0.0
106.7123819,10.8109578,4630,0.0,1.0,0.0,0.0,0.0,0.0,0.0,0.0,0.0,0.0
106.7126952,10.8134774,4631,0.0,1.0,0.0,0.0,0.0,0.0,0.0,0.0,0.0,0.0
106.7445736,10.8407852,4632,0.0,1.0,0.0,0.0,0.0,0.0,0.0,0.0,0.0,0.0
106.7463168,10.8413672,4633,0.0,1.0,0.0,0.0,0.0,0.0,0.0,0.0,0.0,0.0
106.6595601,10.7465993,4634,0.0,1.0,0.0,0.0,0.0,0.0,0.0,0.0,0.0,0.0
106.6620353,10.7563183,4635,0.0,1.0,0.0,0.0,0.0,0.0,0.0,0.0,0.0,0.0
106.6621023,10.7564285,4636,0.0,1.0,0.0,0.0,0.0,0.0,0.0,0.0,0.0,0.0
106.6611901,10.7596862,4637,0.0,1.0,0.0,0.0,0.0,0.0,0.0,0.0,0.0,0.0
106.6610698,10.7597693,4638,0.0,1.0,0.0,0.0,0.0,0.0,0.0,0.0,0.0,0.0
106.6606888,10.7614763,4639,0.0,1.0,0.0,0.0,0.0,0.0,0.0,0.0,0.0,0.0
106.6606106,10.7614105,4640,0.0,1.0,0.0,0.0,0.0,0.0,0.0,0.0,0.0,0.0
106.6596901,10.7650426,4641,0.0,1.0,0.0,0.0,0.0,0.0,0.0,0.0,0.0,0.0
106.6596208,10.7649487,4642,0.0,1.0,0.0,0.0,0.0,0.0,0.0,0.0,0.0,0.0
106.6582589,10.7698164,4643,0.0,1.0,0.0,0.0,0.0,0.0,0.0,0.0,0.0,0.0
106.6583734,10.7697444,4644,0.0,1.0,0.0,0.0,0.0,0.0,0.0,0.0,0.0,0.0
106.6577752,10.7715454,4645,0.0,1.0,0.0,0.0,0.0,0.0,0.0,0.0,0.0,0.0
106.6564286,10.7763585,4646,0.0,1.0,0.0,0.0,0.0,0.0,0.0,0.0,0.0,0.0
106.6564848,10.7764886,4647,0.0,1.0,0.0,0.0,0.0,0.0,0.0,0.0,0.0,0.0
106.6558747,10.7787098,4648,0.0,1.0,0.0,0.0,0.0,0.0,0.0,0.0,0.0,0.0
106.6546751,10.7828744,4649,0.0,1.0,0.0,0.0,0.0,0.0,0.0,0.0,0.0,0.0
106.6545455,10.7830371,4650,0.0,1.0,0.0,0.0,0.0,0.0,0.0,0.0,0.0,0.0
106.654411,10.783801,4651,0.0,1.0,0.0,0.0,0.0,0.0,0.0,0.0,0.0,0.0
106.6537096,10.7859666,4652,0.0,1.0,0.0,0.0,0.0,0.0,0.0,0.0,0.0,0.0
106.6537749,10.786033,4653,0.0,1.0,0.0,0.0,0.0,0.0,0.0,0.0,0.0,0.0
106.6529164,10.7887464,4654,0.0,1.0,0.0,0.0,0.0,0.0,0.0,0.0,0.0,0.0
106.6530074,10.7887255,4655,0.0,1.0,0.0,0.0,0.0,0.0,0.0,0.0,0.0,0.0
106.6530084,10.7920819,4656,0.0,1.0,0.0,0.0,0.0,0.0,0.0,0.0,0.0,0.0
106.6528626,10.7920881,4657,0.0,1.0,0.0,0.0,0.0,0.0,0.0,0.0,0.0,0.0
106.6552834,10.7949186,4658,0.0,1.0,0.0,0.0,0.0,0.0,0.0,0.0,0.0,0.0
106.6525329,10.7944927,4659,0.0,1.0,0.0,0.0,0.0,0.0,0.0,0.0,0.0,0.0
106.657431,10.7970695,4660,0.0,1.0,0.0,0.0,0.0,0.0,0.0,0.0,0.0,0.0
106.6574071,10.7968999,4661,0.0,1.0,0.0,0.0,0.0,0.0,0.0,0.0,0.0,0.0
106.6589987,10.7984835,4662,0.0,1.0,0.0,0.0,0.0,0.0,0.0,0.0,0.0,0.0
106.658914,10.798487,4663,0.0,1.0,0.0,0.0,0.0,0.0,0.0,0.0,0.0,0.0
106.6602929,10.7997088,4664,0.0,1.0,0.0,0.0,0.0,0.0,0.0,0.0,0.0,0.0
106.6601644,10.7996919,4665,0.0,1.0,0.0,0.0,0.0,0.0,0.0,0.0,0.0,0.0
106.6700598,10.8000454,4666,0.0,1.0,0.0,0.0,0.0,0.0,0.0,0.0,0.0,0.0
106.6727632,10.7998065,4667,0.0,1.0,0.0,0.0,0.0,0.0,0.0,0.0,0.0,0.0
106.7627924,10.8508571,4668,0.0,1.0,0.0,0.0,0.0,0.0,0.0,1.0,0.0,0.0
106.7520244,10.8583144,4669,0.0,1.0,0.0,0.0,0.0,0.0,0.0,1.0,0.0,0.0
106.78109,10.8647214,4670,0.0,1.0,0.0,0.0,0.0,0.0,0.0,1.0,0.0,0.0
106.7887782,10.8671103,4671,0.0,1.0,0.0,0.0,0.0,0.0,0.0,1.0,0.0,0.0
106.7866102,10.8673459,4672,0.0,1.0,0.0,0.0,0.0,0.0,0.0,1.0,0.0,0.0
106.7699366,10.8717573,4673,0.0,1.0,0.0,0.0,0.0,0.0,0.0,1.0,0.0,0.0
106.7669194,10.8790976,4674,0.0,1.0,0.0,0.0,0.0,0.0,0.0,1.0,0.0,0.0
106.6599301,10.7719573,4675,0.0,1.0,0.0,0.0,0.0,0.0,0.0,0.0,0.0,0.0
106.6616396,10.7739249,4676,0.0,1.0,0.0,0.0,0.0,0.0,0.0,0.0,0.0,0.0
106.6631464,10.7758754,4677,0.0,1.0,0.0,0.0,0.0,0.0,0.0,0.0,0.0,0.0
106.6636356,10.7763448,4678,0.0,1.0,0.0,0.0,0.0,0.0,0.0,1.0,0.0,0.0
106.6646138,10.7738264,4679,0.0,1.0,0.0,0.0,0.0,0.0,0.0,0.0,0.0,0.0
106.7442059,10.8408361,4680,0.0,1.0,0.0,0.0,0.0,0.0,0.0,1.0,0.0,0.0
106.6778948,10.8456475,4681,0.0,1.0,0.0,0.0,0.0,0.0,0.0,1.0,0.0,0.0
106.7141568,10.8283943,4682,0.0,1.0,0.0,0.0,0.0,0.0,0.0,1.0,0.0,0.0
106.7070109,10.8838911,4683,0.0,1.0,0.0,0.0,0.0,0.0,0.0,1.0,0.0,0.0
106.7065931,10.8840061,4684,0.0,1.0,0.0,0.0,0.0,0.0,0.0,1.0,0.0,0.0
106.6884542,10.8221268,4685,0.0,1.0,0.0,0.0,0.0,0.0,0.0,1.0,0.0,0.0
106.6868999,10.8245026,4686,0.0,1.0,0.0,0.0,0.0,0.0,0.0,1.0,0.0,0.0
106.681036,10.8364976,4687,0.0,1.0,0.0,0.0,0.0,0.0,0.0,1.0,0.0,0.0
106.6796096,10.8391666,4688,0.0,1.0,0.0,0.0,0.0,0.0,0.0,1.0,0.0,0.0
106.6792612,10.83962,4689,0.0,1.0,0.0,0.0,0.0,0.0,0.0,1.0,0.0,0.0
106.6786534,10.8405276,4690,0.0,1.0,0.0,0.0,0.0,0.0,0.0,1.0,0.0,0.0
106.678504,10.8406655,4691,0.0,1.0,0.0,0.0,0.0,0.0,0.0,1.0,0.0,0.0
106.6783587,10.8408148,4692,0.0,1.0,0.0,0.0,0.0,0.0,0.0,1.0,0.0,0.0
106.678275,10.8408974,4693,0.0,1.0,0.0,0.0,0.0,0.0,0.0,1.0,0.0,0.0
106.6781233,10.8410127,4694,0.0,1.0,0.0,0.0,0.0,0.0,0.0,1.0,0.0,0.0
106.6780155,10.8410916,4695,0.0,1.0,0.0,0.0,0.0,0.0,0.0,1.0,0.0,0.0
106.6774632,10.8414368,4696,0.0,1.0,0.0,0.0,0.0,0.0,0.0,1.0,0.0,0.0
106.6749833,10.799611,4697,0.0,1.0,0.0,0.0,0.0,0.0,0.0,0.0,0.0,0.0
106.7114529,10.8037262,4698,0.0,1.0,0.0,0.0,0.0,0.0,0.0,0.0,0.0,0.0
106.7115658,10.8064339,4699,0.0,1.0,0.0,0.0,0.0,0.0,0.0,0.0,0.0,0.0
106.7153558,10.8270992,4700,0.0,1.0,0.0,0.0,0.0,0.0,0.0,0.0,0.0,0.0
106.7254178,10.8316231,4701,0.0,1.0,0.0,0.0,0.0,0.0,0.0,0.0,0.0,0.0
106.8017916,10.8663693,4702,0.0,1.0,0.0,0.0,0.0,0.0,0.0,0.0,0.0,0.0
106.7981509,10.879116,4703,0.0,1.0,0.0,0.0,0.0,0.0,0.0,1.0,0.0,0.0
106.7985737,10.8791239,4704,0.0,1.0,0.0,0.0,0.0,0.0,0.0,1.0,0.0,0.0
106.7989986,10.8790993,4705,0.0,1.0,0.0,0.0,0.0,0.0,0.0,1.0,0.0,0.0
106.7992874,10.8791011,4706,0.0,1.0,0.0,0.0,0.0,0.0,0.0,1.0,0.0,0.0
106.799834,10.8790361,4707,0.0,1.0,0.0,0.0,0.0,0.0,0.0,1.0,0.0,0.0
106.8001918,10.8789962,4708,0.0,1.0,0.0,0.0,0.0,0.0,0.0,1.0,0.0,0.0
106.8012732,10.8787327,4709,0.0,1.0,0.0,0.0,0.0,0.0,0.0,1.0,0.0,0.0
106.8015171,10.8786688,4710,0.0,1.0,0.0,0.0,0.0,0.0,0.0,1.0,0.0,0.0
106.8017773,10.8786289,4711,0.0,1.0,0.0,0.0,0.0,0.0,0.0,1.0,0.0,0.0
106.5677328,10.7802702,4712,0.0,1.0,0.0,0.0,0.0,0.0,0.0,1.0,0.0,0.0
106.6680006,10.7640095,4713,0.0,1.0,0.0,0.0,0.0,0.0,0.0,0.0,0.0,0.0
106.6679882,10.7635516,4714,0.0,1.0,0.0,0.0,0.0,0.0,0.0,0.0,0.0,0.0
106.6685521,10.7610716,4715,0.0,1.0,0.0,0.0,0.0,0.0,0.0,0.0,0.0,0.0
106.6690295,10.7590308,4716,0.0,1.0,0.0,0.0,0.0,0.0,0.0,0.0,0.0,0.0
106.6690843,10.7592023,4717,0.0,1.0,0.0,0.0,0.0,0.0,0.0,0.0,0.0,0.0
106.668592,10.7529727,4718,0.0,1.0,0.0,0.0,0.0,0.0,0.0,0.0,0.0,0.0
106.6571756,10.7705227,4719,0.0,1.0,0.0,0.0,0.0,0.0,0.0,0.0,0.0,0.0
106.6535703,10.7710711,4720,0.0,1.0,0.0,0.0,0.0,0.0,0.0,0.0,0.0,0.0
106.6526149,10.7702073,4721,0.0,1.0,0.0,0.0,0.0,0.0,0.0,0.0,0.0,0.0
106.6549135,10.7653693,4722,0.0,1.0,0.0,0.0,0.0,0.0,0.0,0.0,0.0,0.0
106.6531443,10.7679619,4723,0.0,1.0,0.0,0.0,0.0,0.0,0.0,0.0,0.0,0.0
106.6531852,10.7676857,4724,0.0,1.0,0.0,0.0,0.0,0.0,0.0,0.0,0.0,0.0
106.6551268,10.7648824,4725,0.0,1.0,0.0,0.0,0.0,0.0,0.0,0.0,0.0,0.0
106.6589231,10.7633207,4726,0.0,1.0,0.0,0.0,0.0,0.0,0.0,0.0,0.0,0.0
106.6586066,10.7630396,4727,0.0,1.0,0.0,0.0,0.0,0.0,0.0,0.0,0.0,0.0
106.6613192,10.764505,4728,0.0,1.0,0.0,0.0,0.0,0.0,0.0,0.0,0.0,0.0
106.6616782,10.7648017,4729,0.0,1.0,0.0,0.0,0.0,0.0,0.0,0.0,0.0,0.0
106.6638606,10.7658608,4730,0.0,1.0,0.0,0.0,0.0,0.0,0.0,0.0,0.0,0.0
106.6692498,10.7678754,4731,0.0,1.0,0.0,0.0,0.0,0.0,0.0,0.0,0.0,0.0
106.6691782,10.7679665,4732,0.0,1.0,0.0,0.0,0.0,0.0,0.0,0.0,0.0,0.0
106.6732443,10.7676922,4733,0.0,1.0,0.0,0.0,0.0,0.0,0.0,0.0,0.0,0.0
106.6731111,10.7677829,4734,0.0,1.0,0.0,0.0,0.0,0.0,0.0,0.0,0.0,0.0
106.6755138,10.7673983,4735,0.0,1.0,0.0,0.0,0.0,0.0,0.0,0.0,0.0,0.0
106.6756995,10.7672452,4736,0.0,1.0,0.0,0.0,0.0,0.0,0.0,0.0,0.0,0.0
106.6802177,10.7659225,4737,0.0,1.0,0.0,0.0,0.0,0.0,0.0,0.0,0.0,0.0
106.682071,10.7645742,4738,0.0,1.0,0.0,0.0,0.0,0.0,0.0,0.0,0.0,0.0
106.6830734,10.7620596,4739,0.0,1.0,0.0,0.0,0.0,0.0,0.0,0.0,0.0,0.0
106.6765437,10.7584595,4740,0.0,1.0,0.0,0.0,0.0,0.0,0.0,0.0,0.0,0.0
106.6731475,10.7572931,4741,0.0,1.0,0.0,0.0,0.0,0.0,0.0,0.0,0.0,0.0
106.6675014,10.7578192,4742,0.0,1.0,0.0,0.0,0.0,0.0,0.0,0.0,0.0,0.0
106.6646126,10.7556477,4743,0.0,1.0,0.0,0.0,0.0,0.0,0.0,0.0,0.0,0.0
106.6586248,10.757822,4744,0.0,1.0,0.0,0.0,0.0,0.0,0.0,0.0,0.0,0.0
106.6551129,10.7571232,4745,0.0,1.0,0.0,0.0,0.0,0.0,0.0,0.0,0.0,0.0
106.6537488,10.7554339,4746,0.0,1.0,0.0,0.0,0.0,0.0,0.0,0.0,0.0,0.0
106.6492614,10.7951592,4747,0.0,1.0,0.0,0.0,0.0,0.0,0.0,0.0,0.0,0.0
106.6488492,10.7952881,4748,0.0,1.0,0.0,0.0,0.0,0.0,0.0,0.0,0.0,0.0
106.6460211,10.7968927,4749,0.0,1.0,0.0,0.0,0.0,0.0,0.0,0.0,0.0,0.0
106.6441599,10.7978814,4750,0.0,1.0,0.0,0.0,0.0,0.0,0.0,0.0,0.0,0.0
106.6407099,10.799742,4751,0.0,1.0,0.0,0.0,0.0,0.0,0.0,0.0,0.0,0.0
106.6366822,10.801801,4752,0.0,1.0,0.0,0.0,0.0,0.0,0.0,0.0,0.0,0.0
106.6370453,10.8016939,4753,0.0,1.0,0.0,0.0,0.0,0.0,0.0,0.0,0.0,0.0
106.635712,10.8042145,4754,0.0,1.0,0.0,0.0,0.0,0.0,0.0,0.0,0.0,0.0
106.635077,10.8063065,4755,0.0,1.0,0.0,0.0,0.0,0.0,0.0,0.0,0.0,0.0
106.6349212,10.8064017,4756,0.0,1.0,0.0,0.0,0.0,0.0,0.0,0.0,0.0,0.0
106.6345665,10.8082205,4757,0.0,1.0,0.0,0.0,0.0,0.0,0.0,0.0,0.0,0.0
106.6262429,10.8264571,4758,0.0,1.0,0.0,0.0,0.0,0.0,0.0,0.0,0.0,0.0
106.6235423,10.829463,4759,0.0,1.0,0.0,0.0,0.0,0.0,0.0,0.0,0.0,0.0
106.6202158,10.8346245,4760,0.0,1.0,0.0,0.0,0.0,0.0,0.0,0.0,0.0,0.0
106.6173601,10.8390513,4761,0.0,1.0,0.0,0.0,0.0,0.0,0.0,0.0,0.0,0.0
106.6167662,10.8406114,4762,0.0,1.0,0.0,0.0,0.0,0.0,0.0,0.0,0.0,0.0
106.6289004,10.8193005,4763,0.0,1.0,0.0,0.0,0.0,0.0,0.0,0.0,0.0,0.0
106.630489,10.8204582,4764,0.0,1.0,0.0,0.0,0.0,0.0,0.0,0.0,0.0,0.0
106.6219676,10.8124061,4765,0.0,1.0,0.0,0.0,0.0,0.0,0.0,0.0,0.0,0.0
106.6193887,10.809626,4766,0.0,1.0,0.0,0.0,0.0,0.0,0.0,0.0,0.0,0.0
106.6185838,10.79913,4767,0.0,1.0,0.0,0.0,0.0,0.0,0.0,0.0,0.0,0.0
106.6203627,10.7951375,4768,0.0,1.0,0.0,0.0,0.0,0.0,0.0,0.0,0.0,0.0
106.6336568,10.787693,4769,0.0,1.0,0.0,0.0,0.0,0.0,0.0,0.0,0.0,0.0
106.6501057,10.7819274,4770,0.0,1.0,0.0,0.0,0.0,0.0,0.0,0.0,0.0,0.0
106.6498718,10.7787706,4771,0.0,1.0,0.0,0.0,0.0,0.0,0.0,0.0,0.0,0.0
106.6497517,10.7770974,4772,0.0,1.0,0.0,0.0,0.0,0.0,0.0,0.0,0.0,0.0
106.6421572,10.7634254,4773,0.0,1.0,0.0,0.0,0.0,0.0,0.0,0.0,0.0,0.0
106.6421232,10.7621186,4774,0.0,1.0,0.0,0.0,0.0,0.0,0.0,0.0,0.0,0.0
106.6436512,10.7584113,4775,0.0,1.0,0.0,0.0,0.0,0.0,0.0,0.0,0.0,0.0
106.6467608,10.7581932,4776,0.0,1.0,0.0,0.0,0.0,0.0,0.0,0.0,0.0,0.0
106.6538147,10.7605479,4777,0.0,1.0,0.0,0.0,0.0,0.0,0.0,0.0,0.0,0.0
106.6504394,10.7587223,4778,0.0,1.0,0.0,0.0,0.0,0.0,0.0,0.0,0.0,0.0
106.6562075,10.7618422,4779,0.0,1.0,0.0,0.0,0.0,0.0,0.0,0.0,0.0,0.0
106.6806672,10.7783377,4780,0.0,1.0,0.0,0.0,0.0,0.0,0.0,0.0,0.0,0.0
106.6781655,10.7796779,4781,0.0,1.0,0.0,0.0,0.0,0.0,0.0,0.0,0.0,0.0
106.672974,10.7824523,4782,0.0,1.0,0.0,0.0,0.0,0.0,0.0,0.0,0.0,0.0
106.6661007,10.777211,4783,0.0,1.0,0.0,0.0,0.0,0.0,0.0,0.0,0.0,0.0
106.6669882,10.7761123,4784,0.0,1.0,0.0,0.0,0.0,0.0,0.0,0.0,0.0,0.0
106.6694926,10.7720376,4785,0.0,1.0,0.0,0.0,0.0,0.0,0.0,0.0,0.0,0.0
106.6704744,10.7702033,4786,0.0,1.0,0.0,0.0,0.0,0.0,0.0,0.0,0.0,0.0
106.6720572,10.7655336,4787,0.0,1.0,0.0,0.0,0.0,0.0,0.0,0.0,0.0,0.0
106.6735947,10.7587135,4788,0.0,1.0,0.0,0.0,0.0,0.0,0.0,0.0,0.0,0.0
106.650586,10.7522556,4789,0.0,1.0,0.0,0.0,0.0,0.0,0.0,0.0,0.0,0.0
106.6534845,10.7525266,4790,0.0,1.0,0.0,0.0,0.0,0.0,0.0,0.0,0.0,0.0
106.6547248,10.7528092,4791,0.0,1.0,0.0,0.0,0.0,0.0,0.0,0.0,0.0,0.0
106.6547531,10.7537927,4792,0.0,1.0,0.0,0.0,0.0,0.0,0.0,0.0,0.0,0.0
106.6694433,10.7571879,4793,0.0,1.0,0.0,0.0,0.0,0.0,0.0,0.0,0.0,0.0
106.661724,10.7520473,4794,0.0,1.0,0.0,0.0,0.0,0.0,0.0,0.0,0.0,0.0
106.6639112,10.7522315,4795,0.0,1.0,0.0,0.0,0.0,0.0,0.0,0.0,0.0,0.0
106.6660282,10.7524098,4796,0.0,1.0,0.0,0.0,0.0,0.0,0.0,0.0,0.0,0.0
106.6714119,10.7529032,4797,0.0,1.0,0.0,0.0,0.0,0.0,0.0,0.0,0.0,0.0
106.6742368,10.7534948,4798,0.0,1.0,0.0,0.0,0.0,0.0,0.0,0.0,0.0,0.0
106.6764485,10.7540899,4799,0.0,1.0,0.0,0.0,0.0,0.0,0.0,0.0,0.0,0.0
106.680675,10.7552396,4800,0.0,1.0,0.0,0.0,0.0,0.0,0.0,0.0,0.0,0.0
106.6830395,10.7558799,4801,0.0,1.0,0.0,0.0,0.0,0.0,0.0,0.0,0.0,0.0
106.6545334,10.7507545,4802,0.0,1.0,0.0,0.0,0.0,0.0,0.0,0.0,0.0,0.0
106.6582969,10.7508573,4803,0.0,1.0,0.0,0.0,0.0,0.0,0.0,0.0,0.0,0.0
106.6824686,10.7661699,4804,0.0,1.0,0.0,0.0,0.0,0.0,0.0,0.0,0.0,0.0
106.6825742,10.7663861,4805,0.0,1.0,0.0,0.0,0.0,0.0,0.0,0.0,0.0,0.0
106.685113,10.7691058,4806,0.0,1.0,0.0,0.0,0.0,0.0,0.0,0.0,0.0,0.0
106.702108,10.7871727,4807,0.0,1.0,0.0,0.0,0.0,0.0,0.0,0.0,0.0,0.0
106.6557264,10.7510123,4808,0.0,1.0,0.0,0.0,0.0,0.0,0.0,0.0,0.0,0.0
106.6962035,10.812171,4809,0.0,1.0,0.0,0.0,0.0,0.0,0.0,0.0,0.0,0.0
106.7091695,10.8108909,4810,0.0,1.0,0.0,0.0,0.0,0.0,0.0,0.0,0.0,0.0
106.7092773,10.8085678,4811,0.0,1.0,0.0,0.0,0.0,0.0,0.0,0.0,0.0,0.0
106.6826659,10.7785015,4812,0.0,1.0,0.0,0.0,0.0,0.0,0.0,0.0,0.0,0.0
106.6955574,10.7915641,4813,0.0,1.0,0.0,0.0,0.0,0.0,0.0,0.0,0.0,0.0
106.6925693,10.7885733,4814,0.0,1.0,0.0,0.0,0.0,0.0,0.0,0.0,0.0,0.0
106.6897251,10.7855682,4815,0.0,1.0,0.0,0.0,0.0,0.0,0.0,0.0,0.0,0.0
106.6874811,10.7833895,4816,0.0,1.0,0.0,0.0,0.0,0.0,0.0,0.0,0.0,0.0
106.703643,10.7970671,4817,0.0,1.0,0.0,0.0,0.0,0.0,0.0,0.0,0.0,0.0
106.7045789,10.7974047,4818,0.0,1.0,0.0,0.0,0.0,0.0,0.0,0.0,0.0,0.0
106.7606608,10.8259531,4819,0.0,1.0,0.0,0.0,0.0,0.0,0.0,0.0,0.0,0.0
106.7881388,10.8672738,4820,0.0,1.0,0.0,0.0,0.0,0.0,0.0,1.0,0.0,0.0
106.7787662,10.8688711,4821,0.0,1.0,0.0,0.0,0.0,0.0,0.0,0.0,0.0,0.0
106.7698892,10.8716297,4822,0.0,1.0,0.0,0.0,0.0,0.0,0.0,0.0,0.0,0.0
106.7157129,10.8395661,4823,0.0,1.0,0.0,0.0,0.0,0.0,0.0,0.0,0.0,0.0
106.6926149,10.8607776,4824,0.0,1.0,0.0,0.0,0.0,0.0,0.0,0.0,0.0,0.0
106.6801873,10.8622168,4825,0.0,1.0,0.0,0.0,0.0,0.0,0.0,0.0,0.0,0.0
106.6709533,10.8617766,4826,0.0,1.0,0.0,0.0,0.0,0.0,0.0,0.0,0.0,0.0
106.6552876,10.86192,4827,0.0,1.0,0.0,0.0,0.0,0.0,0.0,0.0,0.0,0.0
106.6178544,10.8450111,4828,0.0,1.0,0.0,0.0,0.0,0.0,0.0,0.0,0.0,0.0
106.6049709,10.7267148,4829,0.0,1.0,0.0,0.0,0.0,0.0,0.0,0.0,0.0,0.0
106.6113729,10.7320853,4830,0.0,1.0,0.0,0.0,0.0,0.0,0.0,0.0,0.0,0.0
106.6921094,10.7721924,4831,0.0,1.0,0.0,0.0,0.0,0.0,0.0,0.0,0.0,0.0
106.6886508,10.7740801,4832,0.0,1.0,0.0,0.0,0.0,0.0,0.0,0.0,0.0,0.0
106.6871226,10.7748346,4833,0.0,1.0,0.0,0.0,0.0,0.0,0.0,0.0,0.0,0.0
106.6841852,10.7764962,4834,0.0,1.0,0.0,0.0,0.0,0.0,0.0,0.0,0.0,0.0
106.6823157,10.7774841,4835,0.0,1.0,0.0,0.0,0.0,0.0,0.0,0.0,0.0,0.0
106.6927625,10.7709682,4836,0.0,1.0,0.0,0.0,0.0,0.0,0.0,0.0,0.0,0.0
106.6792063,10.7670025,4837,0.0,1.0,0.0,0.0,0.0,0.0,0.0,0.0,0.0,0.0
106.6804787,10.7683472,4838,0.0,1.0,0.0,0.0,0.0,0.0,0.0,0.0,0.0,0.0
106.6802989,10.7676816,4839,0.0,1.0,0.0,0.0,0.0,0.0,0.0,0.0,0.0,0.0
106.6775192,10.7699468,4840,0.0,1.0,0.0,0.0,0.0,0.0,0.0,0.0,0.0,0.0
106.6807047,10.771272,4841,0.0,1.0,0.0,0.0,0.0,0.0,0.0,0.0,0.0,0.0
106.6782984,10.7733505,4842,0.0,1.0,0.0,0.0,0.0,0.0,0.0,0.0,0.0,0.0
106.706696,10.7831061,4843,0.0,1.0,0.0,0.0,0.0,0.0,0.0,0.0,0.0,0.0
106.708626,10.7856308,4844,0.0,1.0,0.0,0.0,0.0,0.0,0.0,0.0,0.0,0.0
106.7191035,10.796034,4845,0.0,1.0,0.0,0.0,0.0,0.0,0.0,0.0,0.0,0.0
106.7180639,10.7924994,4846,0.0,1.0,0.0,0.0,0.0,0.0,0.0,0.0,0.0,0.0
106.7016787,10.7796568,4847,0.0,1.0,0.0,0.0,0.0,0.0,0.0,0.0,0.0,0.0
106.6987641,10.7822694,4848,0.0,1.0,0.0,0.0,0.0,0.0,0.0,0.0,0.0,0.0
106.6712238,10.7699578,4849,0.0,1.0,0.0,0.0,0.0,0.0,0.0,0.0,0.0,0.0
106.6992443,10.7679468,4850,0.0,1.0,0.0,0.0,0.0,0.0,0.0,0.0,0.0,0.0
106.6964795,10.7842585,4851,0.0,1.0,0.0,0.0,0.0,0.0,0.0,0.0,0.0,0.0
106.6941693,10.7827644,4852,0.0,1.0,0.0,0.0,0.0,0.0,0.0,0.0,0.0,0.0
106.6887766,10.7770875,4853,0.0,1.0,0.0,0.0,0.0,0.0,0.0,0.0,0.0,0.0
106.6862635,10.7744369,4854,0.0,1.0,0.0,0.0,0.0,0.0,0.0,0.0,0.0,0.0
106.6845353,10.772601,4855,0.0,1.0,0.0,0.0,0.0,0.0,0.0,0.0,0.0,0.0
106.6818135,10.7697557,4856,0.0,1.0,0.0,0.0,0.0,0.0,0.0,0.0,0.0,0.0
106.6945829,10.7858007,4857,0.0,1.0,0.0,0.0,0.0,0.0,0.0,0.0,0.0,0.0
106.6928869,10.7871413,4858,0.0,1.0,0.0,0.0,0.0,0.0,0.0,0.0,0.0,0.0
106.690639,10.7889271,4859,0.0,1.0,0.0,0.0,0.0,0.0,0.0,0.0,0.0,0.0
106.6879928,10.7910362,4860,0.0,1.0,0.0,0.0,0.0,0.0,0.0,0.0,0.0,0.0
106.6947995,10.7925437,4861,0.0,1.0,0.0,0.0,0.0,0.0,0.0,0.0,0.0,0.0
106.6883661,10.7857752,4862,0.0,1.0,0.0,0.0,0.0,0.0,0.0,0.0,0.0,0.0
106.684675,10.7891565,4863,0.0,1.0,0.0,0.0,0.0,0.0,0.0,0.0,0.0,0.0
106.6829537,10.7907433,4864,0.0,1.0,0.0,0.0,0.0,0.0,0.0,0.0,0.0,0.0
106.6786545,10.7938233,4865,0.0,1.0,0.0,0.0,0.0,0.0,0.0,0.0,0.0,0.0
106.6759509,10.7954252,4866,0.0,1.0,0.0,0.0,0.0,0.0,0.0,0.0,0.0,0.0
106.6730295,10.7971653,4867,0.0,1.0,0.0,0.0,0.0,0.0,0.0,0.0,0.0,0.0
106.6707041,10.7985035,4868,0.0,1.0,0.0,0.0,0.0,0.0,0.0,0.0,0.0,0.0
106.6658741,10.8025366,4869,0.0,1.0,0.0,0.0,0.0,0.0,0.0,0.0,0.0,0.0
106.6666217,10.8053581,4870,0.0,1.0,0.0,0.0,0.0,0.0,0.0,0.0,0.0,0.0
106.6683418,10.8066009,4871,0.0,1.0,0.0,0.0,0.0,0.0,0.0,0.0,0.0,0.0
106.6723439,10.8082122,4872,0.0,1.0,0.0,0.0,0.0,0.0,0.0,0.0,0.0,0.0
106.6740205,10.8081046,4873,0.0,1.0,0.0,0.0,0.0,0.0,0.0,0.0,0.0,0.0
106.6769422,10.8061628,4874,0.0,1.0,0.0,0.0,0.0,0.0,0.0,0.0,0.0,0.0
106.6769046,10.8032488,4875,0.0,1.0,0.0,0.0,0.0,0.0,0.0,0.0,0.0,0.0
106.674937,10.7997672,4876,0.0,1.0,0.0,0.0,0.0,0.0,0.0,0.0,0.0,0.0
106.674961,10.8099049,4877,0.0,1.0,0.0,0.0,0.0,0.0,0.0,0.0,0.0,0.0
106.6747849,10.8098725,4878,0.0,1.0,0.0,0.0,0.0,0.0,0.0,0.0,0.0,0.0
106.679677,10.815343,4879,0.0,1.0,0.0,0.0,0.0,0.0,0.0,0.0,0.0,0.0
106.6831181,10.8197124,4880,0.0,1.0,0.0,0.0,0.0,0.0,0.0,0.0,0.0,0.0
106.6831457,10.8199071,4881,0.0,1.0,0.0,0.0,0.0,0.0,0.0,0.0,0.0,0.0
106.6860119,10.8235942,4882,0.0,1.0,0.0,0.0,0.0,0.0,0.0,0.0,0.0,0.0
106.6823383,10.8224903,4883,0.0,1.0,0.0,0.0,0.0,0.0,0.0,0.0,0.0,0.0
106.6786676,10.8151898,4884,0.0,1.0,0.0,0.0,0.0,0.0,0.0,0.0,0.0,0.0
106.6786725,10.8132332,4885,0.0,1.0,0.0,0.0,0.0,0.0,0.0,0.0,0.0,0.0
106.6784788,10.8101609,4886,0.0,1.0,0.0,0.0,0.0,0.0,0.0,0.0,0.0,0.0
106.6784654,10.8080322,4887,0.0,1.0,0.0,0.0,0.0,0.0,0.0,0.0,0.0,0.0
106.6786972,10.8050949,4888,0.0,1.0,0.0,0.0,0.0,0.0,0.0,0.0,0.0,0.0
106.6791263,10.8023759,4889,0.0,1.0,0.0,0.0,0.0,0.0,0.0,0.0,0.0,0.0
106.67977,10.8004184,4890,0.0,1.0,0.0,0.0,0.0,0.0,0.0,0.0,0.0,0.0
106.6781347,10.8300557,4891,0.0,1.0,0.0,0.0,0.0,0.0,0.0,0.0,0.0,0.0
106.6783767,10.8471019,4892,0.0,1.0,0.0,0.0,0.0,0.0,0.0,0.0,0.0,0.0
106.6786479,10.8495688,4893,0.0,1.0,0.0,0.0,0.0,0.0,0.0,0.0,0.0,0.0
106.6791596,10.8533654,4894,0.0,1.0,0.0,0.0,0.0,0.0,0.0,0.0,0.0,0.0
106.6796594,10.857157,4895,0.0,1.0,0.0,0.0,0.0,0.0,0.0,0.0,0.0,0.0
106.6777654,10.7957941,4896,0.0,1.0,0.0,0.0,0.0,0.0,0.0,0.0,0.0,0.0
106.6861963,10.7901337,4897,0.0,1.0,0.0,0.0,0.0,0.0,0.0,0.0,0.0,0.0
106.6378226,10.803982,4898,0.0,1.0,0.0,0.0,0.0,0.0,0.0,0.0,0.0,0.0
106.6365683,10.8058016,4899,0.0,1.0,0.0,0.0,0.0,0.0,0.0,0.0,0.0,0.0
106.6359771,10.8062877,4900,0.0,1.0,0.0,0.0,0.0,0.0,0.0,0.0,0.0,0.0
106.7013042,10.7737108,4901,0.0,1.0,0.0,0.0,0.0,0.0,0.0,0.0,0.0,0.0
106.6995173,10.7772003,4902,0.0,1.0,0.0,0.0,0.0,0.0,0.0,0.0,0.0,0.0
106.6983306,10.7782683,4903,0.0,1.0,0.0,0.0,0.0,0.0,0.0,0.0,0.0,0.0
106.6963442,10.7800898,4904,0.0,1.0,0.0,0.0,0.0,0.0,0.0,0.0,0.0,0.0
106.6940713,10.7821499,4905,0.0,1.0,0.0,0.0,0.0,0.0,0.0,0.0,0.0,0.0
106.6926717,10.7834385,4906,0.0,1.0,0.0,0.0,0.0,0.0,0.0,0.0,0.0,0.0
106.6909722,10.7832698,4907,0.0,1.0,0.0,0.0,0.0,0.0,0.0,0.0,0.0,0.0
106.6931176,10.781312,4908,0.0,1.0,0.0,0.0,0.0,0.0,0.0,0.0,0.0,0.0
106.7009236,10.7714838,4909,0.0,1.0,0.0,0.0,0.0,0.0,0.0,0.0,0.0,0.0
106.6999368,10.7848746,4910,0.0,1.0,0.0,0.0,0.0,0.0,0.0,0.0,0.0,0.0
106.6498848,10.7675762,4911,0.0,1.0,0.0,0.0,0.0,0.0,0.0,0.0,0.0,0.0
106.6557849,10.7622628,4912,0.0,1.0,0.0,0.0,0.0,0.0,0.0,0.0,0.0,0.0
106.649834,10.7635125,4913,0.0,1.0,0.0,0.0,0.0,0.0,0.0,0.0,0.0,0.0
106.6479697,10.764513,4914,0.0,1.0,0.0,0.0,0.0,0.0,0.0,0.0,0.0,0.0
106.6435977,10.7663558,4915,0.0,1.0,0.0,0.0,0.0,0.0,0.0,0.0,0.0,0.0
106.6391423,10.7683864,4916,0.0,1.0,0.0,0.0,0.0,0.0,0.0,0.0,0.0,0.0
106.6361135,10.7695156,4917,0.0,1.0,0.0,0.0,0.0,0.0,0.0,0.0,0.0,0.0
106.628478,10.7810593,4918,0.0,1.0,0.0,0.0,0.0,0.0,0.0,0.0,0.0,0.0
106.6281672,10.7823172,4919,0.0,1.0,0.0,0.0,0.0,0.0,0.0,0.0,0.0,0.0
106.6820441,10.7792426,4920,0.0,1.0,0.0,0.0,0.0,0.0,0.0,0.0,0.0,0.0
106.6781545,10.7897098,4921,0.0,1.0,0.0,0.0,0.0,0.0,0.0,0.0,0.0,0.0
106.6881194,10.8253424,4922,0.0,1.0,0.0,0.0,0.0,0.0,0.0,0.0,0.0,0.0
106.6789233,10.7807343,4923,0.0,1.0,0.0,0.0,0.0,0.0,0.0,0.0,0.0,0.0
106.7022631,10.7282564,4924,0.0,1.0,0.0,0.0,0.0,0.0,0.0,0.0,0.0,0.0
106.5970938,10.6983424,4925,0.0,1.0,0.0,0.0,0.0,0.0,0.0,0.0,0.0,0.0
106.597382,10.7047068,4926,0.0,1.0,0.0,0.0,0.0,0.0,0.0,0.0,0.0,0.0
106.5986677,10.7101004,4927,0.0,1.0,0.0,0.0,0.0,0.0,0.0,0.0,0.0,0.0
106.6004111,10.7209579,4928,0.0,1.0,0.0,0.0,0.0,0.0,0.0,0.0,0.0,0.0
106.6646301,10.8071506,4929,0.0,1.0,0.0,0.0,0.0,0.0,0.0,0.0,0.0,0.0
106.6644611,10.8070071,4930,0.0,1.0,0.0,0.0,0.0,0.0,0.0,0.0,0.0,0.0
106.666407,10.8134125,4931,0.0,1.0,0.0,0.0,0.0,0.0,0.0,0.0,0.0,0.0
106.6706282,10.8143411,4932,0.0,1.0,0.0,0.0,0.0,0.0,0.0,0.0,0.0,0.0
106.6706701,10.8299958,4933,0.0,1.0,0.0,0.0,0.0,0.0,0.0,0.0,0.0,0.0
106.6629108,10.8353009,4934,0.0,1.0,0.0,0.0,0.0,0.0,0.0,0.0,0.0,0.0
106.6631196,10.8351316,4935,0.0,1.0,0.0,0.0,0.0,0.0,0.0,0.0,0.0,0.0
106.6573097,10.8367583,4936,0.0,1.0,0.0,0.0,0.0,0.0,0.0,0.0,0.0,0.0
106.6566444,10.836848,4937,0.0,1.0,0.0,0.0,0.0,0.0,0.0,0.0,0.0,0.0
106.6503181,10.8385162,4938,0.0,1.0,0.0,0.0,0.0,0.0,0.0,0.0,0.0,0.0
106.6462684,10.840036,4939,0.0,1.0,0.0,0.0,0.0,0.0,0.0,0.0,0.0,0.0
106.6459357,10.8402172,4940,0.0,1.0,0.0,0.0,0.0,0.0,0.0,0.0,0.0,0.0
106.6408012,10.8438866,4941,0.0,1.0,0.0,0.0,0.0,0.0,0.0,0.0,0.0,0.0
106.6396265,10.8446323,4942,0.0,1.0,0.0,0.0,0.0,0.0,0.0,0.0,0.0,0.0
106.656573,10.854513,4943,0.0,1.0,0.0,0.0,0.0,0.0,0.0,0.0,0.0,0.0
106.6529179,10.8578515,4944,0.0,1.0,0.0,0.0,0.0,0.0,0.0,0.0,0.0,0.0
106.7747087,10.8671944,4945,0.0,1.0,0.0,0.0,0.0,0.0,0.0,0.0,0.0,0.0
106.6570468,10.7606311,4946,0.0,1.0,0.0,0.0,0.0,0.0,0.0,0.0,0.0,0.0
106.6939072,10.8206299,4947,0.0,1.0,0.0,0.0,0.0,0.0,0.0,1.0,0.0,0.0
106.6939022,10.8205198,4948,0.0,1.0,0.0,0.0,0.0,0.0,0.0,1.0,0.0,0.0
106.6939703,10.8204321,4949,0.0,1.0,0.0,0.0,0.0,0.0,0.0,1.0,0.0,0.0
106.6941769,10.8206812,4950,0.0,1.0,0.0,0.0,0.0,0.0,0.0,1.0,0.0,0.0
106.6942145,10.8204973,4951,0.0,1.0,0.0,0.0,0.0,0.0,0.0,1.0,0.0,0.0
106.6941876,10.8204546,4952,0.0,1.0,0.0,0.0,0.0,0.0,0.0,1.0,0.0,0.0
106.7002329,10.7365428,4953,0.0,1.0,0.0,0.0,0.0,0.0,0.0,0.0,0.0,0.0
106.7032333,10.7517749,4954,0.0,1.0,0.0,0.0,0.0,0.0,0.0,0.0,0.0,0.0
106.7047525,10.7479458,4955,0.0,1.0,0.0,0.0,0.0,0.0,0.0,0.0,0.0,0.0
106.7011031,10.7517551,4956,0.0,1.0,0.0,0.0,0.0,0.0,0.0,0.0,0.0,0.0
106.6970494,10.7517251,4957,0.0,1.0,0.0,0.0,0.0,0.0,0.0,0.0,0.0,0.0
106.6928514,10.7514236,4958,0.0,1.0,0.0,0.0,0.0,0.0,0.0,0.0,0.0,0.0
106.7195224,10.7325889,4959,0.0,1.0,0.0,0.0,0.0,0.0,0.0,0.0,0.0,0.0
106.7222721,10.7280687,4960,0.0,1.0,0.0,0.0,0.0,0.0,0.0,0.0,0.0,0.0
106.6837112,10.7600691,4961,0.0,1.0,0.0,0.0,0.0,0.0,0.0,0.0,0.0,0.0
106.6847143,10.7574881,4962,0.0,1.0,0.0,0.0,0.0,0.0,0.0,0.0,0.0,0.0
106.6496575,10.752394,4963,0.0,1.0,0.0,0.0,0.0,0.0,0.0,0.0,0.0,0.0
106.6583478,10.7561944,4964,0.0,1.0,0.0,0.0,0.0,0.0,0.0,0.0,0.0,0.0
106.6518136,10.7582245,4965,0.0,1.0,0.0,0.0,0.0,0.0,0.0,0.0,0.0,0.0
106.6439921,10.7587098,4966,0.0,1.0,0.0,0.0,0.0,0.0,0.0,0.0,0.0,0.0
106.6447307,10.7627992,4967,0.0,1.0,0.0,0.0,0.0,0.0,0.0,0.0,0.0,0.0
106.694583,10.8192796,4968,0.0,1.0,0.0,0.0,0.0,0.0,0.0,0.0,0.0,0.0
106.6892563,10.7458631,4969,0.0,1.0,0.0,0.0,0.0,0.0,0.0,0.0,0.0,0.0
106.6884948,10.7483299,4970,0.0,1.0,0.0,0.0,0.0,0.0,0.0,0.0,0.0,0.0
106.6988341,10.7891562,4971,0.0,1.0,0.0,0.0,0.0,0.0,0.0,0.0,0.0,0.0
106.6965915,10.7911895,4972,0.0,1.0,0.0,0.0,0.0,0.0,0.0,1.0,0.0,0.0
106.6959018,10.7924087,4973,0.0,1.0,0.0,0.0,0.0,0.0,0.0,0.0,0.0,0.0
106.6895076,10.8185456,4974,0.0,1.0,0.0,0.0,0.0,0.0,0.0,0.0,0.0,0.0
106.6881454,10.8227586,4975,0.0,1.0,0.0,0.0,0.0,0.0,0.0,0.0,0.0,0.0
106.6773404,10.8274043,4976,0.0,1.0,0.0,0.0,0.0,0.0,0.0,0.0,0.0,0.0
106.6332121,10.8489858,4977,0.0,1.0,0.0,0.0,0.0,0.0,0.0,0.0,0.0,0.0
106.6421138,10.7796251,4978,0.0,1.0,0.0,0.0,0.0,0.0,0.0,0.0,0.0,0.0
106.6418466,10.7924125,4979,0.0,1.0,0.0,0.0,0.0,0.0,0.0,0.0,0.0,0.0
106.6848533,10.7842356,4980,0.0,1.0,0.0,0.0,0.0,0.0,0.0,0.0,0.0,0.0
106.6799454,10.7867428,4981,0.0,1.0,0.0,0.0,0.0,0.0,0.0,0.0,0.0,0.0
106.6693028,10.7935398,4982,0.0,1.0,0.0,0.0,0.0,0.0,0.0,0.0,0.0,0.0
106.6656372,10.7962369,4983,0.0,1.0,0.0,0.0,0.0,0.0,0.0,0.0,0.0,0.0
106.6617632,10.7991354,4984,0.0,1.0,0.0,0.0,0.0,0.0,0.0,0.0,0.0,0.0
106.6156148,10.809165,4985,0.0,1.0,0.0,0.0,0.0,0.0,0.0,0.0,0.0,0.0
106.6881451,10.7815324,4986,0.0,1.0,0.0,0.0,0.0,0.0,0.0,0.0,0.0,0.0
106.783993,10.7623946,4987,0.0,1.0,0.0,0.0,0.0,0.0,0.0,0.0,0.0,0.0
106.7806319,10.7653333,4988,0.0,1.0,0.0,0.0,0.0,0.0,0.0,0.0,0.0,0.0
106.7013162,10.7782235,4989,0.0,1.0,0.0,0.0,0.0,0.0,0.0,0.0,0.0,0.0
106.6908645,10.7918255,4990,0.0,1.0,0.0,0.0,0.0,0.0,0.0,0.0,0.0,0.0
106.7002422,10.7916533,4991,0.0,1.0,0.0,0.0,0.0,0.0,0.0,0.0,0.0,0.0
106.7000249,10.7889283,4992,0.0,1.0,0.0,0.0,0.0,0.0,0.0,0.0,0.0,0.0
106.6983535,10.7871689,4993,0.0,1.0,0.0,0.0,0.0,0.0,0.0,0.0,0.0,0.0
106.6806581,10.8298529,4994,0.0,1.0,0.0,0.0,0.0,0.0,0.0,0.0,0.0,0.0
106.6684511,10.8341717,4995,0.0,1.0,0.0,0.0,0.0,0.0,0.0,0.0,0.0,0.0
106.6646346,10.8358445,4996,0.0,1.0,0.0,0.0,0.0,0.0,0.0,0.0,0.0,0.0
106.6926469,10.7587695,4997,0.0,1.0,0.0,0.0,0.0,0.0,0.0,0.0,0.0,0.0
106.6921356,10.7585628,4998,0.0,1.0,0.0,0.0,0.0,0.0,0.0,0.0,0.0,0.0
106.6625973,10.7498367,4999,0.0,1.0,0.0,0.0,0.0,0.0,0.0,0.0,0.0,0.0
106.6642449,10.7502961,5000,0.0,1.0,0.0,0.0,0.0,0.0,0.0,0.0,0.0,0.0
106.6823679,10.8312359,5001,0.0,1.0,0.0,0.0,0.0,0.0,0.0,0.0,0.0,0.0
106.6806047,10.8375343,5002,0.0,1.0,0.0,0.0,0.0,0.0,0.0,0.0,0.0,0.0
106.6787279,10.8404489,5003,0.0,1.0,0.0,0.0,0.0,0.0,0.0,0.0,0.0,0.0
106.6191105,10.7744304,5004,0.0,1.0,0.0,0.0,0.0,0.0,0.0,0.0,0.0,0.0
106.6093947,10.7762942,5005,0.0,1.0,0.0,0.0,0.0,0.0,0.0,0.0,0.0,0.0
106.6624337,10.7586236,5006,0.0,1.0,0.0,0.0,0.0,0.0,0.0,0.0,0.0,0.0
106.6652214,10.759189,5007,0.0,1.0,0.0,0.0,0.0,0.0,0.0,0.0,0.0,0.0
106.6747747,10.7667344,5008,0.0,1.0,0.0,0.0,0.0,0.0,0.0,0.0,0.0,0.0
106.6795568,10.7631515,5009,0.0,1.0,0.0,0.0,0.0,0.0,0.0,0.0,0.0,0.0
106.7639776,10.8716589,5010,0.0,1.0,0.0,0.0,0.0,0.0,0.0,0.0,0.0,0.0
106.6740502,10.7606274,5011,0.0,1.0,0.0,0.0,0.0,0.0,0.0,0.0,0.0,0.0
106.6706502,10.7584241,5012,0.0,1.0,0.0,0.0,0.0,0.0,0.0,0.0,0.0,0.0
106.6682449,10.757002,5013,0.0,1.0,0.0,0.0,0.0,0.0,0.0,0.0,0.0,0.0
106.668998,10.7470912,5014,0.0,1.0,0.0,0.0,0.0,0.0,0.0,0.0,0.0,0.0
106.6433031,10.787178,5015,0.0,1.0,0.0,0.0,0.0,0.0,0.0,0.0,0.0,0.0
106.6387205,10.7765256,5016,0.0,1.0,0.0,0.0,0.0,0.0,0.0,0.0,0.0,0.0
106.6363724,10.7737487,5017,0.0,1.0,0.0,0.0,0.0,0.0,0.0,0.0,0.0,0.0
106.6778381,10.7570708,5018,0.0,1.0,0.0,0.0,0.0,0.0,0.0,0.0,0.0,0.0
106.6813263,10.7584956,5019,0.0,1.0,0.0,0.0,0.0,0.0,0.0,0.0,0.0,0.0
106.7294531,10.7862059,5020,0.0,1.0,0.0,0.0,0.0,0.0,0.0,0.0,0.0,0.0
106.7310584,10.7958112,5021,0.0,1.0,0.0,0.0,0.0,0.0,0.0,0.0,0.0,0.0
106.7304854,10.7923392,5022,0.0,1.0,0.0,0.0,0.0,0.0,0.0,0.0,0.0,0.0
106.8162514,10.7360738,5023,0.0,1.0,0.0,0.0,0.0,0.0,0.0,1.0,0.0,0.0
106.7911683,10.7510469,5024,0.0,1.0,0.0,0.0,0.0,0.0,0.0,1.0,0.0,0.0
106.7913008,10.7506027,5025,0.0,1.0,0.0,0.0,0.0,0.0,0.0,1.0,0.0,0.0
106.7929002,10.7468469,5026,0.0,1.0,0.0,0.0,0.0,0.0,0.0,1.0,0.0,0.0
106.8121657,10.7391294,5027,0.0,1.0,0.0,0.0,0.0,0.0,0.0,1.0,0.0,0.0
106.8141974,10.7376092,5028,0.0,1.0,0.0,0.0,0.0,0.0,0.0,1.0,0.0,0.0
106.8027109,10.7443127,5029,0.0,1.0,0.0,0.0,0.0,0.0,0.0,1.0,0.0,0.0
106.7938384,10.7467087,5030,0.0,1.0,0.0,0.0,0.0,0.0,0.0,1.0,0.0,0.0
106.730462,10.7912282,5031,0.0,1.0,0.0,0.0,0.0,0.0,0.0,1.0,0.0,0.0
106.68193,10.8156633,5032,0.0,1.0,0.0,0.0,0.0,0.0,0.0,1.0,0.0,0.0
106.6875357,10.8183275,5033,0.0,1.0,0.0,0.0,0.0,0.0,0.0,1.0,0.0,0.0
106.7017981,10.8223781,5034,0.0,1.0,0.0,0.0,0.0,0.0,0.0,1.0,0.0,0.0
106.687639,10.8188172,5035,0.0,1.0,0.0,0.0,0.0,0.0,0.0,1.0,0.0,0.0
106.7013915,10.8222709,5036,0.0,1.0,0.0,0.0,0.0,0.0,0.0,1.0,0.0,0.0
106.7195179,10.8276002,5037,0.0,1.0,0.0,0.0,0.0,0.0,0.0,1.0,0.0,0.0
106.7195752,10.8271964,5038,0.0,1.0,0.0,0.0,0.0,0.0,0.0,1.0,0.0,0.0
106.727893,10.8332261,5039,0.0,1.0,0.0,0.0,0.0,0.0,0.0,1.0,0.0,0.0
106.7277158,10.8335289,5040,0.0,1.0,0.0,0.0,0.0,0.0,0.0,1.0,0.0,0.0
106.7274492,10.8328425,5041,0.0,1.0,0.0,0.0,0.0,0.0,0.0,1.0,0.0,0.0
106.7272594,10.8331531,5042,0.0,1.0,0.0,0.0,0.0,0.0,0.0,1.0,0.0,0.0
106.6784558,10.8072843,5043,0.0,1.0,0.0,0.0,0.0,0.0,0.0,1.0,0.0,0.0
106.6761845,10.8066623,5044,0.0,1.0,0.0,0.0,0.0,0.0,0.0,1.0,0.0,0.0
106.6784622,10.8075891,5045,0.0,1.0,0.0,0.0,0.0,0.0,0.0,1.0,0.0,0.0
106.7236203,10.7336193,5046,0.0,1.0,0.0,0.0,0.0,0.0,0.0,1.0,0.0,0.0
106.7238132,10.7336036,5047,0.0,1.0,0.0,0.0,0.0,0.0,0.0,1.0,0.0,0.0
106.7114558,10.8037851,5048,0.0,1.0,0.0,0.0,0.0,0.0,0.0,1.0,0.0,0.0
106.7142058,10.8275965,5049,0.0,1.0,0.0,0.0,0.0,0.0,0.0,1.0,0.0,0.0
106.7481956,10.8433244,5050,0.0,1.0,0.0,0.0,0.0,0.0,0.0,1.0,0.0,0.0
106.7501021,10.8453738,5051,0.0,1.0,0.0,0.0,0.0,0.0,0.0,1.0,0.0,0.0
106.7291149,10.8483452,5052,0.0,1.0,0.0,0.0,0.0,0.0,0.0,1.0,0.0,0.0
106.7448654,10.8628859,5053,0.0,1.0,0.0,0.0,0.0,0.0,0.0,1.0,0.0,0.0
106.6786444,10.8494327,5054,0.0,1.0,0.0,0.0,0.0,0.0,0.0,1.0,0.0,0.0
106.706146,10.8683289,5055,0.0,1.0,0.0,0.0,0.0,0.0,0.0,1.0,0.0,0.0
106.7372118,10.8694915,5056,0.0,1.0,0.0,0.0,0.0,0.0,0.0,1.0,0.0,0.0
106.6779714,10.8781438,5057,0.0,1.0,0.0,0.0,0.0,0.0,0.0,1.0,0.0,0.0
106.6785013,10.8793341,5058,0.0,1.0,0.0,0.0,0.0,0.0,0.0,1.0,0.0,0.0
106.697647,10.8877016,5059,0.0,1.0,0.0,0.0,0.0,0.0,0.0,1.0,0.0,0.0
106.6966679,10.8877839,5060,0.0,1.0,0.0,0.0,0.0,0.0,0.0,1.0,0.0,0.0
106.7002723,10.887809,5061,0.0,1.0,0.0,0.0,0.0,0.0,0.0,1.0,0.0,0.0
106.6957291,10.8880949,5062,0.0,1.0,0.0,0.0,0.0,0.0,0.0,1.0,0.0,0.0
106.6787925,10.876787,5063,0.0,1.0,0.0,0.0,0.0,0.0,0.0,1.0,0.0,0.0
106.6787719,10.8768222,5064,0.0,1.0,0.0,0.0,0.0,0.0,0.0,1.0,0.0,0.0
106.6800115,10.8773408,5065,0.0,1.0,0.0,0.0,0.0,0.0,0.0,1.0,0.0,0.0
106.6801765,10.8774274,5066,0.0,1.0,0.0,0.0,0.0,0.0,0.0,1.0,0.0,0.0
106.5939939,10.8689519,5067,0.0,1.0,0.0,0.0,0.0,0.0,0.0,1.0,0.0,0.0
106.5938542,10.8691692,5068,0.0,1.0,0.0,0.0,0.0,0.0,0.0,1.0,0.0,0.0
106.5969178,10.8698307,5069,0.0,1.0,0.0,0.0,0.0,0.0,0.0,1.0,0.0,0.0
106.589377,10.8865827,5070,0.0,1.0,0.0,0.0,0.0,0.0,0.0,1.0,0.0,0.0
106.5982545,10.8866343,5071,0.0,1.0,0.0,0.0,0.0,0.0,0.0,1.0,0.0,0.0
106.6029864,10.8874393,5072,0.0,1.0,0.0,0.0,0.0,0.0,0.0,1.0,0.0,0.0
106.6014821,10.8879455,5073,0.0,1.0,0.0,0.0,0.0,0.0,0.0,1.0,0.0,0.0
106.6001611,10.8880155,5074,0.0,1.0,0.0,0.0,0.0,0.0,0.0,1.0,0.0,0.0
106.6734698,10.8443455,5075,0.0,1.0,0.0,0.0,0.0,0.0,0.0,1.0,0.0,0.0
106.6741954,10.8435069,5076,0.0,1.0,0.0,0.0,0.0,0.0,0.0,1.0,0.0,0.0
106.669125,10.8473813,5077,0.0,1.0,0.0,0.0,0.0,0.0,0.0,1.0,0.0,0.0
106.6626037,10.8512712,5078,0.0,1.0,0.0,0.0,0.0,0.0,0.0,1.0,0.0,0.0
106.6666427,10.8487903,5079,0.0,1.0,0.0,0.0,0.0,0.0,0.0,1.0,0.0,0.0
106.6737052,10.8441878,5080,0.0,1.0,0.0,0.0,0.0,0.0,0.0,1.0,0.0,0.0
106.6749179,10.8430451,5081,0.0,1.0,0.0,0.0,0.0,0.0,0.0,1.0,0.0,0.0
106.6679087,10.8481248,5082,0.0,1.0,0.0,0.0,0.0,0.0,0.0,1.0,0.0,0.0
106.6721436,10.8449303,5083,0.0,1.0,0.0,0.0,0.0,0.0,0.0,1.0,0.0,0.0
106.6758648,10.8424654,5084,0.0,1.0,0.0,0.0,0.0,0.0,0.0,1.0,0.0,0.0
106.6730521,10.8444102,5085,0.0,1.0,0.0,0.0,0.0,0.0,0.0,1.0,0.0,0.0
106.6702044,10.8467473,5086,0.0,1.0,0.0,0.0,0.0,0.0,0.0,1.0,0.0,0.0
106.6738293,10.8439695,5087,0.0,1.0,0.0,0.0,0.0,0.0,0.0,1.0,0.0,0.0
106.8117098,10.792934,5088,0.0,1.0,0.0,0.0,0.0,0.0,0.0,1.0,0.0,0.0
106.8052263,10.794041,5089,0.0,1.0,0.0,0.0,0.0,0.0,0.0,1.0,0.0,0.0
106.7435714,10.7841748,5090,0.0,1.0,0.0,0.0,0.0,0.0,0.0,1.0,0.0,0.0
106.6839828,10.803935,5091,0.0,1.0,0.0,0.0,0.0,0.0,0.0,1.0,0.0,0.0
106.6693797,10.8386513,5092,0.0,1.0,0.0,0.0,0.0,0.0,0.0,1.0,0.0,0.0
106.6744764,10.8432761,5093,0.0,1.0,0.0,0.0,0.0,0.0,0.0,1.0,0.0,0.0
106.6698199,10.846976,5094,0.0,1.0,0.0,0.0,0.0,0.0,0.0,1.0,0.0,0.0
106.6688021,10.8475869,5095,0.0,1.0,0.0,0.0,0.0,0.0,0.0,1.0,0.0,0.0
106.7995037,10.7950193,5096,0.0,1.0,0.0,0.0,0.0,0.0,0.0,1.0,0.0,0.0
106.793498,10.7960156,5097,0.0,1.0,0.0,0.0,0.0,0.0,0.0,1.0,0.0,0.0
106.7929056,10.7961102,5098,0.0,1.0,0.0,0.0,0.0,0.0,0.0,1.0,0.0,0.0
106.7915599,10.7963107,5099,0.0,1.0,0.0,0.0,0.0,0.0,0.0,1.0,0.0,0.0
106.7909752,10.7963832,5100,0.0,1.0,0.0,0.0,0.0,0.0,0.0,1.0,0.0,0.0
106.7859442,10.7966343,5101,0.0,1.0,0.0,0.0,0.0,0.0,0.0,1.0,0.0,0.0
106.6170927,10.8817296,5102,0.0,1.0,0.0,0.0,0.0,0.0,0.0,1.0,0.0,0.0
106.6164272,10.8825494,5103,0.0,1.0,0.0,0.0,0.0,0.0,0.0,1.0,0.0,0.0
106.6282581,10.8857251,5104,0.0,1.0,0.0,0.0,0.0,0.0,0.0,1.0,0.0,0.0
106.6846598,10.7762428,5105,0.0,1.0,0.0,0.0,0.0,0.0,0.0,0.0,0.0,0.0
106.6849154,10.7778272,5106,0.0,1.0,0.0,0.0,0.0,0.0,0.0,1.0,0.0,0.0
106.6861427,10.7768031,5107,0.0,1.0,0.0,0.0,0.0,0.0,0.0,1.0,0.0,0.0
106.6671219,10.767713,5108,0.0,1.0,0.0,0.0,0.0,0.0,0.0,1.0,0.0,0.0
106.7523333,10.7936116,5109,0.0,1.0,0.0,0.0,0.0,0.0,0.0,1.0,0.0,0.0
106.752966,10.7930579,5110,0.0,1.0,0.0,0.0,0.0,0.0,0.0,1.0,0.0,0.0
106.7570472,10.7942306,5111,0.0,1.0,0.0,0.0,0.0,0.0,0.0,1.0,0.0,0.0
106.7578969,10.794364,5112,0.0,1.0,0.0,0.0,0.0,0.0,0.0,1.0,0.0,0.0
106.7529597,10.793176,5113,0.0,1.0,0.0,0.0,0.0,0.0,0.0,1.0,0.0,0.0
106.7524529,10.7934214,5114,0.0,1.0,0.0,0.0,0.0,0.0,0.0,1.0,0.0,0.0
106.5780836,10.6925227,5115,0.0,1.0,0.0,0.0,0.0,0.0,0.0,1.0,0.0,0.0
106.6638607,10.8348044,5116,0.0,1.0,0.0,0.0,0.0,0.0,0.0,1.0,0.0,0.0
106.6635685,10.8349551,5117,0.0,1.0,0.0,0.0,0.0,0.0,0.0,1.0,0.0,0.0
106.6611571,10.8357882,5118,0.0,1.0,0.0,0.0,0.0,0.0,0.0,1.0,0.0,0.0
106.6603274,10.8360024,5119,0.0,1.0,0.0,0.0,0.0,0.0,0.0,1.0,0.0,0.0
106.7311545,10.7963751,5120,0.0,1.0,0.0,0.0,0.0,0.0,0.0,0.0,0.0,0.0
106.696098,10.7939046,5121,0.0,1.0,0.0,0.0,0.0,0.0,0.0,1.0,0.0,0.0
106.7326607,10.7997155,5122,0.0,1.0,0.0,0.0,0.0,0.0,0.0,1.0,0.0,0.0
106.7484952,10.7469406,5123,0.0,1.0,0.0,0.0,0.0,0.0,0.0,1.0,0.0,0.0
106.739988,10.742957,5124,0.0,1.0,0.0,0.0,0.0,0.0,0.0,1.0,0.0,0.0
106.7400366,10.7428358,5125,0.0,1.0,0.0,0.0,0.0,0.0,0.0,1.0,0.0,0.0
106.7441554,10.7449386,5126,0.0,1.0,0.0,0.0,0.0,0.0,0.0,1.0,0.0,0.0
106.7441524,10.7450815,5127,0.0,1.0,0.0,0.0,0.0,0.0,0.0,1.0,0.0,0.0
106.7483935,10.7470262,5128,0.0,1.0,0.0,0.0,0.0,0.0,0.0,1.0,0.0,0.0
106.7386847,10.7423029,5129,0.0,1.0,0.0,0.0,0.0,0.0,0.0,1.0,0.0,0.0
106.6500069,10.8435514,5130,0.0,1.0,0.0,0.0,0.0,0.0,0.0,1.0,0.0,0.0
106.650471,10.843519,5131,0.0,1.0,0.0,0.0,0.0,0.0,0.0,1.0,0.0,0.0
106.6794936,10.8815941,5132,0.0,1.0,0.0,0.0,0.0,0.0,0.0,1.0,0.0,0.0
106.6807161,10.8837498,5133,0.0,1.0,0.0,0.0,0.0,0.0,0.0,1.0,0.0,0.0
106.6813757,10.8847759,5134,0.0,1.0,0.0,0.0,0.0,0.0,0.0,1.0,0.0,0.0
106.6834072,10.8865836,5135,0.0,1.0,0.0,0.0,0.0,0.0,0.0,1.0,0.0,0.0
106.7005955,10.8701485,5136,0.0,1.0,0.0,0.0,0.0,0.0,0.0,1.0,0.0,0.0
106.6782362,10.8787387,5137,0.0,1.0,0.0,0.0,0.0,0.0,0.0,1.0,0.0,0.0
106.7064931,10.8748779,5138,0.0,1.0,0.0,0.0,0.0,0.0,0.0,1.0,0.0,0.0
106.7064966,10.8749729,5139,0.0,1.0,0.0,0.0,0.0,0.0,0.0,1.0,0.0,0.0
106.7001165,10.8769843,5140,0.0,1.0,0.0,0.0,0.0,0.0,0.0,1.0,0.0,0.0
106.691742,10.8608353,5141,0.0,1.0,0.0,0.0,0.0,0.0,0.0,1.0,0.0,0.0
106.671455,10.7700838,5142,0.0,1.0,0.0,0.0,0.0,0.0,0.0,1.0,0.0,0.0
106.6707378,10.7696929,5143,0.0,1.0,0.0,0.0,0.0,0.0,0.0,0.0,1.0,0.0
106.7455177,10.8635251,5144,0.0,1.0,0.0,0.0,0.0,0.0,0.0,1.0,0.0,0.0
106.7505893,10.8520816,5145,0.0,1.0,0.0,0.0,0.0,0.0,0.0,1.0,0.0,0.0
106.7409136,10.839986,5146,0.0,1.0,0.0,0.0,0.0,0.0,0.0,1.0,0.0,0.0
106.6231503,10.8137516,5147,0.0,1.0,0.0,0.0,0.0,0.0,0.0,1.0,0.0,0.0
106.690247,10.8254397,5148,0.0,1.0,0.0,0.0,0.0,0.0,0.0,1.0,0.0,0.0
106.6853741,10.8250483,5149,0.0,1.0,0.0,0.0,0.0,0.0,0.0,1.0,0.0,0.0
106.699431,10.8001395,5150,0.0,1.0,0.0,0.0,0.0,0.0,0.0,1.0,0.0,0.0
106.766864,10.8727455,5151,0.0,1.0,0.0,0.0,0.0,0.0,0.0,1.0,0.0,0.0
106.7642252,10.8718906,5152,0.0,1.0,0.0,0.0,0.0,0.0,0.0,1.0,0.0,0.0
106.6989446,10.7709828,5153,0.0,1.0,0.0,0.0,0.0,0.0,0.0,1.0,0.0,0.0
106.7012021,10.765385,5154,0.0,1.0,0.0,0.0,0.0,0.0,0.0,1.0,0.0,0.0
106.7007491,10.766049,5155,0.0,1.0,0.0,0.0,0.0,0.0,0.0,1.0,0.0,0.0
106.6989063,10.77105,5156,0.0,1.0,0.0,0.0,0.0,0.0,0.0,1.0,0.0,0.0
106.6636437,10.8153763,5157,0.0,1.0,0.0,0.0,0.0,0.0,0.0,1.0,0.0,0.0
106.6638175,10.8005581,5158,0.0,1.0,0.0,0.0,0.0,0.0,0.0,1.0,0.0,0.0
106.6634835,10.8005206,5159,0.0,1.0,0.0,0.0,0.0,0.0,0.0,1.0,0.0,0.0
106.6873336,10.7545278,5160,0.0,1.0,0.0,0.0,0.0,0.0,0.0,1.0,0.0,0.0
106.6892102,10.7563482,5161,0.0,1.0,0.0,0.0,0.0,0.0,0.0,1.0,0.0,0.0
106.6906919,10.7575925,5162,0.0,1.0,0.0,0.0,0.0,0.0,0.0,1.0,0.0,0.0
106.6921944,10.7587332,5163,0.0,1.0,0.0,0.0,0.0,0.0,0.0,1.0,0.0,0.0
106.6923653,10.7588519,5164,0.0,1.0,0.0,0.0,0.0,0.0,0.0,1.0,0.0,0.0
106.6881007,10.7664019,5165,0.0,1.0,0.0,0.0,0.0,0.0,0.0,1.0,0.0,0.0
106.6882441,10.7666352,5166,0.0,1.0,0.0,0.0,0.0,0.0,0.0,1.0,0.0,0.0
106.6883499,10.7666511,5167,0.0,1.0,0.0,0.0,0.0,0.0,0.0,1.0,0.0,0.0
106.6879679,10.7668096,5168,0.0,1.0,0.0,0.0,0.0,0.0,0.0,1.0,0.0,0.0
106.6883156,10.7667912,5169,0.0,1.0,0.0,0.0,0.0,0.0,0.0,1.0,0.0,0.0
106.6883496,10.7667697,5170,0.0,1.0,0.0,0.0,0.0,0.0,0.0,1.0,0.0,0.0
106.6842349,10.7682639,5171,0.0,1.0,0.0,0.0,0.0,0.0,0.0,1.0,0.0,0.0
106.6841456,10.7683338,5172,0.0,1.0,0.0,0.0,0.0,0.0,0.0,1.0,0.0,0.0
106.6353149,10.7485677,5173,0.0,1.0,0.0,0.0,0.0,0.0,0.0,1.0,0.0,0.0
106.6553688,10.7613885,5174,0.0,1.0,0.0,0.0,0.0,0.0,0.0,1.0,0.0,0.0
106.6558194,10.7616323,5175,0.0,1.0,0.0,0.0,0.0,0.0,0.0,1.0,0.0,0.0
106.6557392,10.7622704,5176,0.0,1.0,0.0,0.0,0.0,0.0,0.0,1.0,0.0,0.0
106.6255188,10.7444411,5177,0.0,1.0,0.0,0.0,0.0,0.0,0.0,1.0,0.0,0.0
106.6258206,10.7444479,5178,0.0,1.0,0.0,0.0,0.0,0.0,0.0,1.0,0.0,0.0
106.6746131,10.7671928,5179,0.0,1.0,0.0,0.0,0.0,0.0,0.0,1.0,0.0,0.0
106.6748898,10.7674905,5180,0.0,1.0,0.0,0.0,0.0,0.0,0.0,1.0,0.0,0.0
106.8035503,10.8735069,5181,0.0,1.0,0.0,0.0,0.0,0.0,0.0,1.0,0.0,0.0
106.802852,10.8735558,5182,0.0,1.0,0.0,0.0,0.0,0.0,0.0,1.0,0.0,0.0
106.8029862,10.8735575,5183,0.0,1.0,0.0,0.0,0.0,0.0,0.0,1.0,0.0,0.0
106.8039237,10.8735553,5184,0.0,1.0,0.0,0.0,0.0,0.0,0.0,1.0,0.0,0.0
106.8024773,10.873578,5185,0.0,1.0,0.0,0.0,0.0,0.0,0.0,1.0,0.0,0.0
106.8034271,10.8735883,5186,0.0,1.0,0.0,0.0,0.0,0.0,0.0,1.0,0.0,0.0
106.801843,10.8735813,5187,0.0,1.0,0.0,0.0,0.0,0.0,0.0,1.0,0.0,0.0
106.8017822,10.8735964,5188,0.0,1.0,0.0,0.0,0.0,0.0,0.0,1.0,0.0,0.0
106.8021322,10.8736157,5189,0.0,1.0,0.0,0.0,0.0,0.0,0.0,1.0,0.0,0.0
106.8037478,10.8736294,5190,0.0,1.0,0.0,0.0,0.0,0.0,0.0,1.0,0.0,0.0
106.8018972,10.8736548,5191,0.0,1.0,0.0,0.0,0.0,0.0,0.0,1.0,0.0,0.0
106.8040023,10.8736636,5192,0.0,1.0,0.0,0.0,0.0,0.0,0.0,1.0,0.0,0.0
106.8043421,10.8737389,5193,0.0,1.0,0.0,0.0,0.0,0.0,0.0,1.0,0.0,0.0
106.8012855,10.8737556,5194,0.0,1.0,0.0,0.0,0.0,0.0,0.0,1.0,0.0,0.0
106.8044659,10.873792,5195,0.0,1.0,0.0,0.0,0.0,0.0,0.0,1.0,0.0,0.0
106.8013514,10.8738022,5196,0.0,1.0,0.0,0.0,0.0,0.0,0.0,1.0,0.0,0.0
106.8010743,10.8739118,5197,0.0,1.0,0.0,0.0,0.0,0.0,0.0,1.0,0.0,0.0
106.8007867,10.8740436,5198,0.0,1.0,0.0,0.0,0.0,0.0,0.0,1.0,0.0,0.0
106.805038,10.8742172,5199,0.0,1.0,0.0,0.0,0.0,0.0,0.0,1.0,0.0,0.0
106.8049291,10.8742622,5200,0.0,1.0,0.0,0.0,0.0,0.0,0.0,1.0,0.0,0.0
106.805084,10.8742918,5201,0.0,1.0,0.0,0.0,0.0,0.0,0.0,1.0,0.0,0.0
106.805025,10.8744454,5202,0.0,1.0,0.0,0.0,0.0,0.0,0.0,1.0,0.0,0.0
106.8000115,10.8745685,5203,0.0,1.0,0.0,0.0,0.0,0.0,0.0,1.0,0.0,0.0
106.7999644,10.8746473,5204,0.0,1.0,0.0,0.0,0.0,0.0,0.0,1.0,0.0,0.0
106.7998848,10.8755492,5205,0.0,1.0,0.0,0.0,0.0,0.0,0.0,1.0,0.0,0.0
106.8047385,10.8760312,5206,0.0,1.0,0.0,0.0,0.0,0.0,0.0,1.0,0.0,0.0
106.8044457,10.8761686,5207,0.0,1.0,0.0,0.0,0.0,0.0,0.0,1.0,0.0,0.0
106.8042051,10.868659,5208,0.0,1.0,0.0,0.0,0.0,0.0,0.0,1.0,0.0,0.0
106.8058568,10.8703049,5209,0.0,1.0,0.0,0.0,0.0,0.0,0.0,1.0,0.0,0.0
106.6656353,10.8134903,5210,0.0,1.0,0.0,0.0,0.0,0.0,0.0,1.0,0.0,0.0
106.6784221,10.8791563,5211,0.0,1.0,0.0,0.0,0.0,0.0,0.0,1.0,0.0,0.0
106.678258,10.8776731,5212,0.0,1.0,0.0,0.0,0.0,0.0,0.0,1.0,0.0,0.0
106.6783009,10.8788839,5213,0.0,1.0,0.0,0.0,0.0,0.0,0.0,1.0,0.0,0.0
106.664271,10.8502487,5214,0.0,1.0,0.0,0.0,0.0,0.0,0.0,1.0,0.0,0.0
106.6638578,10.8505032,5215,0.0,1.0,0.0,0.0,0.0,0.0,0.0,1.0,0.0,0.0
106.6631974,10.8509071,5216,0.0,1.0,0.0,0.0,0.0,0.0,0.0,1.0,0.0,0.0
106.6618701,10.8517431,5217,0.0,1.0,0.0,0.0,0.0,0.0,0.0,1.0,0.0,0.0
106.6600106,10.852254,5218,0.0,1.0,0.0,0.0,0.0,0.0,0.0,1.0,0.0,0.0
106.6599389,10.8527915,5219,0.0,1.0,0.0,0.0,0.0,0.0,0.0,1.0,0.0,0.0
106.6595362,10.8529964,5220,0.0,1.0,0.0,0.0,0.0,0.0,0.0,1.0,0.0,0.0
106.6590854,10.8532258,5221,0.0,1.0,0.0,0.0,0.0,0.0,0.0,1.0,0.0,0.0
106.6584112,10.8535878,5222,0.0,1.0,0.0,0.0,0.0,0.0,0.0,1.0,0.0,0.0
106.6577582,10.8539128,5223,0.0,1.0,0.0,0.0,0.0,0.0,0.0,1.0,0.0,0.0
106.6570519,10.8542604,5224,0.0,1.0,0.0,0.0,0.0,0.0,0.0,1.0,0.0,0.0
106.6550689,10.8557789,5225,0.0,1.0,0.0,0.0,0.0,0.0,0.0,1.0,0.0,0.0
106.6549713,10.8558845,5226,0.0,1.0,0.0,0.0,0.0,0.0,0.0,1.0,0.0,0.0
106.6547972,10.8560697,5227,0.0,1.0,0.0,0.0,0.0,0.0,0.0,1.0,0.0,0.0
106.6545462,10.8563166,5228,0.0,1.0,0.0,0.0,0.0,0.0,0.0,1.0,0.0,0.0
106.6544251,10.8564223,5229,0.0,1.0,0.0,0.0,0.0,0.0,0.0,1.0,0.0,0.0
106.6535083,10.8572863,5230,0.0,1.0,0.0,0.0,0.0,0.0,0.0,1.0,0.0,0.0
106.6529754,10.8577973,5231,0.0,1.0,0.0,0.0,0.0,0.0,0.0,1.0,0.0,0.0
106.6337498,10.8722233,5232,0.0,1.0,0.0,0.0,0.0,0.0,0.0,1.0,0.0,0.0
106.6329619,10.872708,5233,0.0,1.0,0.0,0.0,0.0,0.0,0.0,1.0,0.0,0.0
106.6321081,10.8732637,5234,0.0,1.0,0.0,0.0,0.0,0.0,0.0,1.0,0.0,0.0
106.7010762,10.786091,5235,0.0,1.0,0.0,0.0,0.0,0.0,0.0,1.0,0.0,0.0
106.7418062,10.8402083,5236,0.0,1.0,0.0,0.0,0.0,0.0,0.0,1.0,0.0,0.0
106.7414941,10.840354,5237,0.0,1.0,0.0,0.0,0.0,0.0,0.0,1.0,0.0,0.0
106.7437735,10.8410497,5238,0.0,1.0,0.0,0.0,0.0,0.0,0.0,1.0,0.0,0.0
106.7443688,10.8415846,5239,0.0,1.0,0.0,0.0,0.0,0.0,0.0,1.0,0.0,0.0
106.7440778,10.841534,5240,0.0,1.0,0.0,0.0,0.0,0.0,0.0,1.0,0.0,0.0
106.7450071,10.8421737,5241,0.0,1.0,0.0,0.0,0.0,0.0,0.0,1.0,0.0,0.0
106.7448607,10.8422659,5242,0.0,1.0,0.0,0.0,0.0,0.0,0.0,1.0,0.0,0.0
106.7450149,10.84248,5243,0.0,1.0,0.0,0.0,0.0,0.0,0.0,1.0,0.0,0.0
106.7458918,10.8436562,5244,0.0,1.0,0.0,0.0,0.0,0.0,0.0,1.0,0.0,0.0
106.7459704,10.8441012,5245,0.0,1.0,0.0,0.0,0.0,0.0,0.0,1.0,0.0,0.0
106.7462625,10.8447893,5246,0.0,1.0,0.0,0.0,0.0,0.0,0.0,1.0,0.0,0.0
106.7466713,10.8453393,5247,0.0,1.0,0.0,0.0,0.0,0.0,0.0,1.0,0.0,0.0
106.7466548,10.8455407,5248,0.0,1.0,0.0,0.0,0.0,0.0,0.0,1.0,0.0,0.0
106.7471641,10.846154,5249,0.0,1.0,0.0,0.0,0.0,0.0,0.0,1.0,0.0,0.0
106.7470178,10.8461853,5250,0.0,1.0,0.0,0.0,0.0,0.0,0.0,1.0,0.0,0.0
106.7473601,10.8467406,5251,0.0,1.0,0.0,0.0,0.0,0.0,0.0,1.0,0.0,0.0
106.7475869,10.8468966,5252,0.0,1.0,0.0,0.0,0.0,0.0,0.0,1.0,0.0,0.0
106.7476427,10.8472414,5253,0.0,1.0,0.0,0.0,0.0,0.0,0.0,1.0,0.0,0.0
106.7482725,10.8483223,5254,0.0,1.0,0.0,0.0,0.0,0.0,0.0,1.0,0.0,0.0
106.7489666,10.849516,5255,0.0,1.0,0.0,0.0,0.0,0.0,0.0,1.0,0.0,0.0
106.7495854,10.8505683,5256,0.0,1.0,0.0,0.0,0.0,0.0,0.0,1.0,0.0,0.0
106.7499357,10.851176,5257,0.0,1.0,0.0,0.0,0.0,0.0,0.0,1.0,0.0,0.0
106.7503951,10.8519796,5258,0.0,1.0,0.0,0.0,0.0,0.0,0.0,1.0,0.0,0.0
106.7509374,10.8529425,5259,0.0,1.0,0.0,0.0,0.0,0.0,0.0,1.0,0.0,0.0
106.7513673,10.8534366,5260,0.0,1.0,0.0,0.0,0.0,0.0,0.0,1.0,0.0,0.0
106.7512935,10.8535126,5261,0.0,1.0,0.0,0.0,0.0,0.0,0.0,1.0,0.0,0.0
106.7514313,10.8537736,5262,0.0,1.0,0.0,0.0,0.0,0.0,0.0,1.0,0.0,0.0
106.7517455,10.8540904,5263,0.0,1.0,0.0,0.0,0.0,0.0,0.0,1.0,0.0,0.0
106.7515597,10.8540911,5264,0.0,1.0,0.0,0.0,0.0,0.0,0.0,1.0,0.0,0.0
106.7518559,10.8544767,5265,0.0,1.0,0.0,0.0,0.0,0.0,0.0,1.0,0.0,0.0
106.7516864,10.8544923,5266,0.0,1.0,0.0,0.0,0.0,0.0,0.0,1.0,0.0,0.0
106.7517961,10.8549811,5267,0.0,1.0,0.0,0.0,0.0,0.0,0.0,1.0,0.0,0.0
106.7518296,10.8556182,5268,0.0,1.0,0.0,0.0,0.0,0.0,0.0,1.0,0.0,0.0
106.7519989,10.8567675,5269,0.0,1.0,0.0,0.0,0.0,0.0,0.0,1.0,0.0,0.0
106.7518652,10.8566992,5270,0.0,1.0,0.0,0.0,0.0,0.0,0.0,1.0,0.0,0.0
106.7519276,10.8584812,5271,0.0,1.0,0.0,0.0,0.0,0.0,0.0,1.0,0.0,0.0
106.7519756,10.8589725,5272,0.0,1.0,0.0,0.0,0.0,0.0,0.0,1.0,0.0,0.0
106.7520932,10.8593336,5273,0.0,1.0,0.0,0.0,0.0,0.0,0.0,1.0,0.0,0.0
106.7522277,10.8596234,5274,0.0,1.0,0.0,0.0,0.0,0.0,0.0,1.0,0.0,0.0
106.753403,10.8610205,5275,0.0,1.0,0.0,0.0,0.0,0.0,0.0,1.0,0.0,0.0
106.7543042,10.8620708,5276,0.0,1.0,0.0,0.0,0.0,0.0,0.0,1.0,0.0,0.0
106.7546596,10.8624325,5277,0.0,1.0,0.0,0.0,0.0,0.0,0.0,1.0,0.0,0.0
106.7549967,10.8626266,5278,0.0,1.0,0.0,0.0,0.0,0.0,0.0,1.0,0.0,0.0
106.7551127,10.8627272,5279,0.0,1.0,0.0,0.0,0.0,0.0,0.0,1.0,0.0,0.0
106.7549731,10.8627189,5280,0.0,1.0,0.0,0.0,0.0,0.0,0.0,1.0,0.0,0.0
106.7552357,10.8629524,5281,0.0,1.0,0.0,0.0,0.0,0.0,0.0,1.0,0.0,0.0
106.755891,10.8633914,5282,0.0,1.0,0.0,0.0,0.0,0.0,0.0,1.0,0.0,0.0
106.7571889,10.8639451,5283,0.0,1.0,0.0,0.0,0.0,0.0,0.0,1.0,0.0,0.0
106.7571974,10.8641108,5284,0.0,1.0,0.0,0.0,0.0,0.0,0.0,1.0,0.0,0.0
106.7587614,10.8647942,5285,0.0,1.0,0.0,0.0,0.0,0.0,0.0,1.0,0.0,0.0
106.758735,10.864879,5286,0.0,1.0,0.0,0.0,0.0,0.0,0.0,1.0,0.0,0.0
106.7590875,10.8649614,5287,0.0,1.0,0.0,0.0,0.0,0.0,0.0,1.0,0.0,0.0
106.7590353,10.8650568,5288,0.0,1.0,0.0,0.0,0.0,0.0,0.0,1.0,0.0,0.0
106.7598606,10.8653562,5289,0.0,1.0,0.0,0.0,0.0,0.0,0.0,1.0,0.0,0.0
106.7597264,10.8654033,5290,0.0,1.0,0.0,0.0,0.0,0.0,0.0,1.0,0.0,0.0
106.7602048,10.8655238,5291,0.0,1.0,0.0,0.0,0.0,0.0,0.0,1.0,0.0,0.0
106.7601289,10.8655829,5292,0.0,1.0,0.0,0.0,0.0,0.0,0.0,1.0,0.0,0.0
106.7605138,10.8656966,5293,0.0,1.0,0.0,0.0,0.0,0.0,0.0,1.0,0.0,0.0
106.760591,10.8658361,5294,0.0,1.0,0.0,0.0,0.0,0.0,0.0,1.0,0.0,0.0
106.7610321,10.8660878,5295,0.0,1.0,0.0,0.0,0.0,0.0,0.0,1.0,0.0,0.0
106.7614942,10.8662732,5296,0.0,1.0,0.0,0.0,0.0,0.0,0.0,1.0,0.0,0.0
106.761486,10.8664018,5297,0.0,1.0,0.0,0.0,0.0,0.0,0.0,1.0,0.0,0.0
106.7616452,10.8663887,5298,0.0,1.0,0.0,0.0,0.0,0.0,0.0,1.0,0.0,0.0
106.7618791,10.8665866,5299,0.0,1.0,0.0,0.0,0.0,0.0,0.0,1.0,0.0,0.0
106.7617638,10.8666573,5300,0.0,1.0,0.0,0.0,0.0,0.0,0.0,1.0,0.0,0.0
106.7620037,10.8668982,5301,0.0,1.0,0.0,0.0,0.0,0.0,0.0,1.0,0.0,0.0
106.7621899,10.8669292,5302,0.0,1.0,0.0,0.0,0.0,0.0,0.0,1.0,0.0,0.0
106.7623268,10.8671266,5303,0.0,1.0,0.0,0.0,0.0,0.0,0.0,1.0,0.0,0.0
106.7621329,10.8670854,5304,0.0,1.0,0.0,0.0,0.0,0.0,0.0,1.0,0.0,0.0
106.7621866,10.8671642,5305,0.0,1.0,0.0,0.0,0.0,0.0,0.0,1.0,0.0,0.0
106.7622646,10.8674448,5306,0.0,1.0,0.0,0.0,0.0,0.0,0.0,1.0,0.0,0.0
106.7623693,10.8674606,5307,0.0,1.0,0.0,0.0,0.0,0.0,0.0,1.0,0.0,0.0
106.762304,10.8675993,5308,0.0,1.0,0.0,0.0,0.0,0.0,0.0,1.0,0.0,0.0
106.7623644,10.8677252,5309,0.0,1.0,0.0,0.0,0.0,0.0,0.0,1.0,0.0,0.0
106.7628066,10.8679338,5310,0.0,1.0,0.0,0.0,0.0,0.0,0.0,1.0,0.0,0.0
106.762655,10.8679426,5311,0.0,1.0,0.0,0.0,0.0,0.0,0.0,1.0,0.0,0.0
106.7629341,10.8683752,5312,0.0,1.0,0.0,0.0,0.0,0.0,0.0,1.0,0.0,0.0
106.7630848,10.8686112,5313,0.0,1.0,0.0,0.0,0.0,0.0,0.0,1.0,0.0,0.0
106.7631868,10.8688414,5314,0.0,1.0,0.0,0.0,0.0,0.0,0.0,1.0,0.0,0.0
106.7632633,10.8690225,5315,0.0,1.0,0.0,0.0,0.0,0.0,0.0,1.0,0.0,0.0
106.7633016,10.8691505,5316,0.0,1.0,0.0,0.0,0.0,0.0,0.0,1.0,0.0,0.0
106.7633421,10.8693466,5317,0.0,1.0,0.0,0.0,0.0,0.0,0.0,1.0,0.0,0.0
106.7633589,10.869613,5318,0.0,1.0,0.0,0.0,0.0,0.0,0.0,1.0,0.0,0.0
106.7633779,10.8699087,5319,0.0,1.0,0.0,0.0,0.0,0.0,0.0,1.0,0.0,0.0
106.7634986,10.8701071,5320,0.0,1.0,0.0,0.0,0.0,0.0,0.0,1.0,0.0,0.0
106.7633832,10.8701199,5321,0.0,1.0,0.0,0.0,0.0,0.0,0.0,1.0,0.0,0.0
106.7634123,10.8705207,5322,0.0,1.0,0.0,0.0,0.0,0.0,0.0,1.0,0.0,0.0
106.7634378,10.8706708,5323,0.0,1.0,0.0,0.0,0.0,0.0,0.0,1.0,0.0,0.0
106.7634751,10.8708032,5324,0.0,1.0,0.0,0.0,0.0,0.0,0.0,1.0,0.0,0.0
106.7634586,10.8709327,5325,0.0,1.0,0.0,0.0,0.0,0.0,0.0,1.0,0.0,0.0
106.7635227,10.8709342,5326,0.0,1.0,0.0,0.0,0.0,0.0,0.0,1.0,0.0,0.0
106.763686,10.8712552,5327,0.0,1.0,0.0,0.0,0.0,0.0,0.0,1.0,0.0,0.0
106.7638415,10.8712822,5328,0.0,1.0,0.0,0.0,0.0,0.0,0.0,1.0,0.0,0.0
106.6802576,10.8655178,5329,0.0,1.0,0.0,0.0,0.0,0.0,0.0,1.0,0.0,0.0
106.6800349,10.866064,5330,0.0,1.0,0.0,0.0,0.0,0.0,0.0,1.0,0.0,0.0
106.679629,10.8667282,5331,0.0,1.0,0.0,0.0,0.0,0.0,0.0,1.0,0.0,0.0
106.6326825,10.8136617,5332,0.0,1.0,0.0,0.0,0.0,0.0,0.0,1.0,0.0,0.0
106.6326507,10.8137902,5333,0.0,1.0,0.0,0.0,0.0,0.0,0.0,1.0,0.0,0.0
106.6324402,10.8144903,5334,0.0,1.0,0.0,0.0,0.0,0.0,0.0,1.0,0.0,0.0
106.632301,10.814956,5335,0.0,1.0,0.0,0.0,0.0,0.0,0.0,1.0,0.0,0.0
106.6314622,10.8176884,5336,0.0,1.0,0.0,0.0,0.0,0.0,0.0,1.0,0.0,0.0
106.6311177,10.8187936,5337,0.0,1.0,0.0,0.0,0.0,0.0,0.0,1.0,0.0,0.0
106.6304332,10.8210224,5338,0.0,1.0,0.0,0.0,0.0,0.0,0.0,1.0,0.0,0.0
106.630262,10.8215819,5339,0.0,1.0,0.0,0.0,0.0,0.0,0.0,1.0,0.0,0.0
106.6301378,10.8219664,5340,0.0,1.0,0.0,0.0,0.0,0.0,0.0,1.0,0.0,0.0
106.6300417,10.8222128,5341,0.0,1.0,0.0,0.0,0.0,0.0,0.0,1.0,0.0,0.0
106.6299643,10.8223993,5342,0.0,1.0,0.0,0.0,0.0,0.0,0.0,1.0,0.0,0.0
106.629901,10.8225259,5343,0.0,1.0,0.0,0.0,0.0,0.0,0.0,1.0,0.0,0.0
106.6298354,10.8226388,5344,0.0,1.0,0.0,0.0,0.0,0.0,0.0,1.0,0.0,0.0
106.6297674,10.8227539,5345,0.0,1.0,0.0,0.0,0.0,0.0,0.0,1.0,0.0,0.0
106.6293387,10.8232739,5346,0.0,1.0,0.0,0.0,0.0,0.0,0.0,1.0,0.0,0.0
106.629184,10.8234173,5347,0.0,1.0,0.0,0.0,0.0,0.0,0.0,1.0,0.0,0.0
106.7641979,10.8717808,5348,0.0,1.0,0.0,0.0,0.0,0.0,0.0,1.0,0.0,0.0
106.7655561,10.8747417,5349,0.0,1.0,0.0,0.0,0.0,0.0,0.0,1.0,0.0,0.0
106.7661923,10.8727999,5350,0.0,1.0,0.0,0.0,0.0,0.0,0.0,1.0,0.0,0.0
106.7655504,10.8732965,5351,0.0,1.0,0.0,0.0,0.0,0.0,0.0,1.0,0.0,0.0
106.7653588,10.8734237,5352,0.0,1.0,0.0,0.0,0.0,0.0,0.0,1.0,0.0,0.0
106.7637364,10.8711201,5353,0.0,1.0,0.0,0.0,0.0,0.0,0.0,1.0,0.0,0.0
106.650782,10.750992,5354,0.0,1.0,0.0,0.0,0.0,0.0,0.0,1.0,0.0,0.0
106.6071961,10.8552391,5355,0.0,1.0,0.0,0.0,0.0,0.0,0.0,1.0,0.0,0.0
106.6057636,10.8060161,5356,0.0,1.0,0.0,0.0,0.0,0.0,0.0,1.0,0.0,0.0
106.6586864,10.7682884,5357,0.0,1.0,0.0,0.0,0.0,0.0,0.0,1.0,0.0,0.0
106.60636,10.8214287,5358,0.0,1.0,0.0,0.0,0.0,0.0,0.0,1.0,0.0,0.0
106.6069027,10.8224463,5359,0.0,1.0,0.0,0.0,0.0,0.0,0.0,1.0,0.0,0.0
106.6054378,10.8198409,5360,0.0,1.0,0.0,0.0,0.0,0.0,0.0,1.0,0.0,0.0
106.6049673,10.819026,5361,0.0,1.0,0.0,0.0,0.0,0.0,0.0,1.0,0.0,0.0
106.7824691,10.7964727,5362,0.0,1.0,0.0,0.0,0.0,0.0,0.0,1.0,0.0,0.0
106.6959422,10.7931987,5363,0.0,1.0,0.0,0.0,0.0,0.0,0.0,1.0,0.0,0.0
106.6931776,10.7951383,5364,0.0,1.0,0.0,0.0,0.0,0.0,0.0,1.0,0.0,0.0
106.6928423,10.7959419,5365,0.0,1.0,0.0,0.0,0.0,0.0,0.0,1.0,0.0,0.0
106.692897,10.7950972,5366,0.0,1.0,0.0,0.0,0.0,0.0,0.0,1.0,0.0,0.0
106.6794334,10.8012346,5367,0.0,1.0,0.0,0.0,0.0,0.0,0.0,1.0,0.0,0.0
106.6698618,10.7526975,5368,0.0,1.0,0.0,0.0,0.0,0.0,0.0,1.0,0.0,0.0
106.6885411,10.7413597,5369,0.0,1.0,0.0,0.0,0.0,0.0,0.0,1.0,0.0,0.0
106.6804329,10.7675739,5370,0.0,1.0,0.0,0.0,0.0,0.0,0.0,1.0,0.0,0.0
106.6746869,10.7718596,5371,0.0,1.0,0.0,0.0,0.0,0.0,0.0,1.0,0.0,0.0
106.674291,10.771611,5372,0.0,1.0,0.0,0.0,0.0,0.0,0.0,1.0,0.0,0.0
106.6744361,10.7717026,5373,0.0,1.0,0.0,0.0,0.0,0.0,0.0,1.0,0.0,0.0
106.678213,10.7734234,5374,0.0,1.0,0.0,0.0,0.0,0.0,0.0,1.0,0.0,0.0
106.6788077,10.7725586,5375,0.0,1.0,0.0,0.0,0.0,0.0,0.0,1.0,0.0,0.0
106.6784345,10.7732344,5376,0.0,1.0,0.0,0.0,0.0,0.0,0.0,1.0,0.0,0.0
106.6789774,10.7820531,5377,0.0,1.0,0.0,0.0,0.0,0.0,0.0,1.0,0.0,0.0
106.7526282,10.792481,5378,0.0,1.0,0.0,0.0,0.0,0.0,0.0,1.0,0.0,0.0
106.6972911,10.783556,5379,0.0,1.0,0.0,0.0,0.0,0.0,0.0,1.0,0.0,0.0
106.6856078,10.755618,5380,0.0,1.0,0.0,0.0,0.0,0.0,0.0,1.0,0.0,0.0
106.5831922,10.7481359,5381,0.0,1.0,0.0,0.0,0.0,0.0,0.0,1.0,0.0,0.0
106.5750441,10.7535831,5382,0.0,1.0,0.0,0.0,0.0,0.0,0.0,1.0,0.0,0.0
106.7927457,10.7911079,5383,0.0,1.0,0.0,0.0,0.0,0.0,0.0,1.0,0.0,0.0
106.5693537,10.6795155,5384,0.0,1.0,0.0,0.0,0.0,0.0,0.0,1.0,0.0,0.0
106.5395618,10.6816168,5385,0.0,1.0,0.0,0.0,0.0,0.0,0.0,1.0,0.0,0.0
106.5374757,10.6812591,5386,0.0,1.0,0.0,0.0,0.0,0.0,0.0,1.0,0.0,0.0
106.5685304,10.6902026,5387,0.0,1.0,0.0,0.0,0.0,0.0,0.0,1.0,0.0,0.0
106.6265869,10.852143,5388,0.0,1.0,0.0,0.0,0.0,0.0,0.0,1.0,0.0,0.0
106.6265032,10.8521149,5389,0.0,1.0,0.0,0.0,0.0,0.0,0.0,1.0,0.0,0.0
106.6269574,10.8516475,5390,0.0,1.0,0.0,0.0,0.0,0.0,0.0,1.0,0.0,0.0
106.6272391,10.8515002,5391,0.0,1.0,0.0,0.0,0.0,0.0,0.0,1.0,0.0,0.0
106.6270992,10.851651,5392,0.0,1.0,0.0,0.0,0.0,0.0,0.0,1.0,0.0,0.0
106.6266605,10.8521782,5393,0.0,1.0,0.0,0.0,0.0,0.0,0.0,1.0,0.0,0.0
106.6269412,10.8515401,5394,0.0,1.0,0.0,0.0,0.0,0.0,0.0,1.0,0.0,0.0
106.6268112,10.8518928,5395,0.0,1.0,0.0,0.0,0.0,0.0,0.0,1.0,0.0,0.0
106.626986,10.8517898,5396,0.0,1.0,0.0,0.0,0.0,0.0,0.0,1.0,0.0,0.0
106.6271367,10.8514527,5397,0.0,1.0,0.0,0.0,0.0,0.0,0.0,1.0,0.0,0.0
106.627222,10.8509611,5398,0.0,1.0,0.0,0.0,0.0,0.0,0.0,1.0,0.0,0.0
106.6311764,10.8503521,5399,0.0,1.0,0.0,0.0,0.0,0.0,0.0,1.0,0.0,0.0
106.6314235,10.8502095,5400,0.0,1.0,0.0,0.0,0.0,0.0,0.0,1.0,0.0,0.0
106.6310257,10.8503283,5401,0.0,1.0,0.0,0.0,0.0,0.0,0.0,1.0,0.0,0.0
106.6316142,10.8499992,5402,0.0,1.0,0.0,0.0,0.0,0.0,0.0,1.0,0.0,0.0
106.6258864,10.8534206,5403,0.0,1.0,0.0,0.0,0.0,0.0,0.0,1.0,0.0,0.0
106.6432783,10.8422181,5404,0.0,1.0,0.0,0.0,0.0,0.0,0.0,1.0,0.0,0.0
106.6432413,10.8421686,5405,0.0,1.0,0.0,0.0,0.0,0.0,0.0,1.0,0.0,0.0
106.6410061,10.8437366,5406,0.0,1.0,0.0,0.0,0.0,0.0,0.0,1.0,0.0,0.0
106.6466305,10.8381753,5407,0.0,1.0,0.0,0.0,0.0,0.0,0.0,1.0,0.0,0.0
106.6467909,10.8385379,5408,0.0,1.0,0.0,0.0,0.0,0.0,0.0,1.0,0.0,0.0
106.6471624,10.839348,5409,0.0,1.0,0.0,0.0,0.0,0.0,0.0,1.0,0.0,0.0
106.6446895,10.8412728,5410,0.0,1.0,0.0,0.0,0.0,0.0,0.0,1.0,0.0,0.0
106.6451492,10.8345831,5411,0.0,1.0,0.0,0.0,0.0,0.0,0.0,1.0,0.0,0.0
106.6395043,10.821002,5412,0.0,1.0,0.0,0.0,0.0,0.0,0.0,1.0,0.0,0.0
106.6656817,10.8336477,5413,0.0,1.0,0.0,0.0,0.0,0.0,0.0,1.0,0.0,0.0
106.6724709,10.8326883,5414,0.0,1.0,0.0,0.0,0.0,0.0,0.0,1.0,0.0,0.0
106.6399907,10.8221695,5415,0.0,1.0,0.0,0.0,0.0,0.0,0.0,1.0,0.0,0.0
106.656865,10.8297458,5416,0.0,1.0,0.0,0.0,0.0,0.0,0.0,1.0,0.0,0.0
106.6758597,10.8279013,5417,0.0,1.0,0.0,0.0,0.0,0.0,0.0,1.0,0.0,0.0
106.6424438,10.8276568,5418,0.0,1.0,0.0,0.0,0.0,0.0,0.0,1.0,0.0,0.0
106.6700849,10.8303074,5419,0.0,1.0,0.0,0.0,0.0,0.0,0.0,1.0,0.0,0.0
106.6698517,10.8304602,5420,0.0,1.0,0.0,0.0,0.0,0.0,0.0,1.0,0.0,0.0
106.6657369,10.8336989,5421,0.0,1.0,0.0,0.0,0.0,0.0,0.0,1.0,0.0,0.0
106.6803566,10.8263175,5422,0.0,1.0,0.0,0.0,0.0,0.0,0.0,1.0,0.0,0.0
106.6784482,10.8136987,5423,0.0,1.0,0.0,0.0,0.0,0.0,0.0,1.0,0.0,0.0
106.6786809,10.8135787,5424,0.0,1.0,0.0,0.0,0.0,0.0,0.0,1.0,0.0,0.0
106.6785162,10.8136422,5425,0.0,1.0,0.0,0.0,0.0,0.0,0.0,1.0,0.0,0.0
106.6807748,10.8149524,5426,0.0,1.0,0.0,0.0,0.0,0.0,0.0,1.0,0.0,0.0
106.6796034,10.8142564,5427,0.0,1.0,0.0,0.0,0.0,0.0,0.0,1.0,0.0,0.0
106.6792752,10.8141208,5428,0.0,1.0,0.0,0.0,0.0,0.0,1.0,0.0,0.0,0.0
106.6880374,10.818853,5429,0.0,1.0,0.0,0.0,0.0,0.0,0.0,1.0,0.0,0.0
106.6897148,10.8188623,5430,0.0,1.0,0.0,0.0,0.0,0.0,0.0,1.0,0.0,0.0
106.6937514,10.8203712,5431,0.0,1.0,0.0,0.0,0.0,0.0,0.0,1.0,0.0,0.0
106.7008653,10.8224421,5432,0.0,1.0,0.0,0.0,0.0,0.0,0.0,1.0,0.0,0.0
106.7042978,10.8234764,5433,0.0,1.0,0.0,0.0,0.0,0.0,0.0,1.0,0.0,0.0
106.7053644,10.8233047,5434,0.0,1.0,0.0,0.0,0.0,0.0,0.0,1.0,0.0,0.0
106.7042712,10.8230475,5435,0.0,1.0,0.0,0.0,0.0,0.0,0.0,1.0,0.0,0.0
106.7052764,10.8237626,5436,0.0,1.0,0.0,0.0,0.0,0.0,0.0,1.0,0.0,0.0
106.7143007,10.8255413,5437,0.0,1.0,0.0,0.0,0.0,0.0,0.0,1.0,0.0,0.0
106.7134342,10.8253534,5438,0.0,1.0,0.0,0.0,0.0,0.0,0.0,1.0,0.0,0.0
106.7108326,10.8252486,5439,0.0,1.0,0.0,0.0,0.0,0.0,0.0,1.0,0.0,0.0
106.708113,10.8245545,5440,0.0,1.0,0.0,0.0,0.0,0.0,0.0,1.0,0.0,0.0
106.6896778,10.8192762,5441,0.0,1.0,0.0,0.0,0.0,0.0,0.0,1.0,0.0,0.0
106.6898926,10.8194754,5442,0.0,1.0,0.0,0.0,0.0,0.0,0.0,1.0,0.0,0.0
106.6924259,10.8201974,5443,0.0,1.0,0.0,0.0,0.0,0.0,0.0,1.0,0.0,0.0
106.6901597,10.8195651,5444,0.0,1.0,0.0,0.0,0.0,0.0,0.0,1.0,0.0,0.0
106.6890842,10.8208359,5445,0.0,1.0,0.0,0.0,0.0,0.0,0.0,1.0,0.0,0.0
106.6939096,10.8209791,5446,0.0,1.0,0.0,0.0,0.0,0.0,0.0,1.0,0.0,0.0
106.7786443,10.7670814,5447,0.0,1.0,0.0,0.0,0.0,0.0,0.0,1.0,0.0,0.0
106.7781902,10.7674718,5448,0.0,1.0,0.0,0.0,0.0,0.0,0.0,1.0,0.0,0.0
106.7557955,10.8085538,5449,0.0,1.0,0.0,0.0,0.0,0.0,0.0,1.0,0.0,0.0
106.7580597,10.8198667,5450,0.0,1.0,0.0,0.0,0.0,0.0,0.0,1.0,0.0,0.0
106.7580057,10.8195004,5451,0.0,1.0,0.0,0.0,0.0,0.0,0.0,1.0,0.0,0.0
106.683699,10.804223,5452,0.0,1.0,0.0,0.0,0.0,0.0,0.0,1.0,0.0,0.0
106.6799018,10.8071706,5453,0.0,1.0,0.0,0.0,0.0,0.0,0.0,1.0,0.0,0.0
106.6753848,10.8005914,5454,0.0,1.0,0.0,0.0,0.0,0.0,0.0,1.0,0.0,0.0
106.6759142,10.8015333,5455,0.0,1.0,0.0,0.0,0.0,0.0,0.0,1.0,0.0,0.0
106.677304,10.8039758,5456,0.0,1.0,0.0,0.0,0.0,0.0,0.0,1.0,0.0,0.0
106.6820996,10.8009731,5457,0.0,1.0,0.0,0.0,0.0,0.0,0.0,1.0,0.0,0.0
106.6767211,10.7994869,5458,0.0,1.0,0.0,0.0,0.0,0.0,0.0,1.0,0.0,0.0
106.6790756,10.807965,5459,0.0,1.0,0.0,0.0,0.0,0.0,0.0,1.0,0.0,0.0
106.6774927,10.8043122,5460,0.0,1.0,0.0,0.0,0.0,0.0,0.0,1.0,0.0,0.0
106.6831745,10.8046635,5461,0.0,1.0,0.0,0.0,0.0,0.0,0.0,1.0,0.0,0.0
106.6754811,10.7995755,5462,0.0,1.0,0.0,0.0,0.0,0.0,0.0,1.0,0.0,0.0
106.677625,10.8045481,5463,0.0,1.0,0.0,0.0,0.0,0.0,0.0,1.0,0.0,0.0
106.6770031,10.8034225,5464,0.0,1.0,0.0,0.0,0.0,0.0,0.0,1.0,0.0,0.0
106.6760591,10.7995351,5465,0.0,1.0,0.0,0.0,0.0,0.0,0.0,1.0,0.0,0.0
106.6308505,10.8204753,5466,0.0,1.0,0.0,0.0,0.0,0.0,0.0,1.0,0.0,0.0
106.6307719,10.8204466,5467,0.0,1.0,0.0,0.0,0.0,0.0,0.0,1.0,0.0,0.0
106.630635,10.8203973,5468,0.0,1.0,0.0,0.0,0.0,0.0,0.0,1.0,0.0,0.0
106.7155477,10.8612059,5469,0.0,1.0,0.0,0.0,0.0,0.0,0.0,1.0,0.0,0.0
106.6688363,10.7432567,5470,0.0,1.0,0.0,0.0,0.0,0.0,0.0,1.0,0.0,0.0
106.644065,10.8314643,5471,0.0,1.0,0.0,0.0,0.0,0.0,0.0,1.0,0.0,0.0
106.6392428,10.8202526,5472,0.0,1.0,0.0,0.0,0.0,0.0,0.0,1.0,0.0,0.0
106.6798467,10.7991227,5473,0.0,1.0,0.0,0.0,0.0,0.0,0.0,1.0,0.0,0.0
106.6798936,10.7992148,5474,0.0,1.0,0.0,0.0,0.0,0.0,0.0,1.0,0.0,0.0
106.6803958,10.7992321,5475,0.0,1.0,0.0,0.0,0.0,0.0,0.0,1.0,0.0,0.0
106.6801366,10.7992378,5476,0.0,1.0,0.0,0.0,0.0,0.0,0.0,1.0,0.0,0.0
106.6802342,10.7992811,5477,0.0,1.0,0.0,0.0,0.0,0.0,0.0,1.0,0.0,0.0
106.6803694,10.7993486,5478,0.0,1.0,0.0,0.0,0.0,0.0,0.0,1.0,0.0,0.0
106.6099984,10.878427,5479,0.0,1.0,0.0,0.0,0.0,0.0,0.0,1.0,0.0,0.0
106.5985688,10.888247,5480,0.0,1.0,0.0,0.0,0.0,0.0,0.0,1.0,0.0,0.0
106.5983906,10.8882712,5481,0.0,1.0,0.0,0.0,0.0,0.0,0.0,1.0,0.0,0.0
106.6784527,10.7840354,5482,0.0,1.0,0.0,0.0,0.0,0.0,0.0,1.0,0.0,0.0
106.6784372,10.7843732,5483,0.0,1.0,0.0,0.0,0.0,0.0,0.0,1.0,0.0,0.0
106.6423226,10.7628614,5484,0.0,1.0,0.0,0.0,0.0,0.0,0.0,1.0,0.0,0.0
106.6423866,10.7628642,5485,0.0,1.0,0.0,0.0,0.0,0.0,0.0,1.0,0.0,0.0
106.6422657,10.7628698,5486,0.0,1.0,0.0,0.0,0.0,0.0,0.0,1.0,0.0,0.0
106.6431889,10.763201,5487,0.0,1.0,0.0,0.0,0.0,0.0,0.0,1.0,0.0,0.0
106.6438888,10.7636202,5488,0.0,1.0,0.0,0.0,0.0,0.0,0.0,1.0,0.0,0.0
106.6418762,10.7669293,5489,0.0,1.0,0.0,0.0,0.0,0.0,0.0,1.0,0.0,0.0
106.6415603,10.7670422,5490,0.0,1.0,0.0,0.0,0.0,0.0,0.0,1.0,0.0,0.0
106.6413392,10.7670975,5491,0.0,1.0,0.0,0.0,0.0,0.0,0.0,1.0,0.0,0.0
106.6393105,10.7682767,5492,0.0,1.0,0.0,0.0,0.0,0.0,0.0,1.0,0.0,0.0
106.6390004,10.7684584,5493,0.0,1.0,0.0,0.0,0.0,0.0,0.0,1.0,0.0,0.0
106.8622494,10.7189277,5494,0.0,1.0,0.0,0.0,0.0,0.0,0.0,1.0,0.0,0.0
106.8623927,10.7189608,5495,0.0,1.0,0.0,0.0,0.0,0.0,0.0,1.0,0.0,0.0
106.6606567,10.7582296,5496,0.0,1.0,0.0,0.0,0.0,0.0,0.0,1.0,0.0,0.0
106.6817121,10.7960457,5497,0.0,1.0,0.0,0.0,0.0,0.0,0.0,1.0,0.0,0.0
106.6698044,10.7811663,5498,0.0,1.0,0.0,0.0,0.0,0.0,0.0,1.0,0.0,0.0
106.671179,10.7822208,5499,0.0,1.0,0.0,0.0,0.0,0.0,0.0,1.0,0.0,0.0
106.6703849,10.7816116,5500,0.0,1.0,0.0,0.0,0.0,0.0,0.0,1.0,0.0,0.0
106.6663881,10.7786037,5501,0.0,1.0,0.0,0.0,0.0,0.0,0.0,1.0,0.0,0.0
106.6668387,10.7789425,5502,0.0,1.0,0.0,0.0,0.0,0.0,0.0,1.0,0.0,0.0
106.6664893,10.7767238,5503,0.0,1.0,0.0,0.0,0.0,0.0,0.0,1.0,0.0,0.0
106.6506336,10.7707781,5504,0.0,1.0,0.0,0.0,0.0,0.0,0.0,1.0,0.0,0.0
106.6433178,10.7750342,5505,0.0,1.0,0.0,0.0,0.0,0.0,0.0,1.0,0.0,0.0
106.6430201,10.7752266,5506,0.0,1.0,0.0,0.0,0.0,0.0,0.0,1.0,0.0,0.0
106.6445865,10.7797138,5507,0.0,1.0,0.0,0.0,0.0,0.0,0.0,1.0,0.0,0.0
106.6469764,10.7794107,5508,0.0,1.0,0.0,0.0,0.0,0.0,0.0,1.0,0.0,0.0
106.6575684,10.7744993,5509,0.0,1.0,0.0,0.0,0.0,0.0,0.0,1.0,0.0,0.0
106.6607629,10.8006208,5510,0.0,1.0,0.0,0.0,0.0,0.0,0.0,1.0,0.0,0.0
106.7749026,10.8508122,5511,0.0,1.0,0.0,0.0,0.0,0.0,0.0,1.0,0.0,0.0
106.7795015,10.8536916,5512,0.0,1.0,0.0,0.0,0.0,0.0,0.0,1.0,0.0,0.0
106.7750374,10.8509137,5513,0.0,1.0,0.0,0.0,0.0,0.0,0.0,1.0,0.0,0.0
106.7394746,10.8398287,5514,0.0,1.0,0.0,0.0,0.0,0.0,0.0,1.0,0.0,0.0
106.7386008,10.8395986,5515,0.0,1.0,0.0,0.0,0.0,0.0,0.0,1.0,0.0,0.0
106.7327377,10.8374629,5516,0.0,1.0,0.0,0.0,0.0,0.0,0.0,1.0,0.0,0.0
106.7350738,10.8383142,5517,0.0,1.0,0.0,0.0,0.0,0.0,0.0,1.0,0.0,0.0
106.7364764,10.8387785,5518,0.0,1.0,0.0,0.0,0.0,0.0,0.0,1.0,0.0,0.0
106.7364819,10.839156,5519,0.0,1.0,0.0,0.0,0.0,0.0,0.0,1.0,0.0,0.0
106.7355872,10.8389059,5520,0.0,1.0,0.0,0.0,0.0,0.0,0.0,1.0,0.0,0.0
106.7339513,10.8381714,5521,0.0,1.0,0.0,0.0,0.0,0.0,0.0,1.0,0.0,0.0
106.7363075,10.838735,5522,0.0,1.0,0.0,0.0,0.0,0.0,0.0,1.0,0.0,0.0
106.7354087,10.8384481,5523,0.0,1.0,0.0,0.0,0.0,0.0,0.0,1.0,0.0,0.0
106.6902882,10.8196001,5524,0.0,1.0,0.0,0.0,0.0,0.0,0.0,1.0,0.0,0.0
106.6938111,10.8206032,5525,0.0,1.0,0.0,0.0,0.0,0.0,0.0,1.0,0.0,0.0
106.6943068,10.8207114,5526,0.0,1.0,0.0,0.0,0.0,0.0,0.0,1.0,0.0,0.0
106.6958823,10.8211199,5527,0.0,1.0,0.0,0.0,0.0,0.0,0.0,1.0,0.0,0.0
106.6971318,10.8214542,5528,0.0,1.0,0.0,0.0,0.0,0.0,0.0,1.0,0.0,0.0
106.6977184,10.8216231,5529,0.0,1.0,0.0,0.0,0.0,0.0,0.0,1.0,0.0,0.0
106.6978089,10.8214689,5530,0.0,1.0,0.0,0.0,0.0,0.0,0.0,1.0,0.0,0.0
106.6963569,10.8210748,5531,0.0,1.0,0.0,0.0,0.0,0.0,0.0,1.0,0.0,0.0
106.6951206,10.8207421,5532,0.0,1.0,0.0,0.0,0.0,0.0,0.0,1.0,0.0,0.0
106.6944504,10.820559,5533,0.0,1.0,0.0,0.0,0.0,0.0,0.0,1.0,0.0,0.0
106.7316152,10.8362529,5534,0.0,1.0,0.0,0.0,0.0,0.0,0.0,1.0,0.0,0.0
106.7157306,10.8261261,5535,0.0,1.0,0.0,0.0,0.0,0.0,0.0,1.0,0.0,0.0
106.7190201,10.8269406,5536,0.0,1.0,0.0,0.0,0.0,0.0,0.0,1.0,0.0,0.0
106.7195803,10.8271984,5537,0.0,1.0,0.0,0.0,0.0,0.0,0.0,1.0,0.0,0.0
106.7206753,10.8276844,5538,0.0,1.0,0.0,0.0,0.0,0.0,0.0,1.0,0.0,0.0
106.7213748,10.8280521,5539,0.0,1.0,0.0,0.0,0.0,0.0,0.0,1.0,0.0,0.0
106.7223391,10.8287148,5540,0.0,1.0,0.0,0.0,0.0,0.0,0.0,1.0,0.0,0.0
106.7238777,10.8299248,5541,0.0,1.0,0.0,0.0,0.0,0.0,0.0,1.0,0.0,0.0
106.7244662,10.8303811,5542,0.0,1.0,0.0,0.0,0.0,0.0,0.0,1.0,0.0,0.0
106.7257106,10.8313926,5543,0.0,1.0,0.0,0.0,0.0,0.0,0.0,1.0,0.0,0.0
106.7274088,10.8328103,5544,0.0,1.0,0.0,0.0,0.0,0.0,0.0,1.0,0.0,0.0
106.7278791,10.8332225,5545,0.0,1.0,0.0,0.0,0.0,0.0,0.0,1.0,0.0,0.0
106.7292301,10.8342919,5546,0.0,1.0,0.0,0.0,0.0,0.0,0.0,1.0,0.0,0.0
106.7309004,10.8356688,5547,0.0,1.0,0.0,0.0,0.0,0.0,0.0,1.0,0.0,0.0
106.7201953,10.8274631,5548,0.0,1.0,0.0,0.0,0.0,0.0,0.0,1.0,0.0,0.0
106.7460892,10.8440696,5549,0.0,1.0,0.0,0.0,0.0,0.0,0.0,1.0,0.0,0.0
106.745461,10.8431638,5550,0.0,1.0,0.0,0.0,0.0,0.0,0.0,1.0,0.0,0.0
106.6537695,10.7835806,5551,0.0,1.0,0.0,0.0,0.0,0.0,0.0,1.0,0.0,0.0
106.654269,10.7801804,5552,0.0,1.0,0.0,0.0,0.0,0.0,0.0,1.0,0.0,0.0
106.7632003,10.8303445,5553,0.0,1.0,0.0,0.0,0.0,0.0,0.0,1.0,0.0,0.0
106.684631,10.7937188,5554,0.0,1.0,0.0,0.0,0.0,0.0,0.0,1.0,0.0,0.0
106.6801416,10.7820029,5555,0.0,1.0,0.0,0.0,0.0,0.0,0.0,1.0,0.0,0.0
106.6719035,10.7782944,5556,0.0,1.0,0.0,0.0,0.0,0.0,0.0,1.0,0.0,0.0
106.6547735,10.7803895,5557,0.0,1.0,0.0,0.0,0.0,0.0,0.0,1.0,0.0,0.0
106.6866414,10.7763241,5558,0.0,1.0,0.0,0.0,0.0,0.0,0.0,1.0,0.0,0.0
106.6893097,10.7754965,5559,0.0,1.0,0.0,0.0,0.0,0.0,0.0,1.0,0.0,0.0
106.6816219,10.7955352,5560,0.0,1.0,0.0,0.0,0.0,0.0,0.0,1.0,0.0,0.0
106.6785674,10.8082363,5561,0.0,1.0,0.0,0.0,0.0,0.0,0.0,1.0,0.0,0.0
106.674996,10.7998963,5562,0.0,1.0,0.0,0.0,0.0,0.0,0.0,1.0,0.0,0.0
106.6762097,10.7975382,5563,0.0,1.0,0.0,0.0,0.0,0.0,0.0,1.0,0.0,0.0
106.6766674,10.7885114,5564,0.0,1.0,0.0,0.0,0.0,0.0,0.0,1.0,0.0,0.0
106.6783717,10.7858137,5565,0.0,1.0,0.0,0.0,0.0,0.0,0.0,1.0,0.0,0.0
106.6810645,10.7971588,5566,0.0,1.0,0.0,0.0,0.0,0.0,0.0,1.0,0.0,0.0
106.6814791,10.7964764,5567,0.0,1.0,0.0,0.0,0.0,0.0,0.0,1.0,0.0,0.0
106.6775823,10.798951,5568,0.0,1.0,0.0,0.0,0.0,0.0,0.0,1.0,0.0,0.0
106.6783648,10.7858911,5569,0.0,1.0,0.0,0.0,0.0,0.0,0.0,1.0,0.0,0.0
106.6783984,10.7855145,5570,0.0,1.0,0.0,0.0,0.0,0.0,0.0,1.0,0.0,0.0
106.6576551,10.7971532,5571,0.0,1.0,0.0,0.0,0.0,0.0,0.0,1.0,0.0,0.0
106.6585478,10.7971268,5572,0.0,1.0,0.0,0.0,0.0,0.0,0.0,1.0,0.0,0.0
106.6591473,10.7937616,5573,0.0,1.0,0.0,0.0,0.0,0.0,0.0,1.0,0.0,0.0
106.6525592,10.7933277,5574,0.0,1.0,0.0,0.0,0.0,0.0,0.0,1.0,0.0,0.0
106.6461409,10.790059,5575,0.0,1.0,0.0,0.0,0.0,0.0,0.0,1.0,0.0,0.0
106.6466566,10.7897886,5576,0.0,1.0,0.0,0.0,0.0,0.0,0.0,1.0,0.0,0.0
106.6452162,10.7875906,5577,0.0,1.0,0.0,0.0,0.0,0.0,0.0,1.0,0.0,0.0
106.6429148,10.7888399,5578,0.0,1.0,0.0,0.0,0.0,0.0,0.0,1.0,0.0,0.0
106.6454753,10.7795344,5579,0.0,1.0,0.0,0.0,0.0,0.0,0.0,1.0,0.0,0.0
106.6464343,10.7792593,5580,0.0,1.0,0.0,0.0,0.0,0.0,0.0,1.0,0.0,0.0
106.6427316,10.7754047,5581,0.0,1.0,0.0,0.0,0.0,0.0,0.0,1.0,0.0,0.0
106.6441738,10.7748612,5582,0.0,1.0,0.0,0.0,0.0,0.0,0.0,1.0,0.0,0.0
106.6387705,10.7758718,5583,0.0,1.0,0.0,0.0,0.0,0.0,0.0,1.0,0.0,0.0
106.6445219,10.7750869,5584,0.0,1.0,0.0,0.0,0.0,0.0,0.0,1.0,0.0,0.0
106.6434099,10.7905537,5585,0.0,1.0,0.0,0.0,0.0,0.0,0.0,1.0,0.0,0.0
106.6455998,10.7961612,5586,0.0,1.0,0.0,0.0,0.0,0.0,0.0,1.0,0.0,0.0
106.6481421,10.7957591,5587,0.0,1.0,0.0,0.0,0.0,0.0,0.0,1.0,0.0,0.0
106.6410989,10.7963907,5588,0.0,1.0,0.0,0.0,0.0,0.0,0.0,1.0,0.0,0.0
106.6409601,10.7959829,5589,0.0,1.0,0.0,0.0,0.0,0.0,0.0,1.0,0.0,0.0
106.64061,10.7948179,5590,0.0,1.0,0.0,0.0,0.0,0.0,0.0,1.0,0.0,0.0
106.6402984,10.7937318,5591,0.0,1.0,0.0,0.0,0.0,0.0,0.0,1.0,0.0,0.0
106.6535633,10.779581,5592,0.0,1.0,0.0,0.0,0.0,0.0,0.0,1.0,0.0,0.0
106.6536705,10.7796824,5593,0.0,1.0,0.0,0.0,0.0,0.0,0.0,1.0,0.0,0.0
106.6536833,10.779694,5594,0.0,1.0,0.0,0.0,0.0,0.0,0.0,1.0,0.0,0.0
106.6537843,10.7797845,5595,0.0,1.0,0.0,0.0,0.0,0.0,0.0,1.0,0.0,0.0
106.6553429,10.7805444,5596,0.0,1.0,0.0,0.0,0.0,0.0,0.0,1.0,0.0,0.0
106.7663093,10.8763065,5597,0.0,1.0,0.0,0.0,0.0,0.0,0.0,1.0,0.0,0.0
106.7663522,10.8766921,5598,0.0,1.0,0.0,0.0,0.0,0.0,0.0,1.0,0.0,0.0
106.7664975,10.877964,5599,0.0,1.0,0.0,0.0,0.0,0.0,0.0,1.0,0.0,0.0
106.7665197,10.8781309,5600,0.0,1.0,0.0,0.0,0.0,0.0,0.0,1.0,0.0,0.0
106.7621428,10.8788077,5601,0.0,1.0,0.0,0.0,0.0,0.0,0.0,1.0,0.0,0.0
106.6760195,10.7994621,5602,0.0,1.0,0.0,0.0,0.0,0.0,0.0,1.0,0.0,0.0
106.6708305,10.7881414,5603,0.0,1.0,0.0,0.0,0.0,0.0,0.0,1.0,0.0,0.0
106.6706732,10.7877067,5604,0.0,1.0,0.0,0.0,0.0,0.0,0.0,1.0,0.0,0.0
106.6707601,10.787681,5605,0.0,1.0,0.0,0.0,0.0,0.0,0.0,1.0,0.0,0.0
106.6653262,10.8022565,5606,0.0,1.0,0.0,0.0,0.0,0.0,0.0,1.0,0.0,0.0
106.6383645,10.8183252,5607,0.0,1.0,0.0,0.0,0.0,0.0,0.0,1.0,0.0,0.0
106.6388402,10.8195102,5608,0.0,1.0,0.0,0.0,0.0,0.0,0.0,1.0,0.0,0.0
106.6388758,10.8195966,5609,0.0,1.0,0.0,0.0,0.0,0.0,0.0,1.0,0.0,0.0
106.6391645,10.8202045,5610,0.0,1.0,0.0,0.0,0.0,0.0,0.0,1.0,0.0,0.0
106.6779996,10.8307499,5611,0.0,1.0,0.0,0.0,0.0,0.0,0.0,1.0,0.0,0.0
106.6365345,10.7543494,5612,0.0,1.0,0.0,0.0,0.0,0.0,0.0,1.0,0.0,0.0
106.636522,10.7546298,5613,0.0,1.0,0.0,0.0,0.0,0.0,0.0,1.0,0.0,0.0
106.6355574,10.7693744,5614,0.0,1.0,0.0,0.0,0.0,0.0,0.0,1.0,0.0,0.0
106.6304655,10.7707434,5615,0.0,1.0,0.0,0.0,0.0,0.0,0.0,1.0,0.0,0.0
106.643618,10.7858533,5616,0.0,1.0,0.0,0.0,0.0,0.0,0.0,1.0,0.0,0.0
106.6533143,10.7929004,5617,0.0,1.0,0.0,0.0,0.0,0.0,0.0,1.0,0.0,0.0
106.6534232,10.7928485,5618,0.0,1.0,0.0,0.0,0.0,0.0,0.0,1.0,0.0,0.0
106.653427,10.7930588,5619,0.0,1.0,0.0,0.0,0.0,0.0,0.0,1.0,0.0,0.0
106.6534883,10.7931421,5620,0.0,1.0,0.0,0.0,0.0,0.0,0.0,1.0,0.0,0.0
106.6549571,10.7945912,5621,0.0,1.0,0.0,0.0,0.0,0.0,0.0,1.0,0.0,0.0
106.6553627,10.7949991,5622,0.0,1.0,0.0,0.0,0.0,0.0,0.0,1.0,0.0,0.0
106.655605,10.7952296,5623,0.0,1.0,0.0,0.0,0.0,0.0,0.0,1.0,0.0,0.0
106.6555712,10.7954219,5624,0.0,1.0,0.0,0.0,0.0,0.0,0.0,1.0,0.0,0.0
106.6555613,10.7954918,5625,0.0,1.0,0.0,0.0,0.0,0.0,0.0,1.0,0.0,0.0
106.655546,10.7955147,5626,0.0,1.0,0.0,0.0,0.0,0.0,0.0,1.0,0.0,0.0
106.655473,10.7957146,5627,0.0,1.0,0.0,0.0,0.0,0.0,0.0,1.0,0.0,0.0
106.6783388,10.814014,5628,0.0,1.0,0.0,0.0,0.0,0.0,0.0,1.0,0.0,0.0
106.6770781,10.8141721,5629,0.0,1.0,0.0,0.0,0.0,0.0,0.0,1.0,0.0,0.0
106.675445,10.8142109,5630,0.0,1.0,0.0,0.0,0.0,0.0,0.0,1.0,0.0,0.0
106.6747486,10.8140069,5631,0.0,1.0,0.0,0.0,0.0,0.0,0.0,1.0,0.0,0.0
106.6741509,10.8137177,5632,0.0,1.0,0.0,0.0,0.0,0.0,0.0,1.0,0.0,0.0
106.6737874,10.813524,5633,0.0,1.0,0.0,0.0,0.0,0.0,0.0,1.0,0.0,0.0
106.6729975,10.8131405,5634,0.0,1.0,0.0,0.0,0.0,0.0,0.0,1.0,0.0,0.0
106.6727167,10.8130459,5635,0.0,1.0,0.0,0.0,0.0,0.0,0.0,1.0,0.0,0.0
106.6722807,10.8129702,5636,0.0,1.0,0.0,0.0,0.0,0.0,0.0,1.0,0.0,0.0
106.6682006,10.7743013,5637,0.0,1.0,0.0,0.0,0.0,0.0,0.0,1.0,0.0,0.0
106.6683653,10.7740549,5638,0.0,1.0,0.0,0.0,0.0,0.0,0.0,1.0,0.0,0.0
106.6352948,10.7869477,5639,0.0,1.0,0.0,0.0,0.0,0.0,0.0,1.0,0.0,0.0
106.634782,10.7874845,5640,0.0,1.0,0.0,0.0,0.0,0.0,0.0,1.0,0.0,0.0
106.6339228,10.7804774,5641,0.0,1.0,0.0,0.0,0.0,0.0,0.0,1.0,0.0,0.0
106.6371027,10.780164,5642,0.0,1.0,0.0,0.0,0.0,0.0,0.0,1.0,0.0,0.0
106.6367932,10.7802638,5643,0.0,1.0,0.0,0.0,0.0,0.0,0.0,1.0,0.0,0.0
106.6391111,10.7795586,5644,0.0,1.0,0.0,0.0,0.0,0.0,0.0,1.0,0.0,0.0
106.6375249,10.7800278,5645,0.0,1.0,0.0,0.0,0.0,0.0,0.0,1.0,0.0,0.0
106.6971275,10.7940005,5646,0.0,1.0,0.0,0.0,0.0,0.0,0.0,1.0,0.0,0.0
106.6416344,10.8676811,5647,0.0,1.0,0.0,0.0,0.0,0.0,0.0,1.0,0.0,0.0
106.6638434,10.7758189,5648,0.0,1.0,0.0,0.0,0.0,0.0,0.0,1.0,0.0,0.0
106.6643331,10.774561,5649,0.0,1.0,0.0,0.0,0.0,0.0,0.0,1.0,0.0,0.0
106.6642574,10.7747584,5650,0.0,1.0,0.0,0.0,0.0,0.0,0.0,1.0,0.0,0.0
106.6644614,10.7742192,5651,0.0,1.0,0.0,0.0,0.0,0.0,0.0,1.0,0.0,0.0
106.6645769,10.7739209,5652,0.0,1.0,0.0,0.0,0.0,0.0,0.0,1.0,0.0,0.0
106.6646705,10.7736852,5653,0.0,1.0,0.0,0.0,0.0,0.0,0.0,1.0,0.0,0.0
106.6645247,10.7740656,5654,0.0,1.0,0.0,0.0,0.0,0.0,0.0,1.0,0.0,0.0
106.6642092,10.7748753,5655,0.0,1.0,0.0,0.0,0.0,0.0,0.0,1.0,0.0,0.0
106.66406,10.77526,5656,0.0,1.0,0.0,0.0,0.0,0.0,0.0,1.0,0.0,0.0
106.6638024,10.7759246,5657,0.0,1.0,0.0,0.0,0.0,0.0,0.0,1.0,0.0,0.0
106.7094375,10.8040527,5658,0.0,1.0,0.0,0.0,0.0,0.0,0.0,1.0,0.0,0.0
106.751868,10.7924212,5659,0.0,1.0,0.0,0.0,0.0,0.0,0.0,1.0,0.0,0.0
106.7524658,10.7926709,5660,0.0,1.0,0.0,0.0,0.0,0.0,0.0,1.0,0.0,0.0
106.8630211,10.7862476,5661,0.0,1.0,0.0,0.0,0.0,0.0,0.0,1.0,0.0,0.0
106.6665223,10.8140254,5662,0.0,1.0,0.0,0.0,0.0,0.0,0.0,1.0,0.0,0.0
106.6685225,10.8141264,5663,0.0,1.0,0.0,0.0,0.0,0.0,0.0,1.0,0.0,0.0
106.667176,10.8140521,5664,0.0,1.0,0.0,0.0,0.0,0.0,0.0,1.0,0.0,0.0
106.6744174,10.8155342,5665,0.0,1.0,0.0,0.0,0.0,0.0,0.0,1.0,0.0,0.0
106.6656805,10.8139316,5666,0.0,1.0,0.0,0.0,0.0,0.0,0.0,1.0,0.0,0.0
106.6893594,10.7781111,5667,0.0,1.0,0.0,0.0,0.0,0.0,0.0,1.0,0.0,0.0
106.6606804,10.7826297,5668,0.0,1.0,0.0,0.0,0.0,0.0,0.0,1.0,0.0,0.0
106.665871,10.8014611,5669,0.0,1.0,0.0,0.0,0.0,0.0,0.0,1.0,0.0,0.0
106.6983007,10.7912261,5670,0.0,1.0,0.0,0.0,0.0,0.0,0.0,1.0,0.0,0.0
106.6787104,10.797322,5671,0.0,1.0,0.0,0.0,0.0,0.0,0.0,1.0,0.0,0.0
106.6440573,10.7869966,5672,0.0,1.0,0.0,0.0,0.0,0.0,0.0,1.0,0.0,0.0
106.6474468,10.8019372,5673,0.0,1.0,0.0,0.0,0.0,0.0,0.0,1.0,0.0,0.0
106.6517538,10.7841856,5674,0.0,1.0,0.0,0.0,0.0,0.0,0.0,1.0,0.0,0.0
106.741456,10.871165,5675,0.0,1.0,0.0,0.0,0.0,0.0,0.0,1.0,0.0,0.0
106.6645821,10.8082605,5676,0.0,1.0,0.0,0.0,0.0,0.0,0.0,1.0,0.0,0.0
106.6647077,10.8082208,5677,0.0,1.0,0.0,0.0,0.0,0.0,0.0,1.0,0.0,0.0
106.66804,10.7585417,5678,0.0,1.0,0.0,0.0,0.0,0.0,0.0,1.0,0.0,0.0
106.70752,10.8239945,5679,0.0,1.0,0.0,0.0,0.0,0.0,0.0,1.0,0.0,0.0
106.7074369,10.8242579,5680,0.0,1.0,0.0,0.0,0.0,0.0,0.0,1.0,0.0,0.0
106.7084742,10.8242624,5681,0.0,1.0,0.0,0.0,0.0,0.0,0.0,1.0,0.0,0.0
106.7083744,10.8245146,5682,0.0,1.0,0.0,0.0,0.0,0.0,0.0,1.0,0.0,0.0
106.7114611,10.8250887,5683,0.0,1.0,0.0,0.0,0.0,0.0,0.0,1.0,0.0,0.0
106.710872,10.8251409,5684,0.0,1.0,0.0,0.0,0.0,0.0,0.0,1.0,0.0,0.0
106.7120031,10.8252397,5685,0.0,1.0,0.0,0.0,0.0,0.0,0.0,1.0,0.0,0.0
106.7114115,10.8252909,5686,0.0,1.0,0.0,0.0,0.0,0.0,0.0,1.0,0.0,0.0
106.7119543,10.8254122,5687,0.0,1.0,0.0,0.0,0.0,0.0,0.0,1.0,0.0,0.0
106.7157505,10.8262487,5688,0.0,1.0,0.0,0.0,0.0,0.0,0.0,1.0,0.0,0.0
106.7174426,10.8265048,5689,0.0,1.0,0.0,0.0,0.0,0.0,0.0,1.0,0.0,0.0
106.7169706,10.8265531,5690,0.0,1.0,0.0,0.0,0.0,0.0,0.0,1.0,0.0,0.0
106.7174297,10.826671,5691,0.0,1.0,0.0,0.0,0.0,0.0,0.0,1.0,0.0,0.0
106.7170029,10.8267057,5692,0.0,1.0,0.0,0.0,0.0,0.0,0.0,1.0,0.0,0.0
106.717204,10.8267502,5693,0.0,1.0,0.0,0.0,0.0,0.0,0.0,1.0,0.0,0.0
106.7174648,10.8269528,5694,0.0,1.0,0.0,0.0,0.0,0.0,0.0,1.0,0.0,0.0
106.7182279,10.8268847,5695,0.0,1.0,0.0,0.0,0.0,0.0,0.0,1.0,0.0,0.0
106.7181851,10.8270542,5696,0.0,1.0,0.0,0.0,0.0,0.0,0.0,1.0,0.0,0.0
106.7189873,10.8272894,5697,0.0,1.0,0.0,0.0,0.0,0.0,0.0,1.0,0.0,0.0
106.7426477,10.8018693,5698,0.0,1.0,0.0,0.0,0.0,0.0,0.0,1.0,0.0,0.0
106.7398656,10.8013548,5699,0.0,1.0,0.0,0.0,0.0,0.0,0.0,1.0,0.0,0.0
106.7428973,10.8017482,5700,0.0,1.0,0.0,0.0,0.0,0.0,0.0,1.0,0.0,0.0
106.7434704,10.8018466,5701,0.0,1.0,0.0,0.0,0.0,0.0,0.0,1.0,0.0,0.0
106.7445441,10.8022128,5702,0.0,1.0,0.0,0.0,0.0,0.0,0.0,1.0,0.0,0.0
106.744299,10.8020116,5703,0.0,1.0,0.0,0.0,0.0,0.0,0.0,1.0,0.0,0.0
106.7448938,10.8019661,5704,0.0,1.0,0.0,0.0,0.0,0.0,0.0,1.0,0.0,0.0
106.7452636,10.8019616,5705,0.0,1.0,0.0,0.0,0.0,0.0,0.0,1.0,0.0,0.0
106.74573,10.8025311,5706,0.0,1.0,0.0,0.0,0.0,0.0,0.0,1.0,0.0,0.0
106.7445526,10.8019472,5707,0.0,1.0,0.0,0.0,0.0,0.0,0.0,1.0,0.0,0.0
106.745089,10.8019723,5708,0.0,1.0,0.0,0.0,0.0,0.0,0.0,1.0,0.0,0.0
106.744959,10.8020655,5709,0.0,1.0,0.0,0.0,0.0,0.0,0.0,1.0,0.0,0.0
106.7457465,10.8019073,5710,0.0,1.0,0.0,0.0,0.0,0.0,0.0,1.0,0.0,0.0
106.7456884,10.8020363,5711,0.0,1.0,0.0,0.0,0.0,0.0,0.0,1.0,0.0,0.0
106.7538562,10.8057542,5712,0.0,1.0,0.0,0.0,0.0,0.0,0.0,1.0,0.0,0.0
106.754566,10.8065662,5713,0.0,1.0,0.0,0.0,0.0,0.0,0.0,1.0,0.0,0.0
106.7549692,10.8074545,5714,0.0,1.0,0.0,0.0,0.0,0.0,0.0,1.0,0.0,0.0
106.756364,10.8104905,5715,0.0,1.0,0.0,0.0,0.0,0.0,0.0,1.0,0.0,0.0
106.7564854,10.81044,5716,0.0,1.0,0.0,0.0,0.0,0.0,0.0,1.0,0.0,0.0
106.7566718,10.8121151,5717,0.0,1.0,0.0,0.0,0.0,0.0,0.0,1.0,0.0,0.0
106.758383,10.8213346,5718,0.0,1.0,0.0,0.0,0.0,0.0,0.0,1.0,0.0,0.0
106.7586325,10.8222963,5719,0.0,1.0,0.0,0.0,0.0,0.0,0.0,1.0,0.0,0.0
106.7608,10.8262259,5720,0.0,1.0,0.0,0.0,0.0,0.0,0.0,1.0,0.0,0.0
106.7480627,10.8029714,5721,0.0,1.0,0.0,0.0,0.0,0.0,0.0,1.0,0.0,0.0
106.7474369,10.8028545,5722,0.0,1.0,0.0,0.0,0.0,0.0,0.0,1.0,0.0,0.0
106.7469536,10.8027604,5723,0.0,1.0,0.0,0.0,0.0,0.0,0.0,1.0,0.0,0.0
106.7465263,10.8026847,5724,0.0,1.0,0.0,0.0,0.0,0.0,0.0,1.0,0.0,0.0
106.7457674,10.8024049,5725,0.0,1.0,0.0,0.0,0.0,0.0,0.0,1.0,0.0,0.0
106.7481024,10.8028774,5726,0.0,1.0,0.0,0.0,0.0,0.0,0.0,1.0,0.0,0.0
106.7489288,10.8031584,5727,0.0,1.0,0.0,0.0,0.0,0.0,0.0,1.0,0.0,0.0
106.7489319,10.8030404,5728,0.0,1.0,0.0,0.0,0.0,0.0,0.0,1.0,0.0,0.0
106.748516,10.8029526,5729,0.0,1.0,0.0,0.0,0.0,0.0,0.0,1.0,0.0,0.0
106.7484636,10.8030495,5730,0.0,1.0,0.0,0.0,0.0,0.0,0.0,1.0,0.0,0.0
106.7489781,10.8032371,5731,0.0,1.0,0.0,0.0,0.0,0.0,0.0,1.0,0.0,0.0
106.751672,10.8042407,5732,0.0,1.0,0.0,0.0,0.0,0.0,0.0,1.0,0.0,0.0
106.7508928,10.8038964,5733,0.0,1.0,0.0,0.0,0.0,0.0,0.0,1.0,0.0,0.0
106.7505061,10.8037133,5734,0.0,1.0,0.0,0.0,0.0,0.0,0.0,1.0,0.0,0.0
106.7500948,10.8035408,5735,0.0,1.0,0.0,0.0,0.0,0.0,0.0,1.0,0.0,0.0
106.7497282,10.8034046,5736,0.0,1.0,0.0,0.0,0.0,0.0,0.0,1.0,0.0,0.0
106.7494647,10.8033123,5737,0.0,1.0,0.0,0.0,0.0,0.0,0.0,1.0,0.0,0.0
106.7491736,10.8032185,5738,0.0,1.0,0.0,0.0,0.0,0.0,0.0,1.0,0.0,0.0
106.7337869,10.8000652,5739,0.0,1.0,0.0,0.0,0.0,0.0,0.0,1.0,0.0,0.0
106.727402,10.798789,5740,0.0,1.0,0.0,0.0,0.0,0.0,0.0,1.0,0.0,0.0
106.7276601,10.7988329,5741,0.0,1.0,0.0,0.0,0.0,0.0,0.0,1.0,0.0,0.0
106.729886,10.7992183,5742,0.0,1.0,0.0,0.0,0.0,0.0,0.0,1.0,0.0,0.0
106.7309816,10.79941,5743,0.0,1.0,0.0,0.0,0.0,0.0,0.0,1.0,0.0,0.0
106.7251924,10.7982459,5744,0.0,1.0,0.0,0.0,0.0,0.0,0.0,1.0,0.0,0.0
106.728642,10.7988988,5745,0.0,1.0,0.0,0.0,0.0,0.0,0.0,1.0,0.0,0.0
106.7273837,10.7986792,5746,0.0,1.0,0.0,0.0,0.0,0.0,0.0,1.0,0.0,0.0
106.7303698,10.7992063,5747,0.0,1.0,0.0,0.0,0.0,0.0,0.0,1.0,0.0,0.0
106.7237287,10.7979552,5748,0.0,1.0,0.0,0.0,0.0,0.0,0.0,1.0,0.0,0.0
106.7250464,10.7983208,5749,0.0,1.0,0.0,0.0,0.0,0.0,0.0,1.0,0.0,0.0
106.7494762,10.8029624,5750,0.0,1.0,0.0,0.0,0.0,0.0,0.0,1.0,0.0,0.0
106.7498148,10.8030754,5751,0.0,1.0,0.0,0.0,0.0,0.0,0.0,1.0,0.0,0.0
106.7499475,10.8031153,5752,0.0,1.0,0.0,0.0,0.0,0.0,0.0,1.0,0.0,0.0
106.7515077,10.8038225,5753,0.0,1.0,0.0,0.0,0.0,0.0,0.0,1.0,0.0,0.0
106.7516057,10.8038959,5754,0.0,1.0,0.0,0.0,0.0,0.0,0.0,1.0,0.0,0.0
106.7484698,10.8028111,5755,0.0,1.0,0.0,0.0,0.0,0.0,0.0,1.0,0.0,0.0
106.7474559,10.8025356,5756,0.0,1.0,0.0,0.0,0.0,0.0,0.0,1.0,0.0,0.0
106.7461836,10.8020011,5757,0.0,1.0,0.0,0.0,0.0,0.0,0.0,1.0,0.0,0.0
106.7458545,10.8020307,5758,0.0,1.0,0.0,0.0,0.0,0.0,0.0,1.0,0.0,0.0
106.7469392,10.8021558,5759,0.0,1.0,0.0,0.0,0.0,0.0,0.0,1.0,0.0,0.0
106.74724,10.8023227,5760,0.0,1.0,0.0,0.0,0.0,0.0,0.0,1.0,0.0,0.0
106.7474294,10.8024148,5761,0.0,1.0,0.0,0.0,0.0,0.0,0.0,1.0,0.0,0.0
106.7475036,10.8024539,5762,0.0,1.0,0.0,0.0,0.0,0.0,0.0,1.0,0.0,0.0
106.7242419,10.7979239,5763,0.0,1.0,0.0,0.0,0.0,0.0,0.0,1.0,0.0,0.0
106.7249694,10.7984922,5764,0.0,1.0,0.0,0.0,0.0,0.0,0.0,1.0,0.0,0.0
106.7270225,10.7987239,5765,0.0,1.0,0.0,0.0,0.0,0.0,0.0,1.0,0.0,0.0
106.7286781,10.7991908,5766,0.0,1.0,0.0,0.0,0.0,0.0,0.0,1.0,0.0,0.0
106.7228617,10.798183,5767,0.0,1.0,0.0,0.0,0.0,0.0,0.0,1.0,0.0,0.0
106.7225975,10.7981356,5768,0.0,1.0,0.0,0.0,0.0,0.0,0.0,1.0,0.0,0.0
106.7206074,10.7978719,5769,0.0,1.0,0.0,0.0,0.0,0.0,0.0,1.0,0.0,0.0
106.720733,10.7978632,5770,0.0,1.0,0.0,0.0,0.0,0.0,0.0,1.0,0.0,0.0
106.7228828,10.7980777,5771,0.0,1.0,0.0,0.0,0.0,0.0,0.0,1.0,0.0,0.0
106.7129585,10.8012827,5772,0.0,1.0,0.0,0.0,0.0,0.0,0.0,1.0,0.0,0.0
106.7109461,10.801101,5773,0.0,1.0,0.0,0.0,0.0,0.0,0.0,1.0,0.0,0.0
106.7134138,10.8014664,5774,0.0,1.0,0.0,0.0,0.0,0.0,0.0,1.0,0.0,0.0
106.713367,10.8013965,5775,0.0,1.0,0.0,0.0,0.0,0.0,0.0,1.0,0.0,0.0
106.7125586,10.801471,5776,0.0,1.0,0.0,0.0,0.0,0.0,0.0,1.0,0.0,0.0
106.7109087,10.8014241,5777,0.0,1.0,0.0,0.0,0.0,0.0,0.0,1.0,0.0,0.0
106.7093512,10.8011184,5778,0.0,1.0,0.0,0.0,0.0,0.0,0.0,1.0,0.0,0.0
106.7067415,10.7996945,5779,0.0,1.0,0.0,0.0,0.0,0.0,0.0,1.0,0.0,0.0
106.7039686,10.7969994,5780,0.0,1.0,0.0,0.0,0.0,0.0,0.0,1.0,0.0,0.0
106.6992484,10.7925924,5781,0.0,1.0,0.0,0.0,0.0,0.0,0.0,1.0,0.0,0.0
106.6995392,10.7921461,5782,0.0,1.0,0.0,0.0,0.0,0.0,0.0,1.0,0.0,0.0
106.6992858,10.7921176,5783,0.0,1.0,0.0,0.0,0.0,0.0,0.0,1.0,0.0,0.0
106.6990196,10.7919593,5784,0.0,1.0,0.0,0.0,0.0,0.0,0.0,1.0,0.0,0.0
106.6988725,10.7919822,5785,0.0,1.0,0.0,0.0,0.0,0.0,0.0,1.0,0.0,0.0
106.7114137,10.80187,5786,0.0,1.0,0.0,0.0,0.0,0.0,0.0,1.0,0.0,0.0
106.711258,10.8018353,5787,0.0,1.0,0.0,0.0,0.0,0.0,0.0,1.0,0.0,0.0
106.7087166,10.8006301,5788,0.0,1.0,0.0,0.0,0.0,0.0,0.0,1.0,0.0,0.0
106.7335672,10.8001656,5789,0.0,1.0,0.0,0.0,0.0,0.0,0.0,1.0,0.0,0.0
106.7324139,10.800108,5790,0.0,1.0,0.0,0.0,0.0,0.0,0.0,1.0,0.0,0.0
106.7529968,10.8012401,5791,0.0,1.0,0.0,0.0,0.0,0.0,0.0,1.0,0.0,0.0
106.7505964,10.789102,5792,0.0,1.0,0.0,0.0,0.0,0.0,0.0,1.0,0.0,0.0
106.7502508,10.7882923,5793,0.0,1.0,0.0,0.0,0.0,0.0,0.0,1.0,0.0,0.0
106.7504657,10.7888658,5794,0.0,1.0,0.0,0.0,0.0,0.0,0.0,1.0,0.0,0.0
106.7537098,10.8025208,5795,0.0,1.0,0.0,0.0,0.0,0.0,0.0,1.0,0.0,0.0
106.7534957,10.8014019,5796,0.0,1.0,0.0,0.0,0.0,0.0,0.0,1.0,0.0,0.0
106.7539729,10.8043702,5797,0.0,1.0,0.0,0.0,0.0,0.0,0.0,1.0,0.0,0.0
106.7539871,10.8045239,5798,0.0,1.0,0.0,0.0,0.0,0.0,0.0,1.0,0.0,0.0
106.7734527,10.8481654,5799,0.0,1.0,0.0,0.0,0.0,0.0,0.0,1.0,0.0,0.0
106.7715209,10.8450607,5800,0.0,1.0,0.0,0.0,0.0,0.0,0.0,1.0,0.0,0.0
106.774693,10.8484707,5801,0.0,1.0,0.0,0.0,0.0,0.0,0.0,1.0,0.0,0.0
106.7730798,10.8478386,5802,0.0,1.0,0.0,0.0,0.0,0.0,0.0,1.0,0.0,0.0
106.7784947,10.8523905,5803,0.0,1.0,0.0,0.0,0.0,0.0,0.0,1.0,0.0,0.0
106.7720638,10.8463923,5804,0.0,1.0,0.0,0.0,0.0,0.0,0.0,1.0,0.0,0.0
106.771551,10.8456575,5805,0.0,1.0,0.0,0.0,0.0,0.0,0.0,1.0,0.0,0.0
106.776274,10.8512084,5806,0.0,1.0,0.0,0.0,0.0,0.0,0.0,1.0,0.0,0.0
106.7732654,10.8482531,5807,0.0,1.0,0.0,0.0,0.0,0.0,0.0,1.0,0.0,0.0
106.7731396,10.8483047,5808,0.0,1.0,0.0,0.0,0.0,0.0,0.0,1.0,0.0,0.0
106.767145,10.8378586,5809,0.0,1.0,0.0,0.0,0.0,0.0,0.0,1.0,0.0,0.0
106.7666991,10.8367132,5810,0.0,1.0,0.0,0.0,0.0,0.0,0.0,1.0,0.0,0.0
106.7671733,10.8376118,5811,0.0,1.0,0.0,0.0,0.0,0.0,0.0,1.0,0.0,0.0
106.7669521,10.8371929,5812,0.0,1.0,0.0,0.0,0.0,0.0,0.0,1.0,0.0,0.0
106.5995766,10.7168737,5813,0.0,1.0,0.0,0.0,0.0,0.0,0.0,1.0,0.0,0.0
106.5996686,10.7181482,5814,0.0,1.0,0.0,0.0,0.0,0.0,0.0,1.0,0.0,0.0
106.6001566,10.7193451,5815,0.0,1.0,0.0,0.0,0.0,0.0,0.0,1.0,0.0,0.0
106.5992366,10.7151649,5816,0.0,1.0,0.0,0.0,0.0,0.0,0.0,1.0,0.0,0.0
106.5997036,10.7167984,5817,0.0,1.0,0.0,0.0,0.0,0.0,0.0,1.0,0.0,0.0
106.5991198,10.7134075,5818,0.0,1.0,0.0,0.0,0.0,0.0,0.0,1.0,0.0,0.0
106.5990358,10.7134281,5819,0.0,1.0,0.0,0.0,0.0,0.0,0.0,1.0,0.0,0.0
106.6010908,10.7238063,5820,0.0,1.0,0.0,0.0,0.0,0.0,0.0,1.0,0.0,0.0
106.6006104,10.7224619,5821,0.0,1.0,0.0,0.0,0.0,0.0,0.0,1.0,0.0,0.0
106.6010263,10.7234639,5822,0.0,1.0,0.0,0.0,0.0,0.0,0.0,1.0,0.0,0.0
106.594239,10.7496222,5823,0.0,1.0,0.0,0.0,0.0,0.0,0.0,1.0,0.0,0.0
106.5941698,10.7496063,5824,0.0,1.0,0.0,0.0,0.0,0.0,0.0,1.0,0.0,0.0
106.5969805,10.6976295,5825,0.0,1.0,0.0,0.0,0.0,0.0,0.0,1.0,0.0,0.0
106.5969027,10.6973235,5826,0.0,1.0,0.0,0.0,0.0,0.0,0.0,1.0,0.0,0.0
106.5970442,10.6980086,5827,0.0,1.0,0.0,0.0,0.0,0.0,0.0,1.0,0.0,0.0
106.5980654,10.7066232,5828,0.0,1.0,0.0,0.0,0.0,0.0,0.0,1.0,0.0,0.0
106.7183462,10.7951195,5829,0.0,1.0,0.0,0.0,0.0,0.0,0.0,1.0,0.0,0.0
106.7182701,10.7942625,5830,0.0,1.0,0.0,0.0,0.0,0.0,0.0,1.0,0.0,0.0
106.7179634,10.7867683,5831,0.0,1.0,0.0,0.0,0.0,0.0,0.0,1.0,0.0,0.0
106.7192073,10.7844433,5832,0.0,1.0,0.0,0.0,0.0,0.0,0.0,1.0,0.0,0.0
106.7182754,10.794525,5833,0.0,1.0,0.0,0.0,0.0,0.0,0.0,1.0,0.0,0.0
106.6817731,10.8154479,5834,0.0,1.0,0.0,0.0,0.0,0.0,0.0,1.0,0.0,0.0
106.6814881,10.815122,5835,0.0,1.0,0.0,0.0,0.0,0.0,0.0,1.0,0.0,0.0
106.6849024,10.8170988,5836,0.0,1.0,0.0,0.0,0.0,0.0,0.0,1.0,0.0,0.0
106.6876976,10.8185219,5837,0.0,1.0,0.0,0.0,0.0,0.0,0.0,1.0,0.0,0.0
106.6917234,10.8200201,5838,0.0,1.0,0.0,0.0,0.0,0.0,0.0,1.0,0.0,0.0
106.6919605,10.8198985,5839,0.0,1.0,0.0,0.0,0.0,0.0,0.0,1.0,0.0,0.0
106.6928648,10.8201349,5840,0.0,1.0,0.0,0.0,0.0,0.0,0.0,1.0,0.0,0.0
106.6939284,10.8204701,5841,0.0,1.0,0.0,0.0,0.0,0.0,0.0,1.0,0.0,0.0
106.6940096,10.8204055,5842,0.0,1.0,0.0,0.0,0.0,0.0,0.0,1.0,0.0,0.0
106.694057,10.8203975,5843,0.0,1.0,0.0,0.0,0.0,0.0,0.0,1.0,0.0,0.0
106.6941047,10.8204031,5844,0.0,1.0,0.0,0.0,0.0,0.0,0.0,1.0,0.0,0.0
106.6940372,10.8207283,5845,0.0,1.0,0.0,0.0,0.0,0.0,0.0,1.0,0.0,0.0
106.7008342,10.8222538,5846,0.0,1.0,0.0,0.0,0.0,0.0,0.0,1.0,0.0,0.0
106.7028543,10.8229731,5847,0.0,1.0,0.0,0.0,0.0,0.0,0.0,1.0,0.0,0.0
106.7029181,10.8228153,5848,0.0,1.0,0.0,0.0,0.0,0.0,0.0,1.0,0.0,0.0
106.7139208,10.8251483,5849,0.0,1.0,0.0,0.0,0.0,0.0,0.0,1.0,0.0,0.0
106.7127896,10.8254562,5850,0.0,1.0,0.0,0.0,0.0,0.0,0.0,1.0,0.0,0.0
106.7211712,10.8283987,5851,0.0,1.0,0.0,0.0,0.0,0.0,0.0,1.0,0.0,0.0
106.721025,10.8278577,5852,0.0,1.0,0.0,0.0,0.0,0.0,0.0,1.0,0.0,0.0
106.7219553,10.8284372,5853,0.0,1.0,0.0,0.0,0.0,0.0,0.0,1.0,0.0,0.0
106.7233614,10.8294998,5854,0.0,1.0,0.0,0.0,0.0,0.0,0.0,1.0,0.0,0.0
106.7228302,10.8295069,5855,0.0,1.0,0.0,0.0,0.0,0.0,0.0,1.0,0.0,0.0
106.7331742,10.8377298,5856,0.0,1.0,0.0,0.0,0.0,0.0,0.0,1.0,0.0,0.0
106.7339422,10.8377979,5857,0.0,1.0,0.0,0.0,0.0,0.0,0.0,1.0,0.0,0.0
106.7333337,10.8374238,5858,0.0,1.0,0.0,0.0,0.0,0.0,0.0,1.0,0.0,0.0
106.734508,10.8380621,5859,0.0,1.0,0.0,0.0,0.0,0.0,0.0,1.0,0.0,0.0
106.679313,10.814013,5860,0.0,1.0,0.0,0.0,0.0,0.0,0.0,1.0,0.0,0.0
106.680233,10.814395,5861,0.0,1.0,0.0,0.0,0.0,0.0,0.0,1.0,0.0,0.0
106.6811746,10.8148226,5862,0.0,1.0,0.0,0.0,0.0,0.0,0.0,1.0,0.0,0.0
106.6817334,10.8151161,5863,0.0,1.0,0.0,0.0,0.0,0.0,0.0,1.0,0.0,0.0
106.7031447,10.8230448,5864,0.0,1.0,0.0,0.0,0.0,0.0,0.0,1.0,0.0,0.0
106.703275,10.822775,5865,0.0,1.0,0.0,0.0,0.0,0.0,0.0,1.0,0.0,0.0
106.7027515,10.8230664,5866,0.0,1.0,0.0,0.0,0.0,0.0,0.0,1.0,0.0,0.0
106.7019341,10.8228494,5867,0.0,1.0,0.0,0.0,0.0,0.0,0.0,1.0,0.0,0.0
106.7005167,10.8224861,5868,0.0,1.0,0.0,0.0,0.0,0.0,0.0,1.0,0.0,0.0
106.6988426,10.8220182,5869,0.0,1.0,0.0,0.0,0.0,0.0,0.0,1.0,0.0,0.0
106.697308,10.8216276,5870,0.0,1.0,0.0,0.0,0.0,0.0,0.0,1.0,0.0,0.0
106.6967895,10.8214951,5871,0.0,1.0,0.0,0.0,0.0,0.0,0.0,1.0,0.0,0.0
106.6954804,10.8211357,5872,0.0,1.0,0.0,0.0,0.0,0.0,0.0,1.0,0.0,0.0
106.694458,10.8208642,5873,0.0,1.0,0.0,0.0,0.0,0.0,0.0,1.0,0.0,0.0
106.6942588,10.8208043,5874,0.0,1.0,0.0,0.0,0.0,0.0,0.0,1.0,0.0,0.0
106.6937182,10.8206697,5875,0.0,1.0,0.0,0.0,0.0,0.0,0.0,1.0,0.0,0.0
106.6924108,10.8203312,5876,0.0,1.0,0.0,0.0,0.0,0.0,0.0,1.0,0.0,0.0
106.6897014,10.8195724,5877,0.0,1.0,0.0,0.0,0.0,0.0,0.0,1.0,0.0,0.0
106.6895083,10.8195165,5878,0.0,1.0,0.0,0.0,0.0,0.0,0.0,1.0,0.0,0.0
106.689055,10.8193667,5879,0.0,1.0,0.0,0.0,0.0,0.0,0.0,1.0,0.0,0.0
106.6888031,10.8192865,5880,0.0,1.0,0.0,0.0,0.0,0.0,0.0,1.0,0.0,0.0
106.6880711,10.8189994,5881,0.0,1.0,0.0,0.0,0.0,0.0,0.0,1.0,0.0,0.0
106.6871233,10.8185959,5882,0.0,1.0,0.0,0.0,0.0,0.0,0.0,1.0,0.0,0.0
106.6869633,10.8185142,5883,0.0,1.0,0.0,0.0,0.0,0.0,0.0,1.0,0.0,0.0
106.6860604,10.818086,5884,0.0,1.0,0.0,0.0,0.0,0.0,0.0,1.0,0.0,0.0
106.6857416,10.8179142,5885,0.0,1.0,0.0,0.0,0.0,0.0,0.0,1.0,0.0,0.0
106.6849102,10.8174493,5886,0.0,1.0,0.0,0.0,0.0,0.0,0.0,1.0,0.0,0.0
106.6840188,10.8169149,5887,0.0,1.0,0.0,0.0,0.0,0.0,0.0,1.0,0.0,0.0
106.6838796,10.8168251,5888,0.0,1.0,0.0,0.0,0.0,0.0,0.0,1.0,0.0,0.0
106.6826021,10.816038,5889,0.0,1.0,0.0,0.0,0.0,0.0,0.0,1.0,0.0,0.0
106.6818266,10.8156051,5890,0.0,1.0,0.0,0.0,0.0,0.0,0.0,1.0,0.0,0.0
106.6814749,10.8154234,5891,0.0,1.0,0.0,0.0,0.0,0.0,0.0,1.0,0.0,0.0
106.681048,10.8152158,5892,0.0,1.0,0.0,0.0,0.0,0.0,0.0,1.0,0.0,0.0
106.6795011,10.814515,5893,0.0,1.0,0.0,0.0,0.0,0.0,0.0,1.0,0.0,0.0
106.679168,10.8146934,5894,0.0,1.0,0.0,0.0,0.0,0.0,0.0,1.0,0.0,0.0
106.6789864,10.8142949,5895,0.0,1.0,0.0,0.0,0.0,0.0,0.0,1.0,0.0,0.0
106.6788078,10.8143687,5896,0.0,1.0,0.0,0.0,0.0,0.0,0.0,1.0,0.0,0.0
106.6788684,10.8135931,5897,0.0,1.0,0.0,0.0,0.0,0.0,0.0,1.0,0.0,0.0
106.6789595,10.8136346,5898,0.0,1.0,0.0,0.0,0.0,0.0,0.0,1.0,0.0,0.0
106.678595,10.8136016,5899,0.0,1.0,0.0,0.0,0.0,0.0,0.0,1.0,0.0,0.0
106.6828777,10.815736,5900,0.0,1.0,0.0,0.0,0.0,0.0,0.0,1.0,0.0,0.0
106.683398,10.8160522,5901,0.0,1.0,0.0,0.0,0.0,0.0,0.0,1.0,0.0,0.0
106.6841195,10.8165108,5902,0.0,1.0,0.0,0.0,0.0,0.0,0.0,1.0,0.0,0.0
106.6842805,10.8166107,5903,0.0,1.0,0.0,0.0,0.0,0.0,0.0,1.0,0.0,0.0
106.6848598,10.8169611,5904,0.0,1.0,0.0,0.0,0.0,0.0,0.0,1.0,0.0,0.0
106.6853284,10.817229,5905,0.0,1.0,0.0,0.0,0.0,0.0,0.0,1.0,0.0,0.0
106.6856913,10.8174353,5906,0.0,1.0,0.0,0.0,0.0,0.0,0.0,1.0,0.0,0.0
106.685981,10.8175986,5907,0.0,1.0,0.0,0.0,0.0,0.0,0.0,1.0,0.0,0.0
106.6863783,10.8177991,5908,0.0,1.0,0.0,0.0,0.0,0.0,0.0,1.0,0.0,0.0
106.6869815,10.8180913,5909,0.0,1.0,0.0,0.0,0.0,0.0,0.0,1.0,0.0,0.0
106.6880713,10.8185646,5910,0.0,1.0,0.0,0.0,0.0,0.0,0.0,1.0,0.0,0.0
106.6884245,10.8187157,5911,0.0,1.0,0.0,0.0,0.0,0.0,0.0,1.0,0.0,0.0
106.6892506,10.8190169,5912,0.0,1.0,0.0,0.0,0.0,0.0,0.0,1.0,0.0,0.0
106.6896873,10.8191616,5913,0.0,1.0,0.0,0.0,0.0,0.0,0.0,1.0,0.0,0.0
106.685459,10.8174271,5914,0.0,1.0,0.0,0.0,0.0,0.0,0.0,1.0,0.0,0.0
106.6844331,10.8168282,5915,0.0,1.0,0.0,0.0,0.0,0.0,0.0,1.0,0.0,0.0
106.6833531,10.8163711,5916,0.0,1.0,0.0,0.0,0.0,0.0,0.0,1.0,0.0,0.0
106.6830902,10.8163285,5917,0.0,1.0,0.0,0.0,0.0,0.0,0.0,1.0,0.0,0.0
106.6889416,10.8189069,5918,0.0,1.0,0.0,0.0,0.0,0.0,0.0,1.0,0.0,0.0
106.691184,10.8195642,5919,0.0,1.0,0.0,0.0,0.0,0.0,0.0,1.0,0.0,0.0
106.69146,10.8196372,5920,0.0,1.0,0.0,0.0,0.0,0.0,0.0,1.0,0.0,0.0
106.6923997,10.8198806,5921,0.0,1.0,0.0,0.0,0.0,0.0,0.0,1.0,0.0,0.0
106.6934561,10.8201587,5922,0.0,1.0,0.0,0.0,0.0,0.0,0.0,1.0,0.0,0.0
106.6939339,10.8202855,5923,0.0,1.0,0.0,0.0,0.0,0.0,0.0,1.0,0.0,0.0
106.6944524,10.8204246,5924,0.0,1.0,0.0,0.0,0.0,0.0,0.0,1.0,0.0,0.0
106.6946347,10.820468,5925,0.0,1.0,0.0,0.0,0.0,0.0,0.0,1.0,0.0,0.0
106.6950293,10.8205741,5926,0.0,1.0,0.0,0.0,0.0,0.0,0.0,1.0,0.0,0.0
106.6958929,10.8208174,5927,0.0,1.0,0.0,0.0,0.0,0.0,0.0,1.0,0.0,0.0
106.6972749,10.8211911,5928,0.0,1.0,0.0,0.0,0.0,0.0,0.0,1.0,0.0,0.0
106.6975926,10.8212703,5929,0.0,1.0,0.0,0.0,0.0,0.0,0.0,1.0,0.0,0.0
106.6978536,10.8213441,5930,0.0,1.0,0.0,0.0,0.0,0.0,0.0,1.0,0.0,0.0
106.6985313,10.8215318,5931,0.0,1.0,0.0,0.0,0.0,0.0,0.0,1.0,0.0,0.0
106.6992427,10.8217212,5932,0.0,1.0,0.0,0.0,0.0,0.0,0.0,1.0,0.0,0.0
106.7001824,10.8219472,5933,0.0,1.0,0.0,0.0,0.0,0.0,0.0,1.0,0.0,0.0
106.7008336,10.8221262,5934,0.0,1.0,0.0,0.0,0.0,0.0,0.0,1.0,0.0,0.0
106.7015591,10.8223226,5935,0.0,1.0,0.0,0.0,0.0,0.0,0.0,1.0,0.0,0.0
106.7027253,10.8226268,5936,0.0,1.0,0.0,0.0,0.0,0.0,0.0,1.0,0.0,0.0
106.7030774,10.8227137,5937,0.0,1.0,0.0,0.0,0.0,0.0,0.0,1.0,0.0,0.0
106.7068988,10.8242798,5938,0.0,1.0,0.0,0.0,0.0,0.0,0.0,1.0,0.0,0.0
106.7070273,10.8238135,5939,0.0,1.0,0.0,0.0,0.0,0.0,0.0,1.0,0.0,0.0
106.7194238,10.8272474,5940,0.0,1.0,0.0,0.0,0.0,0.0,0.0,1.0,0.0,0.0
106.7197459,10.8273812,5941,0.0,1.0,0.0,0.0,0.0,0.0,0.0,1.0,0.0,0.0
106.7202927,10.8276124,5942,0.0,1.0,0.0,0.0,0.0,0.0,0.0,1.0,0.0,0.0
106.7209651,10.8279496,5943,0.0,1.0,0.0,0.0,0.0,0.0,0.0,1.0,0.0,0.0
106.7213014,10.8281477,5944,0.0,1.0,0.0,0.0,0.0,0.0,0.0,1.0,0.0,0.0
106.7216464,10.8283667,5945,0.0,1.0,0.0,0.0,0.0,0.0,0.0,1.0,0.0,0.0
106.7220198,10.8286244,5946,0.0,1.0,0.0,0.0,0.0,0.0,0.0,1.0,0.0,0.0
106.7223755,10.8288708,5947,0.0,1.0,0.0,0.0,0.0,0.0,0.0,1.0,0.0,0.0
106.722448,10.8289113,5948,0.0,1.0,0.0,0.0,0.0,0.0,0.0,1.0,0.0,0.0
106.7226862,10.8290881,5949,0.0,1.0,0.0,0.0,0.0,0.0,0.0,1.0,0.0,0.0
106.7233273,10.82961,5950,0.0,1.0,0.0,0.0,0.0,0.0,0.0,1.0,0.0,0.0
106.7252393,10.8311405,5951,0.0,1.0,0.0,0.0,0.0,0.0,0.0,1.0,0.0,0.0
106.7259166,10.8316926,5952,0.0,1.0,0.0,0.0,0.0,0.0,0.0,1.0,0.0,0.0
106.7268488,10.8324354,5953,0.0,1.0,0.0,0.0,0.0,0.0,0.0,1.0,0.0,0.0
106.7273286,10.8328718,5954,0.0,1.0,0.0,0.0,0.0,0.0,0.0,1.0,0.0,0.0
106.7278029,10.8332931,5955,0.0,1.0,0.0,0.0,0.0,0.0,0.0,1.0,0.0,0.0
106.7285707,10.8339134,5956,0.0,1.0,0.0,0.0,0.0,0.0,0.0,1.0,0.0,0.0
106.7300448,10.8350892,5957,0.0,1.0,0.0,0.0,0.0,0.0,0.0,1.0,0.0,0.0
106.7302055,10.835231,5958,0.0,1.0,0.0,0.0,0.0,0.0,0.0,1.0,0.0,0.0
106.7310042,10.8358942,5959,0.0,1.0,0.0,0.0,0.0,0.0,0.0,1.0,0.0,0.0
106.7321567,10.8368006,5960,0.0,1.0,0.0,0.0,0.0,0.0,0.0,1.0,0.0,0.0
106.7325701,10.8370873,5961,0.0,1.0,0.0,0.0,0.0,0.0,0.0,1.0,0.0,0.0
106.7327082,10.8374857,5962,0.0,1.0,0.0,0.0,0.0,0.0,0.0,1.0,0.0,0.0
106.7335082,10.8376653,5963,0.0,1.0,0.0,0.0,0.0,0.0,0.0,1.0,0.0,0.0
106.7343264,10.8380903,5964,0.0,1.0,0.0,0.0,0.0,0.0,0.0,1.0,0.0,0.0
106.7352363,10.8384996,5965,0.0,1.0,0.0,0.0,0.0,0.0,0.0,1.0,0.0,0.0
106.7357221,10.8386733,5966,0.0,1.0,0.0,0.0,0.0,0.0,0.0,1.0,0.0,0.0
106.73621,10.8388171,5967,0.0,1.0,0.0,0.0,0.0,0.0,0.0,1.0,0.0,0.0
106.7363302,10.8388501,5968,0.0,1.0,0.0,0.0,0.0,0.0,0.0,1.0,0.0,0.0
106.7376467,10.8390819,5969,0.0,1.0,0.0,0.0,0.0,0.0,0.0,1.0,0.0,0.0
106.7381826,10.8392175,5970,0.0,1.0,0.0,0.0,0.0,0.0,0.0,1.0,0.0,0.0
106.7369453,10.8392363,5971,0.0,1.0,0.0,0.0,0.0,0.0,0.0,1.0,0.0,0.0
106.7347435,10.8385984,5972,0.0,1.0,0.0,0.0,0.0,0.0,0.0,1.0,0.0,0.0
106.7360602,10.8390504,5973,0.0,1.0,0.0,0.0,0.0,0.0,0.0,1.0,0.0,0.0
106.7379494,10.8395005,5974,0.0,1.0,0.0,0.0,0.0,0.0,0.0,1.0,0.0,0.0
106.7377002,10.8393403,5975,0.0,1.0,0.0,0.0,0.0,0.0,0.0,1.0,0.0,0.0
106.7370251,10.8391851,5976,0.0,1.0,0.0,0.0,0.0,0.0,0.0,1.0,0.0,0.0
106.7364147,10.8390365,5977,0.0,1.0,0.0,0.0,0.0,0.0,0.0,1.0,0.0,0.0
106.7358326,10.8388702,5978,0.0,1.0,0.0,0.0,0.0,0.0,0.0,1.0,0.0,0.0
106.7353771,10.8387278,5979,0.0,1.0,0.0,0.0,0.0,0.0,0.0,1.0,0.0,0.0
106.7348867,10.8385489,5980,0.0,1.0,0.0,0.0,0.0,0.0,0.0,1.0,0.0,0.0
106.7345972,10.8384228,5981,0.0,1.0,0.0,0.0,0.0,0.0,0.0,1.0,0.0,0.0
106.7341398,10.8382033,5982,0.0,1.0,0.0,0.0,0.0,0.0,0.0,1.0,0.0,0.0
106.733465,10.8378215,5983,0.0,1.0,0.0,0.0,0.0,0.0,0.0,1.0,0.0,0.0
106.7326857,10.8375188,5984,0.0,1.0,0.0,0.0,0.0,0.0,0.0,1.0,0.0,0.0
106.7321872,10.8369913,5985,0.0,1.0,0.0,0.0,0.0,0.0,0.0,1.0,0.0,0.0
106.7316781,10.8367273,5986,0.0,1.0,0.0,0.0,0.0,0.0,0.0,1.0,0.0,0.0
106.7324103,10.8372256,5987,0.0,1.0,0.0,0.0,0.0,0.0,0.0,1.0,0.0,0.0
106.7336266,10.8379947,5988,0.0,1.0,0.0,0.0,0.0,0.0,0.0,1.0,0.0,0.0
106.7331984,10.8380459,5989,0.0,1.0,0.0,0.0,0.0,0.0,0.0,1.0,0.0,0.0
106.7320501,10.837263,5990,0.0,1.0,0.0,0.0,0.0,0.0,0.0,1.0,0.0,0.0
106.7353648,10.839024,5991,0.0,1.0,0.0,0.0,0.0,0.0,0.0,1.0,0.0,0.0
106.7316328,10.8365724,5992,0.0,1.0,0.0,0.0,0.0,0.0,0.0,1.0,0.0,0.0
106.7309249,10.8359841,5993,0.0,1.0,0.0,0.0,0.0,0.0,0.0,1.0,0.0,0.0
106.7304366,10.8355829,5994,0.0,1.0,0.0,0.0,0.0,0.0,0.0,1.0,0.0,0.0
106.7301125,10.8353219,5995,0.0,1.0,0.0,0.0,0.0,0.0,0.0,1.0,0.0,0.0
106.7284081,10.8339731,5996,0.0,1.0,0.0,0.0,0.0,0.0,0.0,1.0,0.0,0.0
106.7275543,10.8332584,5997,0.0,1.0,0.0,0.0,0.0,0.0,0.0,1.0,0.0,0.0
106.7268246,10.8326375,5998,0.0,1.0,0.0,0.0,0.0,0.0,0.0,1.0,0.0,0.0
106.7254037,10.8314995,5999,0.0,1.0,0.0,0.0,0.0,0.0,0.0,1.0,0.0,0.0
106.7250114,10.831186,6000,0.0,1.0,0.0,0.0,0.0,0.0,0.0,1.0,0.0,0.0
106.7232287,10.8297285,6001,0.0,1.0,0.0,0.0,0.0,0.0,0.0,1.0,0.0,0.0
106.7225448,10.8292498,6002,0.0,1.0,0.0,0.0,0.0,0.0,0.0,1.0,0.0,0.0
106.7221249,10.828892,6003,0.0,1.0,0.0,0.0,0.0,0.0,0.0,1.0,0.0,0.0
106.7217773,10.8286484,6004,0.0,1.0,0.0,0.0,0.0,0.0,0.0,1.0,0.0,0.0
106.7214825,10.8284587,6005,0.0,1.0,0.0,0.0,0.0,0.0,0.0,1.0,0.0,0.0
106.7210801,10.8282172,6006,0.0,1.0,0.0,0.0,0.0,0.0,0.0,1.0,0.0,0.0
106.7208809,10.8281054,6007,0.0,1.0,0.0,0.0,0.0,0.0,0.0,1.0,0.0,0.0
106.7202975,10.8278099,6008,0.0,1.0,0.0,0.0,0.0,0.0,0.0,1.0,0.0,0.0
106.7197588,10.8275723,6009,0.0,1.0,0.0,0.0,0.0,0.0,0.0,1.0,0.0,0.0
106.719401,10.8274305,6010,0.0,1.0,0.0,0.0,0.0,0.0,0.0,1.0,0.0,0.0
106.7264633,10.8319647,6011,0.0,1.0,0.0,0.0,0.0,0.0,0.0,1.0,0.0,0.0
106.7337551,10.8380064,6012,0.0,1.0,0.0,0.0,0.0,0.0,0.0,1.0,0.0,0.0
106.7339621,10.837916,6013,0.0,1.0,0.0,0.0,0.0,0.0,0.0,1.0,0.0,0.0
106.7347535,10.838304,6014,0.0,1.0,0.0,0.0,0.0,0.0,0.0,1.0,0.0,0.0
106.7406786,10.8402619,6015,0.0,1.0,0.0,0.0,0.0,0.0,0.0,1.0,0.0,0.0
106.7438406,10.8415361,6016,0.0,1.0,0.0,0.0,0.0,0.0,0.0,1.0,0.0,0.0
106.7440505,10.8417646,6017,0.0,1.0,0.0,0.0,0.0,0.0,0.0,1.0,0.0,0.0
106.7423759,10.8407361,6018,0.0,1.0,0.0,0.0,0.0,0.0,0.0,1.0,0.0,0.0
106.7351677,10.8387613,6019,0.0,1.0,0.0,0.0,0.0,0.0,0.0,1.0,0.0,0.0
106.7127543,10.8179996,6020,0.0,1.0,0.0,0.0,0.0,0.0,0.0,1.0,0.0,0.0
106.7127161,10.8178896,6021,0.0,1.0,0.0,0.0,0.0,0.0,0.0,1.0,0.0,0.0
106.7130375,10.8200327,6022,0.0,1.0,0.0,0.0,0.0,0.0,0.0,1.0,0.0,0.0
106.7132895,10.821758,6023,0.0,1.0,0.0,0.0,0.0,0.0,0.0,1.0,0.0,0.0
106.7136257,10.8215874,6024,0.0,1.0,0.0,0.0,0.0,0.0,0.0,1.0,0.0,0.0
106.764768,10.8727252,6025,0.0,1.0,0.0,0.0,0.0,0.0,0.0,1.0,0.0,0.0
106.7646668,10.8725342,6026,0.0,1.0,0.0,0.0,0.0,0.0,0.0,1.0,0.0,0.0
106.763244,10.8693305,6027,0.0,1.0,0.0,0.0,0.0,0.0,0.0,1.0,0.0,0.0
106.7630967,10.8688718,6028,0.0,1.0,0.0,0.0,0.0,0.0,0.0,1.0,0.0,0.0
106.7652017,10.8730649,6029,0.0,1.0,0.0,0.0,0.0,0.0,0.0,1.0,0.0,0.0
106.7649528,10.8735778,6030,0.0,1.0,0.0,0.0,0.0,0.0,0.0,1.0,0.0,0.0
106.7652158,10.8738822,6031,0.0,1.0,0.0,0.0,0.0,0.0,0.0,1.0,0.0,0.0
106.7650777,10.873635,6032,0.0,1.0,0.0,0.0,0.0,0.0,0.0,1.0,0.0,0.0
106.7682643,10.8723,6033,0.0,1.0,0.0,0.0,0.0,0.0,0.0,1.0,0.0,0.0
106.7676543,10.8725114,6034,0.0,1.0,0.0,0.0,0.0,0.0,0.0,1.0,0.0,0.0
106.7751466,10.8701766,6035,0.0,1.0,0.0,0.0,0.0,0.0,0.0,1.0,0.0,0.0
106.7755487,10.8699004,6036,0.0,1.0,0.0,0.0,0.0,0.0,0.0,1.0,0.0,0.0
106.7758283,10.8698023,6037,0.0,1.0,0.0,0.0,0.0,0.0,0.0,1.0,0.0,0.0
106.7788662,10.8686691,6038,0.0,1.0,0.0,0.0,0.0,0.0,0.0,1.0,0.0,0.0
106.7934333,10.8608887,6039,0.0,1.0,0.0,0.0,0.0,0.0,0.0,1.0,0.0,0.0
106.7940565,10.8608652,6040,0.0,1.0,0.0,0.0,0.0,0.0,0.0,1.0,0.0,0.0
106.7982379,10.8592315,6041,0.0,1.0,0.0,0.0,0.0,0.0,0.0,1.0,0.0,0.0
106.7968254,10.8600623,6042,0.0,1.0,0.0,0.0,0.0,0.0,0.0,1.0,0.0,0.0
106.7961718,10.8616661,6043,0.0,1.0,0.0,0.0,0.0,0.0,0.0,1.0,0.0,0.0
106.7970956,10.8604584,6044,0.0,1.0,0.0,0.0,0.0,0.0,0.0,1.0,0.0,0.0
106.7978686,10.8595033,6045,0.0,1.0,0.0,0.0,0.0,0.0,0.0,1.0,0.0,0.0
106.7959291,10.8616634,6046,0.0,1.0,0.0,0.0,0.0,0.0,0.0,1.0,0.0,0.0
106.795148,10.8607361,6047,0.0,1.0,0.0,0.0,0.0,0.0,0.0,1.0,0.0,0.0
106.7918394,10.8603257,6048,0.0,1.0,0.0,0.0,0.0,0.0,0.0,1.0,0.0,0.0
106.794596,10.8641572,6049,0.0,1.0,0.0,0.0,0.0,0.0,0.0,1.0,0.0,0.0
106.7933392,10.865603,6050,0.0,1.0,0.0,0.0,0.0,0.0,0.0,1.0,0.0,0.0
106.7926366,10.8607211,6051,0.0,1.0,0.0,0.0,0.0,0.0,0.0,1.0,0.0,0.0
106.7977524,10.8522112,6052,0.0,1.0,0.0,0.0,0.0,0.0,0.0,1.0,0.0,0.0
106.7898145,10.8671496,6053,0.0,1.0,0.0,0.0,0.0,0.0,0.0,1.0,0.0,0.0
106.7515008,10.8754506,6054,0.0,1.0,0.0,0.0,0.0,0.0,0.0,1.0,0.0,0.0
106.7511683,10.8753473,6055,0.0,1.0,0.0,0.0,0.0,0.0,0.0,1.0,0.0,0.0
106.7534087,10.8759779,6056,0.0,1.0,0.0,0.0,0.0,0.0,0.0,1.0,0.0,0.0
106.7327826,10.8714193,6057,0.0,1.0,0.0,0.0,0.0,0.0,0.0,1.0,0.0,0.0
106.7329016,10.8708511,6058,0.0,1.0,0.0,0.0,0.0,0.0,0.0,1.0,0.0,0.0
106.7266442,10.8667179,6059,0.0,1.0,0.0,0.0,0.0,0.0,0.0,1.0,0.0,0.0
106.7148358,10.8604458,6060,0.0,1.0,0.0,0.0,0.0,0.0,0.0,1.0,0.0,0.0
106.7149633,10.8604284,6061,0.0,1.0,0.0,0.0,0.0,0.0,0.0,1.0,0.0,0.0
106.7138375,10.860252,6062,0.0,1.0,0.0,0.0,0.0,0.0,0.0,1.0,0.0,0.0
106.7096855,10.8587018,6063,0.0,1.0,0.0,0.0,0.0,0.0,0.0,1.0,0.0,0.0
106.7112408,10.858995,6064,0.0,1.0,0.0,0.0,0.0,0.0,0.0,1.0,0.0,0.0
106.710698,10.8588713,6065,0.0,1.0,0.0,0.0,0.0,0.0,0.0,1.0,0.0,0.0
106.7075331,10.8590784,6066,0.0,1.0,0.0,0.0,0.0,0.0,0.0,1.0,0.0,0.0
106.7083952,10.8589779,6067,0.0,1.0,0.0,0.0,0.0,0.0,0.0,1.0,0.0,0.0
106.6802235,10.8621139,6068,0.0,1.0,0.0,0.0,0.0,0.0,0.0,1.0,0.0,0.0
106.6801177,10.8611737,6069,0.0,1.0,0.0,0.0,0.0,0.0,0.0,1.0,0.0,0.0
106.6803378,10.8629755,6070,0.0,1.0,0.0,0.0,0.0,0.0,0.0,1.0,0.0,0.0
106.6803863,10.8643375,6071,0.0,1.0,0.0,0.0,0.0,0.0,0.0,1.0,0.0,0.0
106.6685287,10.8617463,6072,0.0,1.0,0.0,0.0,0.0,0.0,0.0,1.0,0.0,0.0
106.6738113,10.8618315,6073,0.0,1.0,0.0,0.0,0.0,0.0,0.0,1.0,0.0,0.0
106.6791504,10.8616046,6074,0.0,1.0,0.0,0.0,0.0,0.0,0.0,1.0,0.0,0.0
106.656549,10.8618702,6075,0.0,1.0,0.0,0.0,0.0,0.0,0.0,1.0,0.0,0.0
106.6571905,10.8618382,6076,0.0,1.0,0.0,0.0,0.0,0.0,0.0,1.0,0.0,0.0
106.6596022,10.861732,6077,0.0,1.0,0.0,0.0,0.0,0.0,0.0,1.0,0.0,0.0
106.6586551,10.8617623,6078,0.0,1.0,0.0,0.0,0.0,0.0,0.0,1.0,0.0,0.0
106.6605405,10.8616844,6079,0.0,1.0,0.0,0.0,0.0,0.0,0.0,1.0,0.0,0.0
106.6610185,10.8616605,6080,0.0,1.0,0.0,0.0,0.0,0.0,0.0,1.0,0.0,0.0
106.6502887,10.8621269,6081,0.0,1.0,0.0,0.0,0.0,0.0,0.0,1.0,0.0,0.0
106.6496696,10.8626141,6082,0.0,1.0,0.0,0.0,0.0,0.0,0.0,1.0,0.0,0.0
106.64957,10.8623468,6083,0.0,1.0,0.0,0.0,0.0,0.0,0.0,1.0,0.0,0.0
106.6494524,10.8621838,6084,0.0,1.0,0.0,0.0,0.0,0.0,0.0,1.0,0.0,0.0
106.6496338,10.8624635,6085,0.0,1.0,0.0,0.0,0.0,0.0,0.0,1.0,0.0,0.0
106.6496645,10.8629058,6086,0.0,1.0,0.0,0.0,0.0,0.0,0.0,1.0,0.0,0.0
106.6496727,10.8625349,6087,0.0,1.0,0.0,0.0,0.0,0.0,0.0,1.0,0.0,0.0
106.6494828,10.8620634,6088,0.0,1.0,0.0,0.0,0.0,0.0,0.0,1.0,0.0,0.0
106.6284689,10.8506677,6089,0.0,1.0,0.0,0.0,0.0,0.0,0.0,1.0,0.0,0.0
106.6315748,10.8499242,6090,0.0,1.0,0.0,0.0,0.0,0.0,0.0,1.0,0.0,0.0
106.627994,10.850643,6091,0.0,1.0,0.0,0.0,0.0,0.0,0.0,1.0,0.0,0.0
106.6149893,10.8423388,6092,0.0,1.0,0.0,0.0,0.0,0.0,0.0,1.0,0.0,0.0
106.6152641,10.8427027,6093,0.0,1.0,0.0,0.0,0.0,0.0,0.0,1.0,0.0,0.0
106.6156611,10.8423995,6094,0.0,1.0,0.0,0.0,0.0,0.0,0.0,1.0,0.0,0.0
106.6173426,10.8395538,6095,0.0,1.0,0.0,0.0,0.0,0.0,0.0,1.0,0.0,0.0
106.6187325,10.8373896,6096,0.0,1.0,0.0,0.0,0.0,0.0,0.0,1.0,0.0,0.0
106.6220067,10.8323225,6097,0.0,1.0,0.0,0.0,0.0,0.0,0.0,1.0,0.0,0.0
106.6249276,10.8277996,6098,0.0,1.0,0.0,0.0,0.0,0.0,0.0,1.0,0.0,0.0
106.6249479,10.827961,6099,0.0,1.0,0.0,0.0,0.0,0.0,0.0,1.0,0.0,0.0
106.6247754,10.827761,6100,0.0,1.0,0.0,0.0,0.0,0.0,0.0,1.0,0.0,0.0
106.6256387,10.8269003,6101,0.0,1.0,0.0,0.0,0.0,0.0,0.0,1.0,0.0,0.0
106.62604,10.8264978,6102,0.0,1.0,0.0,0.0,0.0,0.0,0.0,1.0,0.0,0.0
106.6281088,10.8510786,6103,0.0,1.0,0.0,0.0,0.0,0.0,0.0,1.0,0.0,0.0
106.6277709,10.8511354,6104,0.0,1.0,0.0,0.0,0.0,0.0,0.0,1.0,0.0,0.0
106.627045,10.8515361,6105,0.0,1.0,0.0,0.0,0.0,0.0,0.0,1.0,0.0,0.0
106.6268823,10.8517692,6106,0.0,1.0,0.0,0.0,0.0,0.0,0.0,1.0,0.0,0.0
106.6286748,10.8510487,6107,0.0,1.0,0.0,0.0,0.0,0.0,0.0,1.0,0.0,0.0
106.6249798,10.8493245,6108,0.0,1.0,0.0,0.0,0.0,0.0,0.0,1.0,0.0,0.0
106.6247057,10.8491978,6109,0.0,1.0,0.0,0.0,0.0,0.0,0.0,1.0,0.0,0.0
106.6239855,10.8488627,6110,0.0,1.0,0.0,0.0,0.0,0.0,0.0,1.0,0.0,0.0
106.6210614,10.8474873,6111,0.0,1.0,0.0,0.0,0.0,0.0,0.0,1.0,0.0,0.0
106.6204096,10.8471474,6112,0.0,1.0,0.0,0.0,0.0,0.0,0.0,1.0,0.0,0.0
106.6172944,10.8445156,6113,0.0,1.0,0.0,0.0,0.0,0.0,0.0,1.0,0.0,0.0
106.6177532,10.8450417,6114,0.0,1.0,0.0,0.0,0.0,0.0,0.0,1.0,0.0,0.0
106.6192308,10.8462215,6115,0.0,1.0,0.0,0.0,0.0,0.0,0.0,1.0,0.0,0.0
106.6254331,10.8494531,6116,0.0,1.0,0.0,0.0,0.0,0.0,0.0,1.0,0.0,0.0
106.6206135,10.8469769,6117,0.0,1.0,0.0,0.0,0.0,0.0,0.0,1.0,0.0,0.0
106.6212638,10.8473182,6118,0.0,1.0,0.0,0.0,0.0,0.0,0.0,1.0,0.0,0.0
106.6195306,10.846576,6119,0.0,1.0,0.0,0.0,0.0,0.0,0.0,1.0,0.0,0.0
106.6147804,10.8425774,6120,0.0,1.0,0.0,0.0,0.0,0.0,0.0,1.0,0.0,0.0
106.6149079,10.8431576,6121,0.0,1.0,0.0,0.0,0.0,0.0,0.0,1.0,0.0,0.0
106.6149314,10.8434511,6122,0.0,1.0,0.0,0.0,0.0,0.0,0.0,1.0,0.0,0.0
106.6178142,10.844722,6123,0.0,1.0,0.0,0.0,0.0,0.0,0.0,1.0,0.0,0.0
106.6173617,10.8444435,6124,0.0,1.0,0.0,0.0,0.0,0.0,0.0,1.0,0.0,0.0
106.6311252,10.8512963,6125,0.0,1.0,0.0,0.0,0.0,0.0,0.0,1.0,0.0,0.0
106.6551423,10.8619433,6126,0.0,1.0,0.0,0.0,0.0,0.0,0.0,1.0,0.0,0.0
106.6546184,10.861991,6127,0.0,1.0,0.0,0.0,0.0,0.0,0.0,1.0,0.0,0.0
106.6036802,10.8871319,6128,0.0,1.0,0.0,0.0,0.0,0.0,0.0,1.0,0.0,0.0
106.6040784,10.8870075,6129,0.0,1.0,0.0,0.0,0.0,0.0,0.0,1.0,0.0,0.0
106.6085408,10.8855948,6130,0.0,1.0,0.0,0.0,0.0,0.0,0.0,1.0,0.0,0.0
106.61308,10.8831058,6131,0.0,1.0,0.0,0.0,0.0,0.0,0.0,1.0,0.0,0.0
106.6476664,10.7646758,6132,0.0,1.0,0.0,0.0,0.0,0.0,0.0,1.0,0.0,0.0
106.6731304,10.7971022,6133,0.0,1.0,0.0,0.0,0.0,0.0,0.0,1.0,0.0,0.0
106.673657,10.7967926,6134,0.0,1.0,0.0,0.0,0.0,0.0,0.0,1.0,0.0,0.0
106.6414561,10.7974888,6135,0.0,1.0,0.0,0.0,0.0,0.0,0.0,1.0,0.0,0.0
106.6599275,10.7739717,6136,0.0,1.0,0.0,0.0,0.0,0.0,0.0,1.0,0.0,0.0
106.6594764,10.7735308,6137,0.0,1.0,0.0,0.0,0.0,0.0,0.0,1.0,0.0,0.0
106.659027,10.7730367,6138,0.0,1.0,0.0,0.0,0.0,0.0,0.0,1.0,0.0,0.0
106.6587948,10.7726362,6139,0.0,1.0,0.0,0.0,0.0,0.0,0.0,1.0,0.0,0.0
106.6587366,10.7725486,6140,0.0,1.0,0.0,0.0,0.0,0.0,0.0,1.0,0.0,0.0
106.6593643,10.7734062,6141,0.0,1.0,0.0,0.0,0.0,0.0,0.0,1.0,0.0,0.0
106.6595966,10.7730123,6142,0.0,1.0,0.0,0.0,0.0,0.0,0.0,1.0,0.0,0.0
106.6579693,10.7721349,6143,0.0,1.0,0.0,0.0,0.0,0.0,0.0,1.0,0.0,0.0
106.659152,10.7731728,6144,0.0,1.0,0.0,0.0,0.0,0.0,0.0,1.0,0.0,0.0
106.6594518,10.7735034,6145,0.0,1.0,0.0,0.0,0.0,0.0,0.0,1.0,0.0,0.0
106.6607195,10.7736178,6146,0.0,1.0,0.0,0.0,0.0,0.0,0.0,1.0,0.0,0.0
106.6608526,10.7736896,6147,0.0,1.0,0.0,0.0,0.0,0.0,0.0,1.0,0.0,0.0
106.6614603,10.7739416,6148,0.0,1.0,0.0,0.0,0.0,0.0,0.0,1.0,0.0,0.0
106.6596935,10.7737387,6149,0.0,1.0,0.0,0.0,0.0,0.0,0.0,1.0,0.0,0.0
106.6599929,10.7732252,6150,0.0,1.0,0.0,0.0,0.0,0.0,0.0,1.0,0.0,0.0
106.6588073,10.7725867,6151,0.0,1.0,0.0,0.0,0.0,0.0,0.0,1.0,0.0,0.0
106.6594662,10.7731915,6152,0.0,1.0,0.0,0.0,0.0,0.0,0.0,1.0,0.0,0.0
106.6594893,10.7731942,6153,0.0,1.0,0.0,0.0,0.0,0.0,0.0,1.0,0.0,0.0
106.6809853,10.7861661,6154,0.0,1.0,0.0,0.0,0.0,0.0,0.0,1.0,0.0,0.0
106.6980592,10.7828778,6155,0.0,1.0,0.0,0.0,0.0,0.0,0.0,1.0,0.0,0.0
106.7016116,10.7866384,6156,0.0,1.0,0.0,0.0,0.0,0.0,0.0,1.0,0.0,0.0
106.6995877,10.7884681,6157,0.0,1.0,0.0,0.0,0.0,0.0,0.0,1.0,0.0,0.0
106.6867974,10.7750074,6158,0.0,1.0,0.0,0.0,0.0,0.0,0.0,1.0,0.0,0.0
106.6513422,10.7697637,6159,0.0,1.0,0.0,0.0,0.0,0.0,0.0,1.0,0.0,0.0
106.6509479,10.7703018,6160,0.0,1.0,0.0,0.0,0.0,0.0,0.0,1.0,0.0,0.0
106.6502303,10.7713707,6161,0.0,1.0,0.0,0.0,0.0,0.0,0.0,1.0,0.0,0.0
106.6482774,10.7743747,6162,0.0,1.0,0.0,0.0,0.0,0.0,0.0,1.0,0.0,0.0
106.6476446,10.7752109,6163,0.0,1.0,0.0,0.0,0.0,0.0,0.0,1.0,0.0,0.0
106.6471881,10.7758589,6164,0.0,1.0,0.0,0.0,0.0,0.0,0.0,1.0,0.0,0.0
106.6460229,10.7774506,6165,0.0,1.0,0.0,0.0,0.0,0.0,0.0,1.0,0.0,0.0
106.6448557,10.7791282,6166,0.0,1.0,0.0,0.0,0.0,0.0,0.0,1.0,0.0,0.0
106.6433313,10.7813538,6167,0.0,1.0,0.0,0.0,0.0,0.0,0.0,1.0,0.0,0.0
106.6416106,10.7859454,6168,0.0,1.0,0.0,0.0,0.0,0.0,0.0,1.0,0.0,0.0
106.6367386,10.8018618,6169,0.0,1.0,0.0,0.0,0.0,0.0,0.0,1.0,0.0,0.0
106.6490297,10.7731904,6170,0.0,1.0,0.0,0.0,0.0,0.0,0.0,1.0,0.0,0.0
106.6419318,10.7851047,6171,0.0,1.0,0.0,0.0,0.0,0.0,0.0,1.0,0.0,0.0
106.7022384,10.7523207,6172,0.0,1.0,0.0,0.0,0.0,0.0,0.0,1.0,0.0,0.0
106.6671519,10.8484994,6173,0.0,1.0,0.0,0.0,0.0,0.0,0.0,1.0,0.0,0.0
106.6663285,10.8489763,6174,0.0,1.0,0.0,0.0,0.0,0.0,0.0,1.0,0.0,0.0
106.6317328,10.7702887,6175,0.0,1.0,0.0,0.0,0.0,0.0,0.0,1.0,0.0,0.0
106.6427508,10.7810827,6176,0.0,1.0,0.0,0.0,0.0,0.0,0.0,1.0,0.0,0.0
106.6433121,10.7813924,6177,0.0,1.0,0.0,0.0,0.0,0.0,0.0,1.0,0.0,0.0
106.6033048,10.7256409,6178,0.0,1.0,0.0,0.0,0.0,0.0,0.0,1.0,0.0,0.0
106.6026024,10.7250151,6179,0.0,1.0,0.0,0.0,0.0,0.0,0.0,1.0,0.0,0.0
106.602269,10.724629,6180,0.0,1.0,0.0,0.0,0.0,0.0,0.0,1.0,0.0,0.0
106.6019297,10.7241728,6181,0.0,1.0,0.0,0.0,0.0,0.0,0.0,1.0,0.0,0.0
106.6017392,10.7240675,6182,0.0,1.0,0.0,0.0,0.0,0.0,0.0,1.0,0.0,0.0
106.6882762,10.8086424,6183,0.0,1.0,0.0,0.0,0.0,0.0,0.0,1.0,0.0,0.0
106.6689134,10.780507,6184,0.0,1.0,0.0,0.0,0.0,0.0,0.0,1.0,0.0,0.0
106.699849,10.7930279,6185,0.0,1.0,0.0,0.0,0.0,0.0,0.0,1.0,0.0,0.0
106.6990709,10.7922688,6186,0.0,1.0,0.0,0.0,0.0,0.0,0.0,1.0,0.0,0.0
106.6994554,10.7926589,6187,0.0,1.0,0.0,0.0,0.0,0.0,0.0,1.0,0.0,0.0
106.6994409,10.7931001,6188,0.0,1.0,0.0,0.0,0.0,0.0,0.0,1.0,0.0,0.0
106.6994627,10.7927633,6189,0.0,1.0,0.0,0.0,0.0,0.0,0.0,1.0,0.0,0.0
106.8335386,10.7049212,6190,0.0,1.0,0.0,0.0,0.0,0.0,0.0,1.0,0.0,0.0
106.8353721,10.7047386,6191,0.0,1.0,0.0,0.0,0.0,0.0,0.0,1.0,0.0,0.0
106.8398361,10.7041127,6192,0.0,1.0,0.0,0.0,0.0,0.0,0.0,1.0,0.0,0.0
106.8412818,10.7040409,6193,0.0,1.0,0.0,0.0,0.0,0.0,0.0,1.0,0.0,0.0
106.8475247,10.7100286,6194,0.0,1.0,0.0,0.0,0.0,0.0,0.0,1.0,0.0,0.0
106.8475424,10.7095831,6195,0.0,1.0,0.0,0.0,0.0,0.0,0.0,1.0,0.0,0.0
106.8244419,10.7153627,6196,0.0,1.0,0.0,0.0,0.0,0.0,0.0,1.0,0.0,0.0
106.8244606,10.7130752,6197,0.0,1.0,0.0,0.0,0.0,0.0,0.0,1.0,0.0,0.0
106.8255284,10.7055408,6198,0.0,1.0,0.0,0.0,0.0,0.0,0.0,1.0,0.0,0.0
106.8259772,10.7054248,6199,0.0,1.0,0.0,0.0,0.0,0.0,0.0,1.0,0.0,0.0
106.6333848,10.7697826,6200,0.0,1.0,0.0,0.0,0.0,0.0,0.0,1.0,0.0,0.0
106.6178247,10.8590096,6201,0.0,1.0,0.0,0.0,0.0,0.0,0.0,1.0,0.0,0.0
106.6749772,10.7958882,6202,0.0,1.0,0.0,0.0,0.0,0.0,0.0,1.0,0.0,0.0
106.6564736,10.750916,6203,0.0,1.0,0.0,0.0,0.0,0.0,0.0,1.0,0.0,0.0
106.6677464,10.7542429,6204,0.0,1.0,0.0,0.0,0.0,0.0,0.0,1.0,0.0,0.0
106.6633989,10.7555118,6205,0.0,1.0,0.0,0.0,0.0,0.0,0.0,1.0,0.0,0.0
106.6630309,10.7877696,6206,0.0,1.0,0.0,0.0,0.0,0.0,0.0,1.0,0.0,0.0
106.6288456,10.7460179,6207,0.0,1.0,0.0,0.0,0.0,0.0,0.0,1.0,0.0,0.0
106.6438571,10.7444878,6208,0.0,1.0,0.0,0.0,0.0,0.0,0.0,1.0,0.0,0.0
106.6688599,10.7413763,6209,0.0,1.0,0.0,0.0,0.0,0.0,0.0,1.0,0.0,0.0
106.6496345,10.7521361,6210,0.0,1.0,0.0,0.0,0.0,0.0,0.0,1.0,0.0,0.0
106.6496732,10.7525695,6211,0.0,1.0,0.0,0.0,0.0,0.0,0.0,1.0,0.0,0.0
106.6487682,10.7535196,6212,0.0,1.0,0.0,0.0,0.0,0.0,0.0,1.0,0.0,0.0
106.6497631,10.753578,6213,0.0,1.0,0.0,0.0,0.0,0.0,0.0,1.0,0.0,0.0
106.6396759,10.7792688,6214,0.0,1.0,0.0,0.0,0.0,0.0,0.0,1.0,0.0,0.0
106.6395028,10.779377,6215,0.0,1.0,0.0,0.0,0.0,0.0,0.0,1.0,0.0,0.0
106.6382454,10.7835276,6216,0.0,1.0,0.0,0.0,0.0,0.0,0.0,1.0,0.0,0.0
106.6389376,10.784013,6217,0.0,1.0,0.0,0.0,0.0,0.0,0.0,1.0,0.0,0.0
106.6392437,10.7842211,6218,0.0,1.0,0.0,0.0,0.0,0.0,0.0,1.0,0.0,0.0
106.6443048,10.7661102,6219,0.0,1.0,0.0,0.0,0.0,0.0,0.0,1.0,0.0,0.0
106.6449394,10.7661735,6220,0.0,1.0,0.0,0.0,0.0,0.0,0.0,1.0,0.0,0.0
106.6480763,10.7663647,6221,0.0,1.0,0.0,0.0,0.0,0.0,0.0,1.0,0.0,0.0
106.645038,10.766397,6222,0.0,1.0,0.0,0.0,0.0,0.0,0.0,1.0,0.0,0.0
106.645155,10.7666622,6223,0.0,1.0,0.0,0.0,0.0,0.0,0.0,1.0,0.0,0.0
106.6423452,10.7669732,6224,0.0,1.0,0.0,0.0,0.0,0.0,0.0,1.0,0.0,0.0
106.6425308,10.7669757,6225,0.0,1.0,0.0,0.0,0.0,0.0,0.0,1.0,0.0,0.0
106.6453211,10.7670199,6226,0.0,1.0,0.0,0.0,0.0,0.0,0.0,1.0,0.0,0.0
106.6424411,10.7670652,6227,0.0,1.0,0.0,0.0,0.0,0.0,0.0,1.0,0.0,0.0
106.6424938,10.7671212,6228,0.0,1.0,0.0,0.0,0.0,0.0,0.0,1.0,0.0,0.0
106.6426234,10.767159,6229,0.0,1.0,0.0,0.0,0.0,0.0,0.0,1.0,0.0,0.0
106.6425593,10.7671981,6230,0.0,1.0,0.0,0.0,0.0,0.0,0.0,1.0,0.0,0.0
106.6454434,10.7672675,6231,0.0,1.0,0.0,0.0,0.0,0.0,0.0,1.0,0.0,0.0
106.6454663,10.7673139,6232,0.0,1.0,0.0,0.0,0.0,0.0,0.0,1.0,0.0,0.0
106.642788,10.7675387,6233,0.0,1.0,0.0,0.0,0.0,0.0,0.0,1.0,0.0,0.0
106.6430498,10.767743,6234,0.0,1.0,0.0,0.0,0.0,0.0,0.0,1.0,0.0,0.0
106.6429399,10.7677476,6235,0.0,1.0,0.0,0.0,0.0,0.0,0.0,1.0,0.0,0.0
106.6429576,10.767772,6236,0.0,1.0,0.0,0.0,0.0,0.0,0.0,1.0,0.0,0.0
106.6457837,10.7679072,6237,0.0,1.0,0.0,0.0,0.0,0.0,0.0,1.0,0.0,0.0
106.6458624,10.7680309,6238,0.0,1.0,0.0,0.0,0.0,0.0,0.0,1.0,0.0,0.0
106.64328,10.7682154,6239,0.0,1.0,0.0,0.0,0.0,0.0,0.0,1.0,0.0,0.0
106.6436182,10.7685225,6240,0.0,1.0,0.0,0.0,0.0,0.0,0.0,1.0,0.0,0.0
106.6439706,10.7690178,6241,0.0,1.0,0.0,0.0,0.0,0.0,0.0,1.0,0.0,0.0
106.6467196,10.7694375,6242,0.0,1.0,0.0,0.0,0.0,0.0,0.0,1.0,0.0,0.0
106.6445026,10.7697654,6243,0.0,1.0,0.0,0.0,0.0,0.0,0.0,1.0,0.0,0.0
106.6444321,10.769814,6244,0.0,1.0,0.0,0.0,0.0,0.0,0.0,1.0,0.0,0.0
106.6448168,10.7702044,6245,0.0,1.0,0.0,0.0,0.0,0.0,0.0,1.0,0.0,0.0
106.6468512,10.7707515,6246,0.0,1.0,0.0,0.0,0.0,0.0,0.0,1.0,0.0,0.0
106.6452568,10.7708251,6247,0.0,1.0,0.0,0.0,0.0,0.0,0.0,1.0,0.0,0.0
106.6451829,10.7708805,6248,0.0,1.0,0.0,0.0,0.0,0.0,0.0,1.0,0.0,0.0
106.6462851,10.7710393,6249,0.0,1.0,0.0,0.0,0.0,0.0,0.0,1.0,0.0,0.0
106.6460379,10.7711649,6250,0.0,1.0,0.0,0.0,0.0,0.0,0.0,1.0,0.0,0.0
106.6456523,10.7713831,6251,0.0,1.0,0.0,0.0,0.0,0.0,0.0,1.0,0.0,0.0
106.6457596,10.7717013,6252,0.0,1.0,0.0,0.0,0.0,0.0,0.0,1.0,0.0,0.0
106.6459719,10.7718533,6253,0.0,1.0,0.0,0.0,0.0,0.0,0.0,1.0,0.0,0.0
106.6460685,10.7721469,6254,0.0,1.0,0.0,0.0,0.0,0.0,0.0,1.0,0.0,0.0
106.6462767,10.7722828,6255,0.0,1.0,0.0,0.0,0.0,0.0,0.0,1.0,0.0,0.0
106.6462661,10.7724236,6256,0.0,1.0,0.0,0.0,0.0,0.0,0.0,1.0,0.0,0.0
106.6464088,10.7724733,6257,0.0,1.0,0.0,0.0,0.0,0.0,0.0,1.0,0.0,0.0
106.6464035,10.7726158,6258,0.0,1.0,0.0,0.0,0.0,0.0,0.0,1.0,0.0,0.0
106.6464815,10.7727232,6259,0.0,1.0,0.0,0.0,0.0,0.0,0.0,1.0,0.0,0.0
106.6467359,10.77293,6260,0.0,1.0,0.0,0.0,0.0,0.0,0.0,1.0,0.0,0.0
106.6469761,10.773404,6261,0.0,1.0,0.0,0.0,0.0,0.0,0.0,1.0,0.0,0.0
106.6471694,10.7736844,6262,0.0,1.0,0.0,0.0,0.0,0.0,0.0,1.0,0.0,0.0
106.6473591,10.7737869,6263,0.0,1.0,0.0,0.0,0.0,0.0,0.0,1.0,0.0,0.0
106.647325,10.7739101,6264,0.0,1.0,0.0,0.0,0.0,0.0,0.0,1.0,0.0,0.0
106.6475856,10.7741088,6265,0.0,1.0,0.0,0.0,0.0,0.0,0.0,1.0,0.0,0.0
106.6216268,10.8120387,6266,0.0,1.0,0.0,0.0,0.0,0.0,0.0,1.0,0.0,0.0
106.7139058,10.8236363,6267,0.0,1.0,0.0,0.0,0.0,0.0,0.0,1.0,0.0,0.0
106.7223375,10.7990597,6268,0.0,1.0,0.0,0.0,0.0,0.0,0.0,1.0,0.0,0.0
106.6916427,10.7637621,6269,0.0,1.0,0.0,0.0,0.0,0.0,1.0,0.0,0.0,0.0
106.6916661,10.7637378,6270,0.0,1.0,0.0,0.0,0.0,0.0,1.0,0.0,0.0,0.0
106.6675931,10.7525415,6271,0.0,1.0,0.0,0.0,0.0,0.0,0.0,1.0,0.0,0.0
106.6673271,10.7525191,6272,0.0,1.0,0.0,0.0,0.0,0.0,0.0,1.0,0.0,0.0
106.6809271,10.7571999,6273,0.0,1.0,0.0,0.0,0.0,0.0,0.0,1.0,0.0,0.0
106.6808701,10.7575263,6274,0.0,1.0,0.0,0.0,0.0,0.0,0.0,1.0,0.0,0.0
106.7980185,10.851968,6275,0.0,1.0,0.0,0.0,0.0,0.0,0.0,1.0,0.0,0.0
106.6225356,10.7743329,6276,0.0,1.0,0.0,0.0,0.0,0.0,0.0,1.0,0.0,0.0
106.666914,10.8486413,6277,0.0,1.0,0.0,0.0,0.0,0.0,0.0,1.0,0.0,0.0
106.6733795,10.7941324,6278,0.0,1.0,0.0,0.0,0.0,0.0,0.0,1.0,0.0,0.0
106.676148,10.7699884,6279,0.0,1.0,0.0,0.0,0.0,0.0,0.0,1.0,0.0,0.0
106.6651596,10.849707,6280,0.0,1.0,0.0,0.0,0.0,0.0,0.0,1.0,0.0,0.0
106.6650064,10.8500599,6281,0.0,1.0,0.0,0.0,0.0,0.0,0.0,1.0,0.0,0.0
106.6836652,10.7944825,6282,0.0,1.0,0.0,0.0,0.0,0.0,0.0,1.0,0.0,0.0
106.673766,10.8322339,6283,0.0,1.0,0.0,0.0,0.0,0.0,0.0,1.0,0.0,0.0
106.6762592,10.8313565,6284,0.0,1.0,0.0,0.0,0.0,0.0,0.0,1.0,0.0,0.0
106.6762997,10.8277505,6285,0.0,1.0,0.0,0.0,0.0,0.0,0.0,1.0,0.0,0.0
106.6826621,10.8321936,6286,0.0,1.0,0.0,0.0,0.0,0.0,0.0,1.0,0.0,0.0
106.6826136,10.8319892,6287,0.0,1.0,0.0,0.0,0.0,0.0,0.0,1.0,0.0,0.0
106.6827362,10.8321753,6288,0.0,1.0,0.0,0.0,0.0,0.0,0.0,1.0,0.0,0.0
106.6827008,10.8321908,6289,0.0,1.0,0.0,0.0,0.0,0.0,0.0,1.0,0.0,0.0
106.6730071,10.8325002,6290,0.0,1.0,0.0,0.0,0.0,0.0,0.0,1.0,0.0,0.0
106.6732911,10.8323997,6291,0.0,1.0,0.0,0.0,0.0,0.0,0.0,1.0,0.0,0.0
106.6721338,10.8147529,6292,0.0,1.0,0.0,0.0,0.0,0.0,0.0,1.0,0.0,0.0
106.6730389,10.8151073,6293,0.0,1.0,0.0,0.0,0.0,0.0,0.0,1.0,0.0,0.0
106.6710297,10.8144238,6294,0.0,1.0,0.0,0.0,0.0,0.0,0.0,1.0,0.0,0.0
106.6709441,10.8130472,6295,0.0,1.0,0.0,0.0,0.0,0.0,0.0,1.0,0.0,0.0
106.6829617,10.8196741,6296,0.0,1.0,0.0,0.0,0.0,0.0,0.0,1.0,0.0,0.0
106.6832114,10.8199902,6297,0.0,1.0,0.0,0.0,0.0,0.0,0.0,1.0,0.0,0.0
106.6647766,10.8366052,6298,0.0,1.0,0.0,0.0,0.0,0.0,0.0,1.0,0.0,0.0
106.6724029,10.8327146,6299,0.0,1.0,0.0,0.0,0.0,0.0,0.0,1.0,0.0,0.0
106.6712045,10.8297189,6300,0.0,1.0,0.0,0.0,0.0,0.0,0.0,1.0,0.0,0.0
106.6776142,10.8308227,6301,0.0,1.0,0.0,0.0,0.0,0.0,0.0,1.0,0.0,0.0
106.6694366,10.8307816,6302,0.0,1.0,0.0,0.0,0.0,0.0,0.0,1.0,0.0,0.0
106.677143,10.8309941,6303,0.0,1.0,0.0,0.0,0.0,0.0,0.0,1.0,0.0,0.0
106.6817885,10.8294171,6304,0.0,1.0,0.0,0.0,0.0,0.0,0.0,1.0,0.0,0.0
106.6879637,10.8274095,6305,0.0,1.0,0.0,0.0,0.0,0.0,0.0,1.0,0.0,0.0
106.6792232,10.8302722,6306,0.0,1.0,0.0,0.0,0.0,0.0,0.0,1.0,0.0,0.0
106.6845861,10.8285794,6307,0.0,1.0,0.0,0.0,0.0,0.0,0.0,1.0,0.0,0.0
106.6867681,10.8278697,6308,0.0,1.0,0.0,0.0,0.0,0.0,0.0,1.0,0.0,0.0
106.6844499,10.8286242,6309,0.0,1.0,0.0,0.0,0.0,0.0,0.0,1.0,0.0,0.0
106.6842694,10.8286842,6310,0.0,1.0,0.0,0.0,0.0,0.0,0.0,1.0,0.0,0.0
106.6846018,10.8285748,6311,0.0,1.0,0.0,0.0,0.0,0.0,0.0,1.0,0.0,0.0
106.6819293,10.8298582,6312,0.0,1.0,0.0,0.0,0.0,0.0,0.0,1.0,0.0,0.0
106.6881358,10.8272928,6313,0.0,1.0,0.0,0.0,0.0,0.0,0.0,1.0,0.0,0.0
106.6644581,10.8348284,6314,0.0,1.0,0.0,0.0,0.0,0.0,0.0,1.0,0.0,0.0
106.6642518,10.8346925,6315,0.0,1.0,0.0,0.0,0.0,0.0,0.0,1.0,0.0,0.0
106.6687558,10.8312245,6316,0.0,1.0,0.0,0.0,0.0,0.0,0.0,1.0,0.0,0.0
106.8008695,10.8492092,6317,0.0,1.0,0.0,0.0,0.0,0.0,0.0,1.0,0.0,0.0
106.7878724,10.8581456,6318,0.0,1.0,0.0,0.0,0.0,0.0,0.0,1.0,0.0,0.0
106.7582794,10.8646378,6319,0.0,1.0,0.0,0.0,0.0,0.0,0.0,1.0,0.0,0.0
106.7566295,10.8638204,6320,0.0,1.0,0.0,0.0,0.0,0.0,0.0,1.0,0.0,0.0
106.7555371,10.8631527,6321,0.0,1.0,0.0,0.0,0.0,0.0,0.0,1.0,0.0,0.0
106.75295,10.8605117,6322,0.0,1.0,0.0,0.0,0.0,0.0,0.0,1.0,0.0,0.0
106.7518877,10.8575701,6323,0.0,1.0,0.0,0.0,0.0,0.0,0.0,1.0,0.0,0.0
106.7518989,10.8580314,6324,0.0,1.0,0.0,0.0,0.0,0.0,0.0,1.0,0.0,0.0
106.7518187,10.8552997,6325,0.0,1.0,0.0,0.0,0.0,0.0,0.0,1.0,0.0,0.0
106.7517456,10.8547281,6326,0.0,1.0,0.0,0.0,0.0,0.0,0.0,1.0,0.0,0.0
106.7516245,10.854276,6327,0.0,1.0,0.0,0.0,0.0,0.0,0.0,1.0,0.0,0.0
106.7456695,10.843573,6328,0.0,1.0,0.0,0.0,0.0,0.0,0.0,1.0,0.0,0.0
106.7452467,10.8428076,6329,0.0,1.0,0.0,0.0,0.0,0.0,0.0,1.0,0.0,0.0
106.7421075,10.8405118,6330,0.0,1.0,0.0,0.0,0.0,0.0,0.0,1.0,0.0,0.0
106.6865708,10.824148,6331,0.0,1.0,0.0,0.0,0.0,0.0,0.0,1.0,0.0,0.0
106.6868356,10.8245572,6332,0.0,1.0,0.0,0.0,0.0,0.0,0.0,1.0,0.0,0.0
106.6893548,10.8262528,6333,0.0,1.0,0.0,0.0,0.0,0.0,0.0,1.0,0.0,0.0
106.7112148,10.8250082,6334,0.0,1.0,0.0,0.0,0.0,0.0,0.0,1.0,0.0,0.0
106.7133316,10.825762,6335,0.0,1.0,0.0,0.0,0.0,0.0,0.0,1.0,0.0,0.0
106.7614064,10.8505096,6336,0.0,1.0,0.0,0.0,0.0,0.0,0.0,1.0,0.0,0.0
106.7843268,10.8565707,6337,0.0,1.0,0.0,0.0,0.0,0.0,0.0,1.0,0.0,0.0
106.7849929,10.8569582,6338,0.0,1.0,0.0,0.0,0.0,0.0,0.0,1.0,0.0,0.0
106.7619226,10.8665427,6339,0.0,1.0,0.0,0.0,0.0,0.0,0.0,1.0,0.0,0.0
106.6763245,10.8421178,6340,0.0,1.0,0.0,0.0,0.0,0.0,0.0,1.0,0.0,0.0
106.6764348,10.8416041,6341,0.0,1.0,0.0,0.0,0.0,0.0,0.0,1.0,0.0,0.0
106.677472,10.8309328,6342,0.0,1.0,0.0,0.0,0.0,0.0,0.0,1.0,0.0,0.0
106.67764,10.8306908,6343,0.0,1.0,0.0,0.0,0.0,0.0,0.0,1.0,0.0,0.0
106.6780165,10.8301487,6344,0.0,1.0,0.0,0.0,0.0,0.0,0.0,1.0,0.0,0.0
106.6798469,10.8269113,6345,0.0,1.0,0.0,0.0,0.0,0.0,0.0,1.0,0.0,0.0
106.6798292,10.8265964,6346,0.0,1.0,0.0,0.0,0.0,0.0,0.0,1.0,0.0,0.0
106.6644189,10.8346093,6347,0.0,1.0,0.0,0.0,0.0,0.0,0.0,1.0,0.0,0.0
106.693588,10.821497,6348,0.0,1.0,0.0,0.0,0.0,0.0,0.0,1.0,0.0,0.0
106.6940119,10.8207218,6349,0.0,1.0,0.0,0.0,0.0,0.0,0.0,0.0,1.0,0.0
106.6965322,10.8214142,6350,0.0,1.0,0.0,0.0,0.0,0.0,0.0,1.0,0.0,0.0
106.6147991,10.7378075,6351,0.0,1.0,0.0,0.0,0.0,0.0,0.0,1.0,0.0,0.0
106.7070595,10.8238767,6352,0.0,1.0,0.0,0.0,0.0,0.0,0.0,1.0,0.0,0.0
106.6775262,10.8308547,6353,0.0,1.0,0.0,0.0,0.0,0.0,0.0,1.0,0.0,0.0
106.6765756,10.8419656,6354,0.0,1.0,0.0,0.0,0.0,0.0,0.0,1.0,0.0,0.0
106.7879739,10.8579871,6355,0.0,1.0,0.0,0.0,0.0,0.0,0.0,1.0,0.0,0.0
106.6531038,10.7883876,6356,0.0,1.0,0.0,0.0,0.0,0.0,0.0,1.0,0.0,0.0
106.6920409,10.8236909,6357,0.0,1.0,0.0,0.0,0.0,0.0,0.0,1.0,0.0,0.0
106.6589017,10.7762132,6358,0.0,1.0,0.0,0.0,0.0,0.0,0.0,1.0,0.0,0.0
106.7710064,10.8837354,6359,0.0,1.0,0.0,0.0,0.0,0.0,0.0,1.0,0.0,0.0
106.7062443,10.7704106,6360,0.0,1.0,0.0,0.0,0.0,0.0,0.0,1.0,0.0,0.0
106.7062775,10.7705573,6361,0.0,1.0,0.0,0.0,0.0,0.0,0.0,1.0,0.0,0.0
106.7860239,10.8575649,6362,0.0,1.0,0.0,0.0,0.0,0.0,0.0,1.0,0.0,0.0
106.7865775,10.857888,6363,0.0,1.0,0.0,0.0,0.0,0.0,0.0,1.0,0.0,0.0
106.7875958,10.8584994,6364,0.0,1.0,0.0,0.0,0.0,0.0,0.0,1.0,0.0,0.0
106.7901143,10.8599603,6365,0.0,1.0,0.0,0.0,0.0,0.0,0.0,1.0,0.0,0.0
106.7879898,10.8587475,6366,0.0,1.0,0.0,0.0,0.0,0.0,0.0,1.0,0.0,0.0
106.7893427,10.8595533,6367,0.0,1.0,0.0,0.0,0.0,0.0,0.0,1.0,0.0,0.0
106.6890378,10.8260703,6368,0.0,1.0,0.0,0.0,0.0,0.0,0.0,1.0,0.0,0.0
106.7878038,10.8586193,6369,0.0,1.0,0.0,0.0,0.0,0.0,0.0,1.0,0.0,0.0
106.7170729,10.770539,6370,0.0,1.0,0.0,0.0,0.0,0.0,0.0,1.0,0.0,0.0
106.6479976,10.7536099,6371,0.0,1.0,0.0,0.0,0.0,0.0,0.0,1.0,0.0,0.0
106.7878255,10.8578972,6372,0.0,1.0,0.0,0.0,0.0,0.0,0.0,1.0,0.0,0.0
106.762095,10.8670182,6373,0.0,1.0,0.0,0.0,0.0,0.0,0.0,1.0,0.0,0.0
106.6269195,10.7639371,6374,0.0,1.0,0.0,0.0,0.0,0.0,0.0,1.0,0.0,0.0
106.6269446,10.7719195,6375,0.0,1.0,0.0,0.0,0.0,0.0,0.0,1.0,0.0,0.0
106.6315937,10.7535074,6376,0.0,1.0,0.0,0.0,0.0,0.0,0.0,1.0,0.0,0.0
106.632377,10.7556471,6377,0.0,1.0,0.0,0.0,0.0,0.0,0.0,1.0,0.0,0.0
106.6324735,10.7558263,6378,0.0,1.0,0.0,0.0,0.0,0.0,0.0,1.0,0.0,0.0
106.6504197,10.7631981,6379,0.0,1.0,0.0,0.0,0.0,0.0,0.0,1.0,0.0,0.0
106.6508813,10.7589603,6380,0.0,1.0,0.0,0.0,0.0,0.0,0.0,1.0,0.0,0.0
106.6826193,10.7952897,6381,0.0,1.0,0.0,0.0,0.0,0.0,0.0,1.0,0.0,0.0
106.6540989,10.766527,6382,0.0,1.0,0.0,0.0,0.0,0.0,0.0,1.0,0.0,0.0
106.6543476,10.766178,6383,0.0,1.0,0.0,0.0,0.0,0.0,0.0,1.0,0.0,0.0
106.653157,10.767732,6384,0.0,1.0,0.0,0.0,0.0,0.0,0.0,1.0,0.0,0.0
106.6535762,10.7670816,6385,0.0,1.0,0.0,0.0,0.0,0.0,0.0,1.0,0.0,0.0
106.6272911,10.7727883,6386,0.0,1.0,0.0,0.0,0.0,0.0,0.0,1.0,0.0,0.0
106.6293396,10.7711118,6387,0.0,1.0,0.0,0.0,0.0,0.0,0.0,1.0,0.0,0.0
106.6294743,10.7710657,6388,0.0,1.0,0.0,0.0,0.0,0.0,0.0,1.0,0.0,0.0
106.6521869,10.7623556,6389,0.0,1.0,0.0,0.0,0.0,0.0,0.0,1.0,0.0,0.0
106.6522568,10.7628582,6390,0.0,1.0,0.0,0.0,0.0,0.0,0.0,1.0,0.0,0.0
106.6523624,10.763238,6391,0.0,1.0,0.0,0.0,0.0,0.0,0.0,1.0,0.0,0.0
106.6554697,10.7707822,6392,0.0,1.0,0.0,0.0,0.0,0.0,0.0,1.0,0.0,0.0
106.6551627,10.7708289,6393,0.0,1.0,0.0,0.0,0.0,0.0,0.0,1.0,0.0,0.0
106.6558857,10.7707233,6394,0.0,1.0,0.0,0.0,0.0,0.0,0.0,1.0,0.0,0.0
106.6548412,10.7708778,6395,0.0,1.0,0.0,0.0,0.0,0.0,0.0,1.0,0.0,0.0
106.6562138,10.7706814,6396,0.0,1.0,0.0,0.0,0.0,0.0,0.0,1.0,0.0,0.0
106.6587335,10.7578464,6397,0.0,1.0,0.0,0.0,0.0,0.0,0.0,1.0,0.0,0.0
106.6537597,10.7710422,6398,0.0,1.0,0.0,0.0,0.0,0.0,0.0,1.0,0.0,0.0
106.6573428,10.7731263,6399,0.0,1.0,0.0,0.0,0.0,0.0,0.0,1.0,0.0,0.0
106.6583668,10.7978852,6400,0.0,1.0,0.0,0.0,0.0,0.0,0.0,1.0,0.0,0.0
106.6434241,10.7866915,6401,0.0,1.0,0.0,0.0,0.0,0.0,0.0,1.0,0.0,0.0
106.6263256,10.78291,6402,0.0,1.0,0.0,0.0,0.0,0.0,0.0,1.0,0.0,0.0
106.6306525,10.7512407,6403,0.0,1.0,0.0,0.0,0.0,0.0,0.0,1.0,0.0,0.0
106.6304749,10.7511006,6404,0.0,1.0,0.0,0.0,0.0,0.0,0.0,1.0,0.0,0.0
106.6405885,10.7691266,6405,0.0,1.0,0.0,0.0,0.0,0.0,0.0,1.0,0.0,0.0
106.6323235,10.7563818,6406,0.0,1.0,0.0,0.0,0.0,0.0,0.0,1.0,0.0,0.0
106.6278831,10.7716071,6407,0.0,1.0,0.0,0.0,0.0,0.0,0.0,1.0,0.0,0.0
106.6289111,10.7712584,6408,0.0,1.0,0.0,0.0,0.0,0.0,0.0,1.0,0.0,0.0
106.6257122,10.7723265,6409,0.0,1.0,0.0,0.0,0.0,0.0,0.0,1.0,0.0,0.0
106.654014,10.7664616,6410,0.0,1.0,0.0,0.0,0.0,0.0,0.0,1.0,0.0,0.0
106.6542519,10.766118,6411,0.0,1.0,0.0,0.0,0.0,0.0,0.0,1.0,0.0,0.0
106.6745438,10.8319624,6412,0.0,1.0,0.0,0.0,0.0,0.0,0.0,1.0,0.0,0.0
106.6647964,10.8343216,6413,0.0,1.0,0.0,0.0,0.0,0.0,0.0,1.0,0.0,0.0
106.6070299,10.7519024,6414,0.0,1.0,0.0,0.0,0.0,0.0,0.0,1.0,0.0,0.0
106.6414339,10.7685138,6415,0.0,1.0,0.0,0.0,0.0,0.0,0.0,1.0,0.0,0.0
106.6415172,10.7686398,6416,0.0,1.0,0.0,0.0,0.0,0.0,0.0,1.0,0.0,0.0
106.6406209,10.7691037,6417,0.0,1.0,0.0,0.0,0.0,0.0,0.0,1.0,0.0,0.0
106.6407011,10.76921,6418,0.0,1.0,0.0,0.0,0.0,0.0,0.0,1.0,0.0,0.0
106.653664,10.7532087,6419,0.0,1.0,0.0,0.0,0.0,0.0,0.0,1.0,0.0,0.0
106.638128,10.7688076,6420,0.0,1.0,0.0,0.0,0.0,0.0,0.0,1.0,0.0,0.0
106.6339046,10.7593384,6421,0.0,1.0,0.0,0.0,0.0,0.0,0.0,1.0,0.0,0.0
106.6457587,10.7582635,6422,0.0,1.0,0.0,0.0,0.0,0.0,0.0,1.0,0.0,0.0
106.6000235,10.7796079,6423,0.0,1.0,0.0,0.0,0.0,0.0,0.0,1.0,0.0,0.0
106.621709,10.8074699,6424,0.0,1.0,0.0,0.0,0.0,0.0,0.0,1.0,0.0,0.0
106.6194596,10.7742754,6425,0.0,1.0,0.0,0.0,0.0,0.0,0.0,1.0,0.0,0.0
106.6183837,10.774676,6426,0.0,1.0,0.0,0.0,0.0,0.0,0.0,1.0,0.0,0.0
106.6533293,10.7506686,6427,0.0,1.0,0.0,0.0,0.0,0.0,0.0,1.0,0.0,0.0
106.6495842,10.7515743,6428,0.0,1.0,0.0,0.0,0.0,0.0,0.0,1.0,0.0,0.0
106.6621428,10.7553745,6429,0.0,1.0,0.0,0.0,0.0,0.0,0.0,1.0,0.0,0.0
106.6467736,10.7567301,6430,0.0,1.0,0.0,0.0,0.0,0.0,0.0,1.0,0.0,0.0
106.6550922,10.753848,6431,0.0,1.0,0.0,0.0,0.0,0.0,0.0,1.0,0.0,0.0
106.6641339,10.7535319,6432,0.0,1.0,0.0,0.0,0.0,0.0,0.0,1.0,0.0,0.0
106.6645422,10.7514798,6433,0.0,1.0,0.0,0.0,0.0,0.0,0.0,1.0,0.0,0.0
106.6623974,10.7510995,6434,0.0,1.0,0.0,0.0,0.0,0.0,0.0,1.0,0.0,0.0
106.6489673,10.7579254,6435,0.0,1.0,0.0,0.0,0.0,0.0,0.0,1.0,0.0,0.0
106.7808587,10.7957648,6436,0.0,1.0,0.0,0.0,0.0,0.0,0.0,1.0,0.0,0.0
106.6893278,10.7564637,6437,0.0,1.0,0.0,0.0,0.0,0.0,0.0,1.0,0.0,0.0
106.6489456,10.7577932,6438,0.0,1.0,0.0,0.0,0.0,0.0,0.0,1.0,0.0,0.0
106.6488036,10.766854,6439,0.0,1.0,0.0,0.0,0.0,0.0,0.0,1.0,0.0,0.0
106.6444382,10.7660646,6440,0.0,1.0,0.0,0.0,0.0,0.0,0.0,1.0,0.0,0.0
106.6901572,10.7622299,6441,0.0,1.0,0.0,0.0,0.0,0.0,0.0,1.0,0.0,0.0
106.6960563,10.7599948,6442,0.0,1.0,0.0,0.0,0.0,0.0,0.0,1.0,0.0,0.0
106.699189,10.7636383,6443,0.0,1.0,0.0,0.0,0.0,0.0,0.0,1.0,0.0,0.0
106.69908,10.7635848,6444,0.0,1.0,0.0,0.0,0.0,0.0,0.0,1.0,0.0,0.0
106.6986625,10.7632685,6445,0.0,1.0,0.0,0.0,0.0,0.0,0.0,1.0,0.0,0.0
106.6968032,10.7609162,6446,0.0,1.0,0.0,0.0,0.0,0.0,0.0,1.0,0.0,0.0
106.6969465,10.7611026,6447,0.0,1.0,0.0,0.0,0.0,0.0,0.0,1.0,0.0,0.0
106.6975135,10.7618338,6448,0.0,1.0,0.0,0.0,0.0,0.0,0.0,1.0,0.0,0.0
106.6982919,10.7628512,6449,0.0,1.0,0.0,0.0,0.0,0.0,0.0,1.0,0.0,0.0
106.6882916,10.7417842,6450,0.0,1.0,0.0,0.0,0.0,0.0,0.0,1.0,0.0,0.0
106.688264,10.7420032,6451,0.0,1.0,0.0,0.0,0.0,0.0,0.0,1.0,0.0,0.0
106.6882705,10.7422351,6452,0.0,1.0,0.0,0.0,0.0,0.0,0.0,1.0,0.0,0.0
106.6883004,10.7424142,6453,0.0,1.0,0.0,0.0,0.0,0.0,0.0,1.0,0.0,0.0
106.6883486,10.7425887,6454,0.0,1.0,0.0,0.0,0.0,0.0,0.0,1.0,0.0,0.0
106.6869888,10.7526957,6455,0.0,1.0,0.0,0.0,0.0,0.0,0.0,1.0,0.0,0.0
106.6872227,10.7529382,6456,0.0,1.0,0.0,0.0,0.0,0.0,0.0,1.0,0.0,0.0
106.645141,10.7557329,6457,0.0,1.0,0.0,0.0,0.0,0.0,0.0,1.0,0.0,0.0
106.6466173,10.756536,6458,0.0,1.0,0.0,0.0,0.0,0.0,0.0,1.0,0.0,0.0
106.6453185,10.7559285,6459,0.0,1.0,0.0,0.0,0.0,0.0,0.0,1.0,0.0,0.0
106.6468512,10.756663,6460,0.0,1.0,0.0,0.0,0.0,0.0,0.0,1.0,0.0,0.0
106.6432461,10.7546572,6461,0.0,1.0,0.0,0.0,0.0,0.0,0.0,1.0,0.0,0.0
106.6433667,10.7547417,6462,0.0,1.0,0.0,0.0,0.0,0.0,0.0,1.0,0.0,0.0
106.6456773,10.7538979,6463,0.0,1.0,0.0,0.0,0.0,0.0,0.0,1.0,0.0,0.0
106.6457375,10.7538631,6464,0.0,1.0,0.0,0.0,0.0,0.0,0.0,1.0,0.0,0.0
106.6401531,10.7544738,6465,0.0,1.0,0.0,0.0,0.0,0.0,0.0,1.0,0.0,0.0
106.6400826,10.7544547,6466,0.0,1.0,0.0,0.0,0.0,0.0,0.0,1.0,0.0,0.0
106.6934336,10.7658315,6467,0.0,1.0,0.0,0.0,0.0,0.0,0.0,1.0,0.0,0.0
106.704986,10.7872674,6468,0.0,1.0,0.0,0.0,0.0,0.0,0.0,1.0,0.0,0.0
106.6382343,10.7958919,6469,0.0,1.0,0.0,0.0,0.0,0.0,0.0,1.0,0.0,0.0
106.6605743,10.8008825,6470,0.0,1.0,0.0,0.0,0.0,0.0,0.0,1.0,0.0,0.0
106.634332,10.8089014,6471,0.0,1.0,0.0,0.0,0.0,0.0,0.0,1.0,0.0,0.0
106.6892561,10.7850867,6472,0.0,1.0,0.0,0.0,0.0,0.0,0.0,1.0,0.0,0.0
106.7071868,10.76507,6473,0.0,1.0,0.0,0.0,0.0,0.0,0.0,1.0,0.0,0.0
106.7885591,10.8287562,6474,0.0,1.0,0.0,0.0,0.0,0.0,0.0,1.0,0.0,0.0
106.7887386,10.828493,6475,0.0,1.0,0.0,0.0,0.0,0.0,0.0,1.0,0.0,0.0
106.6570341,10.7823446,6476,0.0,1.0,0.0,0.0,0.0,0.0,0.0,1.0,0.0,0.0
106.6974011,10.7791146,6477,0.0,1.0,0.0,0.0,0.0,0.0,0.0,1.0,0.0,0.0
106.6996547,10.781491,6478,0.0,1.0,0.0,0.0,0.0,0.0,0.0,1.0,0.0,0.0
106.6973085,10.7792037,6479,0.0,1.0,0.0,0.0,0.0,0.0,0.0,1.0,0.0,0.0
106.7010039,10.7744099,6480,0.0,1.0,0.0,0.0,0.0,0.0,0.0,1.0,0.0,0.0
106.7080131,10.7845939,6481,0.0,1.0,0.0,0.0,0.0,0.0,0.0,1.0,0.0,0.0
106.7031072,10.7852941,6482,0.0,1.0,0.0,0.0,0.0,0.0,0.0,1.0,0.0,0.0
106.6893325,10.7507855,6483,0.0,1.0,0.0,0.0,0.0,0.0,0.0,1.0,0.0,0.0
106.7036315,10.7856921,6484,0.0,1.0,0.0,0.0,0.0,0.0,0.0,1.0,0.0,0.0
106.7011577,10.7832408,6485,0.0,1.0,0.0,0.0,0.0,0.0,0.0,1.0,0.0,0.0
106.6999777,10.7792456,6486,0.0,1.0,0.0,0.0,0.0,0.0,0.0,1.0,0.0,0.0
106.6910751,10.7726805,6487,0.0,1.0,0.0,0.0,0.0,0.0,0.0,1.0,0.0,0.0
106.6901467,10.7652725,6488,0.0,1.0,0.0,0.0,0.0,0.0,0.0,1.0,0.0,0.0
106.6846255,10.7682392,6489,0.0,1.0,0.0,0.0,0.0,0.0,0.0,1.0,0.0,0.0
106.690963,10.7629567,6490,0.0,1.0,0.0,0.0,0.0,0.0,0.0,0.0,1.0,0.0
106.6908753,10.763051,6491,0.0,1.0,0.0,0.0,0.0,0.0,0.0,0.0,1.0,0.0
106.6903044,10.7638888,6492,0.0,1.0,0.0,0.0,0.0,0.0,0.0,1.0,0.0,0.0
106.6896598,10.7672514,6493,0.0,1.0,0.0,0.0,0.0,0.0,0.0,1.0,0.0,0.0
106.6904631,10.7675704,6494,0.0,1.0,0.0,0.0,0.0,0.0,0.0,0.0,1.0,0.0
106.6890037,10.7663847,6495,0.0,1.0,0.0,0.0,0.0,0.0,0.0,1.0,0.0,0.0
106.6895198,10.7661437,6496,0.0,1.0,0.0,0.0,0.0,0.0,0.0,1.0,0.0,0.0
106.6896037,10.7660279,6497,0.0,1.0,0.0,0.0,0.0,0.0,0.0,1.0,0.0,0.0
106.6941176,10.7690424,6498,0.0,1.0,0.0,0.0,0.0,0.0,0.0,0.0,0.0,0.0
106.6939822,10.768989,6499,0.0,1.0,0.0,0.0,0.0,0.0,0.0,0.0,0.0,0.0
106.6873755,10.767063,6500,0.0,1.0,0.0,0.0,0.0,0.0,0.0,1.0,0.0,0.0
106.6937921,10.7742071,6501,0.0,1.0,0.0,0.0,0.0,0.0,0.0,1.0,0.0,0.0
106.691729,10.7759814,6502,0.0,1.0,0.0,0.0,0.0,0.0,0.0,0.0,1.0,0.0
106.6961316,10.7711376,6503,0.0,1.0,0.0,0.0,0.0,0.0,0.0,1.0,0.0,0.0
106.6896701,10.7687377,6504,0.0,1.0,0.0,0.0,0.0,0.0,0.0,1.0,0.0,0.0
106.6925211,10.7611119,6505,0.0,1.0,0.0,0.0,0.0,0.0,0.0,1.0,0.0,0.0
106.6904087,10.7637158,6506,0.0,1.0,0.0,0.0,0.0,0.0,0.0,1.0,0.0,0.0
106.7035568,10.7857663,6507,0.0,1.0,0.0,0.0,0.0,0.0,0.0,1.0,0.0,0.0
106.6575436,10.8008863,6508,0.0,1.0,0.0,0.0,0.0,0.0,0.0,1.0,0.0,0.0
106.6979312,10.7786251,6509,0.0,1.0,0.0,0.0,0.0,0.0,0.0,1.0,0.0,0.0
106.6802493,10.768091,6510,0.0,1.0,0.0,0.0,0.0,0.0,0.0,1.0,0.0,0.0
106.6805503,10.7684273,6511,0.0,1.0,0.0,0.0,0.0,0.0,0.0,1.0,0.0,0.0
106.689942,10.76557,6512,0.0,1.0,0.0,0.0,0.0,0.0,0.0,1.0,0.0,0.0
106.6836062,10.7687911,6513,0.0,1.0,0.0,0.0,0.0,0.0,0.0,1.0,0.0,0.0
106.68797,10.7740472,6514,0.0,1.0,0.0,0.0,0.0,0.0,0.0,1.0,0.0,0.0
106.6857131,10.7677787,6515,0.0,1.0,0.0,0.0,0.0,0.0,0.0,1.0,0.0,0.0
106.6848768,10.7729737,6516,0.0,1.0,0.0,0.0,0.0,0.0,0.0,1.0,0.0,0.0
106.6573621,10.7826856,6517,0.0,1.0,0.0,0.0,0.0,0.0,0.0,1.0,0.0,0.0
106.6588507,10.7826637,6518,0.0,1.0,0.0,0.0,0.0,0.0,0.0,1.0,0.0,0.0
106.6590066,10.7825639,6519,0.0,1.0,0.0,0.0,0.0,0.0,0.0,1.0,0.0,0.0
106.6964406,10.7715056,6520,0.0,1.0,0.0,0.0,0.0,0.0,0.0,1.0,0.0,0.0
106.6899228,10.7684433,6521,0.0,1.0,0.0,0.0,0.0,0.0,0.0,0.0,1.0,0.0
106.6886136,10.7676122,6522,0.0,1.0,0.0,0.0,0.0,0.0,0.0,1.0,0.0,0.0
106.68836,10.767066,6523,0.0,1.0,0.0,0.0,0.0,0.0,0.0,1.0,0.0,0.0
106.6882711,10.7666257,6524,0.0,1.0,0.0,0.0,0.0,0.0,0.0,1.0,0.0,0.0
106.6882291,10.7667749,6525,0.0,1.0,0.0,0.0,0.0,0.0,0.0,1.0,0.0,0.0
106.6882125,10.7667558,6526,0.0,1.0,0.0,0.0,0.0,0.0,0.0,1.0,0.0,0.0
106.6889671,10.7664014,6527,0.0,1.0,0.0,0.0,0.0,0.0,0.0,1.0,0.0,0.0
106.6590092,10.7507545,6528,0.0,1.0,0.0,0.0,0.0,0.0,0.0,1.0,0.0,0.0
106.6592038,10.750597,6529,0.0,1.0,0.0,0.0,0.0,0.0,0.0,1.0,0.0,0.0
106.6601575,10.7504376,6530,0.0,1.0,0.0,0.0,0.0,0.0,0.0,1.0,0.0,0.0
106.6604921,10.7507335,6531,0.0,1.0,0.0,0.0,0.0,0.0,0.0,1.0,0.0,0.0
106.6599192,10.7505475,6532,0.0,1.0,0.0,0.0,0.0,0.0,0.0,1.0,0.0,0.0
106.6619997,10.7512075,6533,0.0,1.0,0.0,0.0,0.0,0.0,0.0,1.0,0.0,0.0
106.6596239,10.7504858,6534,0.0,1.0,0.0,0.0,0.0,0.0,0.0,1.0,0.0,0.0
106.6600826,10.7504247,6535,0.0,1.0,0.0,0.0,0.0,0.0,0.0,1.0,0.0,0.0
106.6602377,10.7504582,6536,0.0,1.0,0.0,0.0,0.0,0.0,0.0,1.0,0.0,0.0
106.6603907,10.7505183,6537,0.0,1.0,0.0,0.0,0.0,0.0,0.0,1.0,0.0,0.0
106.6598713,10.7504266,6538,0.0,1.0,0.0,0.0,0.0,0.0,0.0,1.0,0.0,0.0
106.6600607,10.7505373,6539,0.0,1.0,0.0,0.0,0.0,0.0,0.0,1.0,0.0,0.0
106.6635393,10.7503722,6540,0.0,1.0,0.0,0.0,0.0,0.0,0.0,1.0,0.0,0.0
106.6631981,10.750263,6541,0.0,1.0,0.0,0.0,0.0,0.0,0.0,1.0,0.0,0.0
106.6630188,10.7505414,6542,0.0,1.0,0.0,0.0,0.0,0.0,0.0,1.0,0.0,0.0
106.6633972,10.7504187,6543,0.0,1.0,0.0,0.0,0.0,0.0,0.0,1.0,0.0,0.0
106.6600674,10.750105,6544,0.0,1.0,0.0,0.0,0.0,0.0,0.0,1.0,0.0,0.0
106.6602569,10.7503454,6545,0.0,1.0,0.0,0.0,0.0,0.0,0.0,1.0,0.0,0.0
106.6598053,10.7502775,6546,0.0,1.0,0.0,0.0,0.0,0.0,0.0,1.0,0.0,0.0
106.6901876,10.7731679,6547,0.0,1.0,0.0,0.0,0.0,0.0,0.0,1.0,0.0,0.0
106.6922064,10.7720507,6548,0.0,1.0,0.0,0.0,0.0,0.0,0.0,1.0,0.0,0.0
106.6941943,10.7699697,6549,0.0,1.0,0.0,0.0,0.0,0.0,0.0,1.0,0.0,0.0
106.694617,10.7692254,6550,0.0,1.0,0.0,0.0,0.0,0.0,0.0,1.0,0.0,0.0
106.6945589,10.7693254,6551,0.0,1.0,0.0,0.0,0.0,0.0,0.0,1.0,0.0,0.0
106.6619866,10.7494129,6552,0.0,1.0,0.0,0.0,0.0,0.0,0.0,1.0,0.0,0.0
106.6650716,10.7505345,6553,0.0,1.0,0.0,0.0,0.0,0.0,0.0,1.0,0.0,0.0
106.6687501,10.7504117,6554,0.0,1.0,0.0,0.0,0.0,0.0,0.0,1.0,0.0,0.0
106.6693801,10.7503075,6555,0.0,1.0,0.0,0.0,0.0,0.0,0.0,1.0,0.0,0.0
106.6632876,10.7503112,6556,0.0,1.0,0.0,0.0,0.0,0.0,0.0,1.0,0.0,0.0
106.6606165,10.7489518,6557,0.0,1.0,0.0,0.0,0.0,0.0,0.0,1.0,0.0,0.0
106.661484,10.7511994,6558,0.0,1.0,0.0,0.0,0.0,0.0,0.0,1.0,0.0,0.0
106.6614979,10.7510191,6559,0.0,1.0,0.0,0.0,0.0,0.0,0.0,1.0,0.0,0.0
106.694555,10.7671192,6560,0.0,1.0,0.0,0.0,0.0,0.0,0.0,0.0,0.0,0.0
106.6852687,10.7564206,6561,0.0,1.0,0.0,0.0,0.0,0.0,0.0,1.0,0.0,0.0
106.6971338,10.7701733,6562,0.0,1.0,0.0,0.0,0.0,0.0,0.0,1.0,0.0,0.0
106.6972736,10.7702264,6563,0.0,1.0,0.0,0.0,0.0,0.0,0.0,1.0,0.0,0.0
106.6904512,10.7640503,6564,0.0,1.0,0.0,0.0,0.0,0.0,0.0,1.0,0.0,0.0
106.6986499,10.7718767,6565,0.0,1.0,0.0,0.0,0.0,0.0,0.0,1.0,0.0,0.0
106.6986589,10.7712673,6566,0.0,1.0,0.0,0.0,0.0,0.0,0.0,1.0,0.0,0.0
106.6987406,10.7717741,6567,0.0,1.0,0.0,0.0,0.0,0.0,0.0,1.0,0.0,0.0
106.693069,10.771339,6568,0.0,1.0,0.0,0.0,0.0,0.0,0.0,1.0,0.0,0.0
106.6933534,10.7715109,6569,0.0,1.0,0.0,0.0,0.0,0.0,0.0,1.0,0.0,0.0
106.6932016,10.7712182,6570,0.0,1.0,0.0,0.0,0.0,0.0,0.0,1.0,0.0,0.0
106.693386,10.7712996,6571,0.0,1.0,0.0,0.0,0.0,0.0,0.0,1.0,0.0,0.0
106.6930624,10.7713876,6572,0.0,1.0,0.0,0.0,0.0,0.0,0.0,1.0,0.0,0.0
106.6843011,10.7588488,6573,0.0,1.0,0.0,0.0,0.0,0.0,0.0,1.0,0.0,0.0
106.6846212,10.7580452,6574,0.0,1.0,0.0,0.0,0.0,0.0,0.0,1.0,0.0,0.0
106.6843579,10.7586999,6575,0.0,1.0,0.0,0.0,0.0,0.0,0.0,1.0,0.0,0.0
106.6841903,10.759139,6576,0.0,1.0,0.0,0.0,0.0,0.0,0.0,1.0,0.0,0.0
106.6712231,10.7780404,6577,0.0,1.0,0.0,0.0,0.0,0.0,0.0,1.0,0.0,0.0
106.6688881,10.7509195,6578,0.0,1.0,0.0,0.0,0.0,0.0,0.0,1.0,0.0,0.0
106.6606556,10.7491553,6579,0.0,1.0,0.0,0.0,0.0,0.0,0.0,1.0,0.0,0.0
106.6634933,10.7502609,6580,0.0,1.0,0.0,0.0,0.0,0.0,0.0,1.0,0.0,0.0
106.6631871,10.7501623,6581,0.0,1.0,0.0,0.0,0.0,0.0,0.0,1.0,0.0,0.0
106.6635452,10.7502859,6582,0.0,1.0,0.0,0.0,0.0,0.0,0.0,1.0,0.0,0.0
106.6637322,10.7502316,6583,0.0,1.0,0.0,0.0,0.0,0.0,0.0,1.0,0.0,0.0
106.6894344,10.7735738,6584,0.0,1.0,0.0,0.0,0.0,0.0,0.0,0.0,1.0,0.0
106.6954254,10.7679022,6585,0.0,1.0,0.0,0.0,0.0,0.0,0.0,1.0,0.0,0.0
106.6953474,10.7680299,6586,0.0,1.0,0.0,0.0,0.0,0.0,0.0,1.0,0.0,0.0
106.6954244,10.7681184,6587,0.0,1.0,0.0,0.0,0.0,0.0,0.0,1.0,0.0,0.0
106.6536614,10.7537204,6588,0.0,1.0,0.0,0.0,0.0,0.0,0.0,1.0,0.0,0.0
106.6537337,10.7535777,6589,0.0,1.0,0.0,0.0,0.0,0.0,0.0,1.0,0.0,0.0
106.6538404,10.7536041,6590,0.0,1.0,0.0,0.0,0.0,0.0,0.0,1.0,0.0,0.0
106.6537256,10.7537826,6591,0.0,1.0,0.0,0.0,0.0,0.0,0.0,1.0,0.0,0.0
106.653666,10.7536325,6592,0.0,1.0,0.0,0.0,0.0,0.0,0.0,1.0,0.0,0.0
106.6634172,10.7554182,6593,0.0,1.0,0.0,0.0,0.0,0.0,0.0,1.0,0.0,0.0
106.6624293,10.755223,6594,0.0,1.0,0.0,0.0,0.0,0.0,0.0,0.0,1.0,0.0
106.6628252,10.7532859,6595,0.0,1.0,0.0,0.0,0.0,0.0,0.0,1.0,0.0,0.0
106.663899,10.7548043,6596,0.0,1.0,0.0,0.0,0.0,0.0,0.0,1.0,0.0,0.0
106.6687357,10.7597828,6597,0.0,1.0,0.0,0.0,0.0,0.0,0.0,1.0,0.0,0.0
106.6690439,10.7598533,6598,0.0,1.0,0.0,0.0,0.0,0.0,0.0,1.0,0.0,0.0
106.6689242,10.7597027,6599,0.0,1.0,0.0,0.0,0.0,0.0,0.0,1.0,0.0,0.0
106.6689667,10.759994,6600,0.0,1.0,0.0,0.0,0.0,0.0,0.0,1.0,0.0,0.0
106.6687397,10.7599392,6601,0.0,1.0,0.0,0.0,0.0,0.0,0.0,1.0,0.0,0.0
106.6882957,10.7667956,6602,0.0,1.0,0.0,0.0,0.0,0.0,0.0,1.0,0.0,0.0
106.690743,10.7642807,6603,0.0,1.0,0.0,0.0,0.0,0.0,0.0,1.0,0.0,0.0
106.6690363,10.7599061,6604,0.0,1.0,0.0,0.0,0.0,0.0,0.0,1.0,0.0,0.0
106.6689969,10.7599703,6605,0.0,1.0,0.0,0.0,0.0,0.0,0.0,1.0,0.0,0.0
106.6752055,10.7654291,6606,0.0,1.0,0.0,0.0,0.0,0.0,0.0,1.0,0.0,0.0
106.6744195,10.7674315,6607,0.0,1.0,0.0,0.0,0.0,0.0,0.0,1.0,0.0,0.0
106.6745907,10.7675205,6608,0.0,1.0,0.0,0.0,0.0,0.0,0.0,1.0,0.0,0.0
106.6590376,10.7508269,6609,0.0,1.0,0.0,0.0,0.0,0.0,0.0,1.0,0.0,0.0
106.6584526,10.7543285,6610,0.0,1.0,0.0,0.0,0.0,0.0,0.0,1.0,0.0,0.0
106.6583377,10.7547644,6611,0.0,1.0,0.0,0.0,0.0,0.0,0.0,1.0,0.0,0.0
106.6588252,10.7520162,6612,0.0,1.0,0.0,0.0,0.0,0.0,0.0,1.0,0.0,0.0
106.6589344,10.7520192,6613,0.0,1.0,0.0,0.0,0.0,0.0,0.0,1.0,0.0,0.0
106.6588768,10.7520164,6614,0.0,1.0,0.0,0.0,0.0,0.0,0.0,1.0,0.0,0.0
106.6590638,10.750854,6615,0.0,1.0,0.0,0.0,0.0,0.0,0.0,1.0,0.0,0.0
106.6590126,10.7507043,6616,0.0,1.0,0.0,0.0,0.0,0.0,0.0,1.0,0.0,0.0
106.6588732,10.7529979,6617,0.0,1.0,0.0,0.0,0.0,0.0,0.0,1.0,0.0,0.0
106.6590617,10.752017,6618,0.0,1.0,0.0,0.0,0.0,0.0,0.0,1.0,0.0,0.0
106.6590192,10.7520169,6619,0.0,1.0,0.0,0.0,0.0,0.0,0.0,1.0,0.0,0.0
106.6592395,10.7508653,6620,0.0,1.0,0.0,0.0,0.0,0.0,0.0,1.0,0.0,0.0
106.6591673,10.7508875,6621,0.0,1.0,0.0,0.0,0.0,0.0,0.0,1.0,0.0,0.0
106.6590951,10.7508734,6622,0.0,1.0,0.0,0.0,0.0,0.0,0.0,1.0,0.0,0.0
106.683837,10.7505414,6623,0.0,1.0,0.0,0.0,0.0,0.0,0.0,1.0,0.0,0.0
106.658475,10.7546333,6624,0.0,1.0,0.0,0.0,0.0,0.0,0.0,1.0,0.0,0.0
106.662221,10.7560162,6625,0.0,1.0,0.0,0.0,0.0,0.0,0.0,1.0,0.0,0.0
106.663224,10.7555898,6626,0.0,1.0,0.0,0.0,0.0,0.0,0.0,1.0,0.0,0.0
106.6625682,10.7554582,6627,0.0,1.0,0.0,0.0,0.0,0.0,0.0,1.0,0.0,0.0
106.6538107,10.7537791,6628,0.0,1.0,0.0,0.0,0.0,0.0,0.0,1.0,0.0,0.0
106.6536992,10.7537687,6629,0.0,1.0,0.0,0.0,0.0,0.0,0.0,1.0,0.0,0.0
106.6514735,10.7534918,6630,0.0,1.0,0.0,0.0,0.0,0.0,0.0,1.0,0.0,0.0
106.6514787,10.7533311,6631,0.0,1.0,0.0,0.0,0.0,0.0,0.0,1.0,0.0,0.0
106.6480113,10.7537644,6632,0.0,1.0,0.0,0.0,0.0,0.0,0.0,1.0,0.0,0.0
106.6517923,10.7535107,6633,0.0,1.0,0.0,0.0,0.0,0.0,0.0,1.0,0.0,0.0
106.6517974,10.7533412,6634,0.0,1.0,0.0,0.0,0.0,0.0,0.0,1.0,0.0,0.0
106.6529926,10.7536327,6635,0.0,1.0,0.0,0.0,0.0,0.0,0.0,1.0,0.0,0.0
106.6544294,10.7538752,6636,0.0,1.0,0.0,0.0,0.0,0.0,0.0,1.0,0.0,0.0
106.6536569,10.7536569,6637,0.0,1.0,0.0,0.0,0.0,0.0,0.0,1.0,0.0,0.0
106.6536543,10.753689,6638,0.0,1.0,0.0,0.0,0.0,0.0,0.0,1.0,0.0,0.0
106.6536808,10.7536109,6639,0.0,1.0,0.0,0.0,0.0,0.0,0.0,1.0,0.0,0.0
106.6538517,10.7537462,6640,0.0,1.0,0.0,0.0,0.0,0.0,0.0,1.0,0.0,0.0
106.6603376,10.7550108,6641,0.0,1.0,0.0,0.0,0.0,0.0,0.0,1.0,0.0,0.0
106.6614827,10.7552397,6642,0.0,1.0,0.0,0.0,0.0,0.0,0.0,1.0,0.0,0.0
106.6615336,10.7550508,6643,0.0,1.0,0.0,0.0,0.0,0.0,0.0,1.0,0.0,0.0
106.6623804,10.7554257,6644,0.0,1.0,0.0,0.0,0.0,0.0,0.0,0.0,1.0,0.0
106.6633772,10.7556227,6645,0.0,1.0,0.0,0.0,0.0,0.0,0.0,1.0,0.0,0.0
106.6662919,10.7559837,6646,0.0,1.0,0.0,0.0,0.0,0.0,0.0,1.0,0.0,0.0
106.6664916,10.7565017,6647,0.0,1.0,0.0,0.0,0.0,0.0,0.0,1.0,0.0,0.0
106.6687822,10.7597291,6648,0.0,1.0,0.0,0.0,0.0,0.0,0.0,1.0,0.0,0.0
106.6664403,10.7565245,6649,0.0,1.0,0.0,0.0,0.0,0.0,0.0,1.0,0.0,0.0
106.6678959,10.7586429,6650,0.0,1.0,0.0,0.0,0.0,0.0,0.0,1.0,0.0,0.0
106.6688285,10.7597052,6651,0.0,1.0,0.0,0.0,0.0,0.0,0.0,1.0,0.0,0.0
106.666373,10.7562461,6652,0.0,1.0,0.0,0.0,0.0,0.0,0.0,1.0,0.0,0.0
106.6665784,10.7565246,6653,0.0,1.0,0.0,0.0,0.0,0.0,0.0,1.0,0.0,0.0
106.6679699,10.7585909,6654,0.0,1.0,0.0,0.0,0.0,0.0,0.0,1.0,0.0,0.0
106.6561137,10.7541922,6655,0.0,1.0,0.0,0.0,0.0,0.0,0.0,1.0,0.0,0.0
106.6739837,10.757428,6656,0.0,1.0,0.0,0.0,0.0,0.0,0.0,1.0,0.0,0.0
106.674106,10.7575894,6657,0.0,1.0,0.0,0.0,0.0,0.0,0.0,1.0,0.0,0.0
106.6739623,10.7575283,6658,0.0,1.0,0.0,0.0,0.0,0.0,0.0,1.0,0.0,0.0
106.6739589,10.7574776,6659,0.0,1.0,0.0,0.0,0.0,0.0,0.0,1.0,0.0,0.0
106.7001864,10.7809996,6660,0.0,1.0,0.0,0.0,0.0,0.0,0.0,1.0,0.0,0.0
106.6913184,10.7644013,6661,0.0,1.0,0.0,0.0,0.0,0.0,0.0,1.0,0.0,0.0
106.6599822,10.7463121,6662,0.0,1.0,0.0,0.0,0.0,0.0,0.0,1.0,0.0,0.0
106.6327419,10.8136834,6663,0.0,1.0,0.0,0.0,0.0,0.0,0.0,1.0,0.0,0.0
106.6586495,10.7529833,6664,0.0,1.0,0.0,0.0,0.0,0.0,0.0,1.0,0.0,0.0
106.6642015,10.7871449,6665,0.0,1.0,0.0,0.0,0.0,0.0,0.0,1.0,0.0,0.0
106.6764598,10.7516317,6666,0.0,1.0,0.0,0.0,0.0,0.0,0.0,1.0,0.0,0.0
106.665579,10.7508194,6667,0.0,1.0,0.0,0.0,0.0,0.0,0.0,1.0,0.0,0.0
106.6653966,10.7507994,6668,0.0,1.0,0.0,0.0,0.0,0.0,0.0,1.0,0.0,0.0
106.6648702,10.7506951,6669,0.0,1.0,0.0,0.0,0.0,0.0,0.0,1.0,0.0,0.0
106.6650274,10.7507303,6670,0.0,1.0,0.0,0.0,0.0,0.0,0.0,1.0,0.0,0.0
106.6729611,10.7495272,6671,0.0,1.0,0.0,0.0,0.0,0.0,0.0,1.0,0.0,0.0
106.656855,10.7785628,6672,0.0,1.0,0.0,0.0,0.0,0.0,0.0,1.0,0.0,0.0
106.661329,10.7833332,6673,0.0,1.0,0.0,0.0,0.0,0.0,0.0,1.0,0.0,0.0
106.6495768,10.7497248,6674,0.0,1.0,0.0,0.0,0.0,0.0,0.0,1.0,0.0,0.0
106.6663591,10.8043986,6675,0.0,1.0,0.0,0.0,0.0,0.0,0.0,1.0,0.0,0.0
106.6662055,10.8038281,6676,0.0,1.0,0.0,0.0,0.0,0.0,0.0,1.0,0.0,0.0
106.6661608,10.8036465,6677,0.0,1.0,0.0,0.0,0.0,0.0,0.0,1.0,0.0,0.0
106.6659834,10.8029468,6678,0.0,1.0,0.0,0.0,0.0,0.0,0.0,1.0,0.0,0.0
106.6665981,10.8052719,6679,0.0,1.0,0.0,0.0,0.0,0.0,0.0,1.0,0.0,0.0
106.6631557,10.7533446,6680,0.0,1.0,0.0,0.0,0.0,0.0,0.0,1.0,0.0,0.0
106.6630657,10.7553509,6681,0.0,1.0,0.0,0.0,0.0,0.0,0.0,1.0,0.0,0.0
106.6693988,10.7573861,6682,0.0,1.0,0.0,0.0,0.0,0.0,0.0,1.0,0.0,0.0
106.6694904,10.757404,6683,0.0,1.0,0.0,0.0,0.0,0.0,0.0,1.0,0.0,0.0
106.6685702,10.7571769,6684,0.0,1.0,0.0,0.0,0.0,0.0,0.0,1.0,0.0,0.0
106.6691456,10.758935,6685,0.0,1.0,0.0,0.0,0.0,0.0,0.0,1.0,0.0,0.0
106.6693148,10.7581831,6686,0.0,1.0,0.0,0.0,0.0,0.0,0.0,1.0,0.0,0.0
106.6694437,10.7576389,6687,0.0,1.0,0.0,0.0,0.0,0.0,0.0,1.0,0.0,0.0
106.6693517,10.7575959,6688,0.0,1.0,0.0,0.0,0.0,0.0,0.0,1.0,0.0,0.0
106.6635556,10.7501736,6689,0.0,1.0,0.0,0.0,0.0,0.0,0.0,1.0,0.0,0.0
106.6630686,10.7501866,6690,0.0,1.0,0.0,0.0,0.0,0.0,0.0,1.0,0.0,0.0
106.6740092,10.7574076,6691,0.0,1.0,0.0,0.0,0.0,0.0,0.0,1.0,0.0,0.0
106.6740777,10.7575979,6692,0.0,1.0,0.0,0.0,0.0,0.0,0.0,1.0,0.0,0.0
106.674048,10.7575982,6693,0.0,1.0,0.0,0.0,0.0,0.0,0.0,1.0,0.0,0.0
106.6740195,10.7575903,6694,0.0,1.0,0.0,0.0,0.0,0.0,0.0,1.0,0.0,0.0
106.6696815,10.7566055,6695,0.0,1.0,0.0,0.0,0.0,0.0,0.0,1.0,0.0,0.0
106.6717824,10.7570227,6696,0.0,1.0,0.0,0.0,0.0,0.0,0.0,1.0,0.0,0.0
106.6717612,10.7571302,6697,0.0,1.0,0.0,0.0,0.0,0.0,0.0,1.0,0.0,0.0
106.670647,10.7623553,6698,0.0,1.0,0.0,0.0,0.0,0.0,0.0,1.0,0.0,0.0
106.668717,10.7598562,6699,0.0,1.0,0.0,0.0,0.0,0.0,0.0,1.0,0.0,0.0
106.6687226,10.7598159,6700,0.0,1.0,0.0,0.0,0.0,0.0,0.0,1.0,0.0,0.0
106.6690205,10.7599405,6701,0.0,1.0,0.0,0.0,0.0,0.0,0.0,1.0,0.0,0.0
106.6687226,10.7598992,6702,0.0,1.0,0.0,0.0,0.0,0.0,0.0,1.0,0.0,0.0
106.6702787,10.7581844,6703,0.0,1.0,0.0,0.0,0.0,0.0,0.0,1.0,0.0,0.0
106.6687559,10.7597534,6704,0.0,1.0,0.0,0.0,0.0,0.0,0.0,1.0,0.0,0.0
106.7218606,10.7794256,6705,0.0,1.0,0.0,0.0,0.0,0.0,0.0,1.0,0.0,0.0
106.7220698,10.779091,6706,0.0,1.0,0.0,0.0,0.0,0.0,0.0,1.0,0.0,0.0
106.7226116,10.7765009,6707,0.0,1.0,0.0,0.0,0.0,0.0,0.0,1.0,0.0,0.0
106.7224989,10.7759318,6708,0.0,1.0,0.0,0.0,0.0,0.0,0.0,1.0,0.0,0.0
106.7224453,10.7756024,6709,0.0,1.0,0.0,0.0,0.0,0.0,0.0,1.0,0.0,0.0
106.7223755,10.774891,6710,0.0,1.0,0.0,0.0,0.0,0.0,0.0,1.0,0.0,0.0
106.7224909,10.7738607,6711,0.0,1.0,0.0,0.0,0.0,0.0,0.0,1.0,0.0,0.0
106.7225472,10.7737342,6712,0.0,1.0,0.0,0.0,0.0,0.0,0.0,1.0,0.0,0.0
106.7532978,10.7932441,6713,0.0,1.0,0.0,0.0,0.0,0.0,0.0,1.0,0.0,0.0
106.668049,10.7637924,6714,0.0,1.0,0.0,0.0,0.0,0.0,0.0,1.0,0.0,0.0
106.6678383,10.7647365,6715,0.0,1.0,0.0,0.0,0.0,0.0,0.0,1.0,0.0,0.0
106.6676247,10.7656941,6716,0.0,1.0,0.0,0.0,0.0,0.0,0.0,1.0,0.0,0.0
106.6681022,10.763045,6717,0.0,1.0,0.0,0.0,0.0,0.0,0.0,1.0,0.0,0.0
106.6689318,10.76001,6718,0.0,1.0,0.0,0.0,0.0,0.0,0.0,1.0,0.0,0.0
106.6679812,10.7679629,6719,0.0,1.0,0.0,0.0,0.0,0.0,0.0,1.0,0.0,0.0
106.66843,10.761856,6720,0.0,1.0,0.0,0.0,0.0,0.0,0.0,1.0,0.0,0.0
106.6688411,10.7600134,6721,0.0,1.0,0.0,0.0,0.0,0.0,0.0,1.0,0.0,0.0
106.6814534,10.7652396,6722,0.0,1.0,0.0,0.0,0.0,0.0,0.0,1.0,0.0,0.0
106.680784,10.7581739,6723,0.0,1.0,0.0,0.0,0.0,0.0,0.0,1.0,0.0,0.0
106.681069,10.7565518,6724,0.0,1.0,0.0,0.0,0.0,0.0,0.0,1.0,0.0,0.0
106.6807397,10.7583212,6725,0.0,1.0,0.0,0.0,0.0,0.0,0.0,1.0,0.0,0.0
106.6808094,10.7578979,6726,0.0,1.0,0.0,0.0,0.0,0.0,0.0,1.0,0.0,0.0
106.680834,10.7577415,6727,0.0,1.0,0.0,0.0,0.0,0.0,0.0,1.0,0.0,0.0
106.6811102,10.7563757,6728,0.0,1.0,0.0,0.0,0.0,0.0,0.0,1.0,0.0,0.0
106.7646184,10.7601128,6729,0.0,1.0,0.0,0.0,0.0,0.0,0.0,1.0,0.0,0.0
106.7647049,10.760201,6730,0.0,1.0,0.0,0.0,0.0,0.0,0.0,1.0,0.0,0.0
106.6633681,10.7502282,6731,0.0,1.0,0.0,0.0,0.0,0.0,0.0,1.0,0.0,0.0
106.6858136,10.773959,6732,0.0,1.0,0.0,0.0,0.0,0.0,0.0,1.0,0.0,0.0
106.6574006,10.7506896,6733,0.0,1.0,0.0,0.0,0.0,0.0,0.0,1.0,0.0,0.0
106.6559792,10.7507665,6734,0.0,1.0,0.0,0.0,0.0,0.0,0.0,1.0,0.0,0.0
106.6547273,10.7508046,6735,0.0,1.0,0.0,0.0,0.0,0.0,0.0,1.0,0.0,0.0
106.6591297,10.7505935,6736,0.0,1.0,0.0,0.0,0.0,0.0,0.0,1.0,0.0,0.0
106.6604883,10.7505006,6737,0.0,1.0,0.0,0.0,0.0,0.0,0.0,1.0,0.0,0.0
106.6615183,10.7647164,6738,0.0,1.0,0.0,0.0,0.0,0.0,0.0,1.0,0.0,0.0
106.6615004,10.7584107,6739,0.0,1.0,0.0,0.0,0.0,0.0,0.0,1.0,0.0,0.0
106.6577288,10.7717374,6740,0.0,1.0,0.0,0.0,0.0,0.0,0.0,1.0,0.0,0.0
106.6576115,10.7721306,6741,0.0,1.0,0.0,0.0,0.0,0.0,0.0,1.0,0.0,0.0
106.6599239,10.7638652,6742,0.0,1.0,0.0,0.0,0.0,0.0,0.0,0.0,1.0,0.0
106.6567601,10.7750652,6743,0.0,1.0,0.0,0.0,0.0,0.0,0.0,1.0,0.0,0.0
106.6563765,10.7765446,6744,0.0,1.0,0.0,0.0,0.0,0.0,0.0,1.0,0.0,0.0
106.6559855,10.7779554,6745,0.0,1.0,0.0,0.0,0.0,0.0,0.0,1.0,0.0,0.0
106.6525,10.7689694,6746,0.0,1.0,0.0,0.0,0.0,0.0,0.0,1.0,0.0,0.0
106.6522765,10.7690799,6747,0.0,1.0,0.0,0.0,0.0,0.0,0.0,1.0,0.0,0.0
106.6521345,10.7691019,6748,0.0,1.0,0.0,0.0,0.0,0.0,0.0,1.0,0.0,0.0
106.6520244,10.7688425,6749,0.0,1.0,0.0,0.0,0.0,0.0,0.0,1.0,0.0,0.0
106.6522141,10.7687619,6750,0.0,1.0,0.0,0.0,0.0,0.0,0.0,1.0,0.0,0.0
106.6523376,10.7687314,6751,0.0,1.0,0.0,0.0,0.0,0.0,0.0,1.0,0.0,0.0
106.6524972,10.7688679,6752,0.0,1.0,0.0,0.0,0.0,0.0,0.0,1.0,0.0,0.0
106.651841,10.7690384,6753,0.0,1.0,0.0,0.0,0.0,0.0,0.0,1.0,0.0,0.0
106.6518865,10.7691195,6754,0.0,1.0,0.0,0.0,0.0,0.0,0.0,1.0,0.0,0.0
106.6524368,10.7690499,6755,0.0,1.0,0.0,0.0,0.0,0.0,0.0,1.0,0.0,0.0
106.6520257,10.7691521,6756,0.0,1.0,0.0,0.0,0.0,0.0,0.0,1.0,0.0,0.0
106.6518453,10.7689449,6757,0.0,1.0,0.0,0.0,0.0,0.0,0.0,1.0,0.0,0.0
106.6522695,10.7687349,6758,0.0,1.0,0.0,0.0,0.0,0.0,0.0,1.0,0.0,0.0
106.658891,10.7679857,6759,0.0,1.0,0.0,0.0,0.0,0.0,0.0,1.0,0.0,0.0
106.659121,10.7667349,6760,0.0,1.0,0.0,0.0,0.0,0.0,0.0,1.0,0.0,0.0
106.6566757,10.7758068,6761,0.0,1.0,0.0,0.0,0.0,0.0,0.0,1.0,0.0,0.0
106.6565902,10.7757808,6762,0.0,1.0,0.0,0.0,0.0,0.0,0.0,1.0,0.0,0.0
106.6570836,10.7743505,6763,0.0,1.0,0.0,0.0,0.0,0.0,0.0,1.0,0.0,0.0
106.6738445,10.7575965,6764,0.0,1.0,0.0,0.0,0.0,0.0,0.0,1.0,0.0,0.0
106.6710127,10.7542686,6765,0.0,1.0,0.0,0.0,0.0,0.0,0.0,1.0,0.0,0.0
106.6741653,10.7574828,6766,0.0,1.0,0.0,0.0,0.0,0.0,0.0,1.0,0.0,0.0
106.674132,10.7574203,6767,0.0,1.0,0.0,0.0,0.0,0.0,0.0,1.0,0.0,0.0
106.6739943,10.7575749,6768,0.0,1.0,0.0,0.0,0.0,0.0,0.0,1.0,0.0,0.0
106.6741657,10.7575068,6769,0.0,1.0,0.0,0.0,0.0,0.0,0.0,1.0,0.0,0.0
106.6739573,10.757501,6770,0.0,1.0,0.0,0.0,0.0,0.0,0.0,1.0,0.0,0.0
106.6710047,10.7698384,6771,0.0,1.0,0.0,0.0,0.0,0.0,0.0,1.0,0.0,0.0
106.6678666,10.7682117,6772,0.0,1.0,0.0,0.0,0.0,0.0,0.0,1.0,0.0,0.0
106.6677962,10.7681682,6773,0.0,1.0,0.0,0.0,0.0,0.0,0.0,1.0,0.0,0.0
106.6615514,10.7646288,6774,0.0,1.0,0.0,0.0,0.0,0.0,0.0,1.0,0.0,0.0
106.6671026,10.7674468,6775,0.0,1.0,0.0,0.0,0.0,0.0,0.0,1.0,0.0,0.0
106.6656006,10.7667954,6776,0.0,1.0,0.0,0.0,0.0,0.0,0.0,1.0,0.0,0.0
106.6652854,10.7667623,6777,0.0,1.0,0.0,0.0,0.0,0.0,0.0,1.0,0.0,0.0
106.6666044,10.7674947,6778,0.0,1.0,0.0,0.0,0.0,0.0,0.0,1.0,0.0,0.0
106.668223,10.7683963,6779,0.0,1.0,0.0,0.0,0.0,0.0,0.0,1.0,0.0,0.0
106.6670725,10.7675961,6780,0.0,1.0,0.0,0.0,0.0,0.0,0.0,0.0,1.0,0.0
106.6679949,10.7681015,6781,0.0,1.0,0.0,0.0,0.0,0.0,0.0,1.0,0.0,0.0
106.6682185,10.7682159,6782,0.0,1.0,0.0,0.0,0.0,0.0,0.0,1.0,0.0,0.0
106.6666303,10.7675139,6783,0.0,1.0,0.0,0.0,0.0,0.0,0.0,1.0,0.0,0.0
106.6667965,10.767686,6784,0.0,1.0,0.0,0.0,0.0,0.0,0.0,1.0,0.0,0.0
106.6667502,10.7675953,6785,0.0,1.0,0.0,0.0,0.0,0.0,0.0,1.0,0.0,0.0
106.6699663,10.7692844,6786,0.0,1.0,0.0,0.0,0.0,0.0,0.0,1.0,0.0,0.0
106.6700305,10.7692937,6787,0.0,1.0,0.0,0.0,0.0,0.0,0.0,1.0,0.0,0.0
106.6700729,10.769243,6788,0.0,1.0,0.0,0.0,0.0,0.0,0.0,1.0,0.0,0.0
106.6665142,10.7674299,6789,0.0,1.0,0.0,0.0,0.0,0.0,0.0,1.0,0.0,0.0
106.6696513,10.7567343,6790,0.0,1.0,0.0,0.0,0.0,0.0,0.0,1.0,0.0,0.0
106.6693447,10.752252,6791,0.0,1.0,0.0,0.0,0.0,0.0,0.0,1.0,0.0,0.0
106.6695017,10.7522326,6792,0.0,1.0,0.0,0.0,0.0,0.0,0.0,1.0,0.0,0.0
106.669393,10.752246,6793,0.0,1.0,0.0,0.0,0.0,0.0,0.0,1.0,0.0,0.0
106.6690982,10.7482559,6794,0.0,1.0,0.0,0.0,0.0,0.0,0.0,1.0,0.0,0.0
106.6690524,10.7478825,6795,0.0,1.0,0.0,0.0,0.0,0.0,0.0,1.0,0.0,0.0
106.6693689,10.7522871,6796,0.0,1.0,0.0,0.0,0.0,0.0,0.0,1.0,0.0,0.0
106.6693916,10.7526239,6797,0.0,1.0,0.0,0.0,0.0,0.0,0.0,1.0,0.0,0.0
106.6694499,10.7526979,6798,0.0,1.0,0.0,0.0,0.0,0.0,0.0,1.0,0.0,0.0
106.6708177,10.7541562,6799,0.0,1.0,0.0,0.0,0.0,0.0,0.0,1.0,0.0,0.0
106.6721391,10.7529566,6800,0.0,1.0,0.0,0.0,0.0,0.0,0.0,1.0,0.0,0.0
106.6719766,10.7529532,6801,0.0,1.0,0.0,0.0,0.0,0.0,0.0,1.0,0.0,0.0
106.6695379,10.7567666,6802,0.0,1.0,0.0,0.0,0.0,0.0,0.0,1.0,0.0,0.0
106.6696398,10.7567862,6803,0.0,1.0,0.0,0.0,0.0,0.0,0.0,1.0,0.0,0.0
106.6695893,10.7565241,6804,0.0,1.0,0.0,0.0,0.0,0.0,0.0,1.0,0.0,0.0
106.6696948,10.7565312,6805,0.0,1.0,0.0,0.0,0.0,0.0,0.0,1.0,0.0,0.0
106.6697498,10.7567458,6806,0.0,1.0,0.0,0.0,0.0,0.0,0.0,1.0,0.0,0.0
106.6697746,10.7566251,6807,0.0,1.0,0.0,0.0,0.0,0.0,0.0,1.0,0.0,0.0
106.6695663,10.7567203,6808,0.0,1.0,0.0,0.0,0.0,0.0,0.0,1.0,0.0,0.0
106.6696671,10.7566658,6809,0.0,1.0,0.0,0.0,0.0,0.0,0.0,1.0,0.0,0.0
106.6821246,10.833537,6810,0.0,1.0,0.0,0.0,0.0,0.0,0.0,1.0,0.0,0.0
106.6765947,10.8419538,6811,0.0,1.0,0.0,0.0,0.0,0.0,0.0,1.0,0.0,0.0
106.658324,10.8364665,6812,0.0,1.0,0.0,0.0,0.0,0.0,0.0,1.0,0.0,0.0
106.6569779,10.8425926,6813,0.0,1.0,0.0,0.0,0.0,0.0,0.0,1.0,0.0,0.0
106.6441247,10.8463002,6814,0.0,1.0,0.0,0.0,0.0,0.0,0.0,0.0,1.0,0.0
106.6683362,10.7528446,6815,0.0,1.0,0.0,0.0,0.0,0.0,0.0,1.0,0.0,0.0
106.6683833,10.7526071,6816,0.0,1.0,0.0,0.0,0.0,0.0,0.0,1.0,0.0,0.0
106.6813659,10.7554267,6817,0.0,1.0,0.0,0.0,0.0,0.0,0.0,1.0,0.0,0.0
106.6574752,10.7625302,6818,0.0,1.0,0.0,0.0,0.0,0.0,0.0,1.0,0.0,0.0
106.6570309,10.762175,6819,0.0,1.0,0.0,0.0,0.0,0.0,0.0,0.0,1.0,0.0
106.6570144,10.7622786,6820,0.0,1.0,0.0,0.0,0.0,0.0,0.0,1.0,0.0,0.0
106.6599493,10.7637744,6821,0.0,1.0,0.0,0.0,0.0,0.0,0.0,0.0,1.0,0.0
106.6453021,10.755822,6822,0.0,1.0,0.0,0.0,0.0,0.0,0.0,1.0,0.0,0.0
106.6733523,10.8443637,6823,0.0,1.0,0.0,0.0,0.0,0.0,0.0,1.0,0.0,0.0
106.6649681,10.8498212,6824,0.0,1.0,0.0,0.0,0.0,0.0,0.0,1.0,0.0,0.0
106.6569709,10.7622551,6825,0.0,1.0,0.0,0.0,0.0,0.0,0.0,0.0,1.0,0.0
106.65706,10.7623035,6826,0.0,1.0,0.0,0.0,0.0,0.0,0.0,0.0,1.0,0.0
106.6567501,10.7621373,6827,0.0,1.0,0.0,0.0,0.0,0.0,0.0,1.0,0.0,0.0
106.6922444,10.7647303,6828,0.0,1.0,0.0,0.0,0.0,0.0,0.0,0.0,1.0,0.0
106.6999404,10.7732655,6829,0.0,1.0,0.0,0.0,0.0,0.0,0.0,1.0,0.0,0.0
106.6527021,10.7897968,6830,0.0,1.0,0.0,0.0,0.0,0.0,0.0,1.0,0.0,0.0
106.6526136,10.7897761,6831,0.0,1.0,0.0,0.0,0.0,0.0,0.0,1.0,0.0,0.0
106.6525185,10.7901029,6832,0.0,1.0,0.0,0.0,0.0,0.0,0.0,1.0,0.0,0.0
106.6552552,10.780536,6833,0.0,1.0,0.0,0.0,0.0,0.0,0.0,1.0,0.0,0.0
106.6557798,10.7787511,6834,0.0,1.0,0.0,0.0,0.0,0.0,0.0,1.0,0.0,0.0
106.6558549,10.7787813,6835,0.0,1.0,0.0,0.0,0.0,0.0,0.0,1.0,0.0,0.0
106.6525466,10.7901313,6836,0.0,1.0,0.0,0.0,0.0,0.0,0.0,1.0,0.0,0.0
106.6523443,10.7901312,6837,0.0,1.0,0.0,0.0,0.0,0.0,0.0,1.0,0.0,0.0
106.6527058,10.7894845,6838,0.0,1.0,0.0,0.0,0.0,0.0,0.0,1.0,0.0,0.0
106.6526753,10.7895675,6839,0.0,1.0,0.0,0.0,0.0,0.0,0.0,1.0,0.0,0.0
106.652373,10.7902981,6840,0.0,1.0,0.0,0.0,0.0,0.0,0.0,1.0,0.0,0.0
106.6523466,10.7902723,6841,0.0,1.0,0.0,0.0,0.0,0.0,0.0,1.0,0.0,0.0
106.652371,10.7901039,6842,0.0,1.0,0.0,0.0,0.0,0.0,0.0,1.0,0.0,0.0
106.6559366,10.7785125,6843,0.0,1.0,0.0,0.0,0.0,0.0,0.0,1.0,0.0,0.0
106.6558538,10.7784871,6844,0.0,1.0,0.0,0.0,0.0,0.0,0.0,1.0,0.0,0.0
106.7131767,10.7923372,6845,0.0,1.0,0.0,0.0,0.0,0.0,0.0,1.0,0.0,0.0
106.6527407,10.7918007,6846,0.0,1.0,0.0,0.0,0.0,0.0,0.0,1.0,0.0,0.0
106.6528282,10.7920106,6847,0.0,1.0,0.0,0.0,0.0,0.0,0.0,1.0,0.0,0.0
106.6529447,10.7919749,6848,0.0,1.0,0.0,0.0,0.0,0.0,0.0,1.0,0.0,0.0
106.6524862,10.7909594,6849,0.0,1.0,0.0,0.0,0.0,0.0,0.0,1.0,0.0,0.0
106.6524049,10.790086,6850,0.0,1.0,0.0,0.0,0.0,0.0,0.0,1.0,0.0,0.0
106.652587,10.7913747,6851,0.0,1.0,0.0,0.0,0.0,0.0,0.0,1.0,0.0,0.0
106.652663,10.7913631,6852,0.0,1.0,0.0,0.0,0.0,0.0,0.0,1.0,0.0,0.0
106.6524644,10.7908391,6853,0.0,1.0,0.0,0.0,0.0,0.0,0.0,1.0,0.0,0.0
106.6525467,10.7908196,6854,0.0,1.0,0.0,0.0,0.0,0.0,0.0,1.0,0.0,0.0
106.6524181,10.7905474,6855,0.0,1.0,0.0,0.0,0.0,0.0,0.0,1.0,0.0,0.0
106.6516988,10.7862517,6856,0.0,1.0,0.0,0.0,0.0,0.0,0.0,1.0,0.0,0.0
106.6522962,10.7864133,6857,0.0,1.0,0.0,0.0,0.0,0.0,0.0,1.0,0.0,0.0
106.6567259,10.7846446,6858,0.0,1.0,0.0,0.0,0.0,0.0,0.0,1.0,0.0,0.0
106.657746,10.7883571,6859,0.0,1.0,0.0,0.0,0.0,0.0,0.0,1.0,0.0,0.0
106.6729799,10.7572599,6860,0.0,1.0,0.0,0.0,0.0,0.0,0.0,1.0,0.0,0.0
106.6964949,10.7691267,6861,0.0,1.0,0.0,0.0,0.0,0.0,0.0,1.0,0.0,0.0
106.6938749,10.7741359,6862,0.0,1.0,0.0,0.0,0.0,0.0,0.0,1.0,0.0,0.0
106.6783292,10.7838888,6863,0.0,1.0,0.0,0.0,0.0,0.0,0.0,1.0,0.0,0.0
106.6315637,10.8736196,6864,0.0,1.0,0.0,0.0,0.0,0.0,0.0,1.0,0.0,0.0
106.6737333,10.771263,6865,0.0,1.0,0.0,0.0,0.0,0.0,0.0,1.0,0.0,0.0
106.6816405,10.77757,6866,0.0,1.0,0.0,0.0,0.0,0.0,0.0,1.0,0.0,0.0
106.6817915,10.7776169,6867,0.0,1.0,0.0,0.0,0.0,0.0,0.0,1.0,0.0,0.0
106.681394,10.777956,6868,0.0,1.0,0.0,0.0,0.0,0.0,0.0,1.0,0.0,0.0
106.681636,10.7781043,6869,0.0,1.0,0.0,0.0,0.0,0.0,0.0,1.0,0.0,0.0
106.6799051,10.7755472,6870,0.0,1.0,0.0,0.0,0.0,0.0,0.0,1.0,0.0,0.0
106.6743156,10.7717203,6871,0.0,1.0,0.0,0.0,0.0,0.0,0.0,1.0,0.0,0.0
106.6730236,10.7709488,6872,0.0,1.0,0.0,0.0,0.0,0.0,0.0,0.0,1.0,0.0
106.6731042,10.7708703,6873,0.0,1.0,0.0,0.0,0.0,0.0,0.0,0.0,1.0,0.0
106.6761348,10.7629541,6874,0.0,1.0,0.0,0.0,0.0,0.0,0.0,1.0,0.0,0.0
106.6665065,10.7562916,6875,0.0,1.0,0.0,0.0,0.0,0.0,0.0,1.0,0.0,0.0
106.6942711,10.7669154,6876,0.0,1.0,0.0,0.0,0.0,0.0,0.0,1.0,0.0,0.0
106.6953076,10.768095,6877,0.0,1.0,0.0,0.0,0.0,0.0,0.0,1.0,0.0,0.0
106.7000804,10.7734162,6878,0.0,1.0,0.0,0.0,0.0,0.0,0.0,1.0,0.0,0.0
106.6984806,10.7803753,6879,0.0,1.0,0.0,0.0,0.0,0.0,0.0,1.0,0.0,0.0
106.6862503,10.7744229,6880,0.0,1.0,0.0,0.0,0.0,0.0,0.0,1.0,0.0,0.0
106.695385,10.7681831,6881,0.0,1.0,0.0,0.0,0.0,0.0,0.0,1.0,0.0,0.0
106.6924028,10.7647893,6882,0.0,1.0,0.0,0.0,0.0,0.0,0.0,1.0,0.0,0.0
106.69339,10.7659128,6883,0.0,1.0,0.0,0.0,0.0,0.0,0.0,1.0,0.0,0.0
106.6995664,10.7815688,6884,0.0,1.0,0.0,0.0,0.0,0.0,0.0,1.0,0.0,0.0
106.6360117,10.782066,6885,0.0,1.0,0.0,0.0,0.0,0.0,0.0,1.0,0.0,0.0
106.6357672,10.780492,6886,0.0,1.0,0.0,0.0,0.0,0.0,0.0,1.0,0.0,0.0
106.6355469,10.7797297,6887,0.0,1.0,0.0,0.0,0.0,0.0,0.0,1.0,0.0,0.0
106.6317625,10.77046,6888,0.0,1.0,0.0,0.0,0.0,0.0,0.0,1.0,0.0,0.0
106.6471008,10.7752445,6889,0.0,1.0,0.0,0.0,0.0,0.0,0.0,1.0,0.0,0.0
106.6309653,10.7815637,6890,0.0,1.0,0.0,0.0,0.0,0.0,0.0,1.0,0.0,0.0
106.6294687,10.7820643,6891,0.0,1.0,0.0,0.0,0.0,0.0,0.0,1.0,0.0,0.0
106.6291012,10.7821724,6892,0.0,1.0,0.0,0.0,0.0,0.0,0.0,1.0,0.0,0.0
106.6285722,10.7822633,6893,0.0,1.0,0.0,0.0,0.0,0.0,0.0,1.0,0.0,0.0
106.6581017,10.7703784,6894,0.0,1.0,0.0,0.0,0.0,0.0,0.0,1.0,0.0,0.0
106.6477936,10.7750261,6895,0.0,1.0,0.0,0.0,0.0,0.0,0.0,1.0,0.0,0.0
106.6691247,10.7727132,6896,0.0,1.0,0.0,0.0,0.0,0.0,0.0,1.0,0.0,0.0
106.6589142,10.8052601,6897,0.0,1.0,0.0,0.0,0.0,0.0,0.0,1.0,0.0,0.0
106.6533788,10.7504649,6898,0.0,1.0,0.0,0.0,0.0,0.0,0.0,1.0,0.0,0.0
106.6592097,10.7667582,6899,0.0,1.0,0.0,0.0,0.0,0.0,0.0,1.0,0.0,0.0
106.6359327,10.7816168,6900,0.0,1.0,0.0,0.0,0.0,0.0,0.0,1.0,0.0,0.0
106.6617252,10.7740306,6901,0.0,1.0,0.0,0.0,0.0,0.0,0.0,1.0,0.0,0.0
106.7172994,10.7996718,6902,0.0,1.0,0.0,0.0,0.0,0.0,0.0,1.0,0.0,0.0
106.6905368,10.764692,6903,0.0,1.0,0.0,0.0,0.0,0.0,0.0,1.0,0.0,0.0
106.7055764,10.7867346,6904,0.0,1.0,0.0,0.0,0.0,0.0,0.0,1.0,0.0,0.0
106.6931635,10.7712304,6905,0.0,1.0,0.0,0.0,0.0,0.0,0.0,1.0,0.0,0.0
106.6938843,10.7712522,6906,0.0,1.0,0.0,0.0,0.0,0.0,0.0,1.0,0.0,0.0
106.6882998,10.7666253,6907,0.0,1.0,0.0,0.0,0.0,0.0,0.0,1.0,0.0,0.0
106.688327,10.7666341,6908,0.0,1.0,0.0,0.0,0.0,0.0,0.0,1.0,0.0,0.0
106.6882753,10.7667953,6909,0.0,1.0,0.0,0.0,0.0,0.0,0.0,1.0,0.0,0.0
106.6882023,10.7667328,6910,0.0,1.0,0.0,0.0,0.0,0.0,0.0,1.0,0.0,0.0
106.6882216,10.7666528,6911,0.0,1.0,0.0,0.0,0.0,0.0,0.0,1.0,0.0,0.0
106.6883339,10.7667824,6912,0.0,1.0,0.0,0.0,0.0,0.0,0.0,1.0,0.0,0.0
106.6907611,10.7642694,6913,0.0,1.0,0.0,0.0,0.0,0.0,0.0,1.0,0.0,0.0
106.6963858,10.7711253,6914,0.0,1.0,0.0,0.0,0.0,0.0,0.0,1.0,0.0,0.0
106.6603285,10.7723031,6915,0.0,1.0,0.0,0.0,0.0,0.0,0.0,1.0,0.0,0.0
106.7115689,10.8065513,6916,0.0,1.0,0.0,0.0,0.0,0.0,0.0,1.0,0.0,0.0
106.7223675,10.77458,6917,0.0,1.0,0.0,0.0,0.0,0.0,0.0,1.0,0.0,0.0
106.6648995,10.8133493,6918,0.0,1.0,0.0,0.0,0.0,0.0,0.0,1.0,0.0,0.0
106.6650353,10.8122766,6919,0.0,1.0,0.0,0.0,0.0,0.0,0.0,1.0,0.0,0.0
106.6650669,10.8130678,6920,0.0,1.0,0.0,0.0,0.0,0.0,0.0,1.0,0.0,0.0
106.6785678,10.8115478,6921,0.0,1.0,0.0,0.0,0.0,0.0,0.0,1.0,0.0,0.0
106.680918,10.8171236,6922,0.0,1.0,0.0,0.0,0.0,0.0,0.0,1.0,0.0,0.0
106.6769163,10.8122654,6923,0.0,1.0,0.0,0.0,0.0,0.0,0.0,1.0,0.0,0.0
106.6786676,10.8150054,6924,0.0,1.0,0.0,0.0,0.0,0.0,0.0,1.0,0.0,0.0
106.6787467,10.8178744,6925,0.0,1.0,0.0,0.0,0.0,0.0,0.0,1.0,0.0,0.0
106.6783997,10.8141875,6926,0.0,1.0,0.0,0.0,0.0,0.0,0.0,1.0,0.0,0.0
106.678359,10.8141042,6927,0.0,1.0,0.0,0.0,0.0,0.0,0.0,1.0,0.0,0.0
106.6790976,10.8137758,6928,0.0,1.0,0.0,0.0,0.0,0.0,0.0,1.0,0.0,0.0
106.6786806,10.8143688,6929,0.0,1.0,0.0,0.0,0.0,0.0,0.0,1.0,0.0,0.0
106.6783371,10.8139572,6930,0.0,1.0,0.0,0.0,0.0,0.0,0.0,1.0,0.0,0.0
106.678525,10.8143186,6931,0.0,1.0,0.0,0.0,0.0,0.0,0.0,1.0,0.0,0.0
106.6791362,10.813867,6932,0.0,1.0,0.0,0.0,0.0,0.0,0.0,1.0,0.0,0.0
106.6788699,10.814354,6933,0.0,1.0,0.0,0.0,0.0,0.0,0.0,1.0,0.0,0.0
106.6786569,10.8146602,6934,0.0,1.0,0.0,0.0,0.0,0.0,0.0,1.0,0.0,0.0
106.6764167,10.8117339,6935,0.0,1.0,0.0,0.0,0.0,0.0,0.0,0.0,0.0,0.0
106.6792404,10.8280378,6936,0.0,1.0,0.0,0.0,0.0,0.0,0.0,1.0,0.0,0.0
106.6777772,10.8272522,6937,0.0,1.0,0.0,0.0,0.0,0.0,0.0,1.0,0.0,0.0
106.6792949,10.8267543,6938,0.0,1.0,0.0,0.0,0.0,0.0,0.0,1.0,0.0,0.0
106.6798028,10.8265667,6939,0.0,1.0,0.0,0.0,0.0,0.0,0.0,1.0,0.0,0.0
106.6799039,10.8262184,6940,0.0,1.0,0.0,0.0,0.0,0.0,0.0,1.0,0.0,0.0
106.7224334,10.7783543,6941,0.0,1.0,0.0,0.0,0.0,0.0,0.0,1.0,0.0,0.0
106.7226291,10.7768151,6942,0.0,1.0,0.0,0.0,0.0,0.0,0.0,1.0,0.0,0.0
106.6277519,10.782512,6943,0.0,1.0,0.0,0.0,0.0,0.0,0.0,1.0,0.0,0.0
106.7005738,10.792888,6944,0.0,1.0,0.0,0.0,0.0,0.0,0.0,1.0,0.0,0.0
106.7002982,10.7928518,6945,0.0,1.0,0.0,0.0,0.0,0.0,0.0,1.0,0.0,0.0
106.6998822,10.7926119,6946,0.0,1.0,0.0,0.0,0.0,0.0,0.0,1.0,0.0,0.0
106.6968911,10.7933157,6947,0.0,1.0,0.0,0.0,0.0,0.0,0.0,1.0,0.0,0.0
106.6974606,10.7932344,6948,0.0,1.0,0.0,0.0,0.0,0.0,0.0,1.0,0.0,0.0
106.7065815,10.7748385,6949,0.0,1.0,0.0,0.0,0.0,0.0,0.0,1.0,0.0,0.0
106.6263409,10.7829618,6950,0.0,1.0,0.0,0.0,0.0,0.0,0.0,1.0,0.0,0.0
106.6249141,10.7834192,6951,0.0,1.0,0.0,0.0,0.0,0.0,0.0,1.0,0.0,0.0
106.6332492,10.7810287,6952,0.0,1.0,0.0,0.0,0.0,0.0,0.0,1.0,0.0,0.0
106.5381687,10.681555,6953,0.0,1.0,0.0,0.0,0.0,0.0,0.0,1.0,0.0,0.0
106.6934466,10.7745043,6954,0.0,1.0,0.0,0.0,0.0,0.0,0.0,1.0,0.0,0.0
106.6916681,10.7760265,6955,0.0,1.0,0.0,0.0,0.0,0.0,0.0,1.0,0.0,0.0
106.6658935,10.7910161,6956,0.0,1.0,0.0,0.0,0.0,0.0,0.0,1.0,0.0,0.0
106.7109178,10.801349,6957,0.0,1.0,0.0,0.0,0.0,0.0,0.0,1.0,0.0,0.0
106.711928,10.8014173,6958,0.0,1.0,0.0,0.0,0.0,0.0,0.0,1.0,0.0,0.0
106.7123463,10.8014107,6959,0.0,1.0,0.0,0.0,0.0,0.0,0.0,1.0,0.0,0.0
106.7110105,10.8013633,6960,0.0,1.0,0.0,0.0,0.0,0.0,0.0,1.0,0.0,0.0
106.7094146,10.8010524,6961,0.0,1.0,0.0,0.0,0.0,0.0,0.0,1.0,0.0,0.0
106.6649692,10.8105147,6962,0.0,1.0,0.0,0.0,0.0,0.0,0.0,1.0,0.0,0.0
106.6647409,10.8132019,6963,0.0,1.0,0.0,0.0,0.0,0.0,0.0,1.0,0.0,0.0
106.6652078,10.814053,6964,0.0,1.0,0.0,0.0,0.0,0.0,0.0,1.0,0.0,0.0
106.6652668,10.8144166,6965,0.0,1.0,0.0,0.0,0.0,0.0,0.0,1.0,0.0,0.0
106.6785791,10.8142203,6966,0.0,1.0,0.0,0.0,0.0,0.0,0.0,1.0,0.0,0.0
106.6787175,10.8169747,6967,0.0,1.0,0.0,0.0,0.0,0.0,0.0,1.0,0.0,0.0
106.6786944,10.8146655,6968,0.0,1.0,0.0,0.0,0.0,0.0,0.0,1.0,0.0,0.0
106.6786461,10.8144468,6969,0.0,1.0,0.0,0.0,0.0,0.0,0.0,1.0,0.0,0.0
106.6786185,10.8143542,6970,0.0,1.0,0.0,0.0,0.0,0.0,0.0,1.0,0.0,0.0
106.6800056,10.8157766,6971,0.0,1.0,0.0,0.0,0.0,0.0,0.0,1.0,0.0,0.0
106.6798577,10.8156584,6972,0.0,1.0,0.0,0.0,0.0,0.0,0.0,1.0,0.0,0.0
106.7267906,10.8665765,6973,0.0,1.0,0.0,0.0,0.0,0.0,0.0,1.0,0.0,0.0
106.73325,10.8717994,6974,0.0,1.0,0.0,0.0,0.0,0.0,0.0,1.0,0.0,0.0
106.7336083,10.8681844,6975,0.0,1.0,0.0,0.0,0.0,0.0,0.0,1.0,0.0,0.0
106.6799853,10.8263467,6976,0.0,1.0,0.0,0.0,0.0,0.0,0.0,1.0,0.0,0.0
106.6794752,10.8253045,6977,0.0,1.0,0.0,0.0,0.0,0.0,0.0,1.0,0.0,0.0
106.7869733,10.8798969,6978,0.0,1.0,0.0,0.0,0.0,0.0,0.0,1.0,0.0,0.0
106.7869072,10.8799034,6979,0.0,1.0,0.0,0.0,0.0,0.0,0.0,1.0,0.0,0.0
106.7869241,10.8799753,6980,0.0,1.0,0.0,0.0,0.0,0.0,0.0,1.0,0.0,0.0
106.7878495,10.8799243,6981,0.0,1.0,0.0,0.0,0.0,0.0,0.0,1.0,0.0,0.0
106.6602479,10.7733703,6982,0.0,1.0,0.0,0.0,0.0,0.0,0.0,1.0,0.0,0.0
106.7733146,10.8495937,6983,0.0,1.0,0.0,0.0,0.0,0.0,0.0,1.0,0.0,0.0
106.6519909,10.8432318,6984,0.0,1.0,0.0,0.0,0.0,0.0,0.0,1.0,0.0,0.0
106.6511545,10.8434449,6985,0.0,1.0,0.0,0.0,0.0,0.0,0.0,1.0,0.0,0.0
106.6484951,10.8436891,6986,0.0,1.0,0.0,0.0,0.0,0.0,0.0,1.0,0.0,0.0
106.8102982,10.8802434,6987,0.0,1.0,0.0,0.0,0.0,0.0,0.0,1.0,0.0,0.0
106.6337729,10.7232019,6988,0.0,1.0,0.0,0.0,0.0,0.0,0.0,1.0,0.0,0.0
106.6337903,10.7231437,6989,0.0,1.0,0.0,0.0,0.0,0.0,0.0,1.0,0.0,0.0
106.793314,10.8801534,6990,0.0,1.0,0.0,0.0,0.0,0.0,0.0,1.0,0.0,0.0
106.7988825,10.8791116,6991,0.0,1.0,0.0,0.0,0.0,0.0,0.0,1.0,0.0,0.0
106.6885765,10.8269605,6992,0.0,1.0,0.0,0.0,0.0,0.0,0.0,1.0,0.0,0.0
106.6914343,10.8243454,6993,0.0,1.0,0.0,0.0,0.0,0.0,0.0,1.0,0.0,0.0
106.6653108,10.8141819,6994,0.0,1.0,0.0,0.0,0.0,0.0,0.0,1.0,0.0,0.0
106.6763276,10.8150326,6995,0.0,1.0,0.0,0.0,0.0,0.0,0.0,1.0,0.0,0.0
106.6790274,10.8145897,6996,0.0,1.0,0.0,0.0,0.0,0.0,1.0,0.0,0.0,0.0
106.6790072,10.8146011,6997,0.0,1.0,0.0,0.0,0.0,0.0,0.0,1.0,0.0,0.0
106.6539275,10.7510858,6998,0.0,1.0,0.0,0.0,0.0,0.0,0.0,1.0,0.0,0.0
106.6533152,10.7510733,6999,0.0,1.0,0.0,0.0,0.0,0.0,0.0,1.0,0.0,0.0
106.577018,10.812224,7000,0.0,1.0,0.0,0.0,0.0,0.0,0.0,1.0,0.0,0.0
106.579206,10.804471,7001,0.0,1.0,0.0,0.0,0.0,0.0,0.0,1.0,0.0,0.0
106.5779904,10.8045394,7002,0.0,1.0,0.0,0.0,0.0,0.0,0.0,1.0,0.0,0.0
106.6851288,10.828407,7003,0.0,1.0,0.0,0.0,0.0,0.0,0.0,1.0,0.0,0.0
106.6854957,10.8282878,7004,0.0,1.0,0.0,0.0,0.0,0.0,0.0,1.0,0.0,0.0
106.6856924,10.8282303,7005,0.0,1.0,0.0,0.0,0.0,0.0,0.0,1.0,0.0,0.0
106.6852541,10.8283635,7006,0.0,1.0,0.0,0.0,0.0,0.0,0.0,1.0,0.0,0.0
106.6549226,10.7820115,7007,0.0,1.0,0.0,0.0,0.0,0.0,0.0,1.0,0.0,0.0
106.6548415,10.7819942,7008,0.0,1.0,0.0,0.0,0.0,0.0,0.0,1.0,0.0,0.0
106.6547322,10.7823795,7009,0.0,1.0,0.0,0.0,0.0,0.0,0.0,1.0,0.0,0.0
106.6548097,10.7824052,7010,0.0,1.0,0.0,0.0,0.0,0.0,0.0,1.0,0.0,0.0
106.6658309,10.7862527,7011,0.0,1.0,0.0,0.0,0.0,0.0,0.0,1.0,0.0,0.0
106.6654337,10.7864681,7012,0.0,1.0,0.0,0.0,0.0,0.0,0.0,1.0,0.0,0.0
106.6606114,10.7890552,7013,0.0,1.0,0.0,0.0,0.0,0.0,0.0,1.0,0.0,0.0
106.6574123,10.7907469,7014,0.0,1.0,0.0,0.0,0.0,0.0,0.0,1.0,0.0,0.0
106.6538735,10.7926289,7015,0.0,1.0,0.0,0.0,0.0,0.0,0.0,1.0,0.0,0.0
106.6720996,10.7829178,7016,0.0,1.0,0.0,0.0,0.0,0.0,0.0,1.0,0.0,0.0
106.5989558,10.7126671,7017,0.0,1.0,0.0,0.0,0.0,0.0,0.0,1.0,0.0,0.0
106.5986932,10.7102723,7018,0.0,1.0,0.0,0.0,0.0,0.0,0.0,1.0,0.0,0.0
106.5985988,10.7117174,7019,0.0,1.0,0.0,0.0,0.0,0.0,0.0,1.0,0.0,0.0
106.677104,10.7802483,7020,0.0,1.0,0.0,0.0,0.0,0.0,0.0,1.0,0.0,0.0
106.6641647,10.7911349,7021,0.0,1.0,0.0,0.0,0.0,0.0,0.0,1.0,0.0,0.0
106.6630378,10.7852307,7022,0.0,1.0,0.0,0.0,0.0,0.0,0.0,1.0,0.0,0.0
106.6624964,10.7846014,7023,0.0,1.0,0.0,0.0,0.0,0.0,0.0,1.0,0.0,0.0
106.6633132,10.7855566,7024,0.0,1.0,0.0,0.0,0.0,0.0,0.0,1.0,0.0,0.0
106.6602969,10.7822974,7025,0.0,1.0,0.0,0.0,0.0,0.0,0.0,1.0,0.0,0.0
106.6600887,10.7821012,7026,0.0,1.0,0.0,0.0,0.0,0.0,0.0,1.0,0.0,0.0
106.6608214,10.7827951,7027,0.0,1.0,0.0,0.0,0.0,0.0,0.0,1.0,0.0,0.0
106.6607221,10.7826887,7028,0.0,1.0,0.0,0.0,0.0,0.0,0.0,1.0,0.0,0.0
106.661654,10.7916133,7029,0.0,1.0,0.0,0.0,0.0,0.0,0.0,1.0,0.0,0.0
106.6820078,10.7776519,7030,0.0,1.0,0.0,0.0,0.0,0.0,0.0,1.0,0.0,0.0
106.6641842,10.7908008,7031,0.0,1.0,0.0,0.0,0.0,0.0,0.0,1.0,0.0,0.0
106.6642609,10.7907633,7032,0.0,1.0,0.0,0.0,0.0,0.0,0.0,1.0,0.0,0.0
106.665067,10.7907868,7033,0.0,1.0,0.0,0.0,0.0,0.0,0.0,1.0,0.0,0.0
106.6656548,10.7905895,7034,0.0,1.0,0.0,0.0,0.0,0.0,0.0,1.0,0.0,0.0
106.6670602,10.7856143,7035,0.0,1.0,0.0,0.0,0.0,0.0,0.0,1.0,0.0,0.0
106.6616367,10.7915741,7036,0.0,1.0,0.0,0.0,0.0,0.0,0.0,1.0,0.0,0.0
106.6619573,10.7914768,7037,0.0,1.0,0.0,0.0,0.0,0.0,0.0,0.0,1.0,0.0
106.662713,10.7879441,7038,0.0,1.0,0.0,0.0,0.0,0.0,0.0,1.0,0.0,0.0
106.6631653,10.7876974,7039,0.0,1.0,0.0,0.0,0.0,0.0,0.0,1.0,0.0,0.0
106.675078,10.8155105,7040,0.0,1.0,0.0,0.0,0.0,0.0,0.0,1.0,0.0,0.0
106.6808633,10.8251122,7041,0.0,1.0,0.0,0.0,0.0,0.0,0.0,1.0,0.0,0.0
106.6791828,10.8281752,7042,0.0,1.0,0.0,0.0,0.0,0.0,0.0,1.0,0.0,0.0
106.6622088,10.7882259,7043,0.0,1.0,0.0,0.0,0.0,0.0,0.0,1.0,0.0,0.0
106.6847312,10.7728091,7044,0.0,1.0,0.0,0.0,0.0,0.0,0.0,1.0,0.0,0.0
106.6867926,10.8278618,7045,0.0,1.0,0.0,0.0,0.0,0.0,0.0,1.0,0.0,0.0
106.6801895,10.830008,7046,0.0,1.0,0.0,0.0,0.0,0.0,0.0,1.0,0.0,0.0
106.6809928,10.8248739,7047,0.0,1.0,0.0,0.0,0.0,0.0,0.0,1.0,0.0,0.0
106.6870786,10.8247082,7048,0.0,1.0,0.0,0.0,0.0,0.0,0.0,1.0,0.0,0.0
106.688184,10.8253876,7049,0.0,1.0,0.0,0.0,0.0,0.0,0.0,1.0,0.0,0.0
106.6870881,10.8246207,7050,0.0,1.0,0.0,0.0,0.0,0.0,0.0,1.0,0.0,0.0
106.6849797,10.8252656,7051,0.0,1.0,0.0,0.0,0.0,0.0,0.0,1.0,0.0,0.0
106.6778193,10.83081,7052,0.0,1.0,0.0,0.0,0.0,0.0,0.0,1.0,0.0,0.0
106.6777619,10.8308562,7053,0.0,1.0,0.0,0.0,0.0,0.0,0.0,1.0,0.0,0.0
106.6634775,10.7875298,7054,0.0,1.0,0.0,0.0,0.0,0.0,0.0,1.0,0.0,0.0
106.6612289,10.7887222,7055,0.0,1.0,0.0,0.0,0.0,0.0,0.0,1.0,0.0,0.0
106.6615152,10.7885772,7056,0.0,1.0,0.0,0.0,0.0,0.0,0.0,1.0,0.0,0.0
106.6605593,10.7830381,7057,0.0,1.0,0.0,0.0,0.0,0.0,0.0,1.0,0.0,0.0
106.6607256,10.7829775,7058,0.0,1.0,0.0,0.0,0.0,0.0,0.0,1.0,0.0,0.0
106.6608999,10.7828728,7059,0.0,1.0,0.0,0.0,0.0,0.0,0.0,1.0,0.0,0.0
106.6690199,10.8339664,7060,0.0,1.0,0.0,0.0,0.0,0.0,0.0,1.0,0.0,0.0
106.6663715,10.8331989,7061,0.0,1.0,0.0,0.0,0.0,0.0,0.0,1.0,0.0,0.0
106.6802023,10.7825708,7062,0.0,1.0,0.0,0.0,0.0,0.0,0.0,1.0,0.0,0.0
106.7546949,10.8510143,7063,0.0,1.0,0.0,0.0,0.0,0.0,0.0,1.0,0.0,0.0
106.7224011,10.7752512,7064,0.0,1.0,0.0,0.0,0.0,0.0,0.0,1.0,0.0,0.0
106.7225701,10.7777491,7065,0.0,1.0,0.0,0.0,0.0,0.0,0.0,1.0,0.0,0.0
106.7226103,10.777454,7066,0.0,1.0,0.0,0.0,0.0,0.0,0.0,1.0,0.0,0.0
106.7225414,10.7779745,7067,0.0,1.0,0.0,0.0,0.0,0.0,0.0,1.0,0.0,0.0
106.7223309,10.7785564,7068,0.0,1.0,0.0,0.0,0.0,0.0,0.0,1.0,0.0,0.0
106.6755908,10.7810495,7069,0.0,1.0,0.0,0.0,0.0,0.0,0.0,1.0,0.0,0.0
106.7730945,10.8474042,7070,0.0,1.0,0.0,0.0,0.0,0.0,0.0,1.0,0.0,0.0
106.651735,10.7627214,7071,0.0,1.0,0.0,0.0,0.0,0.0,0.0,1.0,0.0,0.0
106.6525266,10.7636236,7072,0.0,1.0,0.0,0.0,0.0,0.0,0.0,1.0,0.0,0.0
106.6531594,10.7642379,7073,0.0,1.0,0.0,0.0,0.0,0.0,0.0,1.0,0.0,0.0
106.6529296,10.7640903,7074,0.0,1.0,0.0,0.0,0.0,0.0,0.0,1.0,0.0,0.0
106.6516322,10.7627267,7075,0.0,1.0,0.0,0.0,0.0,0.0,0.0,1.0,0.0,0.0
106.6481431,10.76442,7076,0.0,1.0,0.0,0.0,0.0,0.0,0.0,1.0,0.0,0.0
106.6321118,10.7794826,7077,0.0,1.0,0.0,0.0,0.0,0.0,0.0,1.0,0.0,0.0
106.6551501,10.7648499,7078,0.0,1.0,0.0,0.0,0.0,0.0,0.0,1.0,0.0,0.0
106.6525358,10.7626269,7079,0.0,1.0,0.0,0.0,0.0,0.0,0.0,1.0,0.0,0.0
106.6528348,10.7625882,7080,0.0,1.0,0.0,0.0,0.0,0.0,0.0,1.0,0.0,0.0
106.6530337,10.7625691,7081,0.0,1.0,0.0,0.0,0.0,0.0,0.0,1.0,0.0,0.0
106.6533535,10.7625348,7082,0.0,1.0,0.0,0.0,0.0,0.0,0.0,1.0,0.0,0.0
106.6519895,10.7595594,7083,0.0,1.0,0.0,0.0,0.0,0.0,0.0,1.0,0.0,0.0
106.6520103,10.7626911,7084,0.0,1.0,0.0,0.0,0.0,0.0,0.0,1.0,0.0,0.0
106.6527289,10.7609412,7085,0.0,1.0,0.0,0.0,0.0,0.0,0.0,1.0,0.0,0.0
106.6523437,10.7597548,7086,0.0,1.0,0.0,0.0,0.0,0.0,0.0,1.0,0.0,0.0
106.6518602,10.7627074,7087,0.0,1.0,0.0,0.0,0.0,0.0,0.0,1.0,0.0,0.0
106.6439971,10.7587375,7088,0.0,1.0,0.0,0.0,0.0,0.0,0.0,1.0,0.0,0.0
106.6651296,10.7776106,7089,0.0,1.0,0.0,0.0,0.0,0.0,0.0,1.0,0.0,0.0
106.6457779,10.7561876,7090,0.0,1.0,0.0,0.0,0.0,0.0,0.0,1.0,0.0,0.0
106.64214,10.762578,7091,0.0,1.0,0.0,0.0,0.0,0.0,0.0,1.0,0.0,0.0
106.6587118,10.790056,7092,0.0,1.0,0.0,0.0,0.0,0.0,0.0,1.0,0.0,0.0
106.6589529,10.789929,7093,0.0,1.0,0.0,0.0,0.0,0.0,0.0,1.0,0.0,0.0
106.6596506,10.7895614,7094,0.0,1.0,0.0,0.0,0.0,0.0,0.0,1.0,0.0,0.0
106.6602247,10.7892589,7095,0.0,1.0,0.0,0.0,0.0,0.0,0.0,1.0,0.0,0.0
106.6521669,10.7596549,7096,0.0,1.0,0.0,0.0,0.0,0.0,0.0,1.0,0.0,0.0
106.6542158,10.7655534,7097,0.0,1.0,0.0,0.0,0.0,0.0,0.0,1.0,0.0,0.0
106.6561765,10.7622248,7098,0.0,1.0,0.0,0.0,0.0,0.0,0.0,1.0,0.0,0.0
106.6443909,10.7583594,7099,0.0,1.0,0.0,0.0,0.0,0.0,0.0,1.0,0.0,0.0
106.6446464,10.7583415,7100,0.0,1.0,0.0,0.0,0.0,0.0,0.0,1.0,0.0,0.0
106.6449203,10.7583223,7101,0.0,1.0,0.0,0.0,0.0,0.0,0.0,1.0,0.0,0.0
106.6451822,10.7583039,7102,0.0,1.0,0.0,0.0,0.0,0.0,0.0,1.0,0.0,0.0
106.6454601,10.7582844,7103,0.0,1.0,0.0,0.0,0.0,0.0,0.0,1.0,0.0,0.0
106.6441363,10.7594999,7104,0.0,1.0,0.0,0.0,0.0,0.0,0.0,1.0,0.0,0.0
106.6437896,10.7662865,7105,0.0,1.0,0.0,0.0,0.0,0.0,0.0,1.0,0.0,0.0
106.6584211,10.758315,7106,0.0,1.0,0.0,0.0,0.0,0.0,0.0,1.0,0.0,0.0
106.6571078,10.758013,7107,0.0,1.0,0.0,0.0,0.0,0.0,0.0,1.0,0.0,0.0
106.6535295,10.7582575,7108,0.0,1.0,0.0,0.0,0.0,0.0,0.0,1.0,0.0,0.0
106.6551864,10.7623262,7109,0.0,1.0,0.0,0.0,0.0,0.0,0.0,1.0,0.0,0.0
106.655339,10.7613722,7110,0.0,1.0,0.0,0.0,0.0,0.0,0.0,1.0,0.0,0.0
106.65559,10.7622847,7111,0.0,1.0,0.0,0.0,0.0,0.0,0.0,1.0,0.0,0.0
106.6526317,10.7610669,7112,0.0,1.0,0.0,0.0,0.0,0.0,0.0,1.0,0.0,0.0
106.6524241,10.7613549,7113,0.0,1.0,0.0,0.0,0.0,0.0,0.0,1.0,0.0,0.0
106.6338474,10.7696669,7114,0.0,1.0,0.0,0.0,0.0,0.0,0.0,1.0,0.0,0.0
106.6371095,10.7827339,7115,0.0,1.0,0.0,0.0,0.0,0.0,0.0,1.0,0.0,0.0
106.6438131,10.7635748,7116,0.0,1.0,0.0,0.0,0.0,0.0,0.0,1.0,0.0,0.0
106.6433415,10.7632817,7117,0.0,1.0,0.0,0.0,0.0,0.0,0.0,1.0,0.0,0.0
106.644814,10.7633723,7118,0.0,1.0,0.0,0.0,0.0,0.0,0.0,1.0,0.0,0.0
106.6421387,10.762543,7119,0.0,1.0,0.0,0.0,0.0,0.0,0.0,1.0,0.0,0.0
106.6447728,10.7631092,7120,0.0,1.0,0.0,0.0,0.0,0.0,0.0,1.0,0.0,0.0
106.642118,10.761987,7121,0.0,1.0,0.0,0.0,0.0,0.0,0.0,1.0,0.0,0.0
106.6421288,10.7622712,7122,0.0,1.0,0.0,0.0,0.0,0.0,0.0,1.0,0.0,0.0
106.6421148,10.7617534,7123,0.0,1.0,0.0,0.0,0.0,0.0,0.0,1.0,0.0,0.0
106.6422014,10.765029,7124,0.0,1.0,0.0,0.0,0.0,0.0,0.0,1.0,0.0,0.0
106.6340741,10.7696102,7125,0.0,1.0,0.0,0.0,0.0,0.0,0.0,1.0,0.0,0.0
106.640584,10.7674792,7126,0.0,1.0,0.0,0.0,0.0,0.0,0.0,1.0,0.0,0.0
106.6416161,10.7670247,7127,0.0,1.0,0.0,0.0,0.0,0.0,0.0,1.0,0.0,0.0
106.6343204,10.7695487,7128,0.0,1.0,0.0,0.0,0.0,0.0,0.0,1.0,0.0,0.0
106.6841947,10.7782262,7129,0.0,1.0,0.0,0.0,0.0,0.0,0.0,1.0,0.0,0.0
106.6430795,10.8296072,7130,0.0,1.0,0.0,0.0,0.0,0.0,0.0,1.0,0.0,0.0
106.6431022,10.8296033,7131,0.0,1.0,0.0,0.0,0.0,0.0,0.0,1.0,0.0,0.0
106.6406596,10.8233234,7132,0.0,1.0,0.0,0.0,0.0,0.0,0.0,1.0,0.0,0.0
106.6441651,10.8320875,7133,0.0,1.0,0.0,0.0,0.0,0.0,0.0,1.0,0.0,0.0
106.6439103,10.8311326,7134,0.0,1.0,0.0,0.0,0.0,0.0,0.0,1.0,0.0,0.0
106.6441358,10.8321672,7135,0.0,1.0,0.0,0.0,0.0,0.0,0.0,1.0,0.0,0.0
106.6574275,10.7727919,7136,0.0,1.0,0.0,0.0,0.0,0.0,0.0,1.0,0.0,0.0
106.6572476,10.7734584,7137,0.0,1.0,0.0,0.0,0.0,0.0,0.0,1.0,0.0,0.0
106.6570857,10.7739949,7138,0.0,1.0,0.0,0.0,0.0,0.0,0.0,1.0,0.0,0.0
106.6524567,10.7686874,7139,0.0,1.0,0.0,0.0,0.0,0.0,0.0,1.0,0.0,0.0
106.6526662,10.7684867,7140,0.0,1.0,0.0,0.0,0.0,0.0,0.0,1.0,0.0,0.0
106.6527838,10.7683258,7141,0.0,1.0,0.0,0.0,0.0,0.0,0.0,1.0,0.0,0.0
106.6529411,10.7680755,7142,0.0,1.0,0.0,0.0,0.0,0.0,0.0,1.0,0.0,0.0
106.6535649,10.7644853,7143,0.0,1.0,0.0,0.0,0.0,0.0,0.0,1.0,0.0,0.0
106.6472539,10.7581586,7144,0.0,1.0,0.0,0.0,0.0,0.0,0.0,1.0,0.0,0.0
106.6450887,10.7583105,7145,0.0,1.0,0.0,0.0,0.0,0.0,0.0,1.0,0.0,0.0
106.6438654,10.758053,7146,0.0,1.0,0.0,0.0,0.0,0.0,0.0,1.0,0.0,0.0
106.6438175,10.7577867,7147,0.0,1.0,0.0,0.0,0.0,0.0,0.0,1.0,0.0,0.0
106.6434518,10.7584253,7148,0.0,1.0,0.0,0.0,0.0,0.0,0.0,1.0,0.0,0.0
106.6431328,10.7584477,7149,0.0,1.0,0.0,0.0,0.0,0.0,0.0,1.0,0.0,0.0
106.6428475,10.7584677,7150,0.0,1.0,0.0,0.0,0.0,0.0,0.0,1.0,0.0,0.0
106.6561005,10.7591573,7151,0.0,1.0,0.0,0.0,0.0,0.0,0.0,1.0,0.0,0.0
106.6564364,10.7592304,7152,0.0,1.0,0.0,0.0,0.0,0.0,0.0,1.0,0.0,0.0
106.6462188,10.7651572,7153,0.0,1.0,0.0,0.0,0.0,0.0,0.0,1.0,0.0,0.0
106.6457018,10.7648145,7154,0.0,1.0,0.0,0.0,0.0,0.0,0.0,1.0,0.0,0.0
106.6450135,10.7643723,7155,0.0,1.0,0.0,0.0,0.0,0.0,0.0,1.0,0.0,0.0
106.6442894,10.7602952,7156,0.0,1.0,0.0,0.0,0.0,0.0,0.0,1.0,0.0,0.0
106.6421596,10.763693,7157,0.0,1.0,0.0,0.0,0.0,0.0,0.0,1.0,0.0,0.0
106.6418669,10.7597915,7158,0.0,1.0,0.0,0.0,0.0,0.0,0.0,1.0,0.0,0.0
106.6344957,10.7807927,7159,0.0,1.0,0.0,0.0,0.0,0.0,0.0,1.0,0.0,0.0
106.6798526,10.8260016,7160,0.0,1.0,0.0,0.0,0.0,0.0,0.0,1.0,0.0,0.0
106.679377,10.825026,7161,0.0,1.0,0.0,0.0,0.0,0.0,0.0,1.0,0.0,0.0
106.6792141,10.8245333,7162,0.0,1.0,0.0,0.0,0.0,0.0,0.0,1.0,0.0,0.0
106.7731994,10.8493702,7163,0.0,1.0,0.0,0.0,0.0,0.0,0.0,1.0,0.0,0.0
106.7571898,10.8137186,7164,0.0,1.0,0.0,0.0,0.0,0.0,0.0,1.0,0.0,0.0
106.768961,10.8401846,7165,0.0,1.0,0.0,0.0,0.0,0.0,0.0,1.0,0.0,0.0
106.7701026,10.8421328,7166,0.0,1.0,0.0,0.0,0.0,0.0,0.0,1.0,0.0,0.0
106.7706587,10.8431635,7167,0.0,1.0,0.0,0.0,0.0,0.0,0.0,1.0,0.0,0.0
106.7721128,10.845786,7168,0.0,1.0,0.0,0.0,0.0,0.0,0.0,1.0,0.0,0.0
106.7720186,10.8456033,7169,0.0,1.0,0.0,0.0,0.0,0.0,0.0,1.0,0.0,0.0
106.7857862,10.8564375,7170,0.0,1.0,0.0,0.0,0.0,0.0,0.0,1.0,0.0,0.0
106.7931962,10.8608496,7171,0.0,1.0,0.0,0.0,0.0,0.0,0.0,1.0,0.0,0.0
106.788085,10.8578137,7172,0.0,1.0,0.0,0.0,0.0,0.0,0.0,1.0,0.0,0.0
106.7879296,10.8577215,7173,0.0,1.0,0.0,0.0,0.0,0.0,0.0,1.0,0.0,0.0
106.7862296,10.8567012,7174,0.0,1.0,0.0,0.0,0.0,0.0,0.0,1.0,0.0,0.0
106.7849851,10.855961,7175,0.0,1.0,0.0,0.0,0.0,0.0,0.0,1.0,0.0,0.0
106.7828849,10.8546716,7176,0.0,1.0,0.0,0.0,0.0,0.0,0.0,1.0,0.0,0.0
106.7818488,10.8540753,7177,0.0,1.0,0.0,0.0,0.0,0.0,0.0,1.0,0.0,0.0
106.7810744,10.8536218,7178,0.0,1.0,0.0,0.0,0.0,0.0,0.0,1.0,0.0,0.0
106.7797762,10.8528447,7179,0.0,1.0,0.0,0.0,0.0,0.0,0.0,1.0,0.0,0.0
106.7782903,10.8519623,7180,0.0,1.0,0.0,0.0,0.0,0.0,0.0,1.0,0.0,0.0
106.7765254,10.8508954,7181,0.0,1.0,0.0,0.0,0.0,0.0,0.0,1.0,0.0,0.0
106.7763242,10.8507584,7182,0.0,1.0,0.0,0.0,0.0,0.0,0.0,1.0,0.0,0.0
106.7760748,10.8505819,7183,0.0,1.0,0.0,0.0,0.0,0.0,0.0,1.0,0.0,0.0
106.775836,10.8504147,7184,0.0,1.0,0.0,0.0,0.0,0.0,0.0,1.0,0.0,0.0
106.7755705,10.8502115,7185,0.0,1.0,0.0,0.0,0.0,0.0,0.0,1.0,0.0,0.0
106.7747404,10.8494413,7186,0.0,1.0,0.0,0.0,0.0,0.0,0.0,1.0,0.0,0.0
106.7742039,10.8488622,7187,0.0,1.0,0.0,0.0,0.0,0.0,0.0,1.0,0.0,0.0
106.7735251,10.8481951,7188,0.0,1.0,0.0,0.0,0.0,0.0,0.0,1.0,0.0,0.0
106.7737091,10.848298,7189,0.0,1.0,0.0,0.0,0.0,0.0,0.0,1.0,0.0,0.0
106.7734838,10.8480175,7190,0.0,1.0,0.0,0.0,0.0,0.0,0.0,1.0,0.0,0.0
106.7733054,10.8477712,7191,0.0,1.0,0.0,0.0,0.0,0.0,0.0,1.0,0.0,0.0
106.7730734,10.8473918,7192,0.0,1.0,0.0,0.0,0.0,0.0,0.0,1.0,0.0,0.0
106.772368,10.8462169,7193,0.0,1.0,0.0,0.0,0.0,0.0,0.0,1.0,0.0,0.0
106.7713916,10.844502,7194,0.0,1.0,0.0,0.0,0.0,0.0,0.0,1.0,0.0,0.0
106.7710724,10.8438777,7195,0.0,1.0,0.0,0.0,0.0,0.0,0.0,1.0,0.0,0.0
106.7705937,10.843036,7196,0.0,1.0,0.0,0.0,0.0,0.0,0.0,1.0,0.0,0.0
106.769986,10.841933,7197,0.0,1.0,0.0,0.0,0.0,0.0,0.0,1.0,0.0,0.0
106.7694899,10.8411367,7198,0.0,1.0,0.0,0.0,0.0,0.0,0.0,1.0,0.0,0.0
106.768291,10.8389857,7199,0.0,1.0,0.0,0.0,0.0,0.0,0.0,1.0,0.0,0.0
106.767481,10.8375394,7200,0.0,1.0,0.0,0.0,0.0,0.0,0.0,1.0,0.0,0.0
106.7667863,10.836321,7201,0.0,1.0,0.0,0.0,0.0,0.0,0.0,1.0,0.0,0.0
106.7664188,10.8356651,7202,0.0,1.0,0.0,0.0,0.0,0.0,0.0,1.0,0.0,0.0
106.7662187,10.835264,7203,0.0,1.0,0.0,0.0,0.0,0.0,0.0,1.0,0.0,0.0
106.7658958,10.8347694,7204,0.0,1.0,0.0,0.0,0.0,0.0,0.0,1.0,0.0,0.0
106.7656316,10.8342452,7205,0.0,1.0,0.0,0.0,0.0,0.0,0.0,1.0,0.0,0.0
106.7655739,10.8340963,7206,0.0,1.0,0.0,0.0,0.0,0.0,0.0,1.0,0.0,0.0
106.7654734,10.8338342,7207,0.0,1.0,0.0,0.0,0.0,0.0,0.0,1.0,0.0,0.0
106.7627988,10.828577,7208,0.0,1.0,0.0,0.0,0.0,0.0,0.0,1.0,0.0,0.0
106.7742556,10.850278,7209,0.0,1.0,0.0,0.0,0.0,0.0,0.0,1.0,0.0,0.0
106.7824778,10.8554813,7210,0.0,1.0,0.0,0.0,0.0,0.0,0.0,1.0,0.0,0.0
106.7747393,10.8506743,7211,0.0,1.0,0.0,0.0,0.0,0.0,0.0,1.0,0.0,0.0
106.7798985,10.8539314,7212,0.0,1.0,0.0,0.0,0.0,0.0,0.0,1.0,0.0,0.0
106.7741809,10.8502362,7213,0.0,1.0,0.0,0.0,0.0,0.0,0.0,1.0,0.0,0.0
106.7839058,10.8563105,7214,0.0,1.0,0.0,0.0,0.0,0.0,0.0,1.0,0.0,0.0
106.77453,10.8504704,7215,0.0,1.0,0.0,0.0,0.0,0.0,0.0,1.0,0.0,0.0
106.7805833,10.8543487,7216,0.0,1.0,0.0,0.0,0.0,0.0,0.0,1.0,0.0,0.0
106.7743729,10.8503432,7217,0.0,1.0,0.0,0.0,0.0,0.0,0.0,1.0,0.0,0.0
106.7813057,10.8547906,7218,0.0,1.0,0.0,0.0,0.0,0.0,0.0,1.0,0.0,0.0
106.775909,10.8514951,7219,0.0,1.0,0.0,0.0,0.0,0.0,0.0,1.0,0.0,0.0
106.728414,10.8649833,7220,0.0,1.0,0.0,0.0,0.0,0.0,0.0,1.0,0.0,0.0
106.7285029,10.8648292,7221,0.0,1.0,0.0,0.0,0.0,0.0,0.0,1.0,0.0,0.0
106.665846,10.8139499,7222,0.0,1.0,0.0,0.0,0.0,0.0,0.0,1.0,0.0,0.0
106.6729644,10.8150788,7223,0.0,1.0,0.0,0.0,0.0,0.0,0.0,1.0,0.0,0.0
106.6792365,10.8244382,7224,0.0,1.0,0.0,0.0,0.0,0.0,0.0,1.0,0.0,0.0
106.6787442,10.8143736,7225,0.0,1.0,0.0,0.0,0.0,0.0,0.0,1.0,0.0,0.0
106.6805912,10.8166789,7226,0.0,1.0,0.0,0.0,0.0,0.0,0.0,1.0,0.0,0.0
106.6717039,10.7999007,7227,0.0,1.0,0.0,0.0,0.0,0.0,0.0,1.0,0.0,0.0
106.6694409,10.8000865,7228,0.0,1.0,0.0,0.0,0.0,0.0,0.0,1.0,0.0,0.0
106.6732208,10.8080556,7229,0.0,1.0,0.0,0.0,0.0,0.0,0.0,1.0,0.0,0.0
106.6677059,10.8002581,7230,0.0,1.0,0.0,0.0,0.0,0.0,0.0,1.0,0.0,0.0
106.6734042,10.8081446,7231,0.0,1.0,0.0,0.0,0.0,0.0,0.0,1.0,0.0,0.0
106.7540098,10.8617344,7232,0.0,1.0,0.0,0.0,0.0,0.0,0.0,1.0,0.0,0.0
106.7525437,10.8600372,7233,0.0,1.0,0.0,0.0,0.0,0.0,0.0,1.0,0.0,0.0
106.6682665,10.8342409,7234,0.0,1.0,0.0,0.0,0.0,0.0,0.0,1.0,0.0,0.0
106.6820873,10.852303,7235,0.0,1.0,0.0,0.0,0.0,0.0,0.0,1.0,0.0,0.0
106.6844919,10.8478451,7236,0.0,1.0,0.0,0.0,0.0,0.0,0.0,1.0,0.0,0.0
106.6896101,10.8441455,7237,0.0,1.0,0.0,0.0,0.0,0.0,0.0,1.0,0.0,0.0
106.689748,10.8435226,7238,0.0,1.0,0.0,0.0,0.0,0.0,0.0,1.0,0.0,0.0
106.689588,10.842553,7239,0.0,1.0,0.0,0.0,0.0,0.0,0.0,1.0,0.0,0.0
106.6907462,10.8370549,7240,0.0,1.0,0.0,0.0,0.0,0.0,0.0,1.0,0.0,0.0
106.6910165,10.8366161,7241,0.0,1.0,0.0,0.0,0.0,0.0,0.0,1.0,0.0,0.0
106.6911654,10.8362857,7242,0.0,1.0,0.0,0.0,0.0,0.0,0.0,1.0,0.0,0.0
106.6912205,10.8359065,7243,0.0,1.0,0.0,0.0,0.0,0.0,0.0,1.0,0.0,0.0
106.6912812,10.8357169,7244,0.0,1.0,0.0,0.0,0.0,0.0,0.0,1.0,0.0,0.0
106.6914577,10.8354298,7245,0.0,1.0,0.0,0.0,0.0,0.0,0.0,1.0,0.0,0.0
106.6916397,10.834471,7246,0.0,1.0,0.0,0.0,0.0,0.0,0.0,1.0,0.0,0.0
106.6918051,10.8339564,7247,0.0,1.0,0.0,0.0,0.0,0.0,0.0,1.0,0.0,0.0
106.6918405,10.833537,7248,0.0,1.0,0.0,0.0,0.0,0.0,0.0,1.0,0.0,0.0
106.7690482,10.8815826,7249,0.0,1.0,0.0,0.0,0.0,0.0,0.0,1.0,0.0,0.0
106.6017747,10.819436,7250,0.0,1.0,0.0,0.0,0.0,0.0,0.0,1.0,0.0,0.0
106.6069625,10.8225362,7251,0.0,1.0,0.0,0.0,0.0,0.0,0.0,1.0,0.0,0.0
106.6081946,10.8215115,7252,0.0,1.0,0.0,0.0,0.0,0.0,0.0,1.0,0.0,0.0
106.6106438,10.8197262,7253,0.0,1.0,0.0,0.0,0.0,0.0,0.0,1.0,0.0,0.0
106.6122901,10.8181034,7254,0.0,1.0,0.0,0.0,0.0,0.0,0.0,1.0,0.0,0.0
106.6093504,10.820669,7255,0.0,1.0,0.0,0.0,0.0,0.0,0.0,1.0,0.0,0.0
106.6029789,10.8249576,7256,0.0,1.0,0.0,0.0,0.0,0.0,0.0,1.0,0.0,0.0
106.5782624,10.6925557,7257,0.0,1.0,0.0,0.0,0.0,0.0,0.0,1.0,0.0,0.0
106.7280139,10.8668373,7258,0.0,1.0,0.0,0.0,0.0,0.0,0.0,1.0,0.0,0.0
106.7163141,10.8403118,7259,0.0,1.0,0.0,0.0,0.0,0.0,0.0,1.0,0.0,0.0
106.7057848,10.8435122,7260,0.0,1.0,0.0,0.0,0.0,0.0,0.0,1.0,0.0,0.0
106.7163952,10.8404194,7261,0.0,1.0,0.0,0.0,0.0,0.0,0.0,1.0,0.0,0.0
106.6412071,10.7719898,7262,0.0,1.0,0.0,0.0,0.0,0.0,0.0,1.0,0.0,0.0
106.6417153,10.7716283,7263,0.0,1.0,0.0,0.0,0.0,0.0,0.0,1.0,0.0,0.0
106.6503793,10.7711517,7264,0.0,1.0,0.0,0.0,0.0,0.0,0.0,1.0,0.0,0.0
106.64882,10.7735205,7265,0.0,1.0,0.0,0.0,0.0,0.0,0.0,1.0,0.0,0.0
106.6648951,10.8126648,7266,0.0,1.0,0.0,0.0,0.0,0.0,0.0,1.0,0.0,0.0
106.6650242,10.812529,7267,0.0,1.0,0.0,0.0,0.0,0.0,0.0,1.0,0.0,0.0
106.6855754,10.7925479,7268,0.0,1.0,0.0,0.0,0.0,0.0,0.0,1.0,0.0,0.0
106.6857977,10.7926023,7269,0.0,1.0,0.0,0.0,0.0,0.0,0.0,1.0,0.0,0.0
106.6419306,10.758532,7270,0.0,1.0,0.0,0.0,0.0,0.0,0.0,1.0,0.0,0.0
106.6711261,10.8386343,7271,0.0,1.0,0.0,0.0,0.0,0.0,0.0,1.0,0.0,0.0
106.6193962,10.7994476,7272,0.0,1.0,0.0,0.0,0.0,0.0,0.0,1.0,0.0,0.0
106.5989822,10.7832538,7273,0.0,1.0,0.0,0.0,0.0,0.0,0.0,1.0,0.0,0.0
106.6038545,10.7763767,7274,0.0,1.0,0.0,0.0,0.0,0.0,0.0,1.0,0.0,0.0
106.6041789,10.7763711,7275,0.0,1.0,0.0,0.0,0.0,0.0,0.0,1.0,0.0,0.0
106.6028052,10.7763962,7276,0.0,1.0,0.0,0.0,0.0,0.0,0.0,1.0,0.0,0.0
106.6093332,10.7762952,7277,0.0,1.0,0.0,0.0,0.0,0.0,0.0,1.0,0.0,0.0
106.6070682,10.7763402,7278,0.0,1.0,0.0,0.0,0.0,0.0,0.0,1.0,0.0,0.0
106.6075833,10.7763239,7279,0.0,1.0,0.0,0.0,0.0,0.0,0.0,1.0,0.0,0.0
106.6079802,10.7763106,7280,0.0,1.0,0.0,0.0,0.0,0.0,0.0,1.0,0.0,0.0
106.6084478,10.7763051,7281,0.0,1.0,0.0,0.0,0.0,0.0,0.0,1.0,0.0,0.0
106.6087456,10.7763027,7282,0.0,1.0,0.0,0.0,0.0,0.0,0.0,1.0,0.0,0.0
106.6099465,10.7762822,7283,0.0,1.0,0.0,0.0,0.0,0.0,0.0,1.0,0.0,0.0
106.6103957,10.7762725,7284,0.0,1.0,0.0,0.0,0.0,0.0,0.0,1.0,0.0,0.0
106.6033091,10.7763847,7285,0.0,1.0,0.0,0.0,0.0,0.0,0.0,1.0,0.0,0.0
106.6035751,10.7763822,7286,0.0,1.0,0.0,0.0,0.0,0.0,0.0,1.0,0.0,0.0
106.6029859,10.7763915,7287,0.0,1.0,0.0,0.0,0.0,0.0,0.0,1.0,0.0,0.0
106.6062121,10.7763231,7288,0.0,1.0,0.0,0.0,0.0,0.0,0.0,1.0,0.0,0.0
106.6046758,10.7763592,7289,0.0,1.0,0.0,0.0,0.0,0.0,0.0,1.0,0.0,0.0
106.7229301,10.7786804,7290,0.0,1.0,0.0,0.0,0.0,0.0,0.0,1.0,0.0,0.0
106.6703755,10.7882846,7291,0.0,1.0,0.0,0.0,0.0,0.0,0.0,1.0,0.0,0.0
106.6409409,10.8240167,7292,0.0,1.0,0.0,0.0,0.0,0.0,0.0,1.0,0.0,0.0
106.6567851,10.8288694,7293,0.0,1.0,0.0,0.0,0.0,0.0,0.0,1.0,0.0,0.0
106.6411555,10.8247737,7294,0.0,1.0,0.0,0.0,0.0,0.0,0.0,1.0,0.0,0.0
106.6412646,10.8248067,7295,0.0,1.0,0.0,0.0,0.0,0.0,0.0,1.0,0.0,0.0
106.6419463,10.8264885,7296,0.0,1.0,0.0,0.0,0.0,0.0,0.0,1.0,0.0,0.0
106.6425038,10.8278018,7297,0.0,1.0,0.0,0.0,0.0,0.0,0.0,1.0,0.0,0.0
106.6425929,10.8280171,7298,0.0,1.0,0.0,0.0,0.0,0.0,0.0,1.0,0.0,0.0
106.6683774,10.7928914,7299,0.0,1.0,0.0,0.0,0.0,0.0,0.0,1.0,0.0,0.0
106.6440099,10.8519309,7300,0.0,1.0,0.0,0.0,0.0,0.0,0.0,1.0,0.0,0.0
106.7598726,10.8505703,7301,0.0,1.0,0.0,0.0,0.0,0.0,0.0,1.0,0.0,0.0
106.7617558,10.8504725,7302,0.0,1.0,0.0,0.0,0.0,0.0,0.0,1.0,0.0,0.0
106.7619426,10.8504684,7303,0.0,1.0,0.0,0.0,0.0,0.0,0.0,1.0,0.0,0.0
106.6626441,10.8404913,7304,0.0,1.0,0.0,0.0,0.0,0.0,0.0,1.0,0.0,0.0
106.6950867,10.86592,7305,0.0,1.0,0.0,0.0,0.0,0.0,0.0,1.0,0.0,0.0
106.6941172,10.8643469,7306,0.0,1.0,0.0,0.0,0.0,0.0,0.0,1.0,0.0,0.0
106.6963632,10.855919,7307,0.0,1.0,0.0,0.0,0.0,0.0,0.0,1.0,0.0,0.0
106.6962824,10.8552466,7308,0.0,1.0,0.0,0.0,0.0,0.0,0.0,1.0,0.0,0.0
106.6962324,10.8548386,7309,0.0,1.0,0.0,0.0,0.0,0.0,0.0,1.0,0.0,0.0
106.6961593,10.85451,7310,0.0,1.0,0.0,0.0,0.0,0.0,0.0,1.0,0.0,0.0
106.6961555,10.8542645,7311,0.0,1.0,0.0,0.0,0.0,0.0,0.0,1.0,0.0,0.0
106.6962747,10.8537772,7312,0.0,1.0,0.0,0.0,0.0,0.0,0.0,1.0,0.0,0.0
106.6964516,10.8534637,7313,0.0,1.0,0.0,0.0,0.0,0.0,0.0,1.0,0.0,0.0
106.6965901,10.8530671,7314,0.0,1.0,0.0,0.0,0.0,0.0,0.0,1.0,0.0,0.0
106.6967132,10.8527271,7315,0.0,1.0,0.0,0.0,0.0,0.0,0.0,1.0,0.0,0.0
106.6972362,10.8523154,7316,0.0,1.0,0.0,0.0,0.0,0.0,0.0,1.0,0.0,0.0
106.697367,10.8521265,7317,0.0,1.0,0.0,0.0,0.0,0.0,0.0,1.0,0.0,0.0
106.6980055,10.8519678,7318,0.0,1.0,0.0,0.0,0.0,0.0,0.0,1.0,0.0,0.0
106.6985745,10.8518423,7319,0.0,1.0,0.0,0.0,0.0,0.0,0.0,1.0,0.0,0.0
106.6968323,10.8489713,7320,0.0,1.0,0.0,0.0,0.0,0.0,0.0,1.0,0.0,0.0
106.6962201,10.8474364,7321,0.0,1.0,0.0,0.0,0.0,0.0,0.0,1.0,0.0,0.0
106.6929761,10.8480979,7322,0.0,1.0,0.0,0.0,0.0,0.0,0.0,1.0,0.0,0.0
106.6930654,10.8468291,7323,0.0,1.0,0.0,0.0,0.0,0.0,0.0,1.0,0.0,0.0
106.6922671,10.8516235,7324,0.0,1.0,0.0,0.0,0.0,0.0,0.0,1.0,0.0,0.0
106.6879648,10.8522821,7325,0.0,1.0,0.0,0.0,0.0,0.0,0.0,1.0,0.0,0.0
106.6874499,10.8519344,7326,0.0,1.0,0.0,0.0,0.0,0.0,0.0,1.0,0.0,0.0
106.6860176,10.8495109,7327,0.0,1.0,0.0,0.0,0.0,0.0,0.0,1.0,0.0,0.0
106.6855133,10.8488628,7328,0.0,1.0,0.0,0.0,0.0,0.0,0.0,1.0,0.0,0.0
106.6851432,10.8485151,7329,0.0,1.0,0.0,0.0,0.0,0.0,0.0,1.0,0.0,0.0
106.6913666,10.8519273,7330,0.0,1.0,0.0,0.0,0.0,0.0,0.0,1.0,0.0,0.0
106.6878874,10.8525789,7331,0.0,1.0,0.0,0.0,0.0,0.0,0.0,1.0,0.0,0.0
106.6874451,10.8521558,7332,0.0,1.0,0.0,0.0,0.0,0.0,0.0,1.0,0.0,0.0
106.686899,10.8517327,7333,0.0,1.0,0.0,0.0,0.0,0.0,0.0,1.0,0.0,0.0
106.6866028,10.8511095,7334,0.0,1.0,0.0,0.0,0.0,0.0,0.0,1.0,0.0,0.0
106.6851567,10.8488241,7335,0.0,1.0,0.0,0.0,0.0,0.0,0.0,1.0,0.0,0.0
106.6848105,10.8486579,7336,0.0,1.0,0.0,0.0,0.0,0.0,0.0,1.0,0.0,0.0
106.6845721,10.8483633,7337,0.0,1.0,0.0,0.0,0.0,0.0,0.0,1.0,0.0,0.0
106.6843958,10.8478957,7338,0.0,1.0,0.0,0.0,0.0,0.0,0.0,1.0,0.0,0.0
106.6214393,10.8118365,7339,0.0,1.0,0.0,0.0,0.0,0.0,0.0,1.0,0.0,0.0
106.6202871,10.8105943,7340,0.0,1.0,0.0,0.0,0.0,0.0,0.0,1.0,0.0,0.0
106.6190596,10.8013922,7341,0.0,1.0,0.0,0.0,0.0,0.0,0.0,1.0,0.0,0.0
106.6402106,10.7849057,7342,0.0,1.0,0.0,0.0,0.0,0.0,0.0,1.0,0.0,0.0
106.6533648,10.7598662,7343,0.0,1.0,0.0,0.0,0.0,0.0,0.0,1.0,0.0,0.0
106.6799482,10.7756196,7344,0.0,1.0,0.0,0.0,0.0,0.0,0.0,1.0,0.0,0.0
106.6313252,10.7880016,7345,0.0,1.0,0.0,0.0,0.0,0.0,0.0,1.0,0.0,0.0
106.6494391,10.7725824,7346,0.0,1.0,0.0,0.0,0.0,0.0,0.0,1.0,0.0,0.0
106.6512207,10.7699295,7347,0.0,1.0,0.0,0.0,0.0,0.0,0.0,1.0,0.0,0.0
106.6583642,10.7603492,7348,0.0,1.0,0.0,0.0,0.0,0.0,0.0,1.0,0.0,0.0
106.6538638,10.7604616,7349,0.0,1.0,0.0,0.0,0.0,0.0,0.0,1.0,0.0,0.0
106.653399,10.7595324,7350,0.0,1.0,0.0,0.0,0.0,0.0,0.0,1.0,0.0,0.0
106.653414,10.759386,7351,0.0,1.0,0.0,0.0,0.0,0.0,0.0,1.0,0.0,0.0
106.6534558,10.758977,7352,0.0,1.0,0.0,0.0,0.0,0.0,0.0,1.0,0.0,0.0
106.6532907,10.7602645,7353,0.0,1.0,0.0,0.0,0.0,0.0,0.0,0.0,1.0,0.0
106.6533333,10.7601739,7354,0.0,1.0,0.0,0.0,0.0,0.0,0.0,0.0,1.0,0.0
106.6531146,10.7600441,7355,0.0,1.0,0.0,0.0,0.0,0.0,0.0,1.0,0.0,0.0
106.657034,10.7618693,7356,0.0,1.0,0.0,0.0,0.0,0.0,0.0,1.0,0.0,0.0
106.6570388,10.7614108,7357,0.0,1.0,0.0,0.0,0.0,0.0,0.0,1.0,0.0,0.0
106.657041,10.7611896,7358,0.0,1.0,0.0,0.0,0.0,0.0,0.0,1.0,0.0,0.0
106.6570449,10.7608179,7359,0.0,1.0,0.0,0.0,0.0,0.0,0.0,1.0,0.0,0.0
106.653639,10.7571874,7360,0.0,1.0,0.0,0.0,0.0,0.0,0.0,1.0,0.0,0.0
106.6663232,10.7524387,7361,0.0,1.0,0.0,0.0,0.0,0.0,0.0,1.0,0.0,0.0
106.6646409,10.7510333,7362,0.0,1.0,0.0,0.0,0.0,0.0,0.0,1.0,0.0,0.0
106.6668928,10.7540725,7363,0.0,1.0,0.0,0.0,0.0,0.0,0.0,1.0,0.0,0.0
106.633682,10.7359829,7364,0.0,1.0,0.0,0.0,0.0,0.0,0.0,1.0,0.0,0.0
106.6337889,10.7357509,7365,0.0,1.0,0.0,0.0,0.0,0.0,0.0,1.0,0.0,0.0
106.6188643,10.7744881,7366,0.0,1.0,0.0,0.0,0.0,0.0,0.0,1.0,0.0,0.0
106.6176222,10.7748915,7367,0.0,1.0,0.0,0.0,0.0,0.0,0.0,1.0,0.0,0.0
106.6185333,10.7745948,7368,0.0,1.0,0.0,0.0,0.0,0.0,0.0,1.0,0.0,0.0
106.5444885,10.6828162,7369,0.0,1.0,0.0,0.0,0.0,0.0,0.0,1.0,0.0,0.0
106.5725739,10.708894,7370,0.0,1.0,0.0,0.0,0.0,0.0,0.0,1.0,0.0,0.0
106.5725888,10.7087587,7371,0.0,1.0,0.0,0.0,0.0,0.0,0.0,1.0,0.0,0.0
106.6557087,10.7622747,7372,0.0,1.0,0.0,0.0,0.0,0.0,0.0,1.0,0.0,0.0
106.6536456,10.7604565,7373,0.0,1.0,0.0,0.0,0.0,0.0,0.0,1.0,0.0,0.0
106.6533898,10.7596219,7374,0.0,1.0,0.0,0.0,0.0,0.0,0.0,1.0,0.0,0.0
106.6534288,10.7592412,7375,0.0,1.0,0.0,0.0,0.0,0.0,0.0,1.0,0.0,0.0
106.6534702,10.7588367,7376,0.0,1.0,0.0,0.0,0.0,0.0,0.0,1.0,0.0,0.0
106.6519091,10.7582453,7377,0.0,1.0,0.0,0.0,0.0,0.0,0.0,1.0,0.0,0.0
106.6512576,10.75783,7378,0.0,1.0,0.0,0.0,0.0,0.0,0.0,1.0,0.0,0.0
106.6512311,10.7576029,7379,0.0,1.0,0.0,0.0,0.0,0.0,0.0,1.0,0.0,0.0
106.6493288,10.7536265,7380,0.0,1.0,0.0,0.0,0.0,0.0,0.0,1.0,0.0,0.0
106.6050773,10.7265851,7381,0.0,1.0,0.0,0.0,0.0,0.0,0.0,1.0,0.0,0.0
106.6218931,10.8057713,7382,0.0,1.0,0.0,0.0,0.0,0.0,0.0,1.0,0.0,0.0
106.6314175,10.7791146,7383,0.0,1.0,0.0,0.0,0.0,0.0,0.0,1.0,0.0,0.0
106.6322571,10.7795433,7384,0.0,1.0,0.0,0.0,0.0,0.0,0.0,1.0,0.0,0.0
106.6965593,10.8026708,7385,0.0,1.0,0.0,0.0,0.0,0.0,0.0,1.0,0.0,0.0
106.6958978,10.802754,7386,0.0,1.0,0.0,0.0,0.0,0.0,0.0,0.0,0.0,0.0
106.6980117,10.8025162,7387,0.0,1.0,0.0,0.0,0.0,0.0,0.0,1.0,0.0,0.0
106.6981566,10.8025504,7388,0.0,1.0,0.0,0.0,0.0,0.0,0.0,1.0,0.0,0.0
106.6965436,10.8025532,7389,0.0,1.0,0.0,0.0,0.0,0.0,0.0,1.0,0.0,0.0
106.6969619,10.8025048,7390,0.0,1.0,0.0,0.0,0.0,0.0,0.0,1.0,0.0,0.0
106.648008,10.7663146,7391,0.0,1.0,0.0,0.0,0.0,0.0,0.0,1.0,0.0,0.0
106.649723,10.7674739,7392,0.0,1.0,0.0,0.0,0.0,0.0,0.0,1.0,0.0,0.0
106.6490289,10.7670059,7393,0.0,1.0,0.0,0.0,0.0,0.0,0.0,1.0,0.0,0.0
106.6380461,10.775341,7394,0.0,1.0,0.0,0.0,0.0,0.0,0.0,1.0,0.0,0.0
106.6388173,10.7766674,7395,0.0,1.0,0.0,0.0,0.0,0.0,0.0,1.0,0.0,0.0
106.6392778,10.7774888,7396,0.0,1.0,0.0,0.0,0.0,0.0,0.0,1.0,0.0,0.0
106.6393985,10.7776862,7397,0.0,1.0,0.0,0.0,0.0,0.0,0.0,1.0,0.0,0.0
106.6397826,10.7782935,7398,0.0,1.0,0.0,0.0,0.0,0.0,0.0,1.0,0.0,0.0
106.6380791,10.7798471,7399,0.0,1.0,0.0,0.0,0.0,0.0,0.0,1.0,0.0,0.0
106.6372702,10.78011,7400,0.0,1.0,0.0,0.0,0.0,0.0,0.0,1.0,0.0,0.0
106.6353005,10.7695756,7401,0.0,1.0,0.0,0.0,0.0,0.0,0.0,1.0,0.0,0.0
106.6475045,10.7647649,7402,0.0,1.0,0.0,0.0,0.0,0.0,0.0,1.0,0.0,0.0
106.6481718,10.7580942,7403,0.0,1.0,0.0,0.0,0.0,0.0,0.0,1.0,0.0,0.0
106.6482993,10.7575536,7404,0.0,1.0,0.0,0.0,0.0,0.0,0.0,1.0,0.0,0.0
106.6479352,10.7581128,7405,0.0,1.0,0.0,0.0,0.0,0.0,0.0,1.0,0.0,0.0
106.6480754,10.7574269,7406,0.0,1.0,0.0,0.0,0.0,0.0,0.0,1.0,0.0,0.0
106.6724452,10.7678155,7407,0.0,1.0,0.0,0.0,0.0,0.0,0.0,1.0,0.0,0.0
106.6736101,10.7697047,7408,0.0,1.0,0.0,0.0,0.0,0.0,0.0,1.0,0.0,0.0
106.6752191,10.768833,7409,0.0,1.0,0.0,0.0,0.0,0.0,0.0,1.0,0.0,0.0
106.6038334,10.7259802,7410,0.0,1.0,0.0,0.0,0.0,0.0,0.0,1.0,0.0,0.0
106.6036757,10.7763812,7411,0.0,1.0,0.0,0.0,0.0,0.0,0.0,1.0,0.0,0.0
106.6002437,10.7787293,7412,0.0,1.0,0.0,0.0,0.0,0.0,0.0,1.0,0.0,0.0
106.5996935,10.7796339,7413,0.0,1.0,0.0,0.0,0.0,0.0,0.0,1.0,0.0,0.0
106.5996877,10.7807662,7414,0.0,1.0,0.0,0.0,0.0,0.0,0.0,1.0,0.0,0.0
106.5996029,10.7811018,7415,0.0,1.0,0.0,0.0,0.0,0.0,0.0,1.0,0.0,0.0
106.5989412,10.7834104,7416,0.0,1.0,0.0,0.0,0.0,0.0,0.0,1.0,0.0,0.0
106.599963,10.8235872,7417,0.0,1.0,0.0,0.0,0.0,0.0,0.0,1.0,0.0,0.0
106.7561963,10.8104823,7418,0.0,1.0,0.0,0.0,0.0,0.0,0.0,1.0,0.0,0.0
106.6094729,10.7297319,7419,0.0,1.0,0.0,0.0,0.0,0.0,0.0,1.0,0.0,0.0
106.6044259,10.818044,7420,0.0,1.0,0.0,0.0,0.0,0.0,0.0,1.0,0.0,0.0
106.5799157,10.6928972,7421,0.0,1.0,0.0,0.0,0.0,0.0,0.0,1.0,0.0,0.0
106.5802906,10.6929789,7422,0.0,1.0,0.0,0.0,0.0,0.0,0.0,1.0,0.0,0.0
106.6501005,10.7633695,7423,0.0,1.0,0.0,0.0,0.0,0.0,0.0,1.0,0.0,0.0
106.649955,10.7634476,7424,0.0,1.0,0.0,0.0,0.0,0.0,0.0,1.0,0.0,0.0
106.5384069,10.7447939,7425,0.0,1.0,0.0,0.0,0.0,0.0,0.0,1.0,0.0,0.0
106.5379239,10.7450433,7426,0.0,1.0,0.0,0.0,0.0,0.0,0.0,1.0,0.0,0.0
106.6705553,10.7678154,7427,0.0,1.0,0.0,0.0,0.0,0.0,0.0,1.0,0.0,0.0
106.6193129,10.8464181,7428,0.0,1.0,0.0,0.0,0.0,0.0,0.0,1.0,0.0,0.0
106.6172094,10.8620452,7429,0.0,1.0,0.0,0.0,0.0,0.0,0.0,1.0,0.0,0.0
106.6321565,10.8732224,7430,0.0,1.0,0.0,0.0,0.0,0.0,0.0,1.0,0.0,0.0
106.6605799,10.7618653,7431,0.0,1.0,0.0,0.0,0.0,0.0,0.0,1.0,0.0,0.0
106.6606448,10.7616332,7432,0.0,1.0,0.0,0.0,0.0,0.0,0.0,1.0,0.0,0.0
106.6597042,10.7646507,7433,0.0,1.0,0.0,0.0,0.0,0.0,0.0,1.0,0.0,0.0
106.6563444,10.7706491,7434,0.0,1.0,0.0,0.0,0.0,0.0,0.0,1.0,0.0,0.0
106.6572944,10.7705044,7435,0.0,1.0,0.0,0.0,0.0,0.0,0.0,1.0,0.0,0.0
106.6411882,10.8663966,7436,0.0,1.0,0.0,0.0,0.0,0.0,0.0,1.0,0.0,0.0
106.6436154,10.7571924,7437,0.0,1.0,0.0,0.0,0.0,0.0,0.0,1.0,0.0,0.0
106.6437252,10.7578515,7438,0.0,1.0,0.0,0.0,0.0,0.0,0.0,1.0,0.0,0.0
106.6438344,10.7583985,7439,0.0,1.0,0.0,0.0,0.0,0.0,0.0,1.0,0.0,0.0
106.6438937,10.7587438,7440,0.0,1.0,0.0,0.0,0.0,0.0,0.0,1.0,0.0,0.0
106.643935,10.7589457,7441,0.0,1.0,0.0,0.0,0.0,0.0,0.0,1.0,0.0,0.0
106.6441193,10.7599641,7442,0.0,1.0,0.0,0.0,0.0,0.0,0.0,1.0,0.0,0.0
106.6441838,10.7603147,7443,0.0,1.0,0.0,0.0,0.0,0.0,0.0,1.0,0.0,0.0
106.6442585,10.760664,7444,0.0,1.0,0.0,0.0,0.0,0.0,0.0,1.0,0.0,0.0
106.6443586,10.7611863,7445,0.0,1.0,0.0,0.0,0.0,0.0,0.0,1.0,0.0,0.0
106.6446208,10.7627057,7446,0.0,1.0,0.0,0.0,0.0,0.0,0.0,1.0,0.0,0.0
106.6446819,10.7631033,7447,0.0,1.0,0.0,0.0,0.0,0.0,0.0,1.0,0.0,0.0
106.6447321,10.7633933,7448,0.0,1.0,0.0,0.0,0.0,0.0,0.0,1.0,0.0,0.0
106.644859,10.7641588,7449,0.0,1.0,0.0,0.0,0.0,0.0,0.0,1.0,0.0,0.0
106.6448847,10.7642869,7450,0.0,1.0,0.0,0.0,0.0,0.0,0.0,1.0,0.0,0.0
106.6446877,10.7641658,7451,0.0,1.0,0.0,0.0,0.0,0.0,0.0,1.0,0.0,0.0
106.6448486,10.7641012,7452,0.0,1.0,0.0,0.0,0.0,0.0,0.0,1.0,0.0,0.0
106.6445646,10.7618644,7453,0.0,1.0,0.0,0.0,0.0,0.0,0.0,1.0,0.0,0.0
106.6444788,10.7618932,7454,0.0,1.0,0.0,0.0,0.0,0.0,0.0,1.0,0.0,0.0
106.6485728,10.7641894,7455,0.0,1.0,0.0,0.0,0.0,0.0,0.0,1.0,0.0,0.0
106.6082145,10.7520876,7456,0.0,1.0,0.0,0.0,0.0,0.0,0.0,1.0,0.0,0.0
106.6751703,10.7656128,7457,0.0,1.0,0.0,0.0,0.0,0.0,0.0,1.0,0.0,0.0
106.6751188,10.7657784,7458,0.0,1.0,0.0,0.0,0.0,0.0,0.0,1.0,0.0,0.0
106.6750179,10.766045,7459,0.0,1.0,0.0,0.0,0.0,0.0,0.0,1.0,0.0,0.0
106.6748425,10.7665423,7460,0.0,1.0,0.0,0.0,0.0,0.0,0.0,1.0,0.0,0.0
106.6749228,10.7663147,7461,0.0,1.0,0.0,0.0,0.0,0.0,0.0,1.0,0.0,0.0
106.6747336,10.7668509,7462,0.0,1.0,0.0,0.0,0.0,0.0,0.0,1.0,0.0,0.0
106.6753647,10.7649925,7463,0.0,1.0,0.0,0.0,0.0,0.0,0.0,1.0,0.0,0.0
106.6757634,10.7639146,7464,0.0,1.0,0.0,0.0,0.0,0.0,0.0,1.0,0.0,0.0
106.6759556,10.7634108,7465,0.0,1.0,0.0,0.0,0.0,0.0,0.0,1.0,0.0,0.0
106.6744465,10.7641824,7466,0.0,1.0,0.0,0.0,0.0,0.0,0.0,1.0,0.0,0.0
106.6756979,10.7640921,7467,0.0,1.0,0.0,0.0,0.0,0.0,0.0,1.0,0.0,0.0
106.6755729,10.7644256,7468,0.0,1.0,0.0,0.0,0.0,0.0,0.0,1.0,0.0,0.0
106.6745381,10.7637391,7469,0.0,1.0,0.0,0.0,0.0,0.0,0.0,1.0,0.0,0.0
106.6745813,10.7635408,7470,0.0,1.0,0.0,0.0,0.0,0.0,0.0,1.0,0.0,0.0
106.6758602,10.7636541,7471,0.0,1.0,0.0,0.0,0.0,0.0,0.0,1.0,0.0,0.0
106.6746238,10.7633139,7472,0.0,1.0,0.0,0.0,0.0,0.0,0.0,1.0,0.0,0.0
106.6760188,10.7632497,7473,0.0,1.0,0.0,0.0,0.0,0.0,0.0,1.0,0.0,0.0
106.6761666,10.7628754,7474,0.0,1.0,0.0,0.0,0.0,0.0,0.0,1.0,0.0,0.0
106.6749226,10.7619524,7475,0.0,1.0,0.0,0.0,0.0,0.0,0.0,1.0,0.0,0.0
106.6747445,10.7627708,7476,0.0,1.0,0.0,0.0,0.0,0.0,0.0,1.0,0.0,0.0
106.6757511,10.7639478,7477,0.0,1.0,0.0,0.0,0.0,0.0,0.0,1.0,0.0,0.0
106.6745539,10.7636631,7478,0.0,1.0,0.0,0.0,0.0,0.0,0.0,1.0,0.0,0.0
106.6744663,10.7640605,7479,0.0,1.0,0.0,0.0,0.0,0.0,0.0,1.0,0.0,0.0
106.6744243,10.7642869,7480,0.0,1.0,0.0,0.0,0.0,0.0,0.0,1.0,0.0,0.0
106.6745036,10.763893,7481,0.0,1.0,0.0,0.0,0.0,0.0,0.0,1.0,0.0,0.0
106.6748655,10.7622348,7482,0.0,1.0,0.0,0.0,0.0,0.0,0.0,1.0,0.0,0.0
106.6745889,10.7634849,7483,0.0,1.0,0.0,0.0,0.0,0.0,0.0,1.0,0.0,0.0
106.6723308,10.764366,7484,0.0,1.0,0.0,0.0,0.0,0.0,0.0,1.0,0.0,0.0
106.6730038,10.7657615,7485,0.0,1.0,0.0,0.0,0.0,0.0,0.0,1.0,0.0,0.0
106.6733159,10.766178,7486,0.0,1.0,0.0,0.0,0.0,0.0,0.0,1.0,0.0,0.0
106.6741131,10.7656913,7487,0.0,1.0,0.0,0.0,0.0,0.0,0.0,1.0,0.0,0.0
106.673962,10.7664111,7488,0.0,1.0,0.0,0.0,0.0,0.0,0.0,1.0,0.0,0.0
106.6739081,10.7669743,7489,0.0,1.0,0.0,0.0,0.0,0.0,0.0,1.0,0.0,0.0
106.6702758,10.7618189,7490,0.0,1.0,0.0,0.0,0.0,0.0,0.0,1.0,0.0,0.0
106.6695783,10.7608106,7491,0.0,1.0,0.0,0.0,0.0,0.0,0.0,1.0,0.0,0.0
106.6717887,10.7640654,7492,0.0,1.0,0.0,0.0,0.0,0.0,0.0,1.0,0.0,0.0
106.6716918,10.7639203,7493,0.0,1.0,0.0,0.0,0.0,0.0,0.0,1.0,0.0,0.0
106.6713405,10.7633941,7494,0.0,1.0,0.0,0.0,0.0,0.0,0.0,1.0,0.0,0.0
106.6711817,10.7631562,7495,0.0,1.0,0.0,0.0,0.0,0.0,0.0,1.0,0.0,0.0
106.6710235,10.7629193,7496,0.0,1.0,0.0,0.0,0.0,0.0,0.0,1.0,0.0,0.0
106.6683856,10.7622838,7497,0.0,1.0,0.0,0.0,0.0,0.0,0.0,1.0,0.0,0.0
106.6684223,10.7621196,7498,0.0,1.0,0.0,0.0,0.0,0.0,0.0,1.0,0.0,0.0
106.670086,10.7615444,7499,0.0,1.0,0.0,0.0,0.0,0.0,0.0,1.0,0.0,0.0
106.6696765,10.7609525,7500,0.0,1.0,0.0,0.0,0.0,0.0,0.0,1.0,0.0,0.0
106.6692436,10.7603268,7501,0.0,1.0,0.0,0.0,0.0,0.0,0.0,1.0,0.0,0.0
106.6682509,10.7628879,7502,0.0,1.0,0.0,0.0,0.0,0.0,0.0,1.0,0.0,0.0
106.6678877,10.7645152,7503,0.0,1.0,0.0,0.0,0.0,0.0,0.0,1.0,0.0,0.0
106.6677899,10.7649533,7504,0.0,1.0,0.0,0.0,0.0,0.0,0.0,1.0,0.0,0.0
106.6677274,10.7652338,7505,0.0,1.0,0.0,0.0,0.0,0.0,0.0,1.0,0.0,0.0
106.6676485,10.7655876,7506,0.0,1.0,0.0,0.0,0.0,0.0,0.0,1.0,0.0,0.0
106.6584113,10.7696092,7507,0.0,1.0,0.0,0.0,0.0,0.0,0.0,1.0,0.0,0.0
106.659626,10.7652912,7508,0.0,1.0,0.0,0.0,0.0,0.0,0.0,1.0,0.0,0.0
106.6595662,10.765485,7509,0.0,1.0,0.0,0.0,0.0,0.0,0.0,1.0,0.0,0.0
106.6714413,10.7635451,7510,0.0,1.0,0.0,0.0,0.0,0.0,0.0,1.0,0.0,0.0
106.6713981,10.7634804,7511,0.0,1.0,0.0,0.0,0.0,0.0,0.0,1.0,0.0,0.0
106.6684746,10.7614123,7512,0.0,1.0,0.0,0.0,0.0,0.0,0.0,1.0,0.0,0.0
106.6682491,10.7624043,7513,0.0,1.0,0.0,0.0,0.0,0.0,0.0,1.0,0.0,0.0
106.6686881,10.7604734,7514,0.0,1.0,0.0,0.0,0.0,0.0,0.0,1.0,0.0,0.0
106.663705,10.7657778,7515,0.0,1.0,0.0,0.0,0.0,0.0,0.0,1.0,0.0,0.0
106.6651327,10.7591789,7516,0.0,1.0,0.0,0.0,0.0,0.0,0.0,1.0,0.0,0.0
106.6649439,10.7591329,7517,0.0,1.0,0.0,0.0,0.0,0.0,0.0,1.0,0.0,0.0
106.664783,10.7591005,7518,0.0,1.0,0.0,0.0,0.0,0.0,0.0,1.0,0.0,0.0
106.6622079,10.7585732,7519,0.0,1.0,0.0,0.0,0.0,0.0,0.0,1.0,0.0,0.0
106.6619617,10.7585183,7520,0.0,1.0,0.0,0.0,0.0,0.0,0.0,1.0,0.0,0.0
106.66062,10.7617219,7521,0.0,1.0,0.0,0.0,0.0,0.0,0.0,1.0,0.0,0.0
106.6606807,10.7615053,7522,0.0,1.0,0.0,0.0,0.0,0.0,0.0,1.0,0.0,0.0
106.6612412,10.7644634,7523,0.0,1.0,0.0,0.0,0.0,0.0,0.0,1.0,0.0,0.0
106.6610625,10.764368,7524,0.0,1.0,0.0,0.0,0.0,0.0,0.0,1.0,0.0,0.0
106.6605677,10.7641047,7525,0.0,1.0,0.0,0.0,0.0,0.0,0.0,1.0,0.0,0.0
106.6603306,10.7639789,7526,0.0,1.0,0.0,0.0,0.0,0.0,0.0,1.0,0.0,0.0
106.6676089,10.7652068,7527,0.0,1.0,0.0,0.0,0.0,0.0,0.0,1.0,0.0,0.0
106.6678225,10.7642807,7528,0.0,1.0,0.0,0.0,0.0,0.0,0.0,1.0,0.0,0.0
106.6721289,10.7652341,7529,0.0,1.0,0.0,0.0,0.0,0.0,0.0,1.0,0.0,0.0
106.6720255,10.7656661,7530,0.0,1.0,0.0,0.0,0.0,0.0,0.0,1.0,0.0,0.0
106.6718841,10.7662563,7531,0.0,1.0,0.0,0.0,0.0,0.0,0.0,1.0,0.0,0.0
106.6734508,10.766358,7532,0.0,1.0,0.0,0.0,0.0,0.0,0.0,1.0,0.0,0.0
106.6730782,10.7658608,7533,0.0,1.0,0.0,0.0,0.0,0.0,0.0,1.0,0.0,0.0
106.6720146,10.7657114,7534,0.0,1.0,0.0,0.0,0.0,0.0,0.0,1.0,0.0,0.0
106.6718677,10.7663249,7535,0.0,1.0,0.0,0.0,0.0,0.0,0.0,1.0,0.0,0.0
106.6729825,10.765733,7536,0.0,1.0,0.0,0.0,0.0,0.0,0.0,1.0,0.0,0.0
106.6726195,10.7652487,7537,0.0,1.0,0.0,0.0,0.0,0.0,0.0,1.0,0.0,0.0
106.6720549,10.7655432,7538,0.0,1.0,0.0,0.0,0.0,0.0,0.0,1.0,0.0,0.0
106.6717233,10.7669277,7539,0.0,1.0,0.0,0.0,0.0,0.0,0.0,1.0,0.0,0.0
106.6725306,10.7677248,7540,0.0,1.0,0.0,0.0,0.0,0.0,0.0,1.0,0.0,0.0
106.6721763,10.7677409,7541,0.0,1.0,0.0,0.0,0.0,0.0,0.0,1.0,0.0,0.0
106.6723696,10.7677321,7542,0.0,1.0,0.0,0.0,0.0,0.0,0.0,1.0,0.0,0.0
106.6716381,10.7672835,7543,0.0,1.0,0.0,0.0,0.0,0.0,0.0,1.0,0.0,0.0
106.6716227,10.767348,7544,0.0,1.0,0.0,0.0,0.0,0.0,0.0,1.0,0.0,0.0
106.6710104,10.7677944,7545,0.0,1.0,0.0,0.0,0.0,0.0,0.0,1.0,0.0,0.0
106.6712941,10.7677813,7546,0.0,1.0,0.0,0.0,0.0,0.0,0.0,1.0,0.0,0.0
106.6711368,10.7677886,7547,0.0,1.0,0.0,0.0,0.0,0.0,0.0,1.0,0.0,0.0
106.6703879,10.7678231,7548,0.0,1.0,0.0,0.0,0.0,0.0,0.0,1.0,0.0,0.0
106.6702653,10.7678288,7549,0.0,1.0,0.0,0.0,0.0,0.0,0.0,1.0,0.0,0.0
106.6695178,10.7678608,7550,0.0,1.0,0.0,0.0,0.0,0.0,0.0,1.0,0.0,0.0
106.6693179,10.7678716,7551,0.0,1.0,0.0,0.0,0.0,0.0,0.0,1.0,0.0,0.0
106.6691903,10.7678778,7552,0.0,1.0,0.0,0.0,0.0,0.0,0.0,1.0,0.0,0.0
106.6688022,10.7678936,7553,0.0,1.0,0.0,0.0,0.0,0.0,0.0,1.0,0.0,0.0
106.6683696,10.7679112,7554,0.0,1.0,0.0,0.0,0.0,0.0,0.0,1.0,0.0,0.0
106.6675587,10.7678656,7555,0.0,1.0,0.0,0.0,0.0,0.0,0.0,1.0,0.0,0.0
106.6673713,10.7677626,7556,0.0,1.0,0.0,0.0,0.0,0.0,0.0,1.0,0.0,0.0
106.6752791,10.770053,7557,0.0,1.0,0.0,0.0,0.0,0.0,0.0,1.0,0.0,0.0
106.6747783,10.7704449,7558,0.0,1.0,0.0,0.0,0.0,0.0,0.0,1.0,0.0,0.0
106.6735866,10.769765,7559,0.0,1.0,0.0,0.0,0.0,0.0,0.0,1.0,0.0,0.0
106.6744302,10.7707174,7560,0.0,1.0,0.0,0.0,0.0,0.0,0.0,1.0,0.0,0.0
106.6734841,10.7700278,7561,0.0,1.0,0.0,0.0,0.0,0.0,0.0,1.0,0.0,0.0
106.6733935,10.7702601,7562,0.0,1.0,0.0,0.0,0.0,0.0,0.0,1.0,0.0,0.0
106.6739593,10.768809,7563,0.0,1.0,0.0,0.0,0.0,0.0,0.0,1.0,0.0,0.0
106.6741142,10.7684116,7564,0.0,1.0,0.0,0.0,0.0,0.0,0.0,1.0,0.0,0.0
106.6747164,10.7681471,7565,0.0,1.0,0.0,0.0,0.0,0.0,0.0,1.0,0.0,0.0
106.6740142,10.7686681,7566,0.0,1.0,0.0,0.0,0.0,0.0,0.0,1.0,0.0,0.0
106.6738873,10.7689936,7567,0.0,1.0,0.0,0.0,0.0,0.0,0.0,1.0,0.0,0.0
106.6737455,10.7693574,7568,0.0,1.0,0.0,0.0,0.0,0.0,0.0,1.0,0.0,0.0
106.6718913,10.7678426,7569,0.0,1.0,0.0,0.0,0.0,0.0,0.0,1.0,0.0,0.0
106.6723245,10.7704589,7570,0.0,1.0,0.0,0.0,0.0,0.0,0.0,1.0,0.0,0.0
106.6717218,10.7701351,7571,0.0,1.0,0.0,0.0,0.0,0.0,0.0,1.0,0.0,0.0
106.6713251,10.769922,7572,0.0,1.0,0.0,0.0,0.0,0.0,0.0,1.0,0.0,0.0
106.6712155,10.7690527,7573,0.0,1.0,0.0,0.0,0.0,0.0,0.0,1.0,0.0,0.0
106.671103,10.769524,7574,0.0,1.0,0.0,0.0,0.0,0.0,0.0,1.0,0.0,0.0
106.6711489,10.7693316,7575,0.0,1.0,0.0,0.0,0.0,0.0,0.0,1.0,0.0,0.0
106.6710665,10.769677,7576,0.0,1.0,0.0,0.0,0.0,0.0,0.0,1.0,0.0,0.0
106.6710798,10.7696215,7577,0.0,1.0,0.0,0.0,0.0,0.0,0.0,1.0,0.0,0.0
106.6713072,10.7686682,7578,0.0,1.0,0.0,0.0,0.0,0.0,0.0,1.0,0.0,0.0
106.6713732,10.7683918,7579,0.0,1.0,0.0,0.0,0.0,0.0,0.0,1.0,0.0,0.0
106.6753759,10.7722875,7580,0.0,1.0,0.0,0.0,0.0,0.0,0.0,1.0,0.0,0.0
106.6756677,10.772469,7581,0.0,1.0,0.0,0.0,0.0,0.0,0.0,1.0,0.0,0.0
106.6759354,10.7726356,7582,0.0,1.0,0.0,0.0,0.0,0.0,0.0,1.0,0.0,0.0
106.6761536,10.7727714,7583,0.0,1.0,0.0,0.0,0.0,0.0,0.0,1.0,0.0,0.0
106.6764119,10.7729322,7584,0.0,1.0,0.0,0.0,0.0,0.0,0.0,1.0,0.0,0.0
106.6751817,10.7701292,7585,0.0,1.0,0.0,0.0,0.0,0.0,0.0,1.0,0.0,0.0
106.677811,10.7737544,7586,0.0,1.0,0.0,0.0,0.0,0.0,0.0,1.0,0.0,0.0
106.678801,10.7729223,7587,0.0,1.0,0.0,0.0,0.0,0.0,0.0,1.0,0.0,0.0
106.6784893,10.7731876,7588,0.0,1.0,0.0,0.0,0.0,0.0,0.0,1.0,0.0,0.0
106.678343,10.7733124,7589,0.0,1.0,0.0,0.0,0.0,0.0,0.0,1.0,0.0,0.0
106.6754617,10.7796036,7590,0.0,1.0,0.0,0.0,0.0,0.0,0.0,1.0,0.0,0.0
106.6774732,10.7800406,7591,0.0,1.0,0.0,0.0,0.0,0.0,0.0,1.0,0.0,0.0
106.676489,10.7800043,7592,0.0,1.0,0.0,0.0,0.0,0.0,0.0,1.0,0.0,0.0
106.6754823,10.7796133,7593,0.0,1.0,0.0,0.0,0.0,0.0,0.0,1.0,0.0,0.0
106.6724682,10.7785127,7594,0.0,1.0,0.0,0.0,0.0,0.0,0.0,1.0,0.0,0.0
106.6719662,10.778319,7595,0.0,1.0,0.0,0.0,0.0,0.0,0.0,1.0,0.0,0.0
106.671641,10.7781924,7596,0.0,1.0,0.0,0.0,0.0,0.0,0.0,1.0,0.0,0.0
106.670427,10.7702932,7597,0.0,1.0,0.0,0.0,0.0,0.0,0.0,1.0,0.0,0.0
106.6703701,10.7704094,7598,0.0,1.0,0.0,0.0,0.0,0.0,0.0,1.0,0.0,0.0
106.6682193,10.7742735,7599,0.0,1.0,0.0,0.0,0.0,0.0,0.0,1.0,0.0,0.0
106.6763363,10.7806492,7600,0.0,1.0,0.0,0.0,0.0,0.0,0.0,1.0,0.0,0.0
106.6762838,10.7799236,7601,0.0,1.0,0.0,0.0,0.0,0.0,0.0,1.0,0.0,0.0
106.6750315,10.7794397,7602,0.0,1.0,0.0,0.0,0.0,0.0,0.0,1.0,0.0,0.0
106.6734126,10.77883,7603,0.0,1.0,0.0,0.0,0.0,0.0,0.0,1.0,0.0,0.0
106.6733009,10.7787906,7604,0.0,1.0,0.0,0.0,0.0,0.0,0.0,1.0,0.0,0.0
106.6746059,10.7815756,7605,0.0,1.0,0.0,0.0,0.0,0.0,0.0,1.0,0.0,0.0
106.6707568,10.7785872,7606,0.0,1.0,0.0,0.0,0.0,0.0,0.0,1.0,0.0,0.0
106.6714852,10.7781296,7607,0.0,1.0,0.0,0.0,0.0,0.0,0.0,1.0,0.0,0.0
106.6712758,10.7780578,7608,0.0,1.0,0.0,0.0,0.0,0.0,0.0,1.0,0.0,0.0
106.6716718,10.7782042,7609,0.0,1.0,0.0,0.0,0.0,0.0,0.0,1.0,0.0,0.0
106.6718743,10.7782834,7610,0.0,1.0,0.0,0.0,0.0,0.0,0.0,1.0,0.0,0.0
106.6734807,10.7821785,7611,0.0,1.0,0.0,0.0,0.0,0.0,0.0,1.0,0.0,0.0
106.6729096,10.782487,7612,0.0,1.0,0.0,0.0,0.0,0.0,0.0,1.0,0.0,0.0
106.6724641,10.7827246,7613,0.0,1.0,0.0,0.0,0.0,0.0,0.0,1.0,0.0,0.0
106.6716762,10.7825973,7614,0.0,1.0,0.0,0.0,0.0,0.0,0.0,1.0,0.0,0.0
106.6713208,10.7823281,7615,0.0,1.0,0.0,0.0,0.0,0.0,0.0,1.0,0.0,0.0
106.6707042,10.7818565,7616,0.0,1.0,0.0,0.0,0.0,0.0,0.0,1.0,0.0,0.0
106.6711112,10.7821688,7617,0.0,1.0,0.0,0.0,0.0,0.0,0.0,1.0,0.0,0.0
106.670348,10.7815833,7618,0.0,1.0,0.0,0.0,0.0,0.0,0.0,1.0,0.0,0.0
106.6698201,10.7808937,7619,0.0,1.0,0.0,0.0,0.0,0.0,0.0,1.0,0.0,0.0
106.6700936,10.7802201,7620,0.0,1.0,0.0,0.0,0.0,0.0,0.0,1.0,0.0,0.0
106.670628,10.7789044,7621,0.0,1.0,0.0,0.0,0.0,0.0,0.0,1.0,0.0,0.0
106.6684248,10.7801521,7622,0.0,1.0,0.0,0.0,0.0,0.0,0.0,1.0,0.0,0.0
106.6658019,10.7781359,7623,0.0,1.0,0.0,0.0,0.0,0.0,0.0,1.0,0.0,0.0
106.6646542,10.7737234,7624,0.0,1.0,0.0,0.0,0.0,0.0,0.0,1.0,0.0,0.0
106.6622771,10.7747591,7625,0.0,1.0,0.0,0.0,0.0,0.0,0.0,1.0,0.0,0.0
106.6584035,10.769637,7626,0.0,1.0,0.0,0.0,0.0,0.0,0.0,1.0,0.0,0.0
106.6593896,10.7661158,7627,0.0,1.0,0.0,0.0,0.0,0.0,0.0,1.0,0.0,0.0
106.65946,10.7658624,7628,0.0,1.0,0.0,0.0,0.0,0.0,0.0,1.0,0.0,0.0
106.6595725,10.7654627,7629,0.0,1.0,0.0,0.0,0.0,0.0,0.0,1.0,0.0,0.0
106.6602927,10.7640636,7630,0.0,1.0,0.0,0.0,0.0,0.0,0.0,1.0,0.0,0.0
106.6601926,10.7640103,7631,0.0,1.0,0.0,0.0,0.0,0.0,0.0,1.0,0.0,0.0
106.6599639,10.7640649,7632,0.0,1.0,0.0,0.0,0.0,0.0,0.0,1.0,0.0,0.0
106.659867,10.7640688,7633,0.0,1.0,0.0,0.0,0.0,0.0,0.0,1.0,0.0,0.0
106.6597513,10.7637713,7634,0.0,1.0,0.0,0.0,0.0,0.0,0.0,1.0,0.0,0.0
106.6618639,10.7648966,7635,0.0,1.0,0.0,0.0,0.0,0.0,0.0,1.0,0.0,0.0
106.6381045,10.7952714,7636,0.0,1.0,0.0,0.0,0.0,0.0,0.0,1.0,0.0,0.0
106.6680607,10.7798876,7637,0.0,1.0,0.0,0.0,0.0,0.0,0.0,1.0,0.0,0.0
106.6695898,10.7842634,7638,0.0,1.0,0.0,0.0,0.0,0.0,0.0,1.0,0.0,0.0
106.6709621,10.783529,7639,0.0,1.0,0.0,0.0,0.0,0.0,0.0,1.0,0.0,0.0
106.6707259,10.7836561,7640,0.0,1.0,0.0,0.0,0.0,0.0,0.0,1.0,0.0,0.0
106.671435,10.7832769,7641,0.0,1.0,0.0,0.0,0.0,0.0,0.0,1.0,0.0,0.0
106.6716378,10.7825682,7642,0.0,1.0,0.0,0.0,0.0,0.0,0.0,1.0,0.0,0.0
106.6672062,10.7855352,7643,0.0,1.0,0.0,0.0,0.0,0.0,0.0,1.0,0.0,0.0
106.6668685,10.7857142,7644,0.0,1.0,0.0,0.0,0.0,0.0,0.0,1.0,0.0,0.0
106.612791,10.7761379,7645,0.0,1.0,0.0,0.0,0.0,0.0,0.0,1.0,0.0,0.0
106.6117393,10.7762343,7646,0.0,1.0,0.0,0.0,0.0,0.0,0.0,1.0,0.0,0.0
106.6100242,10.7762805,7647,0.0,1.0,0.0,0.0,0.0,0.0,0.0,1.0,0.0,0.0
106.6211738,10.7735855,7648,0.0,1.0,0.0,0.0,0.0,0.0,0.0,1.0,0.0,0.0
106.6415196,10.7780208,7649,0.0,1.0,0.0,0.0,0.0,0.0,0.0,1.0,0.0,0.0
106.6456564,10.7779725,7650,0.0,1.0,0.0,0.0,0.0,0.0,0.0,1.0,0.0,0.0
106.6458974,10.7776374,7651,0.0,1.0,0.0,0.0,0.0,0.0,0.0,1.0,0.0,0.0
106.6461183,10.7773185,7652,0.0,1.0,0.0,0.0,0.0,0.0,0.0,1.0,0.0,0.0
106.646374,10.7769669,7653,0.0,1.0,0.0,0.0,0.0,0.0,0.0,1.0,0.0,0.0
106.6465969,10.7766649,7654,0.0,1.0,0.0,0.0,0.0,0.0,0.0,1.0,0.0,0.0
106.6468217,10.7763518,7655,0.0,1.0,0.0,0.0,0.0,0.0,0.0,1.0,0.0,0.0
106.6468632,10.7762937,7656,0.0,1.0,0.0,0.0,0.0,0.0,0.0,1.0,0.0,0.0
106.6473824,10.7796339,7657,0.0,1.0,0.0,0.0,0.0,0.0,0.0,1.0,0.0,0.0
106.6540818,10.7765897,7658,0.0,1.0,0.0,0.0,0.0,0.0,0.0,1.0,0.0,0.0
106.6532873,10.7756928,7659,0.0,1.0,0.0,0.0,0.0,0.0,0.0,1.0,0.0,0.0
106.6553307,10.7778703,7660,0.0,1.0,0.0,0.0,0.0,0.0,0.0,1.0,0.0,0.0
106.6526257,10.7836726,7661,0.0,1.0,0.0,0.0,0.0,0.0,0.0,1.0,0.0,0.0
106.6540391,10.7836061,7662,0.0,1.0,0.0,0.0,0.0,0.0,0.0,1.0,0.0,0.0
106.6562747,10.7818483,7663,0.0,1.0,0.0,0.0,0.0,0.0,0.0,1.0,0.0,0.0
106.6317019,10.7696046,7664,0.0,1.0,0.0,0.0,0.0,0.0,0.0,1.0,0.0,0.0
106.6361232,10.7827599,7665,0.0,1.0,0.0,0.0,0.0,0.0,0.0,1.0,0.0,0.0
106.6117462,10.8186396,7666,0.0,1.0,0.0,0.0,0.0,0.0,0.0,1.0,0.0,0.0
106.6351373,10.7811314,7667,0.0,1.0,0.0,0.0,0.0,0.0,0.0,1.0,0.0,0.0
106.6353908,10.7812467,7668,0.0,1.0,0.0,0.0,0.0,0.0,0.0,1.0,0.0,0.0
106.6358032,10.7807198,7669,0.0,1.0,0.0,0.0,0.0,0.0,0.0,1.0,0.0,0.0
106.6358423,10.7809552,7670,0.0,1.0,0.0,0.0,0.0,0.0,0.0,1.0,0.0,0.0
106.6363843,10.7803932,7671,0.0,1.0,0.0,0.0,0.0,0.0,0.0,1.0,0.0,0.0
106.6399809,10.7786413,7672,0.0,1.0,0.0,0.0,0.0,0.0,0.0,1.0,0.0,0.0
106.6398847,10.7784582,7673,0.0,1.0,0.0,0.0,0.0,0.0,0.0,1.0,0.0,0.0
106.6389614,10.7769064,7674,0.0,1.0,0.0,0.0,0.0,0.0,0.0,1.0,0.0,0.0
106.6395619,10.7844344,7675,0.0,1.0,0.0,0.0,0.0,0.0,0.0,1.0,0.0,0.0
106.6406842,10.7852532,7676,0.0,1.0,0.0,0.0,0.0,0.0,0.0,1.0,0.0,0.0
106.6424531,10.7862973,7677,0.0,1.0,0.0,0.0,0.0,0.0,0.0,1.0,0.0,0.0
106.634872,10.7810031,7678,0.0,1.0,0.0,0.0,0.0,0.0,0.0,1.0,0.0,0.0
106.636038,10.7822247,7679,0.0,1.0,0.0,0.0,0.0,0.0,0.0,1.0,0.0,0.0
106.6326823,10.7811251,7680,0.0,1.0,0.0,0.0,0.0,0.0,0.0,1.0,0.0,0.0
106.6313714,10.7814521,7681,0.0,1.0,0.0,0.0,0.0,0.0,0.0,1.0,0.0,0.0
106.630658,10.7816576,7682,0.0,1.0,0.0,0.0,0.0,0.0,0.0,1.0,0.0,0.0
106.6297116,10.7819772,7683,0.0,1.0,0.0,0.0,0.0,0.0,0.0,1.0,0.0,0.0
106.6278554,10.7824798,7684,0.0,1.0,0.0,0.0,0.0,0.0,0.0,1.0,0.0,0.0
106.6260183,10.7830613,7685,0.0,1.0,0.0,0.0,0.0,0.0,0.0,1.0,0.0,0.0
106.6270224,10.7827525,7686,0.0,1.0,0.0,0.0,0.0,0.0,0.0,1.0,0.0,0.0
106.6267533,10.782844,7687,0.0,1.0,0.0,0.0,0.0,0.0,0.0,1.0,0.0,0.0
106.6273798,10.7826433,7688,0.0,1.0,0.0,0.0,0.0,0.0,0.0,1.0,0.0,0.0
106.6288442,10.7821969,7689,0.0,1.0,0.0,0.0,0.0,0.0,0.0,1.0,0.0,0.0
106.6258137,10.7831312,7690,0.0,1.0,0.0,0.0,0.0,0.0,0.0,1.0,0.0,0.0
106.6256031,10.7831917,7691,0.0,1.0,0.0,0.0,0.0,0.0,0.0,1.0,0.0,0.0
106.6251863,10.7833314,7692,0.0,1.0,0.0,0.0,0.0,0.0,0.0,1.0,0.0,0.0
106.6589566,10.7948577,7693,0.0,1.0,0.0,0.0,0.0,0.0,0.0,1.0,0.0,0.0
106.6590718,10.7941958,7694,0.0,1.0,0.0,0.0,0.0,0.0,0.0,1.0,0.0,0.0
106.6440151,10.7593883,7695,0.0,1.0,0.0,0.0,0.0,0.0,0.0,1.0,0.0,0.0
106.6547706,10.7921381,7696,0.0,1.0,0.0,0.0,0.0,0.0,0.0,1.0,0.0,0.0
106.6554563,10.7917634,7697,0.0,1.0,0.0,0.0,0.0,0.0,0.0,1.0,0.0,0.0
106.6620734,10.7882945,7698,0.0,1.0,0.0,0.0,0.0,0.0,0.0,1.0,0.0,0.0
106.6623763,10.7881323,7699,0.0,1.0,0.0,0.0,0.0,0.0,0.0,1.0,0.0,0.0
106.6363991,10.7739845,7700,0.0,1.0,0.0,0.0,0.0,0.0,0.0,1.0,0.0,0.0
106.6486901,10.773725,7701,0.0,1.0,0.0,0.0,0.0,0.0,0.0,1.0,0.0,0.0
106.6364198,10.8022283,7702,0.0,1.0,0.0,0.0,0.0,0.0,0.0,1.0,0.0,0.0
106.6196461,10.7984852,7703,0.0,1.0,0.0,0.0,0.0,0.0,0.0,1.0,0.0,0.0
106.6196106,10.7987681,7704,0.0,1.0,0.0,0.0,0.0,0.0,0.0,1.0,0.0,0.0
106.6369706,10.8171529,7705,0.0,1.0,0.0,0.0,0.0,0.0,0.0,1.0,0.0,0.0
106.6567492,10.7705876,7706,0.0,1.0,0.0,0.0,0.0,0.0,0.0,1.0,0.0,0.0
106.8288852,10.6941424,7707,0.0,1.0,0.0,0.0,0.0,0.0,0.0,1.0,0.0,0.0
106.8252035,10.7196467,7708,0.0,1.0,0.0,0.0,0.0,0.0,0.0,1.0,0.0,0.0
106.8339888,10.7048852,7709,0.0,1.0,0.0,0.0,0.0,0.0,0.0,1.0,0.0,0.0
106.8287243,10.7052216,7710,0.0,1.0,0.0,0.0,0.0,0.0,0.0,1.0,0.0,0.0
106.7565153,10.8512042,7711,0.0,1.0,0.0,0.0,0.0,0.0,0.0,1.0,0.0,0.0
106.6648734,10.8370551,7712,0.0,1.0,0.0,0.0,0.0,0.0,0.0,1.0,0.0,0.0
106.6645993,10.8371172,7713,0.0,1.0,0.0,0.0,0.0,0.0,0.0,1.0,0.0,0.0
106.663701,10.8377882,7714,0.0,1.0,0.0,0.0,0.0,0.0,0.0,1.0,0.0,0.0
106.6734494,10.8386117,7715,0.0,1.0,0.0,0.0,0.0,0.0,0.0,1.0,0.0,0.0
106.6738218,10.838608,7716,0.0,1.0,0.0,0.0,0.0,0.0,0.0,1.0,0.0,0.0
106.6734346,10.8385284,7717,0.0,1.0,0.0,0.0,0.0,0.0,0.0,1.0,0.0,0.0
106.6752118,10.8385945,7718,0.0,1.0,0.0,0.0,0.0,0.0,0.0,1.0,0.0,0.0
106.6696634,10.8386485,7719,0.0,1.0,0.0,0.0,0.0,0.0,0.0,1.0,0.0,0.0
106.6671174,10.8386733,7720,0.0,1.0,0.0,0.0,0.0,0.0,0.0,1.0,0.0,0.0
106.6652029,10.8387019,7721,0.0,1.0,0.0,0.0,0.0,0.0,0.0,1.0,0.0,0.0
106.6722917,10.8385513,7722,0.0,1.0,0.0,0.0,0.0,0.0,0.0,0.0,0.0,0.0
106.6651951,10.8386357,7723,0.0,1.0,0.0,0.0,0.0,0.0,0.0,1.0,0.0,0.0
106.6659911,10.8386842,7724,0.0,1.0,0.0,0.0,0.0,0.0,0.0,1.0,0.0,0.0
106.6679415,10.8386579,7725,0.0,1.0,0.0,0.0,0.0,0.0,0.0,1.0,0.0,0.0
106.6799748,10.8384914,7726,0.0,1.0,0.0,0.0,0.0,0.0,0.0,1.0,0.0,0.0
106.6755698,10.8385868,7727,0.0,1.0,0.0,0.0,0.0,0.0,0.0,1.0,0.0,0.0
106.6770208,10.8385798,7728,0.0,1.0,0.0,0.0,0.0,0.0,0.0,1.0,0.0,0.0
106.5913701,10.8777781,7729,0.0,1.0,0.0,0.0,0.0,0.0,0.0,1.0,0.0,0.0
106.6077261,10.8829443,7730,0.0,1.0,0.0,0.0,0.0,0.0,0.0,1.0,0.0,0.0
106.5974544,10.8692924,7731,0.0,1.0,0.0,0.0,0.0,0.0,0.0,1.0,0.0,0.0
106.6420043,10.8266244,7732,0.0,1.0,0.0,0.0,0.0,0.0,0.0,1.0,0.0,0.0
106.7314736,10.7130201,7733,0.0,1.0,0.0,0.0,0.0,0.0,0.0,1.0,0.0,0.0
106.7318964,10.7087139,7734,0.0,1.0,0.0,0.0,0.0,0.0,0.0,1.0,0.0,0.0
106.7319,10.7086633,7735,0.0,1.0,0.0,0.0,0.0,0.0,0.0,1.0,0.0,0.0
106.7320772,10.7071969,7736,0.0,1.0,0.0,0.0,0.0,0.0,0.0,1.0,0.0,0.0
106.7321361,10.7065335,7737,0.0,1.0,0.0,0.0,0.0,0.0,0.0,1.0,0.0,0.0
106.8033886,10.8291371,7738,0.0,1.0,0.0,0.0,0.0,0.0,0.0,1.0,0.0,0.0
106.6558447,10.7955047,7739,0.0,1.0,0.0,0.0,0.0,0.0,0.0,1.0,0.0,0.0
106.6815586,10.8238756,7740,0.0,1.0,0.0,0.0,0.0,0.0,0.0,1.0,0.0,0.0
106.6801828,10.8262391,7741,0.0,1.0,0.0,0.0,0.0,0.0,0.0,1.0,0.0,0.0
106.6808708,10.8251544,7742,0.0,1.0,0.0,0.0,0.0,0.0,0.0,1.0,0.0,0.0
106.6800719,10.8265194,7743,0.0,1.0,0.0,0.0,0.0,0.0,0.0,1.0,0.0,0.0
106.6799419,10.82611,7744,0.0,1.0,0.0,0.0,0.0,0.0,0.0,1.0,0.0,0.0
106.6745197,10.7976963,7745,0.0,1.0,0.0,0.0,0.0,0.0,0.0,1.0,0.0,0.0
106.6761506,10.7995277,7746,0.0,1.0,0.0,0.0,0.0,0.0,0.0,1.0,0.0,0.0
106.676765,10.800793,7747,0.0,1.0,0.0,0.0,0.0,0.0,0.0,1.0,0.0,0.0
106.6787454,10.8047577,7748,0.0,1.0,0.0,0.0,0.0,0.0,0.0,1.0,0.0,0.0
106.6787639,10.8046751,7749,0.0,1.0,0.0,0.0,0.0,0.0,0.0,1.0,0.0,0.0
106.71738,10.76937,7750,0.0,1.0,0.0,0.0,0.0,0.0,0.0,1.0,0.0,0.0
106.6911111,10.7727396,7751,0.0,1.0,0.0,0.0,0.0,0.0,0.0,1.0,0.0,0.0
106.6575627,10.7726397,7752,0.0,1.0,0.0,0.0,0.0,0.0,0.0,1.0,0.0,0.0
106.6575763,10.7725909,7753,0.0,1.0,0.0,0.0,0.0,0.0,0.0,1.0,0.0,0.0
106.6575467,10.7726939,7754,0.0,1.0,0.0,0.0,0.0,0.0,0.0,1.0,0.0,0.0
106.6581461,10.7703883,7755,0.0,1.0,0.0,0.0,0.0,0.0,0.0,0.0,1.0,0.0
106.6575988,10.7725104,7756,0.0,1.0,0.0,0.0,0.0,0.0,0.0,0.0,0.0,0.0
106.6607494,10.7727257,7757,0.0,1.0,0.0,0.0,0.0,0.0,0.0,1.0,0.0,0.0
106.7061791,10.7719977,7758,0.0,1.0,0.0,0.0,0.0,0.0,0.0,1.0,0.0,0.0
106.7127835,10.7924353,7759,0.0,1.0,0.0,0.0,0.0,0.0,0.0,1.0,0.0,0.0
106.6609546,10.7643104,7760,0.0,1.0,0.0,0.0,0.0,0.0,0.0,1.0,0.0,0.0
106.6616819,10.7646984,7761,0.0,1.0,0.0,0.0,0.0,0.0,0.0,1.0,0.0,0.0
106.6574024,10.7907524,7762,0.0,1.0,0.0,0.0,0.0,0.0,0.0,1.0,0.0,0.0
106.6566699,10.789913,7763,0.0,1.0,0.0,0.0,0.0,0.0,0.0,1.0,0.0,0.0
106.659554,10.7896123,7764,0.0,1.0,0.0,0.0,0.0,0.0,0.0,1.0,0.0,0.0
106.6598961,10.7894321,7765,0.0,1.0,0.0,0.0,0.0,0.0,0.0,1.0,0.0,0.0
106.6565064,10.7896246,7766,0.0,1.0,0.0,0.0,0.0,0.0,0.0,1.0,0.0,0.0
106.6584438,10.7829701,7767,0.0,1.0,0.0,0.0,0.0,0.0,0.0,1.0,0.0,0.0
106.6575266,10.782867,7768,0.0,1.0,0.0,0.0,0.0,0.0,0.0,1.0,0.0,0.0
106.6564225,10.7880497,7769,0.0,1.0,0.0,0.0,0.0,0.0,0.0,1.0,0.0,0.0
106.7892605,10.8595067,7770,0.0,1.0,0.0,0.0,0.0,0.0,0.0,1.0,0.0,0.0
106.6254532,10.8266944,7771,0.0,1.0,0.0,0.0,0.0,0.0,0.0,1.0,0.0,0.0
106.6186941,10.8369773,7772,0.0,1.0,0.0,0.0,0.0,0.0,0.0,1.0,0.0,0.0
106.6189378,10.8365938,7773,0.0,1.0,0.0,0.0,0.0,0.0,0.0,1.0,0.0,0.0
106.6191914,10.8362166,7774,0.0,1.0,0.0,0.0,0.0,0.0,0.0,1.0,0.0,0.0
106.619436,10.8358297,7775,0.0,1.0,0.0,0.0,0.0,0.0,0.0,1.0,0.0,0.0
106.6184352,10.8380686,7776,0.0,1.0,0.0,0.0,0.0,0.0,0.0,1.0,0.0,0.0
106.6186695,10.8377012,7777,0.0,1.0,0.0,0.0,0.0,0.0,0.0,1.0,0.0,0.0
106.619728,10.8080265,7778,0.0,1.0,0.0,0.0,0.0,0.0,0.0,1.0,0.0,0.0
106.6192731,10.8081675,7779,0.0,1.0,0.0,0.0,0.0,0.0,0.0,1.0,0.0,0.0
106.6187271,10.8089139,7780,0.0,1.0,0.0,0.0,0.0,0.0,0.0,1.0,0.0,0.0
106.6785004,10.8140447,7781,0.0,1.0,0.0,0.0,0.0,0.0,0.0,1.0,0.0,0.0
106.6767178,10.8120867,7782,0.0,1.0,0.0,0.0,0.0,0.0,0.0,1.0,0.0,0.0
106.6767923,10.811967,7783,0.0,1.0,0.0,0.0,0.0,0.0,0.0,1.0,0.0,0.0
106.7228019,10.7991123,7784,0.0,1.0,0.0,0.0,0.0,0.0,0.0,1.0,0.0,0.0
106.5510796,10.6846628,7785,0.0,1.0,0.0,0.0,0.0,0.0,0.0,1.0,0.0,0.0
106.666194,10.7984244,7786,0.0,1.0,0.0,0.0,0.0,0.0,0.0,1.0,0.0,0.0
106.6639492,10.7916753,7787,0.0,1.0,0.0,0.0,0.0,0.0,0.0,1.0,0.0,0.0
106.6629392,10.7918774,7788,0.0,1.0,0.0,0.0,0.0,0.0,0.0,1.0,0.0,0.0
106.6964206,10.8008368,7789,0.0,1.0,0.0,0.0,0.0,0.0,0.0,1.0,0.0,0.0
106.6965171,10.8026729,7790,0.0,1.0,0.0,0.0,0.0,0.0,0.0,1.0,0.0,0.0
106.6961678,10.7973405,7791,0.0,1.0,0.0,0.0,0.0,0.0,0.0,1.0,0.0,0.0
106.6960729,10.7956935,7792,0.0,1.0,0.0,0.0,0.0,0.0,0.0,1.0,0.0,0.0
106.6960141,10.7945712,7793,0.0,1.0,0.0,0.0,0.0,0.0,0.0,1.0,0.0,0.0
106.6961056,10.7962602,7794,0.0,1.0,0.0,0.0,0.0,0.0,0.0,1.0,0.0,0.0
106.6960446,10.7951529,7795,0.0,1.0,0.0,0.0,0.0,0.0,0.0,1.0,0.0,0.0
106.6867673,10.7849433,7796,0.0,1.0,0.0,0.0,0.0,0.0,0.0,1.0,0.0,0.0
106.6866161,10.7846939,7797,0.0,1.0,0.0,0.0,0.0,0.0,0.0,1.0,0.0,0.0
106.6866413,10.7828965,7798,0.0,1.0,0.0,0.0,0.0,0.0,0.0,1.0,0.0,0.0
106.6866724,10.7825478,7799,0.0,1.0,0.0,0.0,0.0,0.0,0.0,1.0,0.0,0.0
106.6781511,10.7897581,7800,0.0,1.0,0.0,0.0,0.0,0.0,0.0,1.0,0.0,0.0
106.67817,10.7893978,7801,0.0,1.0,0.0,0.0,0.0,0.0,0.0,1.0,0.0,0.0
106.6776904,10.7968866,7802,0.0,1.0,0.0,0.0,0.0,0.0,0.0,1.0,0.0,0.0
106.6779176,10.7932746,7803,0.0,1.0,0.0,0.0,0.0,0.0,0.0,1.0,0.0,0.0
106.6803271,10.7838804,7804,0.0,1.0,0.0,0.0,0.0,0.0,0.0,1.0,0.0,0.0
106.6804362,10.7839801,7805,0.0,1.0,0.0,0.0,0.0,0.0,0.0,1.0,0.0,0.0
106.6802377,10.7829419,7806,0.0,1.0,0.0,0.0,0.0,0.0,0.0,1.0,0.0,0.0
106.6660058,10.7783071,7807,0.0,1.0,0.0,0.0,0.0,0.0,0.0,1.0,0.0,0.0
106.6351467,10.8072173,7808,0.0,1.0,0.0,0.0,0.0,0.0,0.0,1.0,0.0,0.0
106.6347931,10.8075976,7809,0.0,1.0,0.0,0.0,0.0,0.0,0.0,0.0,1.0,0.0
106.6421264,10.7622068,7810,0.0,1.0,0.0,0.0,0.0,0.0,0.0,1.0,0.0,0.0
106.6792223,10.824345,7811,0.0,1.0,0.0,0.0,0.0,0.0,0.0,1.0,0.0,0.0
106.718609,10.7296263,7812,0.0,1.0,0.0,0.0,0.0,0.0,0.0,1.0,0.0,0.0
106.6811295,10.7670137,7813,0.0,1.0,0.0,0.0,0.0,0.0,0.0,1.0,0.0,0.0
106.6812898,10.7668848,7814,0.0,1.0,0.0,0.0,0.0,0.0,0.0,1.0,0.0,0.0
106.6930698,10.8228304,7815,0.0,1.0,0.0,0.0,0.0,0.0,0.0,1.0,0.0,0.0
106.7298539,10.7984486,7816,0.0,1.0,0.0,0.0,0.0,0.0,0.0,1.0,0.0,0.0
106.7323533,10.7996414,7817,0.0,1.0,0.0,0.0,0.0,0.0,0.0,1.0,0.0,0.0
106.733184,10.7989499,7818,0.0,1.0,0.0,0.0,0.0,0.0,0.0,1.0,0.0,0.0
106.733046,10.7988074,7819,0.0,1.0,0.0,0.0,0.0,0.0,0.0,1.0,0.0,0.0
106.7321824,10.7983867,7820,0.0,1.0,0.0,0.0,0.0,0.0,0.0,1.0,0.0,0.0
106.7308494,10.7982738,7821,0.0,1.0,0.0,0.0,0.0,0.0,0.0,1.0,0.0,0.0
106.7305473,10.7983207,7822,0.0,1.0,0.0,0.0,0.0,0.0,0.0,1.0,0.0,0.0
106.7300023,10.7985571,7823,0.0,1.0,0.0,0.0,0.0,0.0,0.0,1.0,0.0,0.0
106.7298253,10.7987309,7824,0.0,1.0,0.0,0.0,0.0,0.0,0.0,1.0,0.0,0.0
106.7326817,10.8007157,7825,0.0,1.0,0.0,0.0,0.0,0.0,0.0,1.0,0.0,0.0
106.7320648,10.7983377,7826,0.0,1.0,0.0,0.0,0.0,0.0,0.0,1.0,0.0,0.0
106.7316693,10.7981118,7827,0.0,1.0,0.0,0.0,0.0,0.0,0.0,1.0,0.0,0.0
106.7318936,10.7982963,7828,0.0,1.0,0.0,0.0,0.0,0.0,0.0,1.0,0.0,0.0
106.7308427,10.7981486,7829,0.0,1.0,0.0,0.0,0.0,0.0,0.0,1.0,0.0,0.0
106.6653414,10.8138064,7830,0.0,1.0,0.0,0.0,0.0,0.0,0.0,1.0,0.0,0.0
106.6652102,10.8137045,7831,0.0,1.0,0.0,0.0,0.0,0.0,0.0,1.0,0.0,0.0
106.665098,10.8136193,7832,0.0,1.0,0.0,0.0,0.0,0.0,0.0,1.0,0.0,0.0
106.6649922,10.8134862,7833,0.0,1.0,0.0,0.0,0.0,0.0,0.0,1.0,0.0,0.0
106.6649668,10.8133802,7834,0.0,1.0,0.0,0.0,0.0,0.0,0.0,1.0,0.0,0.0
106.6653276,10.8140925,7835,0.0,1.0,0.0,0.0,0.0,0.0,0.0,1.0,0.0,0.0
106.6648834,10.8101615,7836,0.0,1.0,0.0,0.0,0.0,0.0,0.0,1.0,0.0,0.0
106.61666,10.8405821,7837,0.0,1.0,0.0,0.0,0.0,0.0,0.0,1.0,0.0,0.0
106.6142042,10.8444693,7838,0.0,1.0,0.0,0.0,0.0,0.0,0.0,1.0,0.0,0.0
106.6155929,10.842552,7839,0.0,1.0,0.0,0.0,0.0,0.0,0.0,1.0,0.0,0.0
106.6933514,10.771258,7840,0.0,1.0,0.0,0.0,0.0,0.0,0.0,1.0,0.0,0.0
106.6948847,10.7712012,7841,0.0,1.0,0.0,0.0,0.0,0.0,0.0,1.0,0.0,0.0
106.6966242,10.7712056,7842,0.0,1.0,0.0,0.0,0.0,0.0,0.0,1.0,0.0,0.0
106.6667013,10.8329352,7843,0.0,1.0,0.0,0.0,0.0,0.0,0.0,1.0,0.0,0.0
106.6652403,10.8614957,7844,0.0,1.0,0.0,0.0,0.0,0.0,0.0,1.0,0.0,0.0
106.6653095,10.8614424,7845,0.0,1.0,0.0,0.0,0.0,0.0,0.0,1.0,0.0,0.0
106.8039101,10.8679223,7846,0.0,1.0,0.0,0.0,0.0,0.0,0.0,1.0,0.0,0.0
106.80655,10.8712201,7847,0.0,1.0,0.0,0.0,0.0,0.0,0.0,1.0,0.0,0.0
106.8069619,10.870652,7848,0.0,1.0,0.0,0.0,0.0,0.0,0.0,1.0,0.0,0.0
106.8070592,10.8706433,7849,0.0,1.0,0.0,0.0,0.0,0.0,0.0,1.0,0.0,0.0
106.8091007,10.874654,7850,0.0,1.0,0.0,0.0,0.0,0.0,0.0,1.0,0.0,0.0
106.8095894,10.8745831,7851,0.0,1.0,0.0,0.0,0.0,0.0,0.0,1.0,0.0,0.0
106.8076386,10.8726837,7852,0.0,1.0,0.0,0.0,0.0,0.0,0.0,1.0,0.0,0.0
106.7744742,10.8498433,7853,0.0,1.0,0.0,0.0,0.0,0.0,0.0,1.0,0.0,0.0
106.7743779,10.849723,7854,0.0,1.0,0.0,0.0,0.0,0.0,0.0,1.0,0.0,0.0
106.7739241,10.8501645,7855,0.0,1.0,0.0,0.0,0.0,0.0,0.0,1.0,0.0,0.0
106.7779592,10.8527606,7856,0.0,1.0,0.0,0.0,0.0,0.0,0.0,1.0,0.0,0.0
106.781135,10.854156,7857,0.0,1.0,0.0,0.0,0.0,0.0,0.0,1.0,0.0,0.0
106.7569784,10.8125069,7858,0.0,1.0,0.0,0.0,0.0,0.0,0.0,1.0,0.0,0.0
106.7568349,10.8092534,7859,0.0,1.0,0.0,0.0,0.0,0.0,0.0,1.0,0.0,0.0
106.7568055,10.8093574,7860,0.0,1.0,0.0,0.0,0.0,0.0,0.0,1.0,0.0,0.0
106.7560287,10.8097169,7861,0.0,1.0,0.0,0.0,0.0,0.0,0.0,1.0,0.0,0.0
106.7557049,10.8093458,7862,0.0,1.0,0.0,0.0,0.0,0.0,0.0,1.0,0.0,0.0
106.7556084,10.8093247,7863,0.0,1.0,0.0,0.0,0.0,0.0,0.0,1.0,0.0,0.0
106.7559278,10.8085665,7864,0.0,1.0,0.0,0.0,0.0,0.0,0.0,1.0,0.0,0.0
106.7552407,10.807294,7865,0.0,1.0,0.0,0.0,0.0,0.0,0.0,1.0,0.0,0.0
106.7554557,10.8076643,7866,0.0,1.0,0.0,0.0,0.0,0.0,0.0,1.0,0.0,0.0
106.7557179,10.8081678,7867,0.0,1.0,0.0,0.0,0.0,0.0,0.0,1.0,0.0,0.0
106.7559093,10.8093743,7868,0.0,1.0,0.0,0.0,0.0,0.0,0.0,1.0,0.0,0.0
106.7557267,10.8089548,7869,0.0,1.0,0.0,0.0,0.0,0.0,0.0,1.0,0.0,0.0
106.7555087,10.8084947,7870,0.0,1.0,0.0,0.0,0.0,0.0,0.0,1.0,0.0,0.0
106.7551641,10.8078506,7871,0.0,1.0,0.0,0.0,0.0,0.0,0.0,1.0,0.0,0.0
106.6670103,10.832691,7872,0.0,1.0,0.0,0.0,0.0,0.0,0.0,1.0,0.0,0.0
106.6659234,10.8335565,7873,0.0,1.0,0.0,0.0,0.0,0.0,0.0,1.0,0.0,0.0
106.6636337,10.8350107,7874,0.0,1.0,0.0,0.0,0.0,0.0,0.0,1.0,0.0,0.0
106.6652265,10.8340958,7875,0.0,1.0,0.0,0.0,0.0,0.0,0.0,1.0,0.0,0.0
106.6646572,10.8046126,7876,0.0,1.0,0.0,0.0,0.0,0.0,0.0,1.0,0.0,0.0
106.6643426,10.8046426,7877,0.0,1.0,0.0,0.0,0.0,0.0,0.0,1.0,0.0,0.0
106.6611116,10.8003427,7878,0.0,1.0,0.0,0.0,0.0,0.0,0.0,1.0,0.0,0.0
106.660796,10.8004169,7879,0.0,1.0,0.0,0.0,0.0,0.0,0.0,1.0,0.0,0.0
106.6607936,10.8003611,7880,0.0,1.0,0.0,0.0,0.0,0.0,0.0,1.0,0.0,0.0
106.650094,10.8017438,7881,0.0,1.0,0.0,0.0,0.0,0.0,0.0,1.0,0.0,0.0
106.6447249,10.8022152,7882,0.0,1.0,0.0,0.0,0.0,0.0,0.0,1.0,0.0,0.0
106.645083,10.8022012,7883,0.0,1.0,0.0,0.0,0.0,0.0,0.0,1.0,0.0,0.0
106.6330654,10.8138819,7884,0.0,1.0,0.0,0.0,0.0,0.0,0.0,1.0,0.0,0.0
106.6266562,10.8257287,7885,0.0,1.0,0.0,0.0,0.0,0.0,0.0,1.0,0.0,0.0
106.6246565,10.8273658,7886,0.0,1.0,0.0,0.0,0.0,0.0,0.0,1.0,0.0,0.0
106.6678118,10.7681422,7887,0.0,1.0,0.0,0.0,0.0,0.0,0.0,1.0,0.0,0.0
106.6678234,10.7681227,7888,0.0,1.0,0.0,0.0,0.0,0.0,0.0,1.0,0.0,0.0
106.6678482,10.7680812,7889,0.0,1.0,0.0,0.0,0.0,0.0,0.0,1.0,0.0,0.0
106.6678621,10.768058,7890,0.0,1.0,0.0,0.0,0.0,0.0,0.0,1.0,0.0,0.0
106.667873,10.7680397,7891,0.0,1.0,0.0,0.0,0.0,0.0,0.0,1.0,0.0,0.0
106.6679758,10.7680893,7892,0.0,1.0,0.0,0.0,0.0,0.0,0.0,1.0,0.0,0.0
106.6679704,10.7681225,7893,0.0,1.0,0.0,0.0,0.0,0.0,0.0,1.0,0.0,0.0
106.6679495,10.7681405,7894,0.0,1.0,0.0,0.0,0.0,0.0,0.0,1.0,0.0,0.0
106.6679308,10.7681566,7895,0.0,1.0,0.0,0.0,0.0,0.0,0.0,1.0,0.0,0.0
106.6679062,10.7681776,7896,0.0,1.0,0.0,0.0,0.0,0.0,0.0,1.0,0.0,0.0
106.6678875,10.7681937,7897,0.0,1.0,0.0,0.0,0.0,0.0,0.0,1.0,0.0,0.0
106.667893,10.7680364,7898,0.0,1.0,0.0,0.0,0.0,0.0,0.0,1.0,0.0,0.0
106.6679222,10.7680551,7899,0.0,1.0,0.0,0.0,0.0,0.0,0.0,1.0,0.0,0.0
106.6679462,10.7680704,7900,0.0,1.0,0.0,0.0,0.0,0.0,0.0,1.0,0.0,0.0
106.6678386,10.7681944,7901,0.0,1.0,0.0,0.0,0.0,0.0,0.0,1.0,0.0,0.0
106.6678124,10.7681782,7902,0.0,1.0,0.0,0.0,0.0,0.0,0.0,1.0,0.0,0.0
106.6689564,10.7686209,7903,0.0,1.0,0.0,0.0,0.0,0.0,0.0,1.0,0.0,0.0
106.6696986,10.7691575,7904,0.0,1.0,0.0,0.0,0.0,0.0,0.0,1.0,0.0,0.0
106.6666556,10.7674441,7905,0.0,1.0,0.0,0.0,0.0,0.0,0.0,1.0,0.0,0.0
106.6652083,10.7666392,7906,0.0,1.0,0.0,0.0,0.0,0.0,0.0,1.0,0.0,0.0
106.6651306,10.766554,7907,0.0,1.0,0.0,0.0,0.0,0.0,0.0,1.0,0.0,0.0
106.674573,10.7678455,7908,0.0,1.0,0.0,0.0,0.0,0.0,0.0,1.0,0.0,0.0
106.6594452,10.7505641,7909,0.0,1.0,0.0,0.0,0.0,0.0,0.0,1.0,0.0,0.0
106.6594461,10.7506063,7910,0.0,1.0,0.0,0.0,0.0,0.0,0.0,1.0,0.0,0.0
106.6594515,10.7506349,7911,0.0,1.0,0.0,0.0,0.0,0.0,0.0,1.0,0.0,0.0
106.6594655,10.7506561,7912,0.0,1.0,0.0,0.0,0.0,0.0,0.0,1.0,0.0,0.0
106.6594817,10.7506699,7913,0.0,1.0,0.0,0.0,0.0,0.0,0.0,1.0,0.0,0.0
106.6595297,10.750688,7914,0.0,1.0,0.0,0.0,0.0,0.0,0.0,1.0,0.0,0.0
106.686888,10.7536606,7915,0.0,1.0,0.0,0.0,0.0,0.0,0.0,1.0,0.0,0.0
106.6869065,10.7536949,7916,0.0,1.0,0.0,0.0,0.0,0.0,0.0,1.0,0.0,0.0
106.6868091,10.7531963,7917,0.0,1.0,0.0,0.0,0.0,0.0,0.0,1.0,0.0,0.0
106.6868511,10.7531769,7918,0.0,1.0,0.0,0.0,0.0,0.0,0.0,1.0,0.0,0.0
106.6869589,10.7531123,7919,0.0,1.0,0.0,0.0,0.0,0.0,0.0,1.0,0.0,0.0
106.6919615,10.7512278,7920,0.0,1.0,0.0,0.0,0.0,0.0,0.0,1.0,0.0,0.0
106.6880473,10.7504862,7921,0.0,1.0,0.0,0.0,0.0,0.0,0.0,1.0,0.0,0.0
106.6937024,10.7405245,7922,0.0,1.0,0.0,0.0,0.0,0.0,0.0,1.0,0.0,0.0
106.6895464,10.8098226,7923,0.0,1.0,0.0,0.0,0.0,0.0,0.0,1.0,0.0,0.0
106.6957532,10.7442069,7924,0.0,1.0,0.0,0.0,0.0,0.0,0.0,1.0,0.0,0.0
106.6956674,10.7452293,7925,0.0,1.0,0.0,0.0,0.0,0.0,0.0,1.0,0.0,0.0
106.688366,10.7666744,7926,0.0,1.0,0.0,0.0,0.0,0.0,0.0,1.0,0.0,0.0
106.6883701,10.7667354,7927,0.0,1.0,0.0,0.0,0.0,0.0,0.0,1.0,0.0,0.0
106.6882061,10.7666768,7928,0.0,1.0,0.0,0.0,0.0,0.0,0.0,1.0,0.0,0.0
106.6984933,10.780376,7929,0.0,1.0,0.0,0.0,0.0,0.0,0.0,1.0,0.0,0.0
106.698655,10.7805673,7930,0.0,1.0,0.0,0.0,0.0,0.0,0.0,0.0,1.0,0.0
106.6786944,10.8164807,7931,0.0,1.0,0.0,0.0,0.0,0.0,0.0,1.0,0.0,0.0
106.678701,10.8162962,7932,0.0,1.0,0.0,0.0,0.0,0.0,0.0,1.0,0.0,0.0
106.6768879,10.8123044,7933,0.0,1.0,0.0,0.0,0.0,0.0,0.0,1.0,0.0,0.0
106.6623362,10.7987887,7934,0.0,1.0,0.0,0.0,0.0,0.0,0.0,1.0,0.0,0.0
106.6623893,10.7986195,7935,0.0,1.0,0.0,0.0,0.0,0.0,0.0,1.0,0.0,0.0
106.6624142,10.7986345,7936,0.0,1.0,0.0,0.0,0.0,0.0,0.0,1.0,0.0,0.0
106.6623081,10.7987776,7937,0.0,1.0,0.0,0.0,0.0,0.0,0.0,1.0,0.0,0.0
106.6532361,10.7925552,7938,0.0,1.0,0.0,0.0,0.0,0.0,0.0,1.0,0.0,0.0
106.6530994,10.7929963,7939,0.0,1.0,0.0,0.0,0.0,0.0,0.0,1.0,0.0,0.0
106.6533342,10.7927137,7940,0.0,1.0,0.0,0.0,0.0,0.0,0.0,0.0,1.0,0.0
106.6366359,10.8018935,7941,0.0,1.0,0.0,0.0,0.0,0.0,0.0,0.0,1.0,0.0
106.6900639,10.8193084,7942,0.0,1.0,0.0,0.0,0.0,0.0,0.0,1.0,0.0,0.0
106.6900951,10.8193177,7943,0.0,1.0,0.0,0.0,0.0,0.0,0.0,1.0,0.0,0.0
106.6899222,10.8195596,7944,0.0,1.0,0.0,0.0,0.0,0.0,0.0,1.0,0.0,0.0
106.6900515,10.8196154,7945,0.0,1.0,0.0,0.0,0.0,0.0,0.0,1.0,0.0,0.0
106.6900009,10.8196099,7946,0.0,1.0,0.0,0.0,0.0,0.0,0.0,1.0,0.0,0.0
106.6900175,10.8193092,7947,0.0,1.0,0.0,0.0,0.0,0.0,0.0,1.0,0.0,0.0
106.6899314,10.8193532,7948,0.0,1.0,0.0,0.0,0.0,0.0,0.0,1.0,0.0,0.0
106.689956,10.8195896,7949,0.0,1.0,0.0,0.0,0.0,0.0,0.0,1.0,0.0,0.0
106.690026,10.8196147,7950,0.0,1.0,0.0,0.0,0.0,0.0,0.0,1.0,0.0,0.0
106.6901681,10.8193676,7951,0.0,1.0,0.0,0.0,0.0,0.0,0.0,1.0,0.0,0.0
106.7138423,10.8257089,7952,0.0,1.0,0.0,0.0,0.0,0.0,0.0,1.0,0.0,0.0
106.7139451,10.826162,7953,0.0,1.0,0.0,0.0,0.0,0.0,0.0,1.0,0.0,0.0
106.7138081,10.8258032,7954,0.0,1.0,0.0,0.0,0.0,0.0,0.0,1.0,0.0,0.0
106.7145095,10.8260009,7955,0.0,1.0,0.0,0.0,0.0,0.0,0.0,1.0,0.0,0.0
106.7144737,10.826071,7956,0.0,1.0,0.0,0.0,0.0,0.0,0.0,1.0,0.0,0.0
106.765511,10.8746157,7957,0.0,1.0,0.0,0.0,0.0,0.0,0.0,1.0,0.0,0.0
106.7652736,10.8740222,7958,0.0,1.0,0.0,0.0,0.0,0.0,0.0,1.0,0.0,0.0
106.7651279,10.873674,7959,0.0,1.0,0.0,0.0,0.0,0.0,0.0,1.0,0.0,0.0
106.7651326,10.8734346,7960,0.0,1.0,0.0,0.0,0.0,0.0,0.0,1.0,0.0,0.0
106.7697781,10.8824482,7961,0.0,1.0,0.0,0.0,0.0,0.0,0.0,1.0,0.0,0.0
106.7726566,10.8856528,7962,0.0,1.0,0.0,0.0,0.0,0.0,0.0,1.0,0.0,0.0
106.7739411,10.8867796,7963,0.0,1.0,0.0,0.0,0.0,0.0,0.0,1.0,0.0,0.0
106.6250073,10.8492598,7964,0.0,1.0,0.0,0.0,0.0,0.0,0.0,1.0,0.0,0.0
106.6175718,10.844761,7965,0.0,1.0,0.0,0.0,0.0,0.0,0.0,1.0,0.0,0.0
106.6149367,10.843311,7966,0.0,1.0,0.0,0.0,0.0,0.0,0.0,1.0,0.0,0.0
106.6138112,10.8450745,7967,0.0,1.0,0.0,0.0,0.0,0.0,0.0,1.0,0.0,0.0
106.77498,10.770243,7968,0.0,1.0,0.0,0.0,0.0,0.0,0.0,1.0,0.0,0.0
106.7752086,10.7698762,7969,0.0,1.0,0.0,0.0,0.0,0.0,0.0,1.0,0.0,0.0
106.775235,10.7698083,7970,0.0,1.0,0.0,0.0,0.0,0.0,0.0,1.0,0.0,0.0
106.7748933,10.7697992,7971,0.0,1.0,0.0,0.0,0.0,0.0,0.0,1.0,0.0,0.0
106.7749408,10.7697434,7972,0.0,1.0,0.0,0.0,0.0,0.0,0.0,1.0,0.0,0.0
106.7753362,10.7698583,7973,0.0,1.0,0.0,0.0,0.0,0.0,0.0,1.0,0.0,0.0
106.7753453,10.7699235,7974,0.0,1.0,0.0,0.0,0.0,0.0,0.0,1.0,0.0,0.0
106.774869,10.7699933,7975,0.0,1.0,0.0,0.0,0.0,0.0,0.0,1.0,0.0,0.0
106.7748588,10.769939,7976,0.0,1.0,0.0,0.0,0.0,0.0,0.0,1.0,0.0,0.0
106.7748651,10.7698665,7977,0.0,1.0,0.0,0.0,0.0,0.0,0.0,1.0,0.0,0.0
106.7676459,10.7631581,7978,0.0,1.0,0.0,0.0,0.0,0.0,0.0,1.0,0.0,0.0
106.6951592,10.7286781,7979,0.0,1.0,0.0,0.0,0.0,0.0,0.0,1.0,0.0,0.0
106.6933233,10.7715326,7980,0.0,1.0,0.0,0.0,0.0,0.0,0.0,1.0,0.0,0.0
106.666718,10.7764418,7981,0.0,1.0,0.0,0.0,0.0,0.0,0.0,1.0,0.0,0.0
106.6719252,10.7830122,7982,0.0,1.0,0.0,0.0,0.0,0.0,0.0,1.0,0.0,0.0
106.6503131,10.7579862,7983,0.0,1.0,0.0,0.0,0.0,0.0,0.0,1.0,0.0,0.0
106.6455824,10.7559756,7984,0.0,1.0,0.0,0.0,0.0,0.0,0.0,1.0,0.0,0.0
106.6465801,10.7539006,7985,0.0,1.0,0.0,0.0,0.0,0.0,0.0,1.0,0.0,0.0
106.6542528,10.7538424,7986,0.0,1.0,0.0,0.0,0.0,0.0,0.0,1.0,0.0,0.0
106.6507992,10.7588025,7987,0.0,1.0,0.0,0.0,0.0,0.0,0.0,1.0,0.0,0.0
106.6501083,10.7584294,7988,0.0,1.0,0.0,0.0,0.0,0.0,0.0,1.0,0.0,0.0
106.6519571,10.7594287,7989,0.0,1.0,0.0,0.0,0.0,0.0,0.0,1.0,0.0,0.0
106.6541862,10.7587408,7990,0.0,1.0,0.0,0.0,0.0,0.0,0.0,1.0,0.0,0.0
106.6581141,10.760687,7991,0.0,1.0,0.0,0.0,0.0,0.0,0.0,1.0,0.0,0.0
106.7909201,10.7517922,7992,0.0,1.0,0.0,0.0,0.0,0.0,0.0,1.0,0.0,0.0
106.5817031,10.7492699,7993,0.0,1.0,0.0,0.0,0.0,0.0,0.0,1.0,0.0,0.0
106.6647074,10.8125836,7994,0.0,1.0,0.0,0.0,0.0,0.0,0.0,1.0,0.0,0.0
106.6825836,10.7608794,7995,0.0,1.0,0.0,0.0,0.0,0.0,0.0,1.0,0.0,0.0
106.6769149,10.7566754,7996,0.0,1.0,0.0,0.0,0.0,0.0,0.0,1.0,0.0,0.0
106.675905,10.7575776,7997,0.0,1.0,0.0,0.0,0.0,0.0,0.0,1.0,0.0,0.0
106.678127,10.759093,7998,0.0,1.0,0.0,0.0,0.0,0.0,0.0,1.0,0.0,0.0
106.6787176,10.7574461,7999,0.0,1.0,0.0,0.0,0.0,0.0,0.0,1.0,0.0,0.0
106.6776484,10.7586297,8000,0.0,1.0,0.0,0.0,0.0,0.0,0.0,1.0,0.0,0.0
106.6781875,10.7573886,8001,0.0,1.0,0.0,0.0,0.0,0.0,0.0,1.0,0.0,0.0
106.6759646,10.7573702,8002,0.0,1.0,0.0,0.0,0.0,0.0,0.0,1.0,0.0,0.0
106.6773595,10.7568689,8003,0.0,1.0,0.0,0.0,0.0,0.0,0.0,1.0,0.0,0.0
106.6760209,10.7571742,8004,0.0,1.0,0.0,0.0,0.0,0.0,0.0,1.0,0.0,0.0
106.6749021,10.7661445,8005,0.0,1.0,0.0,0.0,0.0,0.0,0.0,1.0,0.0,0.0
106.6745671,10.7670379,8006,0.0,1.0,0.0,0.0,0.0,0.0,0.0,1.0,0.0,0.0
106.6750976,10.7656231,8007,0.0,1.0,0.0,0.0,0.0,0.0,0.0,1.0,0.0,0.0
106.6738489,10.7609418,8008,0.0,1.0,0.0,0.0,0.0,0.0,0.0,1.0,0.0,0.0
106.6735666,10.7608864,8009,0.0,1.0,0.0,0.0,0.0,0.0,0.0,1.0,0.0,0.0
106.673373,10.7608484,8010,0.0,1.0,0.0,0.0,0.0,0.0,0.0,1.0,0.0,0.0
106.6732281,10.760826,8011,0.0,1.0,0.0,0.0,0.0,0.0,0.0,1.0,0.0,0.0
106.6711928,10.7691479,8012,0.0,1.0,0.0,0.0,0.0,0.0,0.0,1.0,0.0,0.0
106.8232295,10.7315808,8013,0.0,1.0,0.0,0.0,0.0,0.0,0.0,1.0,0.0,0.0
106.7889037,10.7581122,8014,0.0,1.0,0.0,0.0,0.0,0.0,0.0,1.0,0.0,0.0
106.7888166,10.7581824,8015,0.0,1.0,0.0,0.0,0.0,0.0,0.0,1.0,0.0,0.0
106.8476983,10.7155364,8016,0.0,1.0,0.0,0.0,0.0,0.0,0.0,1.0,0.0,0.0
106.8476116,10.7154797,8017,0.0,1.0,0.0,0.0,0.0,0.0,0.0,1.0,0.0,0.0
106.8477977,10.7155673,8018,0.0,1.0,0.0,0.0,0.0,0.0,0.0,1.0,0.0,0.0
106.7644126,10.7956633,8019,0.0,1.0,0.0,0.0,0.0,0.0,0.0,1.0,0.0,0.0
106.7566136,10.8124799,8020,0.0,1.0,0.0,0.0,0.0,0.0,0.0,1.0,0.0,0.0
106.7565519,10.8124483,8021,0.0,1.0,0.0,0.0,0.0,0.0,0.0,1.0,0.0,0.0
106.7564231,10.8117633,8022,0.0,1.0,0.0,0.0,0.0,0.0,0.0,1.0,0.0,0.0
106.7562488,10.810641,8023,0.0,1.0,0.0,0.0,0.0,0.0,0.0,1.0,0.0,0.0
106.7537872,10.8055101,8024,0.0,1.0,0.0,0.0,0.0,0.0,0.0,1.0,0.0,0.0
106.7541922,10.8059106,8025,0.0,1.0,0.0,0.0,0.0,0.0,0.0,1.0,0.0,0.0
106.7545838,10.8064111,8026,0.0,1.0,0.0,0.0,0.0,0.0,0.0,1.0,0.0,0.0
106.7549337,10.8068552,8027,0.0,1.0,0.0,0.0,0.0,0.0,0.0,1.0,0.0,0.0
106.7544067,10.8060607,8028,0.0,1.0,0.0,0.0,0.0,0.0,0.0,1.0,0.0,0.0
106.7547982,10.8064992,8029,0.0,1.0,0.0,0.0,0.0,0.0,0.0,1.0,0.0,0.0
106.7364156,10.8007995,8030,0.0,1.0,0.0,0.0,0.0,0.0,0.0,1.0,0.0,0.0
106.7812925,10.7646555,8031,0.0,1.0,0.0,0.0,0.0,0.0,0.0,1.0,0.0,0.0
106.7885013,10.7583959,8032,0.0,1.0,0.0,0.0,0.0,0.0,0.0,1.0,0.0,0.0
106.7811776,10.7647566,8033,0.0,1.0,0.0,0.0,0.0,0.0,0.0,1.0,0.0,0.0
106.7771723,10.7684289,8034,0.0,1.0,0.0,0.0,0.0,0.0,0.0,1.0,0.0,0.0
106.7762013,10.7692981,8035,0.0,1.0,0.0,0.0,0.0,0.0,0.0,1.0,0.0,0.0
106.7747823,10.7703923,8036,0.0,1.0,0.0,0.0,0.0,0.0,0.0,1.0,0.0,0.0
106.6943518,10.787143,8037,0.0,1.0,0.0,0.0,0.0,0.0,0.0,1.0,0.0,0.0
106.709229,10.8588768,8038,0.0,1.0,0.0,0.0,0.0,0.0,0.0,1.0,0.0,0.0
106.7057985,10.8592905,8039,0.0,1.0,0.0,0.0,0.0,0.0,0.0,1.0,0.0,0.0
106.6917699,10.8606545,8040,0.0,1.0,0.0,0.0,0.0,0.0,0.0,1.0,0.0,0.0
106.6802615,10.8628368,8041,0.0,1.0,0.0,0.0,0.0,0.0,0.0,1.0,0.0,0.0
106.67811,10.868353,8042,0.0,1.0,0.0,0.0,0.0,0.0,0.0,1.0,0.0,0.0
106.678331,10.8616558,8043,0.0,1.0,0.0,0.0,0.0,0.0,0.0,1.0,0.0,0.0
106.6792043,10.8616007,8044,0.0,1.0,0.0,0.0,0.0,0.0,0.0,1.0,0.0,0.0
106.6818747,10.8614776,8045,0.0,1.0,0.0,0.0,0.0,0.0,0.0,1.0,0.0,0.0
106.6886428,10.8607974,8046,0.0,1.0,0.0,0.0,0.0,0.0,0.0,1.0,0.0,0.0
106.6868913,10.8608975,8047,0.0,1.0,0.0,0.0,0.0,0.0,0.0,1.0,0.0,0.0
106.6854228,10.8610015,8048,0.0,1.0,0.0,0.0,0.0,0.0,0.0,1.0,0.0,0.0
106.6828948,10.8611622,8049,0.0,1.0,0.0,0.0,0.0,0.0,0.0,1.0,0.0,0.0
106.6548877,10.861973,8050,0.0,1.0,0.0,0.0,0.0,0.0,0.0,1.0,0.0,0.0
106.6620393,10.8614705,8051,0.0,1.0,0.0,0.0,0.0,0.0,0.0,1.0,0.0,0.0
106.6316452,10.7534511,8052,0.0,1.0,0.0,0.0,0.0,0.0,0.0,1.0,0.0,0.0
106.6394949,10.8026776,8053,0.0,1.0,0.0,0.0,0.0,0.0,0.0,1.0,0.0,0.0
106.6892164,10.746343,8054,0.0,1.0,0.0,0.0,0.0,0.0,0.0,1.0,0.0,0.0
106.708958,10.7921268,8055,0.0,1.0,0.0,0.0,0.0,0.0,0.0,1.0,0.0,0.0
106.708452,10.8031009,8056,0.0,1.0,0.0,0.0,0.0,0.0,0.0,1.0,0.0,0.0
106.7090062,10.80306,8057,0.0,1.0,0.0,0.0,0.0,0.0,0.0,1.0,0.0,0.0
106.7081808,10.803121,8058,0.0,1.0,0.0,0.0,0.0,0.0,0.0,1.0,0.0,0.0
106.7071866,10.8031945,8059,0.0,1.0,0.0,0.0,0.0,0.0,0.0,1.0,0.0,0.0
106.697759,10.8053958,8060,0.0,1.0,0.0,0.0,0.0,0.0,0.0,1.0,0.0,0.0
106.7008825,10.8346325,8061,0.0,1.0,0.0,0.0,0.0,0.0,0.0,1.0,0.0,0.0
106.7008658,10.8345705,8062,0.0,1.0,0.0,0.0,0.0,0.0,0.0,1.0,0.0,0.0
106.6595038,10.759897,8063,0.0,1.0,0.0,0.0,0.0,0.0,0.0,1.0,0.0,0.0
106.6612178,10.7592404,8064,0.0,1.0,0.0,0.0,0.0,0.0,0.0,1.0,0.0,0.0
106.6611815,10.7593699,8065,0.0,1.0,0.0,0.0,0.0,0.0,0.0,1.0,0.0,0.0
106.6563814,10.7573741,8066,0.0,1.0,0.0,0.0,0.0,0.0,0.0,1.0,0.0,0.0
106.657716,10.7576512,8067,0.0,1.0,0.0,0.0,0.0,0.0,0.0,1.0,0.0,0.0
106.6576682,10.7576402,8068,0.0,1.0,0.0,0.0,0.0,0.0,0.0,1.0,0.0,0.0
106.6582873,10.7570694,8069,0.0,1.0,0.0,0.0,0.0,0.0,0.0,1.0,0.0,0.0
106.6544546,10.7516397,8070,0.0,1.0,0.0,0.0,0.0,0.0,0.0,1.0,0.0,0.0
106.6595533,10.7506789,8071,0.0,1.0,0.0,0.0,0.0,0.0,0.0,1.0,0.0,0.0
106.6608464,10.7530252,8072,0.0,1.0,0.0,0.0,0.0,0.0,0.0,1.0,0.0,0.0
106.6618913,10.7551208,8073,0.0,1.0,0.0,0.0,0.0,0.0,0.0,1.0,0.0,0.0
106.6651995,10.7523401,8074,0.0,1.0,0.0,0.0,0.0,0.0,0.0,1.0,0.0,0.0
106.6557572,10.7519742,8075,0.0,1.0,0.0,0.0,0.0,0.0,0.0,1.0,0.0,0.0
106.6557629,10.7528562,8076,0.0,1.0,0.0,0.0,0.0,0.0,0.0,1.0,0.0,0.0
106.6556818,10.7528517,8077,0.0,1.0,0.0,0.0,0.0,0.0,0.0,1.0,0.0,0.0
106.6695664,10.7554645,8078,0.0,1.0,0.0,0.0,0.0,0.0,0.0,1.0,0.0,0.0
106.6109526,10.731368,8079,0.0,1.0,0.0,0.0,0.0,0.0,0.0,1.0,0.0,0.0
106.6486419,10.7535417,8080,0.0,1.0,0.0,0.0,0.0,0.0,0.0,1.0,0.0,0.0
106.6478806,10.753623,8081,0.0,1.0,0.0,0.0,0.0,0.0,0.0,1.0,0.0,0.0
106.6475075,10.7536681,8082,0.0,1.0,0.0,0.0,0.0,0.0,0.0,1.0,0.0,0.0
106.5984364,10.7088394,8083,0.0,1.0,0.0,0.0,0.0,0.0,0.0,1.0,0.0,0.0
106.6946484,10.8316331,8084,0.0,1.0,0.0,0.0,0.0,0.0,0.0,1.0,0.0,0.0
106.6938042,10.8340778,8085,0.0,1.0,0.0,0.0,0.0,0.0,0.0,1.0,0.0,0.0
106.6953842,10.8349746,8086,0.0,1.0,0.0,0.0,0.0,0.0,0.0,1.0,0.0,0.0
106.6960484,10.8355428,8087,0.0,1.0,0.0,0.0,0.0,0.0,0.0,1.0,0.0,0.0
106.6916932,10.8343047,8088,0.0,1.0,0.0,0.0,0.0,0.0,0.0,1.0,0.0,0.0
106.6900349,10.83809,8089,0.0,1.0,0.0,0.0,0.0,0.0,0.0,1.0,0.0,0.0
106.6958236,10.8395178,8090,0.0,1.0,0.0,0.0,0.0,0.0,0.0,1.0,0.0,0.0
106.6944287,10.8419497,8091,0.0,1.0,0.0,0.0,0.0,0.0,0.0,1.0,0.0,0.0
106.6923255,10.8318176,8092,0.0,1.0,0.0,0.0,0.0,0.0,0.0,1.0,0.0,0.0
106.6921968,10.8321838,8093,0.0,1.0,0.0,0.0,0.0,0.0,0.0,1.0,0.0,0.0
106.6920224,10.8327976,8094,0.0,1.0,0.0,0.0,0.0,0.0,0.0,1.0,0.0,0.0
106.6919285,10.8331111,8095,0.0,1.0,0.0,0.0,0.0,0.0,0.0,1.0,0.0,0.0
106.6719112,10.8385469,8096,0.0,1.0,0.0,0.0,0.0,0.0,0.0,1.0,0.0,0.0
106.6705492,10.8386492,8097,0.0,1.0,0.0,0.0,0.0,0.0,0.0,1.0,0.0,0.0
106.6752063,10.8317293,8098,0.0,1.0,0.0,0.0,0.0,0.0,0.0,1.0,0.0,0.0
106.6746596,10.831922,8099,0.0,1.0,0.0,0.0,0.0,0.0,0.0,1.0,0.0,0.0
106.6752955,10.8316978,8100,0.0,1.0,0.0,0.0,0.0,0.0,0.0,1.0,0.0,0.0
106.6790485,10.8385785,8101,0.0,1.0,0.0,0.0,0.0,0.0,0.0,1.0,0.0,0.0
106.6800487,10.8386092,8102,0.0,1.0,0.0,0.0,0.0,0.0,0.0,1.0,0.0,0.0
106.680097,10.8385342,8103,0.0,1.0,0.0,0.0,0.0,0.0,0.0,1.0,0.0,0.0
106.664365,10.8345731,8104,0.0,1.0,0.0,0.0,0.0,0.0,0.0,1.0,0.0,0.0
106.6643931,10.8345596,8105,0.0,1.0,0.0,0.0,0.0,0.0,0.0,1.0,0.0,0.0
106.6686444,10.8341019,8106,0.0,1.0,0.0,0.0,0.0,0.0,0.0,1.0,0.0,0.0
106.6632368,10.8383769,8107,0.0,1.0,0.0,0.0,0.0,0.0,0.0,1.0,0.0,0.0
106.6784548,10.8385789,8108,0.0,1.0,0.0,0.0,0.0,0.0,0.0,1.0,0.0,0.0
106.6783871,10.8385789,8109,0.0,1.0,0.0,0.0,0.0,0.0,0.0,1.0,0.0,0.0
106.6451528,10.8408543,8110,0.0,1.0,0.0,0.0,0.0,0.0,0.0,1.0,0.0,0.0
106.6536383,10.8376834,8111,0.0,1.0,0.0,0.0,0.0,0.0,0.0,1.0,0.0,0.0
106.6499721,10.8385983,8112,0.0,1.0,0.0,0.0,0.0,0.0,0.0,1.0,0.0,0.0
106.6507423,10.8384085,8113,0.0,1.0,0.0,0.0,0.0,0.0,0.0,1.0,0.0,0.0
106.6464179,10.8374497,8114,0.0,1.0,0.0,0.0,0.0,0.0,0.0,1.0,0.0,0.0
106.6463385,10.8374792,8115,0.0,1.0,0.0,0.0,0.0,0.0,0.0,1.0,0.0,0.0
106.6231081,10.8301353,8116,0.0,1.0,0.0,0.0,0.0,0.0,0.0,1.0,0.0,0.0
106.6297758,10.8230003,8117,0.0,1.0,0.0,0.0,0.0,0.0,0.0,1.0,0.0,0.0
106.6222585,10.8314409,8118,0.0,1.0,0.0,0.0,0.0,0.0,0.0,1.0,0.0,0.0
106.639834,10.8217675,8119,0.0,1.0,0.0,0.0,0.0,0.0,0.0,1.0,0.0,0.0
106.6688059,10.8312919,8120,0.0,1.0,0.0,0.0,0.0,0.0,0.0,1.0,0.0,0.0
106.6820018,10.8231208,8121,0.0,1.0,0.0,0.0,0.0,0.0,0.0,1.0,0.0,0.0
106.6826696,10.8218976,8122,0.0,1.0,0.0,0.0,0.0,0.0,0.0,1.0,0.0,0.0
106.6730065,10.8289038,8123,0.0,1.0,0.0,0.0,0.0,0.0,0.0,1.0,0.0,0.0
106.6733686,10.828776,8124,0.0,1.0,0.0,0.0,0.0,0.0,0.0,1.0,0.0,0.0
106.6754817,10.8153684,8125,0.0,1.0,0.0,0.0,0.0,0.0,0.0,1.0,0.0,0.0
106.6756747,10.8153145,8126,0.0,1.0,0.0,0.0,0.0,0.0,0.0,1.0,0.0,0.0
106.6758032,10.8152363,8127,0.0,1.0,0.0,0.0,0.0,0.0,0.0,1.0,0.0,0.0
106.693944,10.8206835,8128,0.0,1.0,0.0,0.0,0.0,0.0,0.0,1.0,0.0,0.0
106.6935639,10.8219397,8129,0.0,1.0,0.0,0.0,0.0,0.0,0.0,1.0,0.0,0.0
106.6934887,10.8220524,8130,0.0,1.0,0.0,0.0,0.0,0.0,0.0,1.0,0.0,0.0
106.6935438,10.8220622,8131,0.0,1.0,0.0,0.0,0.0,0.0,0.0,1.0,0.0,0.0
106.6920733,10.823661,8132,0.0,1.0,0.0,0.0,0.0,0.0,0.0,1.0,0.0,0.0
106.685064,10.8223929,8133,0.0,1.0,0.0,0.0,0.0,0.0,0.0,1.0,0.0,0.0
106.687782,10.825131,8134,0.0,1.0,0.0,0.0,0.0,0.0,0.0,1.0,0.0,0.0
106.689347,10.8262597,8135,0.0,1.0,0.0,0.0,0.0,0.0,0.0,1.0,0.0,0.0
106.6830598,10.8290792,8136,0.0,1.0,0.0,0.0,0.0,0.0,0.0,1.0,0.0,0.0
106.623743,10.8144449,8137,0.0,1.0,0.0,0.0,0.0,0.0,0.0,1.0,0.0,0.0
106.6237089,10.8144042,8138,0.0,1.0,0.0,0.0,0.0,0.0,0.0,1.0,0.0,0.0
106.620331,10.810555,8139,0.0,1.0,0.0,0.0,0.0,0.0,0.0,1.0,0.0,0.0
106.6183376,10.8084125,8140,0.0,1.0,0.0,0.0,0.0,0.0,0.0,1.0,0.0,0.0
106.6249673,10.8157799,8141,0.0,1.0,0.0,0.0,0.0,0.0,0.0,1.0,0.0,0.0
106.6787757,10.8194173,8142,0.0,1.0,0.0,0.0,0.0,0.0,0.0,1.0,0.0,0.0
106.6805322,10.8145321,8143,0.0,1.0,0.0,0.0,0.0,0.0,0.0,1.0,0.0,0.0
106.678712,10.8168567,8144,0.0,1.0,0.0,0.0,0.0,0.0,0.0,1.0,0.0,0.0
106.6785195,10.8082313,8145,0.0,1.0,0.0,0.0,0.0,0.0,0.0,1.0,0.0,0.0
106.6791508,10.8139646,8146,0.0,1.0,0.0,0.0,0.0,0.0,0.0,1.0,0.0,0.0
106.6791459,10.8140362,8147,0.0,1.0,0.0,0.0,0.0,0.0,0.0,1.0,0.0,0.0
106.6790372,10.814251,8148,0.0,1.0,0.0,0.0,0.0,0.0,0.0,1.0,0.0,0.0
106.6793824,10.8144587,8149,0.0,1.0,0.0,0.0,0.0,0.0,0.0,1.0,0.0,0.0
106.667613,10.8133014,8150,0.0,1.0,0.0,0.0,0.0,0.0,0.0,1.0,0.0,0.0
106.6676829,10.8140801,8151,0.0,1.0,0.0,0.0,0.0,0.0,0.0,1.0,0.0,0.0
106.6925162,10.8199113,8152,0.0,1.0,0.0,0.0,0.0,0.0,0.0,1.0,0.0,0.0
106.6876918,10.8183966,8153,0.0,1.0,0.0,0.0,0.0,0.0,0.0,1.0,0.0,0.0
106.6892181,10.8179378,8154,0.0,1.0,0.0,0.0,0.0,0.0,0.0,1.0,0.0,0.0
106.6901487,10.8193469,8155,0.0,1.0,0.0,0.0,0.0,0.0,0.0,1.0,0.0,0.0
106.6899702,10.8193249,8156,0.0,1.0,0.0,0.0,0.0,0.0,0.0,1.0,0.0,0.0
106.6964473,10.801349,8157,0.0,1.0,0.0,0.0,0.0,0.0,0.0,1.0,0.0,0.0
106.6847657,10.8035914,8158,0.0,1.0,0.0,0.0,0.0,0.0,0.0,1.0,0.0,0.0
106.6901392,10.8034072,8159,0.0,1.0,0.0,0.0,0.0,0.0,0.0,1.0,0.0,0.0
106.6832089,10.8015575,8160,0.0,1.0,0.0,0.0,0.0,0.0,0.0,1.0,0.0,0.0
106.6716229,10.7998178,8161,0.0,1.0,0.0,0.0,0.0,0.0,0.0,1.0,0.0,0.0
106.6714487,10.7998363,8162,0.0,1.0,0.0,0.0,0.0,0.0,0.0,1.0,0.0,0.0
106.6781072,10.8054457,8163,0.0,1.0,0.0,0.0,0.0,0.0,0.0,1.0,0.0,0.0
106.6816712,10.8005641,8164,0.0,1.0,0.0,0.0,0.0,0.0,0.0,1.0,0.0,0.0
106.6705869,10.7980445,8165,0.0,1.0,0.0,0.0,0.0,0.0,0.0,1.0,0.0,0.0
106.672134,10.7997719,8166,0.0,1.0,0.0,0.0,0.0,0.0,0.0,1.0,0.0,0.0
106.6743419,10.7995857,8167,0.0,1.0,0.0,0.0,0.0,0.0,0.0,1.0,0.0,0.0
106.6744379,10.7977038,8168,0.0,1.0,0.0,0.0,0.0,0.0,0.0,1.0,0.0,0.0
106.674201,10.7977254,8169,0.0,1.0,0.0,0.0,0.0,0.0,0.0,1.0,0.0,0.0
106.6669406,10.8006653,8170,0.0,1.0,0.0,0.0,0.0,0.0,0.0,1.0,0.0,0.0
106.6661284,10.8011693,8171,0.0,1.0,0.0,0.0,0.0,0.0,0.0,1.0,0.0,0.0
106.6660028,10.801242,8172,0.0,1.0,0.0,0.0,0.0,0.0,0.0,1.0,0.0,0.0
106.6645365,10.8077552,8173,0.0,1.0,0.0,0.0,0.0,0.0,0.0,1.0,0.0,0.0
106.6683281,10.8065138,8174,0.0,1.0,0.0,0.0,0.0,0.0,0.0,1.0,0.0,0.0
106.6677601,10.8059715,8175,0.0,1.0,0.0,0.0,0.0,0.0,0.0,1.0,0.0,0.0
106.6665835,10.7984011,8176,0.0,1.0,0.0,0.0,0.0,0.0,0.0,1.0,0.0,0.0
106.6695308,10.7981221,8177,0.0,1.0,0.0,0.0,0.0,0.0,0.0,1.0,0.0,0.0
106.6608355,10.8002855,8178,0.0,1.0,0.0,0.0,0.0,0.0,0.0,1.0,0.0,0.0
106.6605538,10.7999708,8179,0.0,1.0,0.0,0.0,0.0,0.0,0.0,1.0,0.0,0.0
106.619441,10.7994679,8180,0.0,1.0,0.0,0.0,0.0,0.0,0.0,1.0,0.0,0.0
106.619537,10.7993692,8181,0.0,1.0,0.0,0.0,0.0,0.0,0.0,1.0,0.0,0.0
106.6886698,10.8216881,8182,0.0,1.0,0.0,0.0,0.0,0.0,0.0,1.0,0.0,0.0
106.6803212,10.8381896,8183,0.0,1.0,0.0,0.0,0.0,0.0,0.0,1.0,0.0,0.0
106.6791733,10.8143739,8184,0.0,1.0,0.0,0.0,0.0,0.0,0.0,1.0,0.0,0.0
106.621088,10.8077236,8185,0.0,1.0,0.0,0.0,0.0,0.0,0.0,1.0,0.0,0.0
106.6816116,10.7962221,8186,0.0,1.0,0.0,0.0,0.0,0.0,0.0,1.0,0.0,0.0
106.6805818,10.7985235,8187,0.0,1.0,0.0,0.0,0.0,0.0,0.0,1.0,0.0,0.0
106.6811718,10.7971681,8188,0.0,1.0,0.0,0.0,0.0,0.0,0.0,1.0,0.0,0.0
106.6803031,10.7991177,8189,0.0,1.0,0.0,0.0,0.0,0.0,0.0,1.0,0.0,0.0
106.6802718,10.7991862,8190,0.0,1.0,0.0,0.0,0.0,0.0,0.0,1.0,0.0,0.0
106.669939,10.830403,8191,0.0,1.0,0.0,0.0,0.0,0.0,0.0,1.0,0.0,0.0
106.6458991,10.8363614,8192,0.0,1.0,0.0,0.0,0.0,0.0,0.0,1.0,0.0,0.0
106.660816,10.8358007,8193,0.0,1.0,0.0,0.0,0.0,0.0,0.0,1.0,0.0,0.0
106.6720202,10.8328495,8194,0.0,1.0,0.0,0.0,0.0,0.0,0.0,1.0,0.0,0.0
106.6668229,10.8060803,8195,0.0,1.0,0.0,0.0,0.0,0.0,0.0,1.0,0.0,0.0
106.6668395,10.8060867,8196,0.0,1.0,0.0,0.0,0.0,0.0,0.0,1.0,0.0,0.0
106.6665318,10.8050102,8197,0.0,1.0,0.0,0.0,0.0,0.0,0.0,1.0,0.0,0.0
106.6648526,10.8117157,8198,0.0,1.0,0.0,0.0,0.0,0.0,0.0,1.0,0.0,0.0
106.6648114,10.8117894,8199,0.0,1.0,0.0,0.0,0.0,0.0,0.0,1.0,0.0,0.0
106.6647711,10.8118638,8200,0.0,1.0,0.0,0.0,0.0,0.0,0.0,1.0,0.0,0.0
106.6647289,10.8119468,8201,0.0,1.0,0.0,0.0,0.0,0.0,0.0,1.0,0.0,0.0
106.6646719,10.8120693,8202,0.0,1.0,0.0,0.0,0.0,0.0,0.0,1.0,0.0,0.0
106.6646169,10.8121542,8203,0.0,1.0,0.0,0.0,0.0,0.0,0.0,1.0,0.0,0.0
106.6646772,10.8134346,8204,0.0,1.0,0.0,0.0,0.0,0.0,0.0,1.0,0.0,0.0
106.6647155,10.8132786,8205,0.0,1.0,0.0,0.0,0.0,0.0,0.0,1.0,0.0,0.0
106.6630545,10.8021508,8206,0.0,1.0,0.0,0.0,0.0,0.0,0.0,1.0,0.0,0.0
106.6610875,10.8006191,8207,0.0,1.0,0.0,0.0,0.0,0.0,0.0,1.0,0.0,0.0
106.6609168,10.8000639,8208,0.0,1.0,0.0,0.0,0.0,0.0,0.0,1.0,0.0,0.0
106.6607331,10.8006613,8209,0.0,1.0,0.0,0.0,0.0,0.0,0.0,1.0,0.0,0.0
106.6247123,10.827368,8210,0.0,1.0,0.0,0.0,0.0,0.0,0.0,1.0,0.0,0.0
106.693106,10.8307308,8211,0.0,1.0,0.0,0.0,0.0,0.0,0.0,1.0,0.0,0.0
106.6890779,10.8265043,8212,0.0,1.0,0.0,0.0,0.0,0.0,0.0,1.0,0.0,0.0
106.6802287,10.8263787,8213,0.0,1.0,0.0,0.0,0.0,0.0,0.0,1.0,0.0,0.0
106.6687556,10.8087826,8214,0.0,1.0,0.0,0.0,0.0,0.0,0.0,1.0,0.0,0.0
106.6682077,10.8059619,8215,0.0,1.0,0.0,0.0,0.0,0.0,0.0,1.0,0.0,0.0
106.6681832,10.8059484,8216,0.0,1.0,0.0,0.0,0.0,0.0,0.0,1.0,0.0,0.0
106.6681494,10.8059379,8217,0.0,1.0,0.0,0.0,0.0,0.0,0.0,1.0,0.0,0.0
106.6710835,10.7999559,8218,0.0,1.0,0.0,0.0,0.0,0.0,0.0,1.0,0.0,0.0
106.6704717,10.8000104,8219,0.0,1.0,0.0,0.0,0.0,0.0,0.0,1.0,0.0,0.0
106.6758031,10.8142573,8220,0.0,1.0,0.0,0.0,0.0,0.0,0.0,1.0,0.0,0.0
106.6858479,10.7927437,8221,0.0,1.0,0.0,0.0,0.0,0.0,0.0,1.0,0.0,0.0
106.7028127,10.7401009,8222,0.0,1.0,0.0,0.0,0.0,0.0,0.0,1.0,0.0,0.0
106.7045433,10.8410074,8223,0.0,1.0,0.0,0.0,0.0,0.0,0.0,1.0,0.0,0.0
106.7050813,10.8412473,8224,0.0,1.0,0.0,0.0,0.0,0.0,0.0,1.0,0.0,0.0
106.6984248,10.7281063,8225,0.0,1.0,0.0,0.0,0.0,0.0,0.0,1.0,0.0,0.0
106.7048266,10.8033698,8226,0.0,1.0,0.0,0.0,0.0,0.0,0.0,1.0,0.0,0.0
106.7918793,10.7488849,8227,0.0,1.0,0.0,0.0,0.0,0.0,0.0,1.0,0.0,0.0
106.7915598,10.7498291,8228,0.0,1.0,0.0,0.0,0.0,0.0,0.0,1.0,0.0,0.0
106.5508201,10.8195126,8229,0.0,1.0,0.0,0.0,0.0,0.0,0.0,1.0,0.0,0.0
106.5507126,10.8195165,8230,0.0,1.0,0.0,0.0,0.0,0.0,0.0,1.0,0.0,0.0
106.7093705,10.8073528,8231,0.0,1.0,0.0,0.0,0.0,0.0,0.0,1.0,0.0,0.0
106.7092201,10.8095516,8232,0.0,1.0,0.0,0.0,0.0,0.0,0.0,1.0,0.0,0.0
106.7887404,10.758231,8233,0.0,1.0,0.0,0.0,0.0,0.0,0.0,1.0,0.0,0.0
106.7889248,10.7581359,8234,0.0,1.0,0.0,0.0,0.0,0.0,0.0,1.0,0.0,0.0
106.7889999,10.7579711,8235,0.0,1.0,0.0,0.0,0.0,0.0,0.0,1.0,0.0,0.0
106.7909057,10.7518385,8236,0.0,1.0,0.0,0.0,0.0,0.0,0.0,1.0,0.0,0.0
106.6099374,10.8513504,8237,0.0,1.0,0.0,0.0,0.0,0.0,0.0,1.0,0.0,0.0
106.695743,10.8108885,8238,0.0,1.0,0.0,0.0,0.0,0.0,0.0,1.0,0.0,0.0
106.6960454,10.8113215,8239,0.0,1.0,0.0,0.0,0.0,0.0,0.0,1.0,0.0,0.0
106.7910074,10.7515427,8240,0.0,1.0,0.0,0.0,0.0,0.0,0.0,1.0,0.0,0.0
106.7042125,10.7976743,8241,0.0,1.0,0.0,0.0,0.0,0.0,0.0,1.0,0.0,0.0
106.7052671,10.7981134,8242,0.0,1.0,0.0,0.0,0.0,0.0,0.0,1.0,0.0,0.0
106.706828,10.7995421,8243,0.0,1.0,0.0,0.0,0.0,0.0,0.0,1.0,0.0,0.0
106.7048265,10.7983091,8244,0.0,1.0,0.0,0.0,0.0,0.0,0.0,1.0,0.0,0.0
106.7072501,10.8003469,8245,0.0,1.0,0.0,0.0,0.0,0.0,0.0,1.0,0.0,0.0
106.7065381,10.7998825,8246,0.0,1.0,0.0,0.0,0.0,0.0,0.0,1.0,0.0,0.0
106.6899034,10.8102698,8247,0.0,1.0,0.0,0.0,0.0,0.0,0.0,1.0,0.0,0.0
106.6901518,10.8105936,8248,0.0,1.0,0.0,0.0,0.0,0.0,0.0,1.0,0.0,0.0
106.6903463,10.8122217,8249,0.0,1.0,0.0,0.0,0.0,0.0,0.0,1.0,0.0,0.0
106.6905276,10.8119602,8250,0.0,1.0,0.0,0.0,0.0,0.0,0.0,1.0,0.0,0.0
106.5789943,10.8114752,8251,0.0,1.0,0.0,0.0,0.0,0.0,0.0,1.0,0.0,0.0
106.7114765,10.8045714,8252,0.0,1.0,0.0,0.0,0.0,0.0,0.0,1.0,0.0,0.0
106.6266145,10.8523838,8253,0.0,1.0,0.0,0.0,0.0,0.0,0.0,1.0,0.0,0.0
106.6264564,10.8523334,8254,0.0,1.0,0.0,0.0,0.0,0.0,0.0,1.0,0.0,0.0
106.6262305,10.8527736,8255,0.0,1.0,0.0,0.0,0.0,0.0,0.0,1.0,0.0,0.0
106.6264888,10.8521986,8256,0.0,1.0,0.0,0.0,0.0,0.0,0.0,1.0,0.0,0.0
106.7114321,10.8024689,8257,0.0,1.0,0.0,0.0,0.0,0.0,0.0,1.0,0.0,0.0
106.7109066,10.8029125,8258,0.0,1.0,0.0,0.0,0.0,0.0,0.0,1.0,0.0,0.0
106.578982,10.8112677,8259,0.0,1.0,0.0,0.0,0.0,0.0,0.0,1.0,0.0,0.0
106.7773201,10.7682878,8260,0.0,1.0,0.0,0.0,0.0,0.0,0.0,1.0,0.0,0.0
106.7772831,10.7681077,8261,0.0,1.0,0.0,0.0,0.0,0.0,0.0,1.0,0.0,0.0
106.7751488,10.7696883,8262,0.0,1.0,0.0,0.0,0.0,0.0,0.0,1.0,0.0,0.0
106.7009879,10.8036057,8263,0.0,1.0,0.0,0.0,0.0,0.0,0.0,1.0,0.0,0.0
106.708266,10.8004269,8264,0.0,1.0,0.0,0.0,0.0,0.0,0.0,1.0,0.0,0.0
106.6786139,10.8121727,8265,0.0,1.0,0.0,0.0,0.0,0.0,0.0,1.0,0.0,0.0
106.6786608,10.8130219,8266,0.0,1.0,0.0,0.0,0.0,0.0,0.0,1.0,0.0,0.0
106.6276608,10.8511715,8267,0.0,1.0,0.0,0.0,0.0,0.0,0.0,1.0,0.0,0.0
106.6274958,10.8511209,8268,0.0,1.0,0.0,0.0,0.0,0.0,0.0,1.0,0.0,0.0
106.6266323,10.8500218,8269,0.0,1.0,0.0,0.0,0.0,0.0,0.0,1.0,0.0,0.0
106.7923427,10.809674,8270,0.0,1.0,0.0,0.0,0.0,0.0,0.0,1.0,0.0,0.0
106.7923184,10.8103327,8271,0.0,1.0,0.0,0.0,0.0,0.0,0.0,1.0,0.0,0.0
106.7796788,10.7661554,8272,0.0,1.0,0.0,0.0,0.0,0.0,0.0,1.0,0.0,0.0
106.5839509,10.8884699,8273,0.0,1.0,0.0,0.0,0.0,0.0,0.0,1.0,0.0,0.0
106.6678153,10.8140874,8274,0.0,1.0,0.0,0.0,0.0,0.0,0.0,1.0,0.0,0.0
106.6660908,10.8134508,8275,0.0,1.0,0.0,0.0,0.0,0.0,0.0,1.0,0.0,0.0
106.6649837,10.8107087,8276,0.0,1.0,0.0,0.0,0.0,0.0,0.0,1.0,0.0,0.0
106.6650145,10.8111229,8277,0.0,1.0,0.0,0.0,0.0,0.0,0.0,1.0,0.0,0.0
106.6669919,10.8133563,8278,0.0,1.0,0.0,0.0,0.0,0.0,0.0,1.0,0.0,0.0
106.6670405,10.8140466,8279,0.0,1.0,0.0,0.0,0.0,0.0,0.0,1.0,0.0,0.0
106.8596881,10.8119103,8280,0.0,1.0,0.0,0.0,0.0,0.0,0.0,1.0,0.0,0.0
106.8596808,10.8119329,8281,0.0,1.0,0.0,0.0,0.0,0.0,0.0,1.0,0.0,0.0
106.7316201,10.7982226,8282,0.0,1.0,0.0,0.0,0.0,0.0,0.0,1.0,0.0,0.0
106.7315976,10.7979228,8283,0.0,1.0,0.0,0.0,0.0,0.0,0.0,1.0,0.0,0.0
106.7316171,10.7980684,8284,0.0,1.0,0.0,0.0,0.0,0.0,0.0,1.0,0.0,0.0
106.7292928,10.7998829,8285,0.0,1.0,0.0,0.0,0.0,0.0,0.0,1.0,0.0,0.0
106.7312787,10.7970181,8286,0.0,1.0,0.0,0.0,0.0,0.0,0.0,1.0,0.0,0.0
106.7357604,10.7997461,8287,0.0,1.0,0.0,0.0,0.0,0.0,0.0,1.0,0.0,0.0
106.7305713,10.8006707,8288,0.0,1.0,0.0,0.0,0.0,0.0,0.0,1.0,0.0,0.0
106.7324889,10.8008263,8289,0.0,1.0,0.0,0.0,0.0,0.0,0.0,1.0,0.0,0.0
106.757897,10.8188455,8290,0.0,1.0,0.0,0.0,0.0,0.0,0.0,1.0,0.0,0.0
106.7579585,10.8177785,8291,0.0,1.0,0.0,0.0,0.0,0.0,0.0,1.0,0.0,0.0
106.7580306,10.8197555,8292,0.0,1.0,0.0,0.0,0.0,0.0,0.0,1.0,0.0,0.0
106.7580069,10.8195857,8293,0.0,1.0,0.0,0.0,0.0,0.0,0.0,1.0,0.0,0.0
106.7582527,10.8188716,8294,0.0,1.0,0.0,0.0,0.0,0.0,0.0,1.0,0.0,0.0
106.620154,10.810356,8295,0.0,1.0,0.0,0.0,0.0,0.0,0.0,1.0,0.0,0.0
106.6200842,10.8103824,8296,0.0,1.0,0.0,0.0,0.0,0.0,0.0,1.0,0.0,0.0
106.6228898,10.813438,8297,0.0,1.0,0.0,0.0,0.0,0.0,0.0,1.0,0.0,0.0
106.7439955,10.8017112,8298,0.0,1.0,0.0,0.0,0.0,0.0,0.0,1.0,0.0,0.0
106.7062119,10.770773,8299,0.0,1.0,0.0,0.0,0.0,0.0,0.0,1.0,0.0,0.0
106.600948,10.7230526,8300,0.0,1.0,0.0,0.0,0.0,0.0,0.0,1.0,0.0,0.0
106.748236,10.8029632,8301,0.0,1.0,0.0,0.0,0.0,0.0,0.0,1.0,0.0,0.0
106.7447505,10.8023542,8302,0.0,1.0,0.0,0.0,0.0,0.0,0.0,1.0,0.0,0.0
106.7458936,10.8016819,8303,0.0,1.0,0.0,0.0,0.0,0.0,0.0,1.0,0.0,0.0
106.7577124,10.8164637,8304,0.0,1.0,0.0,0.0,0.0,0.0,0.0,1.0,0.0,0.0
106.743687,10.8021552,8305,0.0,1.0,0.0,0.0,0.0,0.0,0.0,1.0,0.0,0.0
106.6063192,10.8862336,8306,0.0,1.0,0.0,0.0,0.0,0.0,0.0,1.0,0.0,0.0
106.6058032,10.8849417,8307,0.0,1.0,0.0,0.0,0.0,0.0,0.0,1.0,0.0,0.0
106.6071675,10.886019,8308,0.0,1.0,0.0,0.0,0.0,0.0,0.0,1.0,0.0,0.0
106.6072653,10.885995,8309,0.0,1.0,0.0,0.0,0.0,0.0,0.0,1.0,0.0,0.0
106.6068084,10.8861069,8310,0.0,1.0,0.0,0.0,0.0,0.0,0.0,1.0,0.0,0.0
106.756146,10.8100275,8311,0.0,1.0,0.0,0.0,0.0,0.0,0.0,1.0,0.0,0.0
106.7562184,10.8103199,8312,0.0,1.0,0.0,0.0,0.0,0.0,0.0,1.0,0.0,0.0
106.7564088,10.8110971,8313,0.0,1.0,0.0,0.0,0.0,0.0,0.0,1.0,0.0,0.0
106.7565241,10.8117979,8314,0.0,1.0,0.0,0.0,0.0,0.0,0.0,1.0,0.0,0.0
106.7566153,10.8123301,8315,0.0,1.0,0.0,0.0,0.0,0.0,0.0,1.0,0.0,0.0
106.7566878,10.8127437,8316,0.0,1.0,0.0,0.0,0.0,0.0,0.0,1.0,0.0,0.0
106.7568326,10.8134472,8317,0.0,1.0,0.0,0.0,0.0,0.0,0.0,1.0,0.0,0.0
106.7569318,10.8139425,8318,0.0,1.0,0.0,0.0,0.0,0.0,0.0,1.0,0.0,0.0
106.7570177,10.8145168,8319,0.0,1.0,0.0,0.0,0.0,0.0,0.0,1.0,0.0,0.0
106.7570445,10.8146907,8320,0.0,1.0,0.0,0.0,0.0,0.0,0.0,1.0,0.0,0.0
106.7571384,10.815099,8321,0.0,1.0,0.0,0.0,0.0,0.0,0.0,1.0,0.0,0.0
106.7573234,10.8159526,8322,0.0,1.0,0.0,0.0,0.0,0.0,0.0,1.0,0.0,0.0
106.7574012,10.8164242,8323,0.0,1.0,0.0,0.0,0.0,0.0,0.0,1.0,0.0,0.0
106.7575031,10.8170117,8324,0.0,1.0,0.0,0.0,0.0,0.0,0.0,1.0,0.0,0.0
106.7575595,10.8172726,8325,0.0,1.0,0.0,0.0,0.0,0.0,0.0,1.0,0.0,0.0
106.7576587,10.8177995,8326,0.0,1.0,0.0,0.0,0.0,0.0,0.0,1.0,0.0,0.0
106.7577016,10.8180787,8327,0.0,1.0,0.0,0.0,0.0,0.0,0.0,1.0,0.0,0.0
106.7578741,10.8183499,8328,0.0,1.0,0.0,0.0,0.0,0.0,0.0,1.0,0.0,0.0
106.605343,10.8865254,8329,0.0,1.0,0.0,0.0,0.0,0.0,0.0,1.0,0.0,0.0
106.6043463,10.8863661,8330,0.0,1.0,0.0,0.0,0.0,0.0,0.0,1.0,0.0,0.0
106.6289808,10.8511172,8331,0.0,1.0,0.0,0.0,0.0,0.0,0.0,1.0,0.0,0.0
106.6288482,10.8511266,8332,0.0,1.0,0.0,0.0,0.0,0.0,0.0,1.0,0.0,0.0
106.6606113,10.8524661,8333,0.0,1.0,0.0,0.0,0.0,0.0,0.0,1.0,0.0,0.0
106.6998347,10.7672562,8334,0.0,1.0,0.0,0.0,0.0,0.0,0.0,1.0,0.0,0.0
106.6997404,10.7673072,8335,0.0,1.0,0.0,0.0,0.0,0.0,0.0,1.0,0.0,0.0
106.6004668,10.8133227,8336,0.0,1.0,0.0,0.0,0.0,0.0,0.0,1.0,0.0,0.0
106.6269436,10.8176257,8337,0.0,1.0,0.0,0.0,0.0,0.0,0.0,1.0,0.0,0.0
106.6277657,10.818349,8338,0.0,1.0,0.0,0.0,0.0,0.0,0.0,1.0,0.0,0.0
106.62442,10.8155179,8339,0.0,1.0,0.0,0.0,0.0,0.0,0.0,1.0,0.0,0.0
106.6245997,10.8155285,8340,0.0,1.0,0.0,0.0,0.0,0.0,0.0,1.0,0.0,0.0
106.6272987,10.8179323,8341,0.0,1.0,0.0,0.0,0.0,0.0,0.0,1.0,0.0,0.0
106.8557067,10.785892,8342,0.0,1.0,0.0,0.0,0.0,0.0,0.0,1.0,0.0,0.0
106.6357356,10.8161482,8343,0.0,1.0,0.0,0.0,0.0,0.0,0.0,1.0,0.0,0.0
106.6352352,10.8156675,8344,0.0,1.0,0.0,0.0,0.0,0.0,0.0,1.0,0.0,0.0
106.655946,10.8548517,8345,0.0,1.0,0.0,0.0,0.0,0.0,0.0,1.0,0.0,0.0
106.6558917,10.8549583,8346,0.0,1.0,0.0,0.0,0.0,0.0,0.0,1.0,0.0,0.0
106.6558385,10.8550271,8347,0.0,1.0,0.0,0.0,0.0,0.0,0.0,1.0,0.0,0.0
106.655734,10.8551425,8348,0.0,1.0,0.0,0.0,0.0,0.0,0.0,1.0,0.0,0.0
106.6366414,10.8169341,8349,0.0,1.0,0.0,0.0,0.0,0.0,0.0,1.0,0.0,0.0
106.6367441,10.8170337,8350,0.0,1.0,0.0,0.0,0.0,0.0,0.0,1.0,0.0,0.0
106.6564521,10.8545783,8351,0.0,1.0,0.0,0.0,0.0,0.0,0.0,1.0,0.0,0.0
106.6029143,10.8249497,8352,0.0,1.0,0.0,0.0,0.0,0.0,0.0,1.0,0.0,0.0
106.7130777,10.8168491,8353,0.0,1.0,0.0,0.0,0.0,0.0,0.0,1.0,0.0,0.0
106.7122637,10.8172712,8354,0.0,1.0,0.0,0.0,0.0,0.0,0.0,1.0,0.0,0.0
106.711287,10.8166219,8355,0.0,1.0,0.0,0.0,0.0,0.0,0.0,1.0,0.0,0.0
106.7130049,10.8162813,8356,0.0,1.0,0.0,0.0,0.0,0.0,0.0,1.0,0.0,0.0
106.712975,10.8160483,8357,0.0,1.0,0.0,0.0,0.0,0.0,0.0,1.0,0.0,0.0
106.6794064,10.8544354,8358,0.0,1.0,0.0,0.0,0.0,0.0,0.0,1.0,0.0,0.0
106.6788719,10.8515952,8359,0.0,1.0,0.0,0.0,0.0,0.0,0.0,1.0,0.0,0.0
106.6792863,10.8542295,8360,0.0,1.0,0.0,0.0,0.0,0.0,0.0,1.0,0.0,0.0
106.6789858,10.8522961,8361,0.0,1.0,0.0,0.0,0.0,0.0,0.0,1.0,0.0,0.0
106.6791223,10.8531359,8362,0.0,1.0,0.0,0.0,0.0,0.0,0.0,1.0,0.0,0.0
106.6695661,10.8142186,8363,0.0,1.0,0.0,0.0,0.0,0.0,0.0,1.0,0.0,0.0
106.6737435,10.8153693,8364,0.0,1.0,0.0,0.0,0.0,0.0,0.0,1.0,0.0,0.0
106.7105161,10.815319,8365,0.0,1.0,0.0,0.0,0.0,0.0,0.0,1.0,0.0,0.0
106.7124655,10.8116008,8366,0.0,1.0,0.0,0.0,0.0,0.0,0.0,1.0,0.0,0.0
106.7128989,10.8153917,8367,0.0,1.0,0.0,0.0,0.0,0.0,0.0,1.0,0.0,0.0
106.6058968,10.8206311,8368,0.0,1.0,0.0,0.0,0.0,0.0,0.0,1.0,0.0,0.0
106.7560837,10.8099683,8369,0.0,1.0,0.0,0.0,0.0,0.0,0.0,1.0,0.0,0.0
106.7128035,10.8143846,8370,0.0,1.0,0.0,0.0,0.0,0.0,0.0,1.0,0.0,0.0
106.7133795,10.8106673,8371,0.0,1.0,0.0,0.0,0.0,0.0,0.0,1.0,0.0,0.0
106.7125621,10.8125091,8372,0.0,1.0,0.0,0.0,0.0,0.0,0.0,1.0,0.0,0.0
106.6785418,10.848228,8373,0.0,1.0,0.0,0.0,0.0,0.0,0.0,1.0,0.0,0.0
106.6786998,10.8503475,8374,0.0,1.0,0.0,0.0,0.0,0.0,0.0,1.0,0.0,0.0
106.6786699,10.8152416,8375,0.0,1.0,0.0,0.0,0.0,0.0,0.0,1.0,0.0,0.0
106.6809884,10.8169902,8376,0.0,1.0,0.0,0.0,0.0,0.0,0.0,1.0,0.0,0.0
106.6814029,10.8177209,8377,0.0,1.0,0.0,0.0,0.0,0.0,0.0,1.0,0.0,0.0
106.6811656,10.8174287,8378,0.0,1.0,0.0,0.0,0.0,0.0,0.0,1.0,0.0,0.0
106.6808429,10.816803,8379,0.0,1.0,0.0,0.0,0.0,0.0,0.0,1.0,0.0,0.0
106.67973,10.815413,8380,0.0,1.0,0.0,0.0,0.0,0.0,0.0,1.0,0.0,0.0
106.6799914,10.8147237,8381,0.0,1.0,0.0,0.0,0.0,0.0,0.0,1.0,0.0,0.0
106.6785067,10.8143903,8382,0.0,1.0,0.0,0.0,0.0,0.0,0.0,1.0,0.0,0.0
106.6784343,10.8144404,8383,0.0,1.0,0.0,0.0,0.0,0.0,0.0,1.0,0.0,0.0
106.7031573,10.7965394,8384,0.0,1.0,0.0,0.0,0.0,0.0,0.0,1.0,0.0,0.0
106.7026825,10.7917368,8385,0.0,1.0,0.0,0.0,0.0,0.0,0.0,1.0,0.0,0.0
106.6060172,10.7274138,8386,0.0,1.0,0.0,0.0,0.0,0.0,0.0,1.0,0.0,0.0
106.6064392,10.7276957,8387,0.0,1.0,0.0,0.0,0.0,0.0,0.0,1.0,0.0,0.0
106.6050893,10.7267939,8388,0.0,1.0,0.0,0.0,0.0,0.0,0.0,1.0,0.0,0.0
106.605701,10.7272025,8389,0.0,1.0,0.0,0.0,0.0,0.0,0.0,1.0,0.0,0.0
106.6835557,10.8166342,8390,0.0,1.0,0.0,0.0,0.0,0.0,0.0,1.0,0.0,0.0
106.6823198,10.8187009,8391,0.0,1.0,0.0,0.0,0.0,0.0,0.0,1.0,0.0,0.0
106.6859367,10.8175802,8392,0.0,1.0,0.0,0.0,0.0,0.0,0.0,1.0,0.0,0.0
106.6859888,10.8180497,8393,0.0,1.0,0.0,0.0,0.0,0.0,0.0,1.0,0.0,0.0
106.6861819,10.8179812,8394,0.0,1.0,0.0,0.0,0.0,0.0,0.0,1.0,0.0,0.0
106.686438,10.8181117,8395,0.0,1.0,0.0,0.0,0.0,0.0,0.0,1.0,0.0,0.0
106.685997,10.8177146,8396,0.0,1.0,0.0,0.0,0.0,0.0,0.0,1.0,0.0,0.0
106.6857246,10.8175676,8397,0.0,1.0,0.0,0.0,0.0,0.0,0.0,1.0,0.0,0.0
106.6854114,10.8172745,8398,0.0,1.0,0.0,0.0,0.0,0.0,0.0,1.0,0.0,0.0
106.6846972,10.8168627,8399,0.0,1.0,0.0,0.0,0.0,0.0,0.0,1.0,0.0,0.0
106.6816806,10.8150883,8400,0.0,1.0,0.0,0.0,0.0,0.0,0.0,1.0,0.0,0.0
106.6824814,10.8155186,8401,0.0,1.0,0.0,0.0,0.0,0.0,0.0,1.0,0.0,0.0
106.68498,10.8174888,8402,0.0,1.0,0.0,0.0,0.0,0.0,0.0,1.0,0.0,0.0
106.6849934,10.8173518,8403,0.0,1.0,0.0,0.0,0.0,0.0,0.0,1.0,0.0,0.0
106.6849075,10.8173044,8404,0.0,1.0,0.0,0.0,0.0,0.0,0.0,1.0,0.0,0.0
106.6693215,10.8131626,8405,0.0,1.0,0.0,0.0,0.0,0.0,0.0,1.0,0.0,0.0
106.5889495,10.8813309,8406,0.0,1.0,0.0,0.0,0.0,0.0,0.0,1.0,0.0,0.0
106.5895615,10.8804502,8407,0.0,1.0,0.0,0.0,0.0,0.0,0.0,1.0,0.0,0.0
106.5890708,10.8811624,8408,0.0,1.0,0.0,0.0,0.0,0.0,0.0,1.0,0.0,0.0
106.5875658,10.8832699,8409,0.0,1.0,0.0,0.0,0.0,0.0,0.0,1.0,0.0,0.0
106.5876492,10.88476,8410,0.0,1.0,0.0,0.0,0.0,0.0,0.0,1.0,0.0,0.0
106.6997329,10.8218131,8411,0.0,1.0,0.0,0.0,0.0,0.0,0.0,1.0,0.0,0.0
106.6704628,10.8465515,8412,0.0,1.0,0.0,0.0,0.0,0.0,0.0,1.0,0.0,0.0
106.670798,10.8462994,8413,0.0,1.0,0.0,0.0,0.0,0.0,0.0,1.0,0.0,0.0
106.7127454,10.7924453,8414,0.0,1.0,0.0,0.0,0.0,0.0,0.0,1.0,0.0,0.0
106.7095921,10.8009437,8415,0.0,1.0,0.0,0.0,0.0,0.0,0.0,1.0,0.0,0.0
106.7094051,10.8034541,8416,0.0,1.0,0.0,0.0,0.0,0.0,0.0,1.0,0.0,0.0
106.6886074,10.816195,8417,0.0,1.0,0.0,0.0,0.0,0.0,0.0,1.0,0.0,0.0
106.689287,10.818085,8418,0.0,1.0,0.0,0.0,0.0,0.0,0.0,1.0,0.0,0.0
106.6881481,10.8185975,8419,0.0,1.0,0.0,0.0,0.0,0.0,0.0,1.0,0.0,0.0
106.6029441,10.7253195,8420,0.0,1.0,0.0,0.0,0.0,0.0,0.0,1.0,0.0,0.0
106.6948487,10.8185056,8421,0.0,1.0,0.0,0.0,0.0,0.0,0.0,1.0,0.0,0.0
106.6947663,10.8187216,8422,0.0,1.0,0.0,0.0,0.0,0.0,0.0,1.0,0.0,0.0
106.6693379,10.8472562,8423,0.0,1.0,0.0,0.0,0.0,0.0,0.0,1.0,0.0,0.0
106.6684248,10.8478011,8424,0.0,1.0,0.0,0.0,0.0,0.0,0.0,1.0,0.0,0.0
106.6654186,10.8495439,8425,0.0,1.0,0.0,0.0,0.0,0.0,0.0,1.0,0.0,0.0
106.665903,10.849249,8426,0.0,1.0,0.0,0.0,0.0,0.0,0.0,1.0,0.0,0.0
106.6663834,10.8489385,8427,0.0,1.0,0.0,0.0,0.0,0.0,0.0,1.0,0.0,0.0
106.7652891,10.7836471,8428,0.0,1.0,0.0,0.0,0.0,0.0,0.0,1.0,0.0,0.0
106.7659642,10.7769125,8429,0.0,1.0,0.0,0.0,0.0,0.0,0.0,1.0,0.0,0.0
106.7191502,10.7960703,8430,0.0,1.0,0.0,0.0,0.0,0.0,0.0,1.0,0.0,0.0
106.6949297,10.8183141,8431,0.0,1.0,0.0,0.0,0.0,0.0,0.0,1.0,0.0,0.0
106.6951645,10.8178055,8432,0.0,1.0,0.0,0.0,0.0,0.0,0.0,1.0,0.0,0.0
106.6952383,10.8164768,8433,0.0,1.0,0.0,0.0,0.0,0.0,0.0,1.0,0.0,0.0
106.7307679,10.794037,8434,0.0,1.0,0.0,0.0,0.0,0.0,0.0,1.0,0.0,0.0
106.6693689,10.8472382,8435,0.0,1.0,0.0,0.0,0.0,0.0,0.0,1.0,0.0,0.0
106.6680716,10.8480252,8436,0.0,1.0,0.0,0.0,0.0,0.0,0.0,1.0,0.0,0.0
106.7646391,10.7775374,8437,0.0,1.0,0.0,0.0,0.0,0.0,0.0,1.0,0.0,0.0
106.7303905,10.7917666,8438,0.0,1.0,0.0,0.0,0.0,0.0,0.0,1.0,0.0,0.0
106.6069741,10.8837562,8439,0.0,1.0,0.0,0.0,0.0,0.0,0.0,1.0,0.0,0.0
106.6064985,10.884227,8440,0.0,1.0,0.0,0.0,0.0,0.0,0.0,1.0,0.0,0.0
106.699208,10.8221254,8441,0.0,1.0,0.0,0.0,0.0,0.0,0.0,1.0,0.0,0.0
106.6924461,10.8198928,8442,0.0,1.0,0.0,0.0,0.0,0.0,0.0,1.0,0.0,0.0
106.6989116,10.8184238,8443,0.0,1.0,0.0,0.0,0.0,0.0,0.0,1.0,0.0,0.0
106.6985871,10.8181643,8444,0.0,1.0,0.0,0.0,0.0,0.0,0.0,1.0,0.0,0.0
106.6954313,10.8206874,8445,0.0,1.0,0.0,0.0,0.0,0.0,0.0,1.0,0.0,0.0
106.6916713,10.8196919,8446,0.0,1.0,0.0,0.0,0.0,0.0,0.0,1.0,0.0,0.0
106.6937653,10.8212837,8447,0.0,1.0,0.0,0.0,0.0,0.0,0.0,1.0,0.0,0.0
106.6936545,10.8215292,8448,0.0,1.0,0.0,0.0,0.0,0.0,0.0,1.0,0.0,0.0
106.6059457,10.8232027,8449,0.0,1.0,0.0,0.0,0.0,0.0,0.0,1.0,0.0,0.0
106.6106839,10.8842093,8450,0.0,1.0,0.0,0.0,0.0,0.0,0.0,1.0,0.0,0.0
106.6090409,10.8803536,8451,0.0,1.0,0.0,0.0,0.0,0.0,0.0,1.0,0.0,0.0
106.6073309,10.8833914,8452,0.0,1.0,0.0,0.0,0.0,0.0,0.0,1.0,0.0,0.0
106.6114905,10.8838313,8453,0.0,1.0,0.0,0.0,0.0,0.0,0.0,1.0,0.0,0.0
106.6100852,10.8845891,8454,0.0,1.0,0.0,0.0,0.0,0.0,0.0,1.0,0.0,0.0
106.6087548,10.8808977,8455,0.0,1.0,0.0,0.0,0.0,0.0,0.0,1.0,0.0,0.0
106.6084271,10.8815917,8456,0.0,1.0,0.0,0.0,0.0,0.0,0.0,1.0,0.0,0.0
106.6079617,10.8822319,8457,0.0,1.0,0.0,0.0,0.0,0.0,0.0,1.0,0.0,0.0
106.6082213,10.8819986,8458,0.0,1.0,0.0,0.0,0.0,0.0,0.0,1.0,0.0,0.0
106.6086008,10.8812383,8459,0.0,1.0,0.0,0.0,0.0,0.0,0.0,1.0,0.0,0.0
106.6087171,10.8809828,8460,0.0,1.0,0.0,0.0,0.0,0.0,0.0,1.0,0.0,0.0
106.6076642,10.8830186,8461,0.0,1.0,0.0,0.0,0.0,0.0,0.0,1.0,0.0,0.0
106.6065128,10.8228322,8462,0.0,1.0,0.0,0.0,0.0,0.0,0.0,1.0,0.0,0.0
106.6067457,10.8226801,8463,0.0,1.0,0.0,0.0,0.0,0.0,0.0,1.0,0.0,0.0
106.6066965,10.8226043,8464,0.0,1.0,0.0,0.0,0.0,0.0,0.0,1.0,0.0,0.0
106.6085312,10.8746132,8465,0.0,1.0,0.0,0.0,0.0,0.0,0.0,1.0,0.0,0.0
106.6088444,10.8748532,8466,0.0,1.0,0.0,0.0,0.0,0.0,0.0,1.0,0.0,0.0
106.6897017,10.8188423,8467,0.0,1.0,0.0,0.0,0.0,0.0,0.0,1.0,0.0,0.0
106.690881,10.8199158,8468,0.0,1.0,0.0,0.0,0.0,0.0,0.0,1.0,0.0,0.0
106.6934838,10.8220722,8469,0.0,1.0,0.0,0.0,0.0,0.0,0.0,1.0,0.0,0.0
106.6894024,10.8194815,8470,0.0,1.0,0.0,0.0,0.0,0.0,0.0,1.0,0.0,0.0
106.689343,10.8190475,8471,0.0,1.0,0.0,0.0,0.0,0.0,0.0,1.0,0.0,0.0
106.6896108,10.8187034,8472,0.0,1.0,0.0,0.0,0.0,0.0,0.0,1.0,0.0,0.0
106.6884882,10.819163,8473,0.0,1.0,0.0,0.0,0.0,0.0,0.0,1.0,0.0,0.0
106.6915288,10.8200917,8474,0.0,1.0,0.0,0.0,0.0,0.0,0.0,1.0,0.0,0.0
106.6093605,10.8797153,8475,0.0,1.0,0.0,0.0,0.0,0.0,0.0,1.0,0.0,0.0
106.6093064,10.8798225,8476,0.0,1.0,0.0,0.0,0.0,0.0,0.0,1.0,0.0,0.0
106.6966206,10.8529471,8477,0.0,1.0,0.0,0.0,0.0,0.0,0.0,1.0,0.0,0.0
106.6786297,10.8482105,8478,0.0,1.0,0.0,0.0,0.0,0.0,0.0,1.0,0.0,0.0
106.6975159,10.8503866,8479,0.0,1.0,0.0,0.0,0.0,0.0,0.0,1.0,0.0,0.0
106.6931945,10.8509244,8480,0.0,1.0,0.0,0.0,0.0,0.0,0.0,1.0,0.0,0.0
106.6838073,10.8207603,8481,0.0,1.0,0.0,0.0,0.0,0.0,0.0,1.0,0.0,0.0
106.6847245,10.8219587,8482,0.0,1.0,0.0,0.0,0.0,0.0,0.0,1.0,0.0,0.0
106.6850057,10.8223282,8483,0.0,1.0,0.0,0.0,0.0,0.0,0.0,1.0,0.0,0.0
106.682827,10.8193462,8484,0.0,1.0,0.0,0.0,0.0,0.0,0.0,1.0,0.0,0.0
106.6651351,10.8126847,8485,0.0,1.0,0.0,0.0,0.0,0.0,0.0,1.0,0.0,0.0
106.6654613,10.8134928,8486,0.0,1.0,0.0,0.0,0.0,0.0,0.0,1.0,0.0,0.0
106.6660039,10.8139675,8487,0.0,1.0,0.0,0.0,0.0,0.0,0.0,1.0,0.0,0.0
106.6659564,10.8134622,8488,0.0,1.0,0.0,0.0,0.0,0.0,0.0,1.0,0.0,0.0
106.6110825,10.8840281,8489,0.0,1.0,0.0,0.0,0.0,0.0,0.0,1.0,0.0,0.0
106.7012035,10.8222176,8490,0.0,1.0,0.0,0.0,0.0,0.0,0.0,1.0,0.0,0.0
106.6973305,10.8215114,8491,0.0,1.0,0.0,0.0,0.0,0.0,0.0,1.0,0.0,0.0
106.6788203,10.8217486,8492,0.0,1.0,0.0,0.0,0.0,0.0,0.0,1.0,0.0,0.0
106.5911439,10.878204,8493,0.0,1.0,0.0,0.0,0.0,0.0,0.0,1.0,0.0,0.0
106.5916776,10.8774435,8494,0.0,1.0,0.0,0.0,0.0,0.0,0.0,1.0,0.0,0.0
106.8181682,10.8862108,8495,0.0,1.0,0.0,0.0,0.0,0.0,0.0,1.0,0.0,0.0
106.8175126,10.8853104,8496,0.0,1.0,0.0,0.0,0.0,0.0,0.0,1.0,0.0,0.0
106.818881,10.8871926,8497,0.0,1.0,0.0,0.0,0.0,0.0,0.0,1.0,0.0,0.0
106.8187435,10.8870034,8498,0.0,1.0,0.0,0.0,0.0,0.0,0.0,1.0,0.0,0.0
106.5914191,10.8778156,8499,0.0,1.0,0.0,0.0,0.0,0.0,0.0,1.0,0.0,0.0
106.5913288,10.8777391,8500,0.0,1.0,0.0,0.0,0.0,0.0,0.0,1.0,0.0,0.0
106.591894,10.8771333,8501,0.0,1.0,0.0,0.0,0.0,0.0,0.0,1.0,0.0,0.0
106.6053707,10.8197247,8502,0.0,1.0,0.0,0.0,0.0,0.0,0.0,1.0,0.0,0.0
106.605231,10.8194828,8503,0.0,1.0,0.0,0.0,0.0,0.0,0.0,1.0,0.0,0.0
106.6439339,10.8515609,8504,0.0,1.0,0.0,0.0,0.0,0.0,0.0,1.0,0.0,0.0
106.630365,10.8208638,8505,0.0,1.0,0.0,0.0,0.0,0.0,0.0,1.0,0.0,0.0
106.7592373,10.8230258,8506,0.0,1.0,0.0,0.0,0.0,0.0,0.0,1.0,0.0,0.0
106.7989349,10.888993,8507,0.0,1.0,0.0,0.0,0.0,0.0,0.0,1.0,0.0,0.0
106.7988382,10.8889654,8508,0.0,1.0,0.0,0.0,0.0,0.0,0.0,1.0,0.0,0.0
106.5950621,10.8296291,8509,0.0,1.0,0.0,0.0,0.0,0.0,0.0,1.0,0.0,0.0
106.7081103,10.7845093,8510,0.0,1.0,0.0,0.0,0.0,0.0,0.0,1.0,0.0,0.0
106.7031839,10.785225,8511,0.0,1.0,0.0,0.0,0.0,0.0,0.0,1.0,0.0,0.0
106.6820443,10.8523475,8512,0.0,1.0,0.0,0.0,0.0,0.0,0.0,1.0,0.0,0.0
106.5949971,10.8295371,8513,0.0,1.0,0.0,0.0,0.0,0.0,0.0,1.0,0.0,0.0
106.7993293,10.8874522,8514,0.0,1.0,0.0,0.0,0.0,0.0,0.0,1.0,0.0,0.0
106.7993614,10.8873333,8515,0.0,1.0,0.0,0.0,0.0,0.0,0.0,1.0,0.0,0.0
106.7992661,10.8873021,8516,0.0,1.0,0.0,0.0,0.0,0.0,0.0,1.0,0.0,0.0
106.7992322,10.8874276,8517,0.0,1.0,0.0,0.0,0.0,0.0,0.0,1.0,0.0,0.0
106.7205208,10.7820242,8518,0.0,1.0,0.0,0.0,0.0,0.0,0.0,1.0,0.0,0.0
106.7203399,10.7820866,8519,0.0,1.0,0.0,0.0,0.0,0.0,0.0,1.0,0.0,0.0
106.7248917,10.7747086,8520,0.0,1.0,0.0,0.0,0.0,0.0,0.0,1.0,0.0,0.0
106.7293344,10.7850988,8521,0.0,1.0,0.0,0.0,0.0,0.0,0.0,1.0,0.0,0.0
106.7598969,10.8246001,8522,0.0,1.0,0.0,0.0,0.0,0.0,0.0,1.0,0.0,0.0
106.7611054,10.8264828,8523,0.0,1.0,0.0,0.0,0.0,0.0,0.0,1.0,0.0,0.0
106.7595797,10.8237752,8524,0.0,1.0,0.0,0.0,0.0,0.0,0.0,1.0,0.0,0.0
106.7595255,10.8236539,8525,0.0,1.0,0.0,0.0,0.0,0.0,0.0,1.0,0.0,0.0
106.7600772,10.8249599,8526,0.0,1.0,0.0,0.0,0.0,0.0,0.0,1.0,0.0,0.0
106.761269,10.8264512,8527,0.0,1.0,0.0,0.0,0.0,0.0,0.0,1.0,0.0,0.0
106.7594562,10.8242042,8528,0.0,1.0,0.0,0.0,0.0,0.0,0.0,1.0,0.0,0.0
106.6318551,10.8497912,8529,0.0,1.0,0.0,0.0,0.0,0.0,0.0,1.0,0.0,0.0
106.632011,10.849868,8530,0.0,1.0,0.0,0.0,0.0,0.0,0.0,1.0,0.0,0.0
106.6320395,10.8498438,8531,0.0,1.0,0.0,0.0,0.0,0.0,0.0,1.0,0.0,0.0
106.6929352,10.851854,8532,0.0,1.0,0.0,0.0,0.0,0.0,0.0,1.0,0.0,0.0
106.6911887,10.8519858,8533,0.0,1.0,0.0,0.0,0.0,0.0,0.0,1.0,0.0,0.0
106.6351522,10.8474634,8534,0.0,1.0,0.0,0.0,0.0,0.0,0.0,1.0,0.0,0.0
106.6351545,10.8475959,8535,0.0,1.0,0.0,0.0,0.0,0.0,0.0,1.0,0.0,0.0
106.631134,10.8501473,8536,0.0,1.0,0.0,0.0,0.0,0.0,0.0,1.0,0.0,0.0
106.6308139,10.8502828,8537,0.0,1.0,0.0,0.0,0.0,0.0,0.0,1.0,0.0,0.0
106.6235678,10.8486768,8538,0.0,1.0,0.0,0.0,0.0,0.0,0.0,1.0,0.0,0.0
106.7174508,10.826824,8539,0.0,1.0,0.0,0.0,0.0,0.0,0.0,1.0,0.0,0.0
106.7172392,10.8266289,8540,0.0,1.0,0.0,0.0,0.0,0.0,0.0,1.0,0.0,0.0
106.6116917,10.8485268,8541,0.0,1.0,0.0,0.0,0.0,0.0,0.0,1.0,0.0,0.0
106.6122332,10.8476675,8542,0.0,1.0,0.0,0.0,0.0,0.0,0.0,1.0,0.0,0.0
106.774906,10.8874897,8543,0.0,1.0,0.0,0.0,0.0,0.0,0.0,1.0,0.0,0.0
106.7761239,10.8882135,8544,0.0,1.0,0.0,0.0,0.0,0.0,0.0,1.0,0.0,0.0
106.7740864,10.8869014,8545,0.0,1.0,0.0,0.0,0.0,0.0,0.0,1.0,0.0,0.0
106.6253152,10.8274528,8546,0.0,1.0,0.0,0.0,0.0,0.0,0.0,1.0,0.0,0.0
106.6252381,10.8273891,8547,0.0,1.0,0.0,0.0,0.0,0.0,0.0,1.0,0.0,0.0
106.8037053,10.8294096,8548,0.0,1.0,0.0,0.0,0.0,0.0,0.0,1.0,0.0,0.0
106.7167203,10.826345,8549,0.0,1.0,0.0,0.0,0.0,0.0,0.0,1.0,0.0,0.0
106.7154147,10.8260276,8550,0.0,1.0,0.0,0.0,0.0,0.0,0.0,1.0,0.0,0.0
106.7140593,10.8247739,8551,0.0,1.0,0.0,0.0,0.0,0.0,0.0,1.0,0.0,0.0
106.7150493,10.8259101,8552,0.0,1.0,0.0,0.0,0.0,0.0,0.0,1.0,0.0,0.0
106.7109104,10.8249358,8553,0.0,1.0,0.0,0.0,0.0,0.0,0.0,1.0,0.0,0.0
106.7111697,10.8252278,8554,0.0,1.0,0.0,0.0,0.0,0.0,0.0,1.0,0.0,0.0
106.7143508,10.8261862,8555,0.0,1.0,0.0,0.0,0.0,0.0,0.0,1.0,0.0,0.0
106.7052404,10.823279,8556,0.0,1.0,0.0,0.0,0.0,0.0,0.0,1.0,0.0,0.0
106.7007746,10.82211,8557,0.0,1.0,0.0,0.0,0.0,0.0,0.0,1.0,0.0,0.0
106.7002326,10.8224072,8558,0.0,1.0,0.0,0.0,0.0,0.0,0.0,1.0,0.0,0.0
106.7382056,10.8873863,8559,0.0,1.0,0.0,0.0,0.0,0.0,0.0,1.0,0.0,0.0
106.7143495,10.8275153,8560,0.0,1.0,0.0,0.0,0.0,0.0,0.0,1.0,0.0,0.0
106.6799069,10.8259802,8561,0.0,1.0,0.0,0.0,0.0,0.0,0.0,1.0,0.0,0.0
106.6813567,10.8242303,8562,0.0,1.0,0.0,0.0,0.0,0.0,0.0,1.0,0.0,0.0
106.6799562,10.8261652,8563,0.0,1.0,0.0,0.0,0.0,0.0,0.0,1.0,0.0,0.0
106.6799709,10.8261294,8564,0.0,1.0,0.0,0.0,0.0,0.0,0.0,1.0,0.0,0.0
106.6800118,10.8261973,8565,0.0,1.0,0.0,0.0,0.0,0.0,0.0,1.0,0.0,0.0
106.6801335,10.8262602,8566,0.0,1.0,0.0,0.0,0.0,0.0,0.0,1.0,0.0,0.0
106.6794606,10.8266931,8567,0.0,1.0,0.0,0.0,0.0,0.0,0.0,1.0,0.0,0.0
106.7232354,10.8293996,8568,0.0,1.0,0.0,0.0,0.0,0.0,0.0,1.0,0.0,0.0
106.6864779,10.8242011,8569,0.0,1.0,0.0,0.0,0.0,0.0,0.0,1.0,0.0,0.0
106.6820246,10.8230607,8570,0.0,1.0,0.0,0.0,0.0,0.0,0.0,1.0,0.0,0.0
106.7201885,10.8277592,8571,0.0,1.0,0.0,0.0,0.0,0.0,0.0,1.0,0.0,0.0
106.7201811,10.8275652,8572,0.0,1.0,0.0,0.0,0.0,0.0,0.0,1.0,0.0,0.0
106.7254747,10.8312009,8573,0.0,1.0,0.0,0.0,0.0,0.0,0.0,1.0,0.0,0.0
106.6889266,10.8259539,8574,0.0,1.0,0.0,0.0,0.0,0.0,0.0,1.0,0.0,0.0
106.6903061,10.8253872,8575,0.0,1.0,0.0,0.0,0.0,0.0,0.0,1.0,0.0,0.0
106.6977061,10.8877036,8576,0.0,1.0,0.0,0.0,0.0,0.0,0.0,1.0,0.0,0.0
106.6982027,10.8876954,8577,0.0,1.0,0.0,0.0,0.0,0.0,0.0,1.0,0.0,0.0
106.6998839,10.8877621,8578,0.0,1.0,0.0,0.0,0.0,0.0,0.0,1.0,0.0,0.0
106.6941741,10.8343632,8579,0.0,1.0,0.0,0.0,0.0,0.0,0.0,1.0,0.0,0.0
106.6862389,10.8280621,8580,0.0,1.0,0.0,0.0,0.0,0.0,0.0,1.0,0.0,0.0
106.7001334,10.7819965,8581,0.0,1.0,0.0,0.0,0.0,0.0,0.0,1.0,0.0,0.0
106.7005934,10.8882744,8582,0.0,1.0,0.0,0.0,0.0,0.0,0.0,1.0,0.0,0.0
106.6990847,10.7757787,8583,0.0,1.0,0.0,0.0,0.0,0.0,0.0,1.0,0.0,0.0
106.6700008,10.8303625,8584,0.0,1.0,0.0,0.0,0.0,0.0,0.0,1.0,0.0,0.0
106.6720627,10.8292801,8585,0.0,1.0,0.0,0.0,0.0,0.0,0.0,1.0,0.0,0.0
106.6858799,10.8281688,8586,0.0,1.0,0.0,0.0,0.0,0.0,0.0,1.0,0.0,0.0
106.695348,10.8326822,8587,0.0,1.0,0.0,0.0,0.0,0.0,0.0,1.0,0.0,0.0
106.5928197,10.8758512,8588,0.0,1.0,0.0,0.0,0.0,0.0,0.0,1.0,0.0,0.0
106.5934857,10.8749162,8589,0.0,1.0,0.0,0.0,0.0,0.0,0.0,1.0,0.0,0.0
106.6094562,10.8519211,8590,0.0,1.0,0.0,0.0,0.0,0.0,0.0,1.0,0.0,0.0
106.609578,10.8518701,8591,0.0,1.0,0.0,0.0,0.0,0.0,0.0,1.0,0.0,0.0
106.6097832,10.8515856,8592,0.0,1.0,0.0,0.0,0.0,0.0,0.0,1.0,0.0,0.0
106.6129505,10.8466594,8593,0.0,1.0,0.0,0.0,0.0,0.0,0.0,1.0,0.0,0.0
106.6135007,10.8457717,8594,0.0,1.0,0.0,0.0,0.0,0.0,0.0,1.0,0.0,0.0
106.6140548,10.8449041,8595,0.0,1.0,0.0,0.0,0.0,0.0,0.0,1.0,0.0,0.0
106.7287564,10.8878174,8596,0.0,1.0,0.0,0.0,0.0,0.0,0.0,1.0,0.0,0.0
106.728711,10.8878003,8597,0.0,1.0,0.0,0.0,0.0,0.0,0.0,1.0,0.0,0.0
106.6430834,10.8292024,8598,0.0,1.0,0.0,0.0,0.0,0.0,0.0,1.0,0.0,0.0
106.614111,10.8443984,8599,0.0,1.0,0.0,0.0,0.0,0.0,0.0,1.0,0.0,0.0
106.6161658,10.8436392,8600,0.0,1.0,0.0,0.0,0.0,0.0,0.0,1.0,0.0,0.0
106.6088222,10.7292945,8601,0.0,1.0,0.0,0.0,0.0,0.0,0.0,1.0,0.0,0.0
106.6081776,10.7288611,8602,0.0,1.0,0.0,0.0,0.0,0.0,0.0,1.0,0.0,0.0
106.6084581,10.7290497,8603,0.0,1.0,0.0,0.0,0.0,0.0,0.0,1.0,0.0,0.0
106.618212,10.8450905,8604,0.0,1.0,0.0,0.0,0.0,0.0,0.0,1.0,0.0,0.0
106.6176255,10.8449231,8605,0.0,1.0,0.0,0.0,0.0,0.0,0.0,1.0,0.0,0.0
106.5920538,10.7187059,8606,0.0,1.0,0.0,0.0,0.0,0.0,0.0,1.0,0.0,0.0
106.6199982,10.8469002,8607,0.0,1.0,0.0,0.0,0.0,0.0,0.0,1.0,0.0,0.0
106.6233356,10.829783,8608,0.0,1.0,0.0,0.0,0.0,0.0,0.0,1.0,0.0,0.0
106.6220289,10.8317869,8609,0.0,1.0,0.0,0.0,0.0,0.0,0.0,1.0,0.0,0.0
106.7685415,10.839434,8610,0.0,1.0,0.0,0.0,0.0,0.0,0.0,1.0,0.0,0.0
106.7683847,10.8391534,8611,0.0,1.0,0.0,0.0,0.0,0.0,0.0,1.0,0.0,0.0
106.7606306,10.8264327,8612,0.0,1.0,0.0,0.0,0.0,0.0,0.0,1.0,0.0,0.0
106.7604375,10.8261219,8613,0.0,1.0,0.0,0.0,0.0,0.0,0.0,1.0,0.0,0.0
106.7602283,10.8257425,8614,0.0,1.0,0.0,0.0,0.0,0.0,0.0,1.0,0.0,0.0
106.7600244,10.8253948,8615,0.0,1.0,0.0,0.0,0.0,0.0,0.0,1.0,0.0,0.0
106.7597535,10.8249153,8616,0.0,1.0,0.0,0.0,0.0,0.0,0.0,1.0,0.0,0.0
106.7597602,10.824699,8617,0.0,1.0,0.0,0.0,0.0,0.0,0.0,1.0,0.0,0.0
106.7598089,10.8244138,8618,0.0,1.0,0.0,0.0,0.0,0.0,0.0,1.0,0.0,0.0
106.7599332,10.8244542,8619,0.0,1.0,0.0,0.0,0.0,0.0,0.0,1.0,0.0,0.0
106.7604321,10.8253289,8620,0.0,1.0,0.0,0.0,0.0,0.0,0.0,1.0,0.0,0.0
106.7606279,10.8256608,8621,0.0,1.0,0.0,0.0,0.0,0.0,0.0,1.0,0.0,0.0
106.7608318,10.8259981,8622,0.0,1.0,0.0,0.0,0.0,0.0,0.0,1.0,0.0,0.0
106.7610396,10.8264999,8623,0.0,1.0,0.0,0.0,0.0,0.0,0.0,1.0,0.0,0.0
106.7609534,10.8265207,8624,0.0,1.0,0.0,0.0,0.0,0.0,0.0,0.0,1.0,0.0
106.7606961,10.8265966,8625,0.0,1.0,0.0,0.0,0.0,0.0,0.0,1.0,0.0,0.0
106.773304,10.8493623,8626,0.0,1.0,0.0,0.0,0.0,0.0,0.0,1.0,0.0,0.0
106.7734033,10.8491805,8627,0.0,1.0,0.0,0.0,0.0,0.0,0.0,1.0,0.0,0.0
106.77299,10.8480913,8628,0.0,1.0,0.0,0.0,0.0,0.0,0.0,1.0,0.0,0.0
106.7724082,10.8471837,8629,0.0,1.0,0.0,0.0,0.0,0.0,0.0,1.0,0.0,0.0
106.7715847,10.8458797,8630,0.0,1.0,0.0,0.0,0.0,0.0,0.0,1.0,0.0,0.0
106.7713058,10.8454134,8631,0.0,1.0,0.0,0.0,0.0,0.0,0.0,1.0,0.0,0.0
106.7710054,10.8448945,8632,0.0,1.0,0.0,0.0,0.0,0.0,0.0,1.0,0.0,0.0
106.7702785,10.84358,8633,0.0,1.0,0.0,0.0,0.0,0.0,0.0,1.0,0.0,0.0
106.7700773,10.8431954,8634,0.0,1.0,0.0,0.0,0.0,0.0,0.0,1.0,0.0,0.0
106.7694095,10.8420415,8635,0.0,1.0,0.0,0.0,0.0,0.0,0.0,1.0,0.0,0.0
106.7692271,10.8417386,8636,0.0,1.0,0.0,0.0,0.0,0.0,0.0,1.0,0.0,0.0
106.7686209,10.840677,8637,0.0,1.0,0.0,0.0,0.0,0.0,0.0,1.0,0.0,0.0
106.7683741,10.840208,8638,0.0,1.0,0.0,0.0,0.0,0.0,0.0,1.0,0.0,0.0
106.7676338,10.8389277,8639,0.0,1.0,0.0,0.0,0.0,0.0,0.0,1.0,0.0,0.0
106.7672825,10.8383324,8640,0.0,1.0,0.0,0.0,0.0,0.0,0.0,1.0,0.0,0.0
106.7668989,10.8376264,8641,0.0,1.0,0.0,0.0,0.0,0.0,0.0,1.0,0.0,0.0
106.7676582,10.8378557,8642,0.0,1.0,0.0,0.0,0.0,0.0,0.0,1.0,0.0,0.0
106.7671188,10.8369041,8643,0.0,1.0,0.0,0.0,0.0,0.0,0.0,1.0,0.0,0.0
106.763624,10.8325473,8644,0.0,1.0,0.0,0.0,0.0,0.0,0.0,1.0,0.0,0.0
106.7642259,10.8321586,8645,0.0,1.0,0.0,0.0,0.0,0.0,0.0,1.0,0.0,0.0
106.5979738,10.8685753,8646,0.0,1.0,0.0,0.0,0.0,0.0,0.0,1.0,0.0,0.0
106.5977254,10.8668923,8647,0.0,1.0,0.0,0.0,0.0,0.0,0.0,1.0,0.0,0.0
106.5991057,10.8669725,8648,0.0,1.0,0.0,0.0,0.0,0.0,0.0,1.0,0.0,0.0
106.5983709,10.8680133,8649,0.0,1.0,0.0,0.0,0.0,0.0,0.0,1.0,0.0,0.0
106.7724189,10.8854034,8650,0.0,1.0,0.0,0.0,0.0,0.0,0.0,1.0,0.0,0.0
106.7710062,10.8837201,8651,0.0,1.0,0.0,0.0,0.0,0.0,0.0,1.0,0.0,0.0
106.772041,10.8851257,8652,0.0,1.0,0.0,0.0,0.0,0.0,0.0,1.0,0.0,0.0
106.771874,10.8849328,8653,0.0,1.0,0.0,0.0,0.0,0.0,0.0,1.0,0.0,0.0
106.7712879,10.8842117,8654,0.0,1.0,0.0,0.0,0.0,0.0,0.0,1.0,0.0,0.0
106.7701845,10.8828952,8655,0.0,1.0,0.0,0.0,0.0,0.0,0.0,1.0,0.0,0.0
106.7672026,10.8324177,8656,0.0,1.0,0.0,0.0,0.0,0.0,0.0,1.0,0.0,0.0
106.7640485,10.8318482,8657,0.0,1.0,0.0,0.0,0.0,0.0,0.0,1.0,0.0,0.0
106.6212255,10.8332849,8658,0.0,1.0,0.0,0.0,0.0,0.0,0.0,1.0,0.0,0.0
106.6388402,10.8452356,8659,0.0,1.0,0.0,0.0,0.0,0.0,0.0,1.0,0.0,0.0
106.7658807,10.8354781,8660,0.0,1.0,0.0,0.0,0.0,0.0,0.0,1.0,0.0,0.0
106.6397062,10.844692,8661,0.0,1.0,0.0,0.0,0.0,0.0,0.0,1.0,0.0,0.0
106.6008101,10.8389566,8662,0.0,1.0,0.0,0.0,0.0,0.0,0.0,1.0,0.0,0.0
106.7707309,10.8835502,8663,0.0,1.0,0.0,0.0,0.0,0.0,0.0,1.0,0.0,0.0
106.7706414,10.882027,8664,0.0,1.0,0.0,0.0,0.0,0.0,0.0,1.0,0.0,0.0
106.7687697,10.827184,8665,0.0,1.0,0.0,0.0,0.0,0.0,0.0,1.0,0.0,0.0
106.6419389,10.8430308,8666,0.0,1.0,0.0,0.0,0.0,0.0,0.0,1.0,0.0,0.0
106.6419808,10.8430788,8667,0.0,1.0,0.0,0.0,0.0,0.0,0.0,1.0,0.0,0.0
106.7434564,10.840785,8668,0.0,1.0,0.0,0.0,0.0,0.0,0.0,1.0,0.0,0.0
106.7386526,10.8393255,8669,0.0,1.0,0.0,0.0,0.0,0.0,0.0,1.0,0.0,0.0
106.7395377,10.8395574,8670,0.0,1.0,0.0,0.0,0.0,0.0,0.0,1.0,0.0,0.0
106.7435101,10.8408851,8671,0.0,1.0,0.0,0.0,0.0,0.0,0.0,1.0,0.0,0.0
106.7432687,10.8406585,8672,0.0,1.0,0.0,0.0,0.0,0.0,0.0,1.0,0.0,0.0
106.7425713,10.8403477,8673,0.0,1.0,0.0,0.0,0.0,0.0,0.0,1.0,0.0,0.0
106.7418186,10.8401327,8674,0.0,1.0,0.0,0.0,0.0,0.0,0.0,1.0,0.0,0.0
106.7414555,10.8400316,8675,0.0,1.0,0.0,0.0,0.0,0.0,0.0,1.0,0.0,0.0
106.7409239,10.8398871,8676,0.0,1.0,0.0,0.0,0.0,0.0,0.0,1.0,0.0,0.0
106.740337,10.8397391,8677,0.0,1.0,0.0,0.0,0.0,0.0,0.0,1.0,0.0,0.0
106.743983,10.8411476,8678,0.0,1.0,0.0,0.0,0.0,0.0,0.0,1.0,0.0,0.0
106.7439711,10.8411222,8679,0.0,1.0,0.0,0.0,0.0,0.0,0.0,1.0,0.0,0.0
106.7439635,10.8411103,8680,0.0,1.0,0.0,0.0,0.0,0.0,0.0,1.0,0.0,0.0
106.7439129,10.8410706,8681,0.0,1.0,0.0,0.0,0.0,0.0,0.0,1.0,0.0,0.0
106.7438858,10.8410508,8682,0.0,1.0,0.0,0.0,0.0,0.0,0.0,1.0,0.0,0.0
106.7438722,10.8410465,8683,0.0,1.0,0.0,0.0,0.0,0.0,0.0,1.0,0.0,0.0
106.7438582,10.8410433,8684,0.0,1.0,0.0,0.0,0.0,0.0,0.0,1.0,0.0,0.0
106.743844,10.8410413,8685,0.0,1.0,0.0,0.0,0.0,0.0,0.0,1.0,0.0,0.0
106.7438298,10.8410405,8686,0.0,1.0,0.0,0.0,0.0,0.0,0.0,1.0,0.0,0.0
106.7438154,10.841041,8687,0.0,1.0,0.0,0.0,0.0,0.0,0.0,1.0,0.0,0.0
106.7438012,10.8410427,8688,0.0,1.0,0.0,0.0,0.0,0.0,0.0,1.0,0.0,0.0
106.7437872,10.8410456,8689,0.0,1.0,0.0,0.0,0.0,0.0,0.0,1.0,0.0,0.0
106.743759,10.8410555,8690,0.0,1.0,0.0,0.0,0.0,0.0,0.0,1.0,0.0,0.0
106.743745,10.8410626,8691,0.0,1.0,0.0,0.0,0.0,0.0,0.0,1.0,0.0,0.0
106.743672,10.8412541,8692,0.0,1.0,0.0,0.0,0.0,0.0,0.0,1.0,0.0,0.0
106.7436776,10.8412681,8693,0.0,1.0,0.0,0.0,0.0,0.0,0.0,1.0,0.0,0.0
106.7437236,10.8413273,8694,0.0,1.0,0.0,0.0,0.0,0.0,0.0,1.0,0.0,0.0
106.7437358,10.8413363,8695,0.0,1.0,0.0,0.0,0.0,0.0,0.0,1.0,0.0,0.0
106.7437489,10.8413441,8696,0.0,1.0,0.0,0.0,0.0,0.0,0.0,1.0,0.0,0.0
106.7437626,10.8413507,8697,0.0,1.0,0.0,0.0,0.0,0.0,0.0,1.0,0.0,0.0
106.7437769,10.841356,8698,0.0,1.0,0.0,0.0,0.0,0.0,0.0,1.0,0.0,0.0
106.7438362,10.8413638,8699,0.0,1.0,0.0,0.0,0.0,0.0,0.0,1.0,0.0,0.0
106.7438509,10.8413624,8700,0.0,1.0,0.0,0.0,0.0,0.0,0.0,1.0,0.0,0.0
106.7438655,10.8413598,8701,0.0,1.0,0.0,0.0,0.0,0.0,0.0,1.0,0.0,0.0
106.7438797,10.8413559,8702,0.0,1.0,0.0,0.0,0.0,0.0,0.0,1.0,0.0,0.0
106.7438935,10.8413507,8703,0.0,1.0,0.0,0.0,0.0,0.0,0.0,1.0,0.0,0.0
106.7439068,10.8413443,8704,0.0,1.0,0.0,0.0,0.0,0.0,0.0,1.0,0.0,0.0
106.7399964,10.839747,8705,0.0,1.0,0.0,0.0,0.0,0.0,0.0,1.0,0.0,0.0
106.7404819,10.8400948,8706,0.0,1.0,0.0,0.0,0.0,0.0,0.0,1.0,0.0,0.0
106.7384111,10.8395571,8707,0.0,1.0,0.0,0.0,0.0,0.0,0.0,1.0,0.0,0.0
106.7374256,10.8390246,8708,0.0,1.0,0.0,0.0,0.0,0.0,0.0,1.0,0.0,0.0
106.6435005,10.8420683,8709,0.0,1.0,0.0,0.0,0.0,0.0,0.0,1.0,0.0,0.0
106.6426925,10.8426119,8710,0.0,1.0,0.0,0.0,0.0,0.0,0.0,1.0,0.0,0.0
106.6430211,10.8423895,8711,0.0,1.0,0.0,0.0,0.0,0.0,0.0,1.0,0.0,0.0
106.7222594,10.8289838,8712,0.0,1.0,0.0,0.0,0.0,0.0,0.0,1.0,0.0,0.0
106.7226006,10.8292263,8713,0.0,1.0,0.0,0.0,0.0,0.0,0.0,1.0,0.0,0.0
106.7223288,10.8290058,8714,0.0,1.0,0.0,0.0,0.0,0.0,0.0,1.0,0.0,0.0
106.7223329,10.8290845,8715,0.0,1.0,0.0,0.0,0.0,0.0,0.0,1.0,0.0,0.0
106.722353,10.829119,8716,0.0,1.0,0.0,0.0,0.0,0.0,0.0,1.0,0.0,0.0
106.7224208,10.8291625,8717,0.0,1.0,0.0,0.0,0.0,0.0,0.0,1.0,0.0,0.0
106.7225757,10.8289922,8718,0.0,1.0,0.0,0.0,0.0,0.0,0.0,1.0,0.0,0.0
106.7225553,10.828958,8719,0.0,1.0,0.0,0.0,0.0,0.0,0.0,1.0,0.0,0.0
106.7225251,10.8289315,8720,0.0,1.0,0.0,0.0,0.0,0.0,0.0,1.0,0.0,0.0
106.7224882,10.8289155,8721,0.0,1.0,0.0,0.0,0.0,0.0,0.0,1.0,0.0,0.0
106.7224081,10.8289195,8722,0.0,1.0,0.0,0.0,0.0,0.0,0.0,1.0,0.0,0.0
106.7221352,10.8290064,8723,0.0,1.0,0.0,0.0,0.0,0.0,0.0,1.0,0.0,0.0
106.7223829,10.8291458,8724,0.0,1.0,0.0,0.0,0.0,0.0,0.0,1.0,0.0,0.0
106.7225275,10.8292219,8725,0.0,1.0,0.0,0.0,0.0,0.0,0.0,1.0,0.0,0.0
106.7223245,10.8290456,8726,0.0,1.0,0.0,0.0,0.0,0.0,0.0,1.0,0.0,0.0
106.8030728,10.8849315,8727,0.0,1.0,0.0,0.0,0.0,0.0,0.0,1.0,0.0,0.0
106.802968,10.8849883,8728,0.0,1.0,0.0,0.0,0.0,0.0,0.0,1.0,0.0,0.0
106.7320199,10.8365563,8729,0.0,1.0,0.0,0.0,0.0,0.0,0.0,1.0,0.0,0.0
106.7346273,10.8381153,8730,0.0,1.0,0.0,0.0,0.0,0.0,0.0,1.0,0.0,0.0
106.7284492,10.8336705,8731,0.0,1.0,0.0,0.0,0.0,0.0,0.0,1.0,0.0,0.0
106.7294684,10.8344857,8732,0.0,1.0,0.0,0.0,0.0,0.0,0.0,1.0,0.0,0.0
106.7289092,10.8340452,8733,0.0,1.0,0.0,0.0,0.0,0.0,0.0,1.0,0.0,0.0
106.6501021,10.8435458,8734,0.0,1.0,0.0,0.0,0.0,0.0,0.0,1.0,0.0,0.0
106.649654,10.843575,8735,0.0,1.0,0.0,0.0,0.0,0.0,0.0,1.0,0.0,0.0
106.6512475,10.8434219,8736,0.0,1.0,0.0,0.0,0.0,0.0,0.0,1.0,0.0,0.0
106.8156514,10.8827849,8737,0.0,1.0,0.0,0.0,0.0,0.0,0.0,1.0,0.0,0.0
106.6494406,10.8435885,8738,0.0,1.0,0.0,0.0,0.0,0.0,0.0,1.0,0.0,0.0
106.7442274,10.8408414,8739,0.0,1.0,0.0,0.0,0.0,0.0,0.0,1.0,0.0,0.0
106.7444583,10.8414594,8740,0.0,1.0,0.0,0.0,0.0,0.0,0.0,1.0,0.0,0.0
106.7436678,10.8412397,8741,0.0,1.0,0.0,0.0,0.0,0.0,0.0,1.0,0.0,0.0
106.7438067,10.8413627,8742,0.0,1.0,0.0,0.0,0.0,0.0,0.0,1.0,0.0,0.0
106.7459758,10.8442409,8743,0.0,1.0,0.0,0.0,0.0,0.0,0.0,1.0,0.0,0.0
106.7458141,10.8441306,8744,0.0,1.0,0.0,0.0,0.0,0.0,0.0,1.0,0.0,0.0
106.7456371,10.8437591,8745,0.0,1.0,0.0,0.0,0.0,0.0,0.0,1.0,0.0,0.0
106.7453447,10.8431954,8746,0.0,1.0,0.0,0.0,0.0,0.0,0.0,1.0,0.0,0.0
106.7451516,10.8428793,8747,0.0,1.0,0.0,0.0,0.0,0.0,0.0,1.0,0.0,0.0
106.7448807,10.8424868,8748,0.0,1.0,0.0,0.0,0.0,0.0,0.0,1.0,0.0,0.0
106.7446822,10.8422549,8749,0.0,1.0,0.0,0.0,0.0,0.0,0.0,1.0,0.0,0.0
106.7441672,10.8417254,8750,0.0,1.0,0.0,0.0,0.0,0.0,0.0,1.0,0.0,0.0
106.7439592,10.8414243,8751,0.0,1.0,0.0,0.0,0.0,0.0,0.0,1.0,0.0,0.0
106.7442953,10.8414481,8752,0.0,1.0,0.0,0.0,0.0,0.0,0.0,1.0,0.0,0.0
106.7442517,10.8411261,8753,0.0,1.0,0.0,0.0,0.0,0.0,0.0,1.0,0.0,0.0
106.7443496,10.8409009,8754,0.0,1.0,0.0,0.0,0.0,0.0,0.0,1.0,0.0,0.0
106.7461982,10.844197,8755,0.0,1.0,0.0,0.0,0.0,0.0,0.0,1.0,0.0,0.0
106.7459903,10.843502,8756,0.0,1.0,0.0,0.0,0.0,0.0,0.0,1.0,0.0,0.0
106.745916,10.8433719,8757,0.0,1.0,0.0,0.0,0.0,0.0,0.0,1.0,0.0,0.0
106.7456746,10.8429082,8758,0.0,1.0,0.0,0.0,0.0,0.0,0.0,1.0,0.0,0.0
106.7454037,10.8424841,8759,0.0,1.0,0.0,0.0,0.0,0.0,0.0,1.0,0.0,0.0
106.7451248,10.8421011,8760,0.0,1.0,0.0,0.0,0.0,0.0,0.0,1.0,0.0,0.0
106.7449531,10.8419046,8761,0.0,1.0,0.0,0.0,0.0,0.0,0.0,1.0,0.0,0.0
106.7446178,10.8415964,8762,0.0,1.0,0.0,0.0,0.0,0.0,0.0,1.0,0.0,0.0
106.7440894,10.8410814,8763,0.0,1.0,0.0,0.0,0.0,0.0,0.0,1.0,0.0,0.0
106.74419,10.8410049,8764,0.0,1.0,0.0,0.0,0.0,0.0,0.0,1.0,0.0,0.0
106.7444542,10.8408008,8765,0.0,1.0,0.0,0.0,0.0,0.0,0.0,1.0,0.0,0.0
106.7440612,10.8409364,8766,0.0,1.0,0.0,0.0,0.0,0.0,0.0,1.0,0.0,0.0
106.732383,10.8371193,8767,0.0,1.0,0.0,0.0,0.0,0.0,0.0,1.0,0.0,0.0
106.7330012,10.8376066,8768,0.0,1.0,0.0,0.0,0.0,0.0,0.0,1.0,0.0,0.0
106.7326464,10.837129,8769,0.0,1.0,0.0,0.0,0.0,0.0,0.0,1.0,0.0,0.0
106.7330026,10.8373674,8770,0.0,1.0,0.0,0.0,0.0,0.0,0.0,1.0,0.0,0.0
106.7326691,10.8374007,8771,0.0,1.0,0.0,0.0,0.0,0.0,0.0,1.0,0.0,0.0
106.7326762,10.837412,8772,0.0,1.0,0.0,0.0,0.0,0.0,0.0,1.0,0.0,0.0
106.7327684,10.8374727,8773,0.0,1.0,0.0,0.0,0.0,0.0,0.0,1.0,0.0,0.0
106.7327845,10.8374751,8774,0.0,1.0,0.0,0.0,0.0,0.0,0.0,1.0,0.0,0.0
106.7328007,10.8374758,8775,0.0,1.0,0.0,0.0,0.0,0.0,0.0,1.0,0.0,0.0
106.7329342,10.8372715,8776,0.0,1.0,0.0,0.0,0.0,0.0,0.0,1.0,0.0,0.0
106.7329272,10.837258,8777,0.0,1.0,0.0,0.0,0.0,0.0,0.0,1.0,0.0,0.0
106.7328738,10.8372049,8778,0.0,1.0,0.0,0.0,0.0,0.0,0.0,1.0,0.0,0.0
106.7328602,10.8371979,8779,0.0,1.0,0.0,0.0,0.0,0.0,0.0,1.0,0.0,0.0
106.7328311,10.8371884,8780,0.0,1.0,0.0,0.0,0.0,0.0,0.0,1.0,0.0,0.0
106.7328158,10.8371858,8781,0.0,1.0,0.0,0.0,0.0,0.0,0.0,1.0,0.0,0.0
106.7326818,10.8372411,8782,0.0,1.0,0.0,0.0,0.0,0.0,0.0,1.0,0.0,0.0
106.7326733,10.8372531,8783,0.0,1.0,0.0,0.0,0.0,0.0,0.0,1.0,0.0,0.0
106.7326602,10.837279,8784,0.0,1.0,0.0,0.0,0.0,0.0,0.0,1.0,0.0,0.0
106.7326556,10.8372928,8785,0.0,1.0,0.0,0.0,0.0,0.0,0.0,1.0,0.0,0.0
106.7328169,10.8374746,8786,0.0,1.0,0.0,0.0,0.0,0.0,0.0,1.0,0.0,0.0
106.7329717,10.8375228,8787,0.0,1.0,0.0,0.0,0.0,0.0,0.0,1.0,0.0,0.0
106.7331345,10.8373543,8788,0.0,1.0,0.0,0.0,0.0,0.0,0.0,1.0,0.0,0.0
106.7326328,10.8370237,8789,0.0,1.0,0.0,0.0,0.0,0.0,0.0,1.0,0.0,0.0
106.8152186,10.8821978,8790,0.0,1.0,0.0,0.0,0.0,0.0,0.0,1.0,0.0,0.0
106.6464939,10.837891,8791,0.0,1.0,0.0,0.0,0.0,0.0,0.0,1.0,0.0,0.0
106.7271496,10.8330619,8792,0.0,1.0,0.0,0.0,0.0,0.0,0.0,1.0,0.0,0.0
106.7272218,10.8329754,8793,0.0,1.0,0.0,0.0,0.0,0.0,0.0,1.0,0.0,0.0
106.8090227,10.8826789,8794,0.0,1.0,0.0,0.0,0.0,0.0,0.0,1.0,0.0,0.0
106.8089551,10.8827193,8795,0.0,1.0,0.0,0.0,0.0,0.0,0.0,1.0,0.0,0.0
106.6552667,10.8372852,8796,0.0,1.0,0.0,0.0,0.0,0.0,0.0,1.0,0.0,0.0
106.6549985,10.8373366,8797,0.0,1.0,0.0,0.0,0.0,0.0,0.0,1.0,0.0,0.0
106.6540047,10.8375869,8798,0.0,1.0,0.0,0.0,0.0,0.0,0.0,1.0,0.0,0.0
106.6582276,10.8365281,8799,0.0,1.0,0.0,0.0,0.0,0.0,0.0,1.0,0.0,0.0
106.6569021,10.8367869,8800,0.0,1.0,0.0,0.0,0.0,0.0,0.0,1.0,0.0,0.0
106.6587983,10.8363912,8801,0.0,1.0,0.0,0.0,0.0,0.0,0.0,1.0,0.0,0.0
106.6572982,10.8367613,8802,0.0,1.0,0.0,0.0,0.0,0.0,0.0,1.0,0.0,0.0
106.6562014,10.8370402,8803,0.0,1.0,0.0,0.0,0.0,0.0,0.0,1.0,0.0,0.0
106.5989686,10.7127452,8804,0.0,1.0,0.0,0.0,0.0,0.0,0.0,1.0,0.0,0.0
106.5986052,10.7097597,8805,0.0,1.0,0.0,0.0,0.0,0.0,0.0,1.0,0.0,0.0
106.5984816,10.7090856,8806,0.0,1.0,0.0,0.0,0.0,0.0,0.0,1.0,0.0,0.0
106.5987747,10.711384,8807,0.0,1.0,0.0,0.0,0.0,0.0,0.0,1.0,0.0,0.0
106.5987138,10.7114688,8808,0.0,1.0,0.0,0.0,0.0,0.0,0.0,1.0,0.0,0.0
106.5986468,10.7115444,8809,0.0,1.0,0.0,0.0,0.0,0.0,0.0,1.0,0.0,0.0
106.5988339,10.7119227,8810,0.0,1.0,0.0,0.0,0.0,0.0,0.0,1.0,0.0,0.0
106.598666,10.7117865,8811,0.0,1.0,0.0,0.0,0.0,0.0,0.0,1.0,0.0,0.0
106.6605258,10.835952,8812,0.0,1.0,0.0,0.0,0.0,0.0,0.0,1.0,0.0,0.0
106.713949,10.8351555,8813,0.0,1.0,0.0,0.0,0.0,0.0,0.0,1.0,0.0,0.0
106.6637181,10.8377668,8814,0.0,1.0,0.0,0.0,0.0,0.0,0.0,1.0,0.0,0.0
106.6624374,10.8354471,8815,0.0,1.0,0.0,0.0,0.0,0.0,0.0,1.0,0.0,0.0
106.6630875,10.8352343,8816,0.0,1.0,0.0,0.0,0.0,0.0,0.0,1.0,0.0,0.0
106.6849478,10.8882505,8817,0.0,1.0,0.0,0.0,0.0,0.0,0.0,1.0,0.0,0.0
106.685087,10.8886126,8818,0.0,1.0,0.0,0.0,0.0,0.0,0.0,1.0,0.0,0.0
106.6646164,10.8355296,8819,0.0,1.0,0.0,0.0,0.0,0.0,0.0,1.0,0.0,0.0
106.664607,10.8356153,8820,0.0,1.0,0.0,0.0,0.0,0.0,0.0,1.0,0.0,0.0
106.6647421,10.836419,8821,0.0,1.0,0.0,0.0,0.0,0.0,0.0,1.0,0.0,0.0
106.694413,10.8886421,8822,0.0,1.0,0.0,0.0,0.0,0.0,0.0,1.0,0.0,0.0
106.6945946,10.8888736,8823,0.0,1.0,0.0,0.0,0.0,0.0,0.0,1.0,0.0,0.0
106.6954905,10.8882268,8824,0.0,1.0,0.0,0.0,0.0,0.0,0.0,1.0,0.0,0.0
106.6944551,10.8886155,8825,0.0,1.0,0.0,0.0,0.0,0.0,0.0,1.0,0.0,0.0
106.6962308,10.8879004,8826,0.0,1.0,0.0,0.0,0.0,0.0,0.0,1.0,0.0,0.0
106.6971749,10.8877134,8827,0.0,1.0,0.0,0.0,0.0,0.0,0.0,1.0,0.0,0.0
106.6944795,10.888949,8828,0.0,1.0,0.0,0.0,0.0,0.0,0.0,1.0,0.0,0.0
106.6136835,10.8829229,8829,0.0,1.0,0.0,0.0,0.0,0.0,0.0,1.0,0.0,0.0
106.6127998,10.8832366,8830,0.0,1.0,0.0,0.0,0.0,0.0,0.0,1.0,0.0,0.0
106.6132098,10.8830516,8831,0.0,1.0,0.0,0.0,0.0,0.0,0.0,1.0,0.0,0.0
106.6120114,10.8835979,8832,0.0,1.0,0.0,0.0,0.0,0.0,0.0,1.0,0.0,0.0
106.6117951,10.8836956,8833,0.0,1.0,0.0,0.0,0.0,0.0,0.0,1.0,0.0,0.0
106.6128647,10.8832063,8834,0.0,1.0,0.0,0.0,0.0,0.0,0.0,1.0,0.0,0.0
106.6159517,10.8826122,8835,0.0,1.0,0.0,0.0,0.0,0.0,0.0,1.0,0.0,0.0
106.6153428,10.8827046,8836,0.0,1.0,0.0,0.0,0.0,0.0,0.0,1.0,0.0,0.0
106.5764017,10.7887221,8837,0.0,1.0,0.0,0.0,0.0,0.0,0.0,1.0,0.0,0.0
106.6809909,10.8365978,8838,0.0,1.0,0.0,0.0,0.0,0.0,0.0,1.0,0.0,0.0
106.6807972,10.8370589,8839,0.0,1.0,0.0,0.0,0.0,0.0,0.0,1.0,0.0,0.0
106.7280385,10.8451254,8840,0.0,1.0,0.0,0.0,0.0,0.0,0.0,1.0,0.0,0.0
106.6902375,10.8377951,8841,0.0,1.0,0.0,0.0,0.0,0.0,0.0,1.0,0.0,0.0
106.6535509,10.8427705,8842,0.0,1.0,0.0,0.0,0.0,0.0,0.0,1.0,0.0,0.0
106.7430031,10.8409694,8843,0.0,1.0,0.0,0.0,0.0,0.0,0.0,1.0,0.0,0.0
106.7292793,10.8448768,8844,0.0,1.0,0.0,0.0,0.0,0.0,0.0,1.0,0.0,0.0
106.6282883,10.8856777,8845,0.0,1.0,0.0,0.0,0.0,0.0,0.0,1.0,0.0,0.0
106.6743225,10.8433772,8846,0.0,1.0,0.0,0.0,0.0,0.0,0.0,1.0,0.0,0.0
106.6726903,10.8445557,8847,0.0,1.0,0.0,0.0,0.0,0.0,0.0,1.0,0.0,0.0
106.6716843,10.845423,8848,0.0,1.0,0.0,0.0,0.0,0.0,0.0,1.0,0.0,0.0
106.6715197,10.8456327,8849,0.0,1.0,0.0,0.0,0.0,0.0,0.0,1.0,0.0,0.0
106.6967662,10.8359506,8850,0.0,1.0,0.0,0.0,0.0,0.0,0.0,1.0,0.0,0.0
106.6970607,10.8382345,8851,0.0,1.0,0.0,0.0,0.0,0.0,0.0,1.0,0.0,0.0
106.6974927,10.8366251,8852,0.0,1.0,0.0,0.0,0.0,0.0,0.0,1.0,0.0,0.0
106.7442664,10.8416543,8853,0.0,1.0,0.0,0.0,0.0,0.0,0.0,1.0,0.0,0.0
106.7454708,10.8425892,8854,0.0,1.0,0.0,0.0,0.0,0.0,0.0,1.0,0.0,0.0
106.6736063,10.8442755,8855,0.0,1.0,0.0,0.0,0.0,0.0,0.0,1.0,0.0,0.0
106.6709844,10.8461713,8856,0.0,1.0,0.0,0.0,0.0,0.0,0.0,1.0,0.0,0.0
106.7466044,10.8416342,8857,0.0,1.0,0.0,0.0,0.0,0.0,0.0,1.0,0.0,0.0
106.7465427,10.8450699,8858,0.0,1.0,0.0,0.0,0.0,0.0,0.0,1.0,0.0,0.0
106.7447439,10.8423366,8859,0.0,1.0,0.0,0.0,0.0,0.0,0.0,1.0,0.0,0.0
106.6740167,10.843746,8860,0.0,1.0,0.0,0.0,0.0,0.0,0.0,1.0,0.0,0.0
106.6769029,10.8428376,8861,0.0,1.0,0.0,0.0,0.0,0.0,0.0,1.0,0.0,0.0
106.6755885,10.8426685,8862,0.0,1.0,0.0,0.0,0.0,0.0,0.0,1.0,0.0,0.0
106.671206,10.8459409,8863,0.0,1.0,0.0,0.0,0.0,0.0,0.0,1.0,0.0,0.0
106.6711201,10.8460302,8864,0.0,1.0,0.0,0.0,0.0,0.0,0.0,1.0,0.0,0.0
106.677439,10.8443597,8865,0.0,1.0,0.0,0.0,0.0,0.0,0.0,1.0,0.0,0.0
106.6717746,10.845308,8866,0.0,1.0,0.0,0.0,0.0,0.0,0.0,1.0,0.0,0.0
106.67465,10.8431762,8867,0.0,1.0,0.0,0.0,0.0,0.0,0.0,1.0,0.0,0.0
106.6013421,10.8638136,8868,0.0,1.0,0.0,0.0,0.0,0.0,0.0,1.0,0.0,0.0
106.600179,10.8654501,8869,0.0,1.0,0.0,0.0,0.0,0.0,0.0,1.0,0.0,0.0
106.6164516,10.8405106,8870,0.0,1.0,0.0,0.0,0.0,0.0,0.0,1.0,0.0,0.0
106.6161794,10.8409741,8871,0.0,1.0,0.0,0.0,0.0,0.0,0.0,1.0,0.0,0.0
106.616067,10.8411479,8872,0.0,1.0,0.0,0.0,0.0,0.0,0.0,1.0,0.0,0.0
106.6160676,10.8417386,8873,0.0,1.0,0.0,0.0,0.0,0.0,0.0,1.0,0.0,0.0
106.6147903,10.8420189,8874,0.0,1.0,0.0,0.0,0.0,0.0,0.0,1.0,0.0,0.0
106.7478155,10.842866,8875,0.0,1.0,0.0,0.0,0.0,0.0,0.0,1.0,0.0,0.0
106.7487378,10.8439072,8876,0.0,1.0,0.0,0.0,0.0,0.0,0.0,1.0,0.0,0.0
106.7479687,10.8430508,8877,0.0,1.0,0.0,0.0,0.0,0.0,0.0,1.0,0.0,0.0
106.7497977,10.8450466,8878,0.0,1.0,0.0,0.0,0.0,0.0,0.0,1.0,0.0,0.0
106.6036777,10.8605318,8879,0.0,1.0,0.0,0.0,0.0,0.0,0.0,1.0,0.0,0.0
106.6021244,10.8627025,8880,0.0,1.0,0.0,0.0,0.0,0.0,0.0,1.0,0.0,0.0
106.6025096,10.8621521,8881,0.0,1.0,0.0,0.0,0.0,0.0,0.0,1.0,0.0,0.0
106.6955307,10.8351264,8882,0.0,1.0,0.0,0.0,0.0,0.0,0.0,1.0,0.0,0.0
106.677959,10.8456174,8883,0.0,1.0,0.0,0.0,0.0,0.0,0.0,1.0,0.0,0.0
106.7634239,10.8422045,8884,0.0,1.0,0.0,0.0,0.0,0.0,0.0,1.0,0.0,0.0
106.8138898,10.8803902,8885,0.0,1.0,0.0,0.0,0.0,0.0,0.0,1.0,0.0,0.0
106.8089708,10.8782332,8886,0.0,1.0,0.0,0.0,0.0,0.0,0.0,1.0,0.0,0.0
106.8134809,10.8798036,8887,0.0,1.0,0.0,0.0,0.0,0.0,0.0,1.0,0.0,0.0
106.8085715,10.8776327,8888,0.0,1.0,0.0,0.0,0.0,0.0,0.0,1.0,0.0,0.0
106.8088204,10.8780069,8889,0.0,1.0,0.0,0.0,0.0,0.0,0.0,1.0,0.0,0.0
106.8013221,10.8817197,8890,0.0,1.0,0.0,0.0,0.0,0.0,0.0,1.0,0.0,0.0
106.8017862,10.8805924,8891,0.0,1.0,0.0,0.0,0.0,0.0,0.0,1.0,0.0,0.0
106.8015806,10.8810953,8892,0.0,1.0,0.0,0.0,0.0,0.0,0.0,1.0,0.0,0.0
106.8014892,10.8810521,8893,0.0,1.0,0.0,0.0,0.0,0.0,0.0,1.0,0.0,0.0
106.8027068,10.8780885,8894,0.0,1.0,0.0,0.0,0.0,0.0,0.0,1.0,0.0,0.0
106.7996336,10.8789272,8895,0.0,1.0,0.0,0.0,0.0,0.0,0.0,1.0,0.0,0.0
106.605994,10.8572549,8896,0.0,1.0,0.0,0.0,0.0,0.0,0.0,1.0,0.0,0.0
106.6938644,10.8431604,8897,0.0,1.0,0.0,0.0,0.0,0.0,0.0,1.0,0.0,0.0
106.6941363,10.8426542,8898,0.0,1.0,0.0,0.0,0.0,0.0,0.0,1.0,0.0,0.0
106.6931841,10.845861,8899,0.0,1.0,0.0,0.0,0.0,0.0,0.0,1.0,0.0,0.0
106.5979315,10.7060531,8900,0.0,1.0,0.0,0.0,0.0,0.0,0.0,1.0,0.0,0.0
106.5982338,10.7076158,8901,0.0,1.0,0.0,0.0,0.0,0.0,0.0,1.0,0.0,0.0
106.6937864,10.8434658,8902,0.0,1.0,0.0,0.0,0.0,0.0,0.0,1.0,0.0,0.0
106.6940217,10.8427931,8903,0.0,1.0,0.0,0.0,0.0,0.0,0.0,1.0,0.0,0.0
106.6935088,10.844574,8904,0.0,1.0,0.0,0.0,0.0,0.0,0.0,1.0,0.0,0.0
106.6945321,10.8417549,8905,0.0,1.0,0.0,0.0,0.0,0.0,0.0,1.0,0.0,0.0
106.6935499,10.8443642,8906,0.0,1.0,0.0,0.0,0.0,0.0,0.0,1.0,0.0,0.0
106.6936848,10.8438668,8907,0.0,1.0,0.0,0.0,0.0,0.0,0.0,1.0,0.0,0.0
106.6933488,10.8451527,8908,0.0,1.0,0.0,0.0,0.0,0.0,0.0,1.0,0.0,0.0
106.7721905,10.8459052,8909,0.0,1.0,0.0,0.0,0.0,0.0,0.0,1.0,0.0,0.0
106.7716472,10.8449213,8910,0.0,1.0,0.0,0.0,0.0,0.0,0.0,1.0,0.0,0.0
106.7960112,10.8809133,8911,0.0,1.0,0.0,0.0,0.0,0.0,0.0,1.0,0.0,0.0
106.7951103,10.8806086,8912,0.0,1.0,0.0,0.0,0.0,0.0,0.0,1.0,0.0,0.0
106.7951671,10.8807051,8913,0.0,1.0,0.0,0.0,0.0,0.0,0.0,1.0,0.0,0.0
106.7933053,10.8802415,8914,0.0,1.0,0.0,0.0,0.0,0.0,0.0,1.0,0.0,0.0
106.8000739,10.8788557,8915,0.0,1.0,0.0,0.0,0.0,0.0,0.0,1.0,0.0,0.0
106.6967887,10.8384062,8916,0.0,1.0,0.0,0.0,0.0,0.0,0.0,1.0,0.0,0.0
106.6947421,10.8413276,8917,0.0,1.0,0.0,0.0,0.0,0.0,0.0,1.0,0.0,0.0
106.6960698,10.8391807,8918,0.0,1.0,0.0,0.0,0.0,0.0,0.0,1.0,0.0,0.0
106.6039116,10.8598764,8919,0.0,1.0,0.0,0.0,0.0,0.0,0.0,1.0,0.0,0.0
106.6803179,10.8831348,8920,0.0,1.0,0.0,0.0,0.0,0.0,0.0,1.0,0.0,0.0
106.6772551,10.8415423,8921,0.0,1.0,0.0,0.0,0.0,0.0,0.0,1.0,0.0,0.0
106.6788566,10.8402094,8922,0.0,1.0,0.0,0.0,0.0,0.0,0.0,1.0,0.0,0.0
106.6053046,10.858249,8923,0.0,1.0,0.0,0.0,0.0,0.0,0.0,1.0,0.0,0.0
106.6039379,10.8601531,8924,0.0,1.0,0.0,0.0,0.0,0.0,0.0,1.0,0.0,0.0
106.6046923,10.8590892,8925,0.0,1.0,0.0,0.0,0.0,0.0,0.0,1.0,0.0,0.0
106.7689051,10.8814148,8926,0.0,1.0,0.0,0.0,0.0,0.0,0.0,1.0,0.0,0.0
106.6967395,10.8384476,8927,0.0,1.0,0.0,0.0,0.0,0.0,0.0,1.0,0.0,0.0
106.6789923,10.8385785,8928,0.0,1.0,0.0,0.0,0.0,0.0,0.0,1.0,0.0,0.0
106.6755084,10.8385858,8929,0.0,1.0,0.0,0.0,0.0,0.0,0.0,1.0,0.0,0.0
106.6787213,10.8385787,8930,0.0,1.0,0.0,0.0,0.0,0.0,0.0,1.0,0.0,0.0
106.6762117,10.8408976,8931,0.0,1.0,0.0,0.0,0.0,0.0,0.0,1.0,0.0,0.0
106.5884233,10.8506266,8932,0.0,1.0,0.0,0.0,0.0,0.0,0.0,1.0,0.0,0.0
106.7687327,10.8812066,8933,0.0,1.0,0.0,0.0,0.0,0.0,0.0,1.0,0.0,0.0
106.6425202,10.8426412,8934,0.0,1.0,0.0,0.0,0.0,0.0,0.0,1.0,0.0,0.0
106.6443996,10.8414736,8935,0.0,1.0,0.0,0.0,0.0,0.0,0.0,1.0,0.0,0.0
106.646138,10.8401437,8936,0.0,1.0,0.0,0.0,0.0,0.0,0.0,1.0,0.0,0.0
106.6459466,10.8403017,8937,0.0,1.0,0.0,0.0,0.0,0.0,0.0,1.0,0.0,0.0
106.6474038,10.8392633,8938,0.0,1.0,0.0,0.0,0.0,0.0,0.0,1.0,0.0,0.0
106.6445433,10.8413785,8939,0.0,1.0,0.0,0.0,0.0,0.0,0.0,1.0,0.0,0.0
106.6462545,10.8400475,8940,0.0,1.0,0.0,0.0,0.0,0.0,0.0,1.0,0.0,0.0
106.6445672,10.8412669,8941,0.0,1.0,0.0,0.0,0.0,0.0,0.0,1.0,0.0,0.0
106.6224622,10.8781529,8942,0.0,1.0,0.0,0.0,0.0,0.0,0.0,1.0,0.0,0.0
106.6226095,10.8780895,8943,0.0,1.0,0.0,0.0,0.0,0.0,0.0,1.0,0.0,0.0
106.621484,10.8787208,8944,0.0,1.0,0.0,0.0,0.0,0.0,0.0,1.0,0.0,0.0
106.6169589,10.8819011,8945,0.0,1.0,0.0,0.0,0.0,0.0,0.0,1.0,0.0,0.0
106.6180894,10.8809576,8946,0.0,1.0,0.0,0.0,0.0,0.0,0.0,1.0,0.0,0.0
106.6197955,10.8798491,8947,0.0,1.0,0.0,0.0,0.0,0.0,0.0,1.0,0.0,0.0
106.6200841,10.8796626,8948,0.0,1.0,0.0,0.0,0.0,0.0,0.0,1.0,0.0,0.0
106.6177917,10.8811631,8949,0.0,1.0,0.0,0.0,0.0,0.0,0.0,1.0,0.0,0.0
106.6194253,10.8800805,8950,0.0,1.0,0.0,0.0,0.0,0.0,0.0,1.0,0.0,0.0
106.6306399,10.8741821,8951,0.0,1.0,0.0,0.0,0.0,0.0,0.0,1.0,0.0,0.0
106.6257336,10.8766821,8952,0.0,1.0,0.0,0.0,0.0,0.0,0.0,1.0,0.0,0.0
106.6257716,10.8766398,8953,0.0,1.0,0.0,0.0,0.0,0.0,0.0,1.0,0.0,0.0
106.625963,10.876359,8954,0.0,1.0,0.0,0.0,0.0,0.0,0.0,1.0,0.0,0.0
106.6234584,10.877746,8955,0.0,1.0,0.0,0.0,0.0,0.0,0.0,1.0,0.0,0.0
106.6265361,10.8754046,8956,0.0,1.0,0.0,0.0,0.0,0.0,0.0,1.0,0.0,0.0
106.6491767,10.8387921,8957,0.0,1.0,0.0,0.0,0.0,0.0,0.0,1.0,0.0,0.0
106.6478202,10.8391549,8958,0.0,1.0,0.0,0.0,0.0,0.0,0.0,1.0,0.0,0.0
106.6233599,10.8777906,8959,0.0,1.0,0.0,0.0,0.0,0.0,0.0,1.0,0.0,0.0
106.7681629,10.8803967,8960,0.0,1.0,0.0,0.0,0.0,0.0,0.0,1.0,0.0,0.0
106.7783965,10.8748717,8961,0.0,1.0,0.0,0.0,0.0,0.0,0.0,1.0,0.0,0.0
106.7686051,10.8810535,8962,0.0,1.0,0.0,0.0,0.0,0.0,0.0,1.0,0.0,0.0
106.6512557,10.8382782,8963,0.0,1.0,0.0,0.0,0.0,0.0,0.0,1.0,0.0,0.0
106.6548792,10.8426015,8964,0.0,1.0,0.0,0.0,0.0,0.0,0.0,1.0,0.0,0.0
106.6719112,10.8386321,8965,0.0,1.0,0.0,0.0,0.0,0.0,0.0,1.0,0.0,0.0
106.7681195,10.8803425,8966,0.0,1.0,0.0,0.0,0.0,0.0,0.0,1.0,0.0,0.0
106.6270618,10.8750882,8967,0.0,1.0,0.0,0.0,0.0,0.0,0.0,1.0,0.0,0.0
106.6266302,10.8752393,8968,0.0,1.0,0.0,0.0,0.0,0.0,0.0,1.0,0.0,0.0
106.6284785,10.8747115,8969,0.0,1.0,0.0,0.0,0.0,0.0,0.0,1.0,0.0,0.0
106.6284786,10.8747115,8970,0.0,1.0,0.0,0.0,0.0,0.0,0.0,1.0,0.0,0.0
106.6689249,10.740971,8971,0.0,1.0,0.0,0.0,0.0,0.0,0.0,1.0,0.0,0.0
106.7609261,10.8783778,8972,0.0,1.0,0.0,0.0,0.0,0.0,0.0,1.0,0.0,0.0
106.6720238,10.8386256,8973,0.0,1.0,0.0,0.0,0.0,0.0,0.0,1.0,0.0,0.0
106.6742527,10.8385273,8974,0.0,1.0,0.0,0.0,0.0,0.0,0.0,1.0,0.0,0.0
106.6675639,10.8386752,8975,0.0,1.0,0.0,0.0,0.0,0.0,0.0,1.0,0.0,0.0
106.7684611,10.8807714,8976,0.0,1.0,0.0,0.0,0.0,0.0,0.0,1.0,0.0,0.0
106.5736316,10.6915959,8977,0.0,1.0,0.0,0.0,0.0,0.0,0.0,1.0,0.0,0.0
106.573504,10.6915648,8978,0.0,1.0,0.0,0.0,0.0,0.0,0.0,1.0,0.0,0.0
106.5732591,10.6915159,8979,0.0,1.0,0.0,0.0,0.0,0.0,0.0,1.0,0.0,0.0
106.5749128,10.6918609,8980,0.0,1.0,0.0,0.0,0.0,0.0,0.0,1.0,0.0,0.0
106.5746719,10.6918056,8981,0.0,1.0,0.0,0.0,0.0,0.0,0.0,1.0,0.0,0.0
106.5728889,10.6914516,8982,0.0,1.0,0.0,0.0,0.0,0.0,0.0,1.0,0.0,0.0
106.6626119,10.8408045,8983,0.0,1.0,0.0,0.0,0.0,0.0,0.0,1.0,0.0,0.0
106.6626143,10.8407815,8984,0.0,1.0,0.0,0.0,0.0,0.0,0.0,1.0,0.0,0.0
106.6623835,10.8418186,8985,0.0,1.0,0.0,0.0,0.0,0.0,0.0,1.0,0.0,0.0
106.7607532,10.8783182,8986,0.0,1.0,0.0,0.0,0.0,0.0,0.0,1.0,0.0,0.0
106.6979322,10.8051035,8987,0.0,1.0,0.0,0.0,0.0,0.0,0.0,1.0,0.0,0.0
106.6665575,10.8386801,8988,0.0,1.0,0.0,0.0,0.0,0.0,0.0,1.0,0.0,0.0
106.585924,10.6946398,8989,0.0,1.0,0.0,0.0,0.0,0.0,0.0,1.0,0.0,0.0
106.5844516,10.6941502,8990,0.0,1.0,0.0,0.0,0.0,0.0,0.0,1.0,0.0,0.0
106.586196,10.6947242,8991,0.0,1.0,0.0,0.0,0.0,0.0,0.0,1.0,0.0,0.0
106.5843501,10.6941207,8992,0.0,1.0,0.0,0.0,0.0,0.0,0.0,1.0,0.0,0.0
106.5831875,10.6937582,8993,0.0,1.0,0.0,0.0,0.0,0.0,0.0,1.0,0.0,0.0
106.5874743,10.6951288,8994,0.0,1.0,0.0,0.0,0.0,0.0,0.0,1.0,0.0,0.0
106.5885463,10.6954802,8995,0.0,1.0,0.0,0.0,0.0,0.0,0.0,1.0,0.0,0.0
106.5868427,10.6949314,8996,0.0,1.0,0.0,0.0,0.0,0.0,0.0,1.0,0.0,0.0
106.5863512,10.6947795,8997,0.0,1.0,0.0,0.0,0.0,0.0,0.0,1.0,0.0,0.0
106.5856847,10.6945598,8998,0.0,1.0,0.0,0.0,0.0,0.0,0.0,1.0,0.0,0.0
106.5854728,10.6944897,8999,0.0,1.0,0.0,0.0,0.0,0.0,0.0,1.0,0.0,0.0
106.5913029,10.6960726,9000,0.0,1.0,0.0,0.0,0.0,0.0,0.0,1.0,0.0,0.0
106.5907316,10.6960116,9001,0.0,1.0,0.0,0.0,0.0,0.0,0.0,1.0,0.0,0.0
106.6774426,10.8769476,9002,0.0,1.0,0.0,0.0,0.0,0.0,0.0,1.0,0.0,0.0
106.6873045,10.8069871,9003,0.0,1.0,0.0,0.0,0.0,0.0,0.0,1.0,0.0,0.0
106.687821,10.8080261,9004,0.0,1.0,0.0,0.0,0.0,0.0,0.0,1.0,0.0,0.0
106.6871176,10.8065979,9005,0.0,1.0,0.0,0.0,0.0,0.0,0.0,1.0,0.0,0.0
106.6870589,10.8057123,9006,0.0,1.0,0.0,0.0,0.0,0.0,0.0,1.0,0.0,0.0
106.6047492,10.8591339,9007,0.0,1.0,0.0,0.0,0.0,0.0,0.0,1.0,0.0,0.0
106.6060457,10.8573124,9008,0.0,1.0,0.0,0.0,0.0,0.0,0.0,1.0,0.0,0.0
106.5840148,10.8885006,9009,0.0,1.0,0.0,0.0,0.0,0.0,0.0,1.0,0.0,0.0
106.5863138,10.8851888,9010,0.0,1.0,0.0,0.0,0.0,0.0,0.0,1.0,0.0,0.0
106.5864882,10.8849491,9011,0.0,1.0,0.0,0.0,0.0,0.0,0.0,1.0,0.0,0.0
106.5871158,10.8840497,9012,0.0,1.0,0.0,0.0,0.0,0.0,0.0,1.0,0.0,0.0
106.5876273,10.8833095,9013,0.0,1.0,0.0,0.0,0.0,0.0,0.0,1.0,0.0,0.0
106.5882397,10.8824442,9014,0.0,1.0,0.0,0.0,0.0,0.0,0.0,1.0,0.0,0.0
106.5889985,10.881361,9015,0.0,1.0,0.0,0.0,0.0,0.0,0.0,1.0,0.0,0.0
106.5891238,10.8811922,9016,0.0,1.0,0.0,0.0,0.0,0.0,0.0,1.0,0.0,0.0
106.5896252,10.8804792,9017,0.0,1.0,0.0,0.0,0.0,0.0,0.0,1.0,0.0,0.0
106.5900475,10.8798576,9018,0.0,1.0,0.0,0.0,0.0,0.0,0.0,1.0,0.0,0.0
106.5914673,10.877854,9019,0.0,1.0,0.0,0.0,0.0,0.0,0.0,1.0,0.0,0.0
106.5917374,10.8774775,9020,0.0,1.0,0.0,0.0,0.0,0.0,0.0,1.0,0.0,0.0
106.5928826,10.8758775,9021,0.0,1.0,0.0,0.0,0.0,0.0,0.0,1.0,0.0,0.0
106.5930542,10.8756168,9022,0.0,1.0,0.0,0.0,0.0,0.0,0.0,1.0,0.0,0.0
106.5943792,10.873773,9023,0.0,1.0,0.0,0.0,0.0,0.0,0.0,1.0,0.0,0.0
106.5946843,10.8733067,9024,0.0,1.0,0.0,0.0,0.0,0.0,0.0,1.0,0.0,0.0
106.5966984,10.8704782,9025,0.0,1.0,0.0,0.0,0.0,0.0,0.0,1.0,0.0,0.0
106.5970534,10.869976,9026,0.0,1.0,0.0,0.0,0.0,0.0,0.0,1.0,0.0,0.0
106.6040198,10.8601653,9027,0.0,1.0,0.0,0.0,0.0,0.0,0.0,1.0,0.0,0.0
106.6053531,10.8582911,9028,0.0,1.0,0.0,0.0,0.0,0.0,0.0,1.0,0.0,0.0
106.6071458,10.8551791,9029,0.0,1.0,0.0,0.0,0.0,0.0,0.0,1.0,0.0,0.0
106.6083656,10.8537536,9030,0.0,1.0,0.0,0.0,0.0,0.0,0.0,1.0,0.0,0.0
106.6086258,10.8533532,9031,0.0,1.0,0.0,0.0,0.0,0.0,0.0,1.0,0.0,0.0
106.6094897,10.8520252,9032,0.0,1.0,0.0,0.0,0.0,0.0,0.0,1.0,0.0,0.0
106.679814,10.8822807,9033,0.0,1.0,0.0,0.0,0.0,0.0,0.0,1.0,0.0,0.0
106.6785351,10.8772143,9034,0.0,1.0,0.0,0.0,0.0,0.0,0.0,1.0,0.0,0.0
106.6791164,10.8807512,9035,0.0,1.0,0.0,0.0,0.0,0.0,0.0,1.0,0.0,0.0
106.64357,10.7390302,9036,0.0,1.0,0.0,0.0,0.0,0.0,0.0,1.0,0.0,0.0
106.6784688,10.8090829,9037,0.0,1.0,0.0,0.0,0.0,0.0,0.0,1.0,0.0,0.0
106.6784776,10.8099761,9038,0.0,1.0,0.0,0.0,0.0,0.0,0.0,1.0,0.0,0.0
106.6784639,10.8078206,9039,0.0,1.0,0.0,0.0,0.0,0.0,0.0,1.0,0.0,0.0
106.6785457,10.8060457,9040,0.0,1.0,0.0,0.0,0.0,0.0,0.0,1.0,0.0,0.0
106.6773752,10.8058862,9041,0.0,1.0,0.0,0.0,0.0,0.0,0.0,1.0,0.0,0.0
106.6769916,10.8061313,9042,0.0,1.0,0.0,0.0,0.0,0.0,0.0,1.0,0.0,0.0
106.6744306,10.8094515,9043,0.0,1.0,0.0,0.0,0.0,0.0,0.0,1.0,0.0,0.0
106.6738582,10.8087347,9044,0.0,1.0,0.0,0.0,0.0,0.0,0.0,1.0,0.0,0.0
106.6703612,10.8086874,9045,0.0,1.0,0.0,0.0,0.0,0.0,0.0,1.0,0.0,0.0
106.6700198,10.8087011,9046,0.0,1.0,0.0,0.0,0.0,0.0,0.0,1.0,0.0,0.0
106.7790531,10.8524153,9047,0.0,1.0,0.0,0.0,0.0,0.0,0.0,1.0,0.0,0.0
106.778079,10.8518342,9048,0.0,1.0,0.0,0.0,0.0,0.0,0.0,1.0,0.0,0.0
106.7795325,10.8527,9049,0.0,1.0,0.0,0.0,0.0,0.0,0.0,1.0,0.0,0.0
106.6706517,10.8086758,9050,0.0,1.0,0.0,0.0,0.0,0.0,0.0,1.0,0.0,0.0
106.6684311,10.8071638,9051,0.0,1.0,0.0,0.0,0.0,0.0,0.0,1.0,0.0,0.0
106.6671361,10.8060511,9052,0.0,1.0,0.0,0.0,0.0,0.0,0.0,1.0,0.0,0.0
106.6666373,10.8054151,9053,0.0,1.0,0.0,0.0,0.0,0.0,0.0,1.0,0.0,0.0
106.6646089,10.8047726,9054,0.0,1.0,0.0,0.0,0.0,0.0,0.0,1.0,0.0,0.0
106.6647374,10.8099392,9055,0.0,1.0,0.0,0.0,0.0,0.0,0.0,1.0,0.0,0.0
106.5814328,10.6932378,9056,0.0,1.0,0.0,0.0,0.0,0.0,0.0,1.0,0.0,0.0
106.6155335,10.8673553,9057,0.0,1.0,0.0,0.0,0.0,0.0,0.0,1.0,0.0,0.0
106.6153685,10.8679649,9058,0.0,1.0,0.0,0.0,0.0,0.0,0.0,1.0,0.0,0.0
106.6008637,10.7764236,9059,0.0,1.0,0.0,0.0,0.0,0.0,0.0,1.0,0.0,0.0
106.7715338,10.8496965,9060,0.0,1.0,0.0,0.0,0.0,0.0,0.0,1.0,0.0,0.0
106.7739348,10.8505379,9061,0.0,1.0,0.0,0.0,0.0,0.0,0.0,1.0,0.0,0.0
106.7737208,10.8501106,9062,0.0,1.0,0.0,0.0,0.0,0.0,0.0,1.0,0.0,0.0
106.7721524,10.849698,9063,0.0,1.0,0.0,0.0,0.0,0.0,0.0,1.0,0.0,0.0
106.7719978,10.8496661,9064,0.0,1.0,0.0,0.0,0.0,0.0,0.0,1.0,0.0,0.0
106.7717814,10.8496844,9065,0.0,1.0,0.0,0.0,0.0,0.0,0.0,1.0,0.0,0.0
106.7001737,10.8768011,9066,0.0,1.0,0.0,0.0,0.0,0.0,0.0,1.0,0.0,0.0
106.6349925,10.769518,9067,0.0,1.0,0.0,0.0,0.0,0.0,0.0,1.0,0.0,0.0
106.6374804,10.7690248,9068,0.0,1.0,0.0,0.0,0.0,0.0,0.0,1.0,0.0,0.0
106.6258862,10.8764717,9069,0.0,1.0,0.0,0.0,0.0,0.0,0.0,1.0,0.0,0.0
106.6262628,10.8758481,9070,0.0,1.0,0.0,0.0,0.0,0.0,0.0,1.0,0.0,0.0
106.6290024,10.8745654,9071,0.0,1.0,0.0,0.0,0.0,0.0,0.0,1.0,0.0,0.0
106.6290954,10.8745394,9072,0.0,1.0,0.0,0.0,0.0,0.0,0.0,1.0,0.0,0.0
106.627736,10.8749166,9073,0.0,1.0,0.0,0.0,0.0,0.0,0.0,1.0,0.0,0.0
106.5996305,10.7809636,9074,0.0,1.0,0.0,0.0,0.0,0.0,0.0,1.0,0.0,0.0
106.5995536,10.7812644,9075,0.0,1.0,0.0,0.0,0.0,0.0,0.0,1.0,0.0,0.0
106.5994879,10.7814814,9076,0.0,1.0,0.0,0.0,0.0,0.0,0.0,1.0,0.0,0.0
106.6434905,10.7663947,9077,0.0,1.0,0.0,0.0,0.0,0.0,0.0,1.0,0.0,0.0
106.6431026,10.7679714,9078,0.0,1.0,0.0,0.0,0.0,0.0,0.0,1.0,0.0,0.0
106.644078,10.7700539,9079,0.0,1.0,0.0,0.0,0.0,0.0,0.0,1.0,0.0,0.0
106.6438554,10.7690139,9080,0.0,1.0,0.0,0.0,0.0,0.0,0.0,1.0,0.0,0.0
106.6433795,10.7683535,9081,0.0,1.0,0.0,0.0,0.0,0.0,0.0,1.0,0.0,0.0
106.6403649,10.7676103,9082,0.0,1.0,0.0,0.0,0.0,0.0,0.0,1.0,0.0,0.0
106.6440906,10.7661929,9083,0.0,1.0,0.0,0.0,0.0,0.0,0.0,1.0,0.0,0.0
106.6436642,10.7663339,9084,0.0,1.0,0.0,0.0,0.0,0.0,0.0,1.0,0.0,0.0
106.6429761,10.767642,9085,0.0,1.0,0.0,0.0,0.0,0.0,0.0,1.0,0.0,0.0
106.6431057,10.766526,9086,0.0,1.0,0.0,0.0,0.0,0.0,0.0,1.0,0.0,0.0
106.6425832,10.7667897,9087,0.0,1.0,0.0,0.0,0.0,0.0,0.0,1.0,0.0,0.0
106.6427033,10.7667258,9088,0.0,1.0,0.0,0.0,0.0,0.0,0.0,1.0,0.0,0.0
106.6428481,10.7666481,9089,0.0,1.0,0.0,0.0,0.0,0.0,0.0,1.0,0.0,0.0
106.6429098,10.7666125,9090,0.0,1.0,0.0,0.0,0.0,0.0,0.0,1.0,0.0,0.0
106.6429996,10.7665527,9091,0.0,1.0,0.0,0.0,0.0,0.0,0.0,1.0,0.0,0.0
106.6422822,10.7664078,9092,0.0,1.0,0.0,0.0,0.0,0.0,0.0,1.0,0.0,0.0
106.6423894,10.7665163,9093,0.0,1.0,0.0,0.0,0.0,0.0,0.0,1.0,0.0,0.0
106.6424672,10.7665809,9094,0.0,1.0,0.0,0.0,0.0,0.0,0.0,1.0,0.0,0.0
106.6425812,10.7666072,9095,0.0,1.0,0.0,0.0,0.0,0.0,0.0,1.0,0.0,0.0
106.6426469,10.7666204,9096,0.0,1.0,0.0,0.0,0.0,0.0,0.0,1.0,0.0,0.0
106.6427319,10.7666288,9097,0.0,1.0,0.0,0.0,0.0,0.0,0.0,1.0,0.0,0.0
106.6422164,10.7666402,9098,0.0,1.0,0.0,0.0,0.0,0.0,0.0,1.0,0.0,0.0
106.6422178,10.766569,9099,0.0,1.0,0.0,0.0,0.0,0.0,0.0,1.0,0.0,0.0
106.6422178,10.76649,9100,0.0,1.0,0.0,0.0,0.0,0.0,0.0,1.0,0.0,0.0
106.6422191,10.7664241,9101,0.0,1.0,0.0,0.0,0.0,0.0,0.0,1.0,0.0,0.0
106.6422433,10.7662165,9102,0.0,1.0,0.0,0.0,0.0,0.0,0.0,1.0,0.0,0.0
106.6422282,10.7669237,9103,0.0,1.0,0.0,0.0,0.0,0.0,0.0,1.0,0.0,0.0
106.6420086,10.7669616,9104,0.0,1.0,0.0,0.0,0.0,0.0,0.0,1.0,0.0,0.0
106.641731,10.7670183,9105,0.0,1.0,0.0,0.0,0.0,0.0,0.0,1.0,0.0,0.0
106.641639,10.7670183,9106,0.0,1.0,0.0,0.0,0.0,0.0,0.0,1.0,0.0,0.0
106.6395481,10.7681262,9107,0.0,1.0,0.0,0.0,0.0,0.0,0.0,1.0,0.0,0.0
106.6409901,10.7672274,9108,0.0,1.0,0.0,0.0,0.0,0.0,0.0,1.0,0.0,0.0
106.641147,10.7671577,9109,0.0,1.0,0.0,0.0,0.0,0.0,0.0,1.0,0.0,0.0
106.6422074,10.7659874,9110,0.0,1.0,0.0,0.0,0.0,0.0,0.0,1.0,0.0,0.0
106.6422269,10.7661357,9111,0.0,1.0,0.0,0.0,0.0,0.0,0.0,1.0,0.0,0.0
106.6422899,10.7664458,9112,0.0,1.0,0.0,0.0,0.0,0.0,0.0,1.0,0.0,0.0
106.642324,10.7665365,9113,0.0,1.0,0.0,0.0,0.0,0.0,0.0,1.0,0.0,0.0
106.6422995,10.7666495,9114,0.0,1.0,0.0,0.0,0.0,0.0,0.0,1.0,0.0,0.0
106.6421839,10.7668655,9115,0.0,1.0,0.0,0.0,0.0,0.0,0.0,1.0,0.0,0.0
106.6421803,10.7667998,9116,0.0,1.0,0.0,0.0,0.0,0.0,0.0,1.0,0.0,0.0
106.6351944,10.8715538,9117,0.0,1.0,0.0,0.0,0.0,0.0,0.0,1.0,0.0,0.0
106.6347519,10.8717211,9118,0.0,1.0,0.0,0.0,0.0,0.0,0.0,1.0,0.0,0.0
106.6248126,10.877165,9119,0.0,1.0,0.0,0.0,0.0,0.0,0.0,1.0,0.0,0.0
106.6147625,10.7380483,9120,0.0,1.0,0.0,0.0,0.0,0.0,0.0,1.0,0.0,0.0
106.6147681,10.7383733,9121,0.0,1.0,0.0,0.0,0.0,0.0,0.0,1.0,0.0,0.0
106.6147066,10.7384524,9122,0.0,1.0,0.0,0.0,0.0,0.0,0.0,1.0,0.0,0.0
106.5682102,10.7800867,9123,0.0,1.0,0.0,0.0,0.0,0.0,0.0,1.0,0.0,0.0
106.780082,10.8530278,9124,0.0,1.0,0.0,0.0,0.0,0.0,0.0,1.0,0.0,0.0
106.6496474,10.767423,9125,0.0,1.0,0.0,0.0,0.0,0.0,0.0,1.0,0.0,0.0
106.6995564,10.799606,9126,0.0,1.0,0.0,0.0,0.0,0.0,0.0,1.0,0.0,0.0
106.6540587,10.7663976,9127,0.0,1.0,0.0,0.0,0.0,0.0,0.0,1.0,0.0,0.0
106.6541434,10.766464,9128,0.0,1.0,0.0,0.0,0.0,0.0,0.0,1.0,0.0,0.0
106.6529152,10.768335,9129,0.0,1.0,0.0,0.0,0.0,0.0,0.0,1.0,0.0,0.0
106.6519481,10.769155,9130,0.0,1.0,0.0,0.0,0.0,0.0,0.0,1.0,0.0,0.0
106.6518268,10.7692528,9131,0.0,1.0,0.0,0.0,0.0,0.0,0.0,1.0,0.0,0.0
106.6517423,10.7693226,9132,0.0,1.0,0.0,0.0,0.0,0.0,0.0,1.0,0.0,0.0
106.6515852,10.7694423,9133,0.0,1.0,0.0,0.0,0.0,0.0,0.0,1.0,0.0,0.0
106.6918224,10.8605837,9134,0.0,1.0,0.0,0.0,0.0,0.0,0.0,1.0,0.0,0.0
106.6911453,10.860638,9135,0.0,1.0,0.0,0.0,0.0,0.0,0.0,1.0,0.0,0.0
106.6901757,10.8607157,9136,0.0,1.0,0.0,0.0,0.0,0.0,0.0,1.0,0.0,0.0
106.6890167,10.8607708,9137,0.0,1.0,0.0,0.0,0.0,0.0,0.0,1.0,0.0,0.0
106.6590751,10.7672767,9138,0.0,1.0,0.0,0.0,0.0,0.0,0.0,1.0,0.0,0.0
106.6588507,10.7677013,9139,0.0,1.0,0.0,0.0,0.0,0.0,0.0,1.0,0.0,0.0
106.6587162,10.7681819,9140,0.0,1.0,0.0,0.0,0.0,0.0,0.0,1.0,0.0,0.0
106.659968,10.7719902,9141,0.0,1.0,0.0,0.0,0.0,0.0,0.0,1.0,0.0,0.0
106.6582938,10.7700288,9142,0.0,1.0,0.0,0.0,0.0,0.0,0.0,1.0,0.0,0.0
106.7294575,10.8506157,9143,0.0,1.0,0.0,0.0,0.0,0.0,0.0,1.0,0.0,0.0
106.7295839,10.8511589,9144,0.0,1.0,0.0,0.0,0.0,0.0,0.0,1.0,0.0,0.0
106.7287743,10.8461105,9145,0.0,1.0,0.0,0.0,0.0,0.0,0.0,1.0,0.0,0.0
106.728977,10.8471282,9146,0.0,1.0,0.0,0.0,0.0,0.0,0.0,1.0,0.0,0.0
106.7292145,10.8492677,9147,0.0,1.0,0.0,0.0,0.0,0.0,0.0,1.0,0.0,0.0
106.7294043,10.8503812,9148,0.0,1.0,0.0,0.0,0.0,0.0,0.0,1.0,0.0,0.0
106.6656713,10.766972,9149,0.0,1.0,0.0,0.0,0.0,0.0,0.0,1.0,0.0,0.0
106.665863,10.7670761,9150,0.0,1.0,0.0,0.0,0.0,0.0,0.0,1.0,0.0,0.0
106.7134711,10.792197,9151,0.0,1.0,0.0,0.0,0.0,0.0,0.0,1.0,0.0,0.0
106.7132342,10.7923141,9152,0.0,1.0,0.0,0.0,0.0,0.0,0.0,1.0,0.0,0.0
106.7118646,10.7926788,9153,0.0,1.0,0.0,0.0,0.0,0.0,0.0,1.0,0.0,0.0
106.7295894,10.8512168,9154,0.0,1.0,0.0,0.0,0.0,0.0,0.0,1.0,0.0,0.0
106.5996261,10.7796381,9155,0.0,1.0,0.0,0.0,0.0,0.0,0.0,1.0,0.0,0.0
106.6002312,10.7787791,9156,0.0,1.0,0.0,0.0,0.0,0.0,0.0,1.0,0.0,0.0
106.599914,10.7799816,9157,0.0,1.0,0.0,0.0,0.0,0.0,0.0,1.0,0.0,0.0
106.5997499,10.7805338,9158,0.0,1.0,0.0,0.0,0.0,0.0,0.0,1.0,0.0,0.0
106.6957432,10.7443078,9159,0.0,1.0,0.0,0.0,0.0,0.0,0.0,1.0,0.0,0.0
106.6193043,10.7994117,9160,0.0,1.0,0.0,0.0,0.0,0.0,0.0,1.0,0.0,0.0
106.667887,10.7681372,9161,0.0,1.0,0.0,0.0,0.0,0.0,0.0,1.0,0.0,0.0
106.6699972,10.7692426,9162,0.0,1.0,0.0,0.0,0.0,0.0,0.0,1.0,0.0,0.0
106.6676275,10.7656854,9163,0.0,1.0,0.0,0.0,0.0,0.0,0.0,1.0,0.0,0.0
106.6666715,10.7686842,9164,0.0,1.0,0.0,0.0,0.0,0.0,0.0,1.0,0.0,0.0
106.6690075,10.7686494,9165,0.0,1.0,0.0,0.0,0.0,0.0,0.0,1.0,0.0,0.0
106.7470697,10.845998,9166,0.0,1.0,0.0,0.0,0.0,0.0,0.0,1.0,0.0,0.0
106.6426409,10.7673196,9167,0.0,1.0,0.0,0.0,0.0,0.0,0.0,1.0,0.0,0.0
106.6422082,10.7653134,9168,0.0,1.0,0.0,0.0,0.0,0.0,0.0,1.0,0.0,0.0
106.6422085,10.7653656,9169,0.0,1.0,0.0,0.0,0.0,0.0,0.0,1.0,0.0,0.0
106.6422145,10.7655715,9170,0.0,1.0,0.0,0.0,0.0,0.0,0.0,1.0,0.0,0.0
106.7559262,10.8511306,9171,0.0,1.0,0.0,0.0,0.0,0.0,0.0,1.0,0.0,0.0
106.7560336,10.8511346,9172,0.0,1.0,0.0,0.0,0.0,0.0,0.0,1.0,0.0,0.0
106.7586699,10.8505984,9173,0.0,1.0,0.0,0.0,0.0,0.0,0.0,1.0,0.0,0.0
106.7580574,10.8509701,9174,0.0,1.0,0.0,0.0,0.0,0.0,0.0,1.0,0.0,0.0
106.7554761,10.8511526,9175,0.0,1.0,0.0,0.0,0.0,0.0,0.0,1.0,0.0,0.0
106.7558304,10.8511277,9176,0.0,1.0,0.0,0.0,0.0,0.0,0.0,1.0,0.0,0.0
106.7575574,10.8511374,9177,0.0,1.0,0.0,0.0,0.0,0.0,0.0,1.0,0.0,0.0
106.7551817,10.8511813,9178,0.0,1.0,0.0,0.0,0.0,0.0,0.0,1.0,0.0,0.0
106.7554506,10.8511579,9179,0.0,1.0,0.0,0.0,0.0,0.0,0.0,1.0,0.0,0.0
106.7559921,10.8511326,9180,0.0,1.0,0.0,0.0,0.0,0.0,0.0,1.0,0.0,0.0
106.7566862,10.851227,9181,0.0,1.0,0.0,0.0,0.0,0.0,0.0,1.0,0.0,0.0
106.7501355,10.8513009,9182,0.0,1.0,0.0,0.0,0.0,0.0,0.0,1.0,0.0,0.0
106.7527423,10.8483044,9183,0.0,1.0,0.0,0.0,0.0,0.0,0.0,1.0,0.0,0.0
106.7531191,10.8487665,9184,0.0,1.0,0.0,0.0,0.0,0.0,0.0,1.0,0.0,0.0
106.75074,10.8462501,9185,0.0,1.0,0.0,0.0,0.0,0.0,0.0,1.0,0.0,0.0
106.7496484,10.8504629,9186,0.0,1.0,0.0,0.0,0.0,0.0,0.0,1.0,0.0,0.0
106.7486371,10.8487229,9187,0.0,1.0,0.0,0.0,0.0,0.0,0.0,1.0,0.0,0.0
106.6448309,10.7659314,9188,0.0,1.0,0.0,0.0,0.0,0.0,0.0,1.0,0.0,0.0
106.6458526,10.7655791,9189,0.0,1.0,0.0,0.0,0.0,0.0,0.0,1.0,0.0,0.0
106.6460257,10.7655132,9190,0.0,1.0,0.0,0.0,0.0,0.0,0.0,1.0,0.0,0.0
106.6463512,10.7653711,9191,0.0,1.0,0.0,0.0,0.0,0.0,0.0,1.0,0.0,0.0
106.6464629,10.7653269,9192,0.0,1.0,0.0,0.0,0.0,0.0,0.0,1.0,0.0,0.0
106.6497899,10.7675146,9193,0.0,1.0,0.0,0.0,0.0,0.0,0.0,1.0,0.0,0.0
106.7806947,10.7957644,9194,0.0,1.0,0.0,0.0,0.0,0.0,0.0,1.0,0.0,0.0
106.6771521,10.8763017,9195,0.0,1.0,0.0,0.0,0.0,0.0,0.0,1.0,0.0,0.0
106.6772847,10.8695526,9196,0.0,1.0,0.0,0.0,0.0,0.0,0.0,1.0,0.0,0.0
106.6769479,10.8706967,9197,0.0,1.0,0.0,0.0,0.0,0.0,0.0,1.0,0.0,0.0
106.676858,10.8721914,9198,0.0,1.0,0.0,0.0,0.0,0.0,0.0,1.0,0.0,0.0
106.6769889,10.875913,9199,0.0,1.0,0.0,0.0,0.0,0.0,0.0,1.0,0.0,0.0
106.6768035,10.8751154,9200,0.0,1.0,0.0,0.0,0.0,0.0,0.0,1.0,0.0,0.0
106.6768301,10.8731114,9201,0.0,1.0,0.0,0.0,0.0,0.0,0.0,1.0,0.0,0.0
106.6714161,10.768212,9202,0.0,1.0,0.0,0.0,0.0,0.0,0.0,1.0,0.0,0.0
106.6401134,10.8442903,9203,0.0,1.0,0.0,0.0,0.0,0.0,0.0,1.0,0.0,0.0
106.6401474,10.8443558,9204,0.0,1.0,0.0,0.0,0.0,0.0,0.0,1.0,0.0,0.0
106.5939152,10.7495472,9205,0.0,1.0,0.0,0.0,0.0,0.0,0.0,1.0,0.0,0.0
106.6800536,10.767872,9206,0.0,1.0,0.0,0.0,0.0,0.0,0.0,1.0,0.0,0.0
106.6797344,10.7675571,9207,0.0,1.0,0.0,0.0,0.0,0.0,0.0,1.0,0.0,0.0
106.6795889,10.7673963,9208,0.0,1.0,0.0,0.0,0.0,0.0,0.0,1.0,0.0,0.0
106.679434,10.7672363,9209,0.0,1.0,0.0,0.0,0.0,0.0,0.0,1.0,0.0,0.0
106.6792723,10.7670756,9210,0.0,1.0,0.0,0.0,0.0,0.0,0.0,1.0,0.0,0.0
106.679025,10.7668329,9211,0.0,1.0,0.0,0.0,0.0,0.0,0.0,1.0,0.0,0.0
106.6789771,10.7667593,9212,0.0,1.0,0.0,0.0,0.0,0.0,0.0,1.0,0.0,0.0
106.6789115,10.766669,9213,0.0,1.0,0.0,0.0,0.0,0.0,0.0,1.0,0.0,0.0
106.6787261,10.7663986,9214,0.0,1.0,0.0,0.0,0.0,0.0,0.0,1.0,0.0,0.0
106.6780414,10.766527,9215,0.0,1.0,0.0,0.0,0.0,0.0,0.0,1.0,0.0,0.0
106.6775932,10.7666644,9216,0.0,1.0,0.0,0.0,0.0,0.0,0.0,1.0,0.0,0.0
106.7484906,10.875167,9217,0.0,1.0,0.0,0.0,0.0,0.0,0.0,1.0,0.0,0.0
106.74672,10.8739158,9218,0.0,1.0,0.0,0.0,0.0,0.0,0.0,1.0,0.0,0.0
106.7514385,10.8752236,9219,0.0,1.0,0.0,0.0,0.0,0.0,0.0,1.0,0.0,0.0
106.7516468,10.8471293,9220,0.0,1.0,0.0,0.0,0.0,0.0,0.0,1.0,0.0,0.0
106.7473663,10.8465092,9221,0.0,1.0,0.0,0.0,0.0,0.0,0.0,1.0,0.0,0.0
106.7512159,10.8467284,9222,0.0,1.0,0.0,0.0,0.0,0.0,0.0,1.0,0.0,0.0
106.6401137,10.8442917,9223,0.0,1.0,0.0,0.0,0.0,0.0,0.0,1.0,0.0,0.0
106.663126,10.7758493,9224,0.0,1.0,0.0,0.0,0.0,0.0,0.0,1.0,0.0,0.0
106.7668324,10.8505032,9225,0.0,1.0,0.0,0.0,0.0,0.0,0.0,1.0,0.0,0.0
106.7614694,10.8505048,9226,0.0,1.0,0.0,0.0,0.0,0.0,0.0,1.0,0.0,0.0
106.7605813,10.8505352,9227,0.0,1.0,0.0,0.0,0.0,0.0,0.0,1.0,0.0,0.0
106.623367,10.8555203,9228,0.0,1.0,0.0,0.0,0.0,0.0,0.0,1.0,0.0,0.0
106.6154342,10.8677223,9229,0.0,1.0,0.0,0.0,0.0,0.0,0.0,1.0,0.0,0.0
106.7574144,10.875604,9230,0.0,1.0,0.0,0.0,0.0,0.0,0.0,1.0,0.0,0.0
106.6144309,10.8709404,9231,0.0,1.0,0.0,0.0,0.0,0.0,0.0,1.0,0.0,0.0
106.6159466,10.8661857,9232,0.0,1.0,0.0,0.0,0.0,0.0,0.0,1.0,0.0,0.0
106.6162922,10.8651519,9233,0.0,1.0,0.0,0.0,0.0,0.0,0.0,1.0,0.0,0.0
106.6150764,10.8699562,9234,0.0,1.0,0.0,0.0,0.0,0.0,0.0,1.0,0.0,0.0
106.6156465,10.8669709,9235,0.0,1.0,0.0,0.0,0.0,0.0,0.0,1.0,0.0,0.0
106.6150376,10.8700866,9236,0.0,1.0,0.0,0.0,0.0,0.0,0.0,1.0,0.0,0.0
106.6149167,10.8703282,9237,0.0,1.0,0.0,0.0,0.0,0.0,0.0,1.0,0.0,0.0
106.6351505,10.803791,9238,0.0,1.0,0.0,0.0,0.0,0.0,0.0,1.0,0.0,0.0
106.6375873,10.8014126,9239,0.0,1.0,0.0,0.0,0.0,0.0,0.0,1.0,0.0,0.0
106.6844974,10.7682748,9240,0.0,1.0,0.0,0.0,0.0,0.0,0.0,1.0,0.0,0.0
106.6864395,10.7703703,9241,0.0,1.0,0.0,0.0,0.0,0.0,0.0,1.0,0.0,0.0
106.6817717,10.7697125,9242,0.0,1.0,0.0,0.0,0.0,0.0,0.0,1.0,0.0,0.0
106.6817607,10.7656594,9243,0.0,1.0,0.0,0.0,0.0,0.0,0.0,1.0,0.0,0.0
106.6817916,10.7652088,9244,0.0,1.0,0.0,0.0,0.0,0.0,0.0,1.0,0.0,0.0
106.6817337,10.7651795,9245,0.0,1.0,0.0,0.0,0.0,0.0,0.0,1.0,0.0,0.0
106.6816703,10.7651648,9246,0.0,1.0,0.0,0.0,0.0,0.0,0.0,1.0,0.0,0.0
106.681627,10.7651637,9247,0.0,1.0,0.0,0.0,0.0,0.0,0.0,1.0,0.0,0.0
106.6814193,10.7655699,9248,0.0,1.0,0.0,0.0,0.0,0.0,0.0,1.0,0.0,0.0
106.6814684,10.7656244,9249,0.0,1.0,0.0,0.0,0.0,0.0,0.0,1.0,0.0,0.0
106.6815308,10.7656635,9250,0.0,1.0,0.0,0.0,0.0,0.0,0.0,1.0,0.0,0.0
106.6845182,10.7682958,9251,0.0,1.0,0.0,0.0,0.0,0.0,0.0,0.0,1.0,0.0
106.6844012,10.7682738,9252,0.0,1.0,0.0,0.0,0.0,0.0,0.0,1.0,0.0,0.0
106.6823471,10.769873,9253,0.0,1.0,0.0,0.0,0.0,0.0,0.0,1.0,0.0,0.0
106.6835662,10.7688226,9254,0.0,1.0,0.0,0.0,0.0,0.0,0.0,1.0,0.0,0.0
106.682117,10.7700697,9255,0.0,1.0,0.0,0.0,0.0,0.0,0.0,1.0,0.0,0.0
106.6830594,10.7692639,9256,0.0,1.0,0.0,0.0,0.0,0.0,0.0,1.0,0.0,0.0
106.6835526,10.7688332,9257,0.0,1.0,0.0,0.0,0.0,0.0,0.0,1.0,0.0,0.0
106.6839226,10.7685219,9258,0.0,1.0,0.0,0.0,0.0,0.0,0.0,1.0,0.0,0.0
106.7655226,10.8506045,9259,0.0,1.0,0.0,0.0,0.0,0.0,0.0,1.0,0.0,0.0
106.7650663,10.8506618,9260,0.0,1.0,0.0,0.0,0.0,0.0,0.0,1.0,0.0,0.0
106.766105,10.8505793,9261,0.0,1.0,0.0,0.0,0.0,0.0,0.0,1.0,0.0,0.0
106.7654908,10.8506056,9262,0.0,1.0,0.0,0.0,0.0,0.0,0.0,1.0,0.0,0.0
106.7644072,10.8507057,9263,0.0,1.0,0.0,0.0,0.0,0.0,0.0,1.0,0.0,0.0
106.7568722,10.8756909,9264,0.0,1.0,0.0,0.0,0.0,0.0,0.0,1.0,0.0,0.0
106.7522382,10.8755207,9265,0.0,1.0,0.0,0.0,0.0,0.0,0.0,1.0,0.0,0.0
106.6562131,10.8425848,9266,0.0,1.0,0.0,0.0,0.0,0.0,0.0,1.0,0.0,0.0
106.6652733,10.8397244,9267,0.0,1.0,0.0,0.0,0.0,0.0,0.0,1.0,0.0,0.0
106.6652855,10.8395396,9268,0.0,1.0,0.0,0.0,0.0,0.0,0.0,1.0,0.0,0.0
106.6424147,10.8029475,9269,0.0,1.0,0.0,0.0,0.0,0.0,0.0,1.0,0.0,0.0
106.6417176,10.7983099,9270,0.0,1.0,0.0,0.0,0.0,0.0,0.0,1.0,0.0,0.0
106.7645707,10.8506968,9271,0.0,1.0,0.0,0.0,0.0,0.0,0.0,1.0,0.0,0.0
106.6768789,10.8717216,9272,0.0,1.0,0.0,0.0,0.0,0.0,0.0,1.0,0.0,0.0
106.7633565,10.8508203,9273,0.0,1.0,0.0,0.0,0.0,0.0,0.0,1.0,0.0,0.0
106.7648541,10.8728996,9274,0.0,1.0,0.0,0.0,0.0,0.0,0.0,1.0,0.0,0.0
106.7648031,10.872818,9275,0.0,1.0,0.0,0.0,0.0,0.0,0.0,1.0,0.0,0.0
106.6551808,10.7985817,9276,0.0,1.0,0.0,0.0,0.0,0.0,0.0,1.0,0.0,0.0
106.6351651,10.8715682,9277,0.0,1.0,0.0,0.0,0.0,0.0,0.0,1.0,0.0,0.0
106.6343404,10.8718984,9278,0.0,1.0,0.0,0.0,0.0,0.0,0.0,1.0,0.0,0.0
106.6854163,10.7678955,9279,0.0,1.0,0.0,0.0,0.0,0.0,0.0,0.0,1.0,0.0
106.686213,10.7675573,9280,0.0,1.0,0.0,0.0,0.0,0.0,0.0,0.0,1.0,0.0
106.6866641,10.7673647,9281,0.0,1.0,0.0,0.0,0.0,0.0,0.0,1.0,0.0,0.0
106.689501,10.7661541,9282,0.0,1.0,0.0,0.0,0.0,0.0,0.0,1.0,0.0,0.0
106.6894354,10.7661876,9283,0.0,1.0,0.0,0.0,0.0,0.0,0.0,1.0,0.0,0.0
106.6893698,10.7662223,9284,0.0,1.0,0.0,0.0,0.0,0.0,0.0,1.0,0.0,0.0
106.6885993,10.7668465,9285,0.0,1.0,0.0,0.0,0.0,0.0,0.0,1.0,0.0,0.0
106.6883289,10.7669665,9286,0.0,1.0,0.0,0.0,0.0,0.0,0.0,1.0,0.0,0.0
106.6892677,10.7681685,9287,0.0,1.0,0.0,0.0,0.0,0.0,0.0,1.0,0.0,0.0
106.6887814,10.7678345,9288,0.0,1.0,0.0,0.0,0.0,0.0,0.0,1.0,0.0,0.0
106.7775852,10.8735484,9289,0.0,1.0,0.0,0.0,0.0,0.0,0.0,1.0,0.0,0.0
106.7774485,10.8736394,9290,0.0,1.0,0.0,0.0,0.0,0.0,0.0,1.0,0.0,0.0
106.7782945,10.8750791,9291,0.0,1.0,0.0,0.0,0.0,0.0,0.0,1.0,0.0,0.0
106.778038,10.875509,9292,0.0,1.0,0.0,0.0,0.0,0.0,0.0,1.0,0.0,0.0
106.7772354,10.8732845,9293,0.0,1.0,0.0,0.0,0.0,0.0,0.0,1.0,0.0,0.0
106.7773059,10.8734121,9294,0.0,1.0,0.0,0.0,0.0,0.0,0.0,1.0,0.0,0.0
106.7773707,10.8732002,9295,0.0,1.0,0.0,0.0,0.0,0.0,0.0,1.0,0.0,0.0
106.6363553,10.870743,9296,0.0,1.0,0.0,0.0,0.0,0.0,0.0,1.0,0.0,0.0
106.6357646,10.8711171,9297,0.0,1.0,0.0,0.0,0.0,0.0,0.0,1.0,0.0,0.0
106.6360204,10.8709518,9298,0.0,1.0,0.0,0.0,0.0,0.0,0.0,1.0,0.0,0.0
106.6368738,10.8704226,9299,0.0,1.0,0.0,0.0,0.0,0.0,0.0,1.0,0.0,0.0
106.6564861,10.8012046,9300,0.0,1.0,0.0,0.0,0.0,0.0,0.0,1.0,0.0,0.0
106.6593848,10.798849,9301,0.0,1.0,0.0,0.0,0.0,0.0,0.0,1.0,0.0,0.0
106.6860192,10.7676431,9302,0.0,1.0,0.0,0.0,0.0,0.0,0.0,1.0,0.0,0.0
106.6892001,10.7670759,9303,0.0,1.0,0.0,0.0,0.0,0.0,0.0,1.0,0.0,0.0
106.6871332,10.7671657,9304,0.0,1.0,0.0,0.0,0.0,0.0,0.0,1.0,0.0,0.0
106.6890877,10.7681791,9305,0.0,1.0,0.0,0.0,0.0,0.0,0.0,1.0,0.0,0.0
106.6533718,10.801476,9306,0.0,1.0,0.0,0.0,0.0,0.0,0.0,1.0,0.0,0.0
106.652924,10.8015155,9307,0.0,1.0,0.0,0.0,0.0,0.0,0.0,1.0,0.0,0.0
106.6953807,10.7679754,9308,0.0,1.0,0.0,0.0,0.0,0.0,0.0,1.0,0.0,0.0
106.6940986,10.7701435,9309,0.0,1.0,0.0,0.0,0.0,0.0,0.0,1.0,0.0,0.0
106.6941112,10.770119,9310,0.0,1.0,0.0,0.0,0.0,0.0,0.0,0.0,1.0,0.0
106.6941287,10.7700912,9311,0.0,1.0,0.0,0.0,0.0,0.0,0.0,1.0,0.0,0.0
106.7334759,10.8544538,9312,0.0,1.0,0.0,0.0,0.0,0.0,0.0,1.0,0.0,0.0
106.7322674,10.8540654,9313,0.0,1.0,0.0,0.0,0.0,0.0,0.0,1.0,0.0,0.0
106.735596,10.8552937,9314,0.0,1.0,0.0,0.0,0.0,0.0,0.0,1.0,0.0,0.0
106.7313874,10.853636,9315,0.0,1.0,0.0,0.0,0.0,0.0,0.0,1.0,0.0,0.0
106.7319426,10.8539125,9316,0.0,1.0,0.0,0.0,0.0,0.0,0.0,1.0,0.0,0.0
106.7298645,10.8522541,9317,0.0,1.0,0.0,0.0,0.0,0.0,0.0,1.0,0.0,0.0
106.7303446,10.8531432,9318,0.0,1.0,0.0,0.0,0.0,0.0,0.0,1.0,0.0,0.0
106.6654568,10.8004056,9319,0.0,1.0,0.0,0.0,0.0,0.0,0.0,1.0,0.0,0.0
106.6653921,10.8000753,9320,0.0,1.0,0.0,0.0,0.0,0.0,0.0,1.0,0.0,0.0
106.6650303,10.7985171,9321,0.0,1.0,0.0,0.0,0.0,0.0,0.0,1.0,0.0,0.0
106.6652716,10.799607,9322,0.0,1.0,0.0,0.0,0.0,0.0,0.0,1.0,0.0,0.0
106.6631377,10.7981215,9323,0.0,1.0,0.0,0.0,0.0,0.0,0.0,1.0,0.0,0.0
106.7886983,10.87147,9324,0.0,1.0,0.0,0.0,0.0,0.0,0.0,1.0,0.0,0.0
106.6096162,10.7321249,9325,0.0,1.0,0.0,0.0,0.0,0.0,0.0,1.0,0.0,0.0
106.6921625,10.8323042,9326,0.0,1.0,0.0,0.0,0.0,0.0,0.0,1.0,0.0,0.0
106.6875029,10.8234594,9327,0.0,1.0,0.0,0.0,0.0,0.0,0.0,1.0,0.0,0.0
106.6845578,10.8478449,9328,0.0,1.0,0.0,0.0,0.0,0.0,0.0,1.0,0.0,0.0
106.6894159,10.8392792,9329,0.0,1.0,0.0,0.0,0.0,0.0,0.0,1.0,0.0,0.0
106.6893801,10.8393896,9330,0.0,1.0,0.0,0.0,0.0,0.0,0.0,1.0,0.0,0.0
106.6042269,10.7763733,9331,0.0,1.0,0.0,0.0,0.0,0.0,0.0,1.0,0.0,0.0
106.6062534,10.776323,9332,0.0,1.0,0.0,0.0,0.0,0.0,0.0,1.0,0.0,0.0
106.6004709,10.7779231,9333,0.0,1.0,0.0,0.0,0.0,0.0,0.0,1.0,0.0,0.0
106.6006925,10.7771281,9334,0.0,1.0,0.0,0.0,0.0,0.0,0.0,1.0,0.0,0.0
106.688839,10.7440266,9335,0.0,1.0,0.0,0.0,0.0,0.0,0.0,1.0,0.0,0.0
106.6902932,10.7692372,9336,0.0,1.0,0.0,0.0,0.0,0.0,0.0,1.0,0.0,0.0
106.6932438,10.7657464,9337,0.0,1.0,0.0,0.0,0.0,0.0,0.0,1.0,0.0,0.0
106.6008363,10.776542,9338,0.0,1.0,0.0,0.0,0.0,0.0,0.0,1.0,0.0,0.0
106.668581,10.7982054,9339,0.0,1.0,0.0,0.0,0.0,0.0,0.0,1.0,0.0,0.0
106.6684498,10.7982167,9340,0.0,1.0,0.0,0.0,0.0,0.0,0.0,1.0,0.0,0.0
106.666601,10.8003013,9341,0.0,1.0,0.0,0.0,0.0,0.0,0.0,1.0,0.0,0.0
106.6676731,10.8002636,9342,0.0,1.0,0.0,0.0,0.0,0.0,0.0,1.0,0.0,0.0
106.6674556,10.8003607,9343,0.0,1.0,0.0,0.0,0.0,0.0,0.0,1.0,0.0,0.0
106.666894,10.8002745,9344,0.0,1.0,0.0,0.0,0.0,0.0,0.0,1.0,0.0,0.0
106.6696768,10.7981077,9345,0.0,1.0,0.0,0.0,0.0,0.0,0.0,1.0,0.0,0.0
106.6692894,10.798146,9346,0.0,1.0,0.0,0.0,0.0,0.0,0.0,1.0,0.0,0.0
106.751912,10.8547449,9347,0.0,1.0,0.0,0.0,0.0,0.0,0.0,1.0,0.0,0.0
106.8011491,10.8738822,9348,0.0,1.0,0.0,0.0,0.0,0.0,0.0,1.0,0.0,0.0
106.805235,10.8751694,9349,0.0,1.0,0.0,0.0,0.0,0.0,0.0,1.0,0.0,0.0
106.8052839,10.8751979,9350,0.0,1.0,0.0,0.0,0.0,0.0,0.0,1.0,0.0,0.0
106.8053649,10.8751776,9351,0.0,1.0,0.0,0.0,0.0,0.0,0.0,1.0,0.0,0.0
106.8053886,10.875074,9352,0.0,1.0,0.0,0.0,0.0,0.0,0.0,1.0,0.0,0.0
106.8053732,10.8750501,9353,0.0,1.0,0.0,0.0,0.0,0.0,0.0,1.0,0.0,0.0
106.8053511,10.8750321,9354,0.0,1.0,0.0,0.0,0.0,0.0,0.0,1.0,0.0,0.0
106.8053243,10.8750216,9355,0.0,1.0,0.0,0.0,0.0,0.0,0.0,1.0,0.0,0.0
106.8053833,10.8751559,9356,0.0,1.0,0.0,0.0,0.0,0.0,0.0,1.0,0.0,0.0
106.8056563,10.8749777,9357,0.0,1.0,0.0,0.0,0.0,0.0,0.0,1.0,0.0,0.0
106.8052044,10.8754861,9358,0.0,1.0,0.0,0.0,0.0,0.0,0.0,1.0,0.0,0.0
106.8053127,10.8751997,9359,0.0,1.0,0.0,0.0,0.0,0.0,0.0,1.0,0.0,0.0
106.6992532,10.7705119,9360,0.0,1.0,0.0,0.0,0.0,0.0,0.0,1.0,0.0,0.0
106.6991525,10.770666,9361,0.0,1.0,0.0,0.0,0.0,0.0,0.0,1.0,0.0,0.0
106.6976851,10.7699124,9362,0.0,1.0,0.0,0.0,0.0,0.0,0.0,1.0,0.0,0.0
106.6967057,10.769368,9363,0.0,1.0,0.0,0.0,0.0,0.0,0.0,1.0,0.0,0.0
106.6743591,10.7996654,9364,0.0,1.0,0.0,0.0,0.0,0.0,0.0,1.0,0.0,0.0
106.6736085,10.7996466,9365,0.0,1.0,0.0,0.0,0.0,0.0,0.0,1.0,0.0,0.0
106.6728531,10.7986865,9366,0.0,1.0,0.0,0.0,0.0,0.0,0.0,1.0,0.0,0.0
106.8046747,10.8759361,9367,0.0,1.0,0.0,0.0,0.0,0.0,0.0,1.0,0.0,0.0
106.7002195,10.7761801,9368,0.0,1.0,0.0,0.0,0.0,0.0,0.0,1.0,0.0,0.0
106.7004206,10.775719,9369,0.0,1.0,0.0,0.0,0.0,0.0,0.0,1.0,0.0,0.0
106.6988892,10.7756511,9370,0.0,1.0,0.0,0.0,0.0,0.0,0.0,1.0,0.0,0.0
106.6976222,10.7743715,9371,0.0,1.0,0.0,0.0,0.0,0.0,0.0,1.0,0.0,0.0
106.6960719,10.7732489,9372,0.0,1.0,0.0,0.0,0.0,0.0,0.0,1.0,0.0,0.0
106.6797222,10.8005557,9373,0.0,1.0,0.0,0.0,0.0,0.0,0.0,1.0,0.0,0.0
106.680033,10.7998472,9374,0.0,1.0,0.0,0.0,0.0,0.0,0.0,1.0,0.0,0.0
106.6790687,10.8026785,9375,0.0,1.0,0.0,0.0,0.0,0.0,0.0,1.0,0.0,0.0
106.6789874,10.8032667,9376,0.0,1.0,0.0,0.0,0.0,0.0,0.0,1.0,0.0,0.0
106.6791988,10.8020568,9377,0.0,1.0,0.0,0.0,0.0,0.0,0.0,1.0,0.0,0.0
106.6790584,10.8027457,9378,0.0,1.0,0.0,0.0,0.0,0.0,0.0,1.0,0.0,0.0
106.6798401,10.800268,9379,0.0,1.0,0.0,0.0,0.0,0.0,0.0,1.0,0.0,0.0
106.6796269,10.8008081,9380,0.0,1.0,0.0,0.0,0.0,0.0,0.0,1.0,0.0,0.0
106.6791201,10.8024084,9381,0.0,1.0,0.0,0.0,0.0,0.0,0.0,1.0,0.0,0.0
106.7776752,10.8515895,9382,0.0,1.0,0.0,0.0,0.0,0.0,0.0,1.0,0.0,0.0
106.7776853,10.8525886,9383,0.0,1.0,0.0,0.0,0.0,0.0,0.0,1.0,0.0,0.0
106.6838996,10.8040412,9384,0.0,1.0,0.0,0.0,0.0,0.0,0.0,1.0,0.0,0.0
106.6840534,10.8038417,9385,0.0,1.0,0.0,0.0,0.0,0.0,0.0,1.0,0.0,0.0
106.6835842,10.8024159,9386,0.0,1.0,0.0,0.0,0.0,0.0,0.0,1.0,0.0,0.0
106.6824135,10.801166,9387,0.0,1.0,0.0,0.0,0.0,0.0,0.0,1.0,0.0,0.0
106.6825175,10.8013721,9388,0.0,1.0,0.0,0.0,0.0,0.0,0.0,1.0,0.0,0.0
106.6693068,10.7396026,9389,0.0,1.0,0.0,0.0,0.0,0.0,0.0,1.0,0.0,0.0
106.6693321,10.7432861,9390,0.0,1.0,0.0,0.0,0.0,0.0,0.0,1.0,0.0,0.0
106.6902261,10.7732247,9391,0.0,1.0,0.0,0.0,0.0,0.0,0.0,1.0,0.0,0.0
106.6898451,10.7734335,9392,0.0,1.0,0.0,0.0,0.0,0.0,0.0,1.0,0.0,0.0
106.6933704,10.7712775,9393,0.0,1.0,0.0,0.0,0.0,0.0,0.0,1.0,0.0,0.0
106.687129,10.7753503,9394,0.0,1.0,0.0,0.0,0.0,0.0,0.0,1.0,0.0,0.0
106.6867311,10.7756788,9395,0.0,1.0,0.0,0.0,0.0,0.0,0.0,1.0,0.0,0.0
106.6850318,10.7731356,9396,0.0,1.0,0.0,0.0,0.0,0.0,0.0,1.0,0.0,0.0
106.6851826,10.7732948,9397,0.0,1.0,0.0,0.0,0.0,0.0,0.0,1.0,0.0,0.0
106.6863494,10.7745282,9398,0.0,1.0,0.0,0.0,0.0,0.0,0.0,1.0,0.0,0.0
106.6884994,10.7746152,9399,0.0,1.0,0.0,0.0,0.0,0.0,0.0,1.0,0.0,0.0
106.6852499,10.7733659,9400,0.0,1.0,0.0,0.0,0.0,0.0,0.0,1.0,0.0,0.0
106.6856698,10.7738073,9401,0.0,1.0,0.0,0.0,0.0,0.0,0.0,1.0,0.0,0.0
106.677574,10.8690498,9402,0.0,1.0,0.0,0.0,0.0,0.0,0.0,1.0,0.0,0.0
106.6772965,10.8695313,9403,0.0,1.0,0.0,0.0,0.0,0.0,0.0,1.0,0.0,0.0
106.6782521,10.8682071,9404,0.0,1.0,0.0,0.0,0.0,0.0,0.0,1.0,0.0,0.0
106.6885159,10.7746331,9405,0.0,1.0,0.0,0.0,0.0,0.0,0.0,1.0,0.0,0.0
106.7802246,10.8541293,9406,0.0,1.0,0.0,0.0,0.0,0.0,0.0,1.0,0.0,0.0
106.7805453,10.8533051,9407,0.0,1.0,0.0,0.0,0.0,0.0,0.0,1.0,0.0,0.0
106.6836401,10.8042718,9408,0.0,1.0,0.0,0.0,0.0,0.0,0.0,1.0,0.0,0.0
106.8078416,10.8736784,9409,0.0,1.0,0.0,0.0,0.0,0.0,0.0,1.0,0.0,0.0
106.8065243,10.8745808,9410,0.0,1.0,0.0,0.0,0.0,0.0,0.0,1.0,0.0,0.0
106.6485421,10.8436841,9411,0.0,1.0,0.0,0.0,0.0,0.0,0.0,1.0,0.0,0.0
106.6814169,10.7706645,9412,0.0,1.0,0.0,0.0,0.0,0.0,0.0,1.0,0.0,0.0
106.6954999,10.8028045,9413,0.0,1.0,0.0,0.0,0.0,0.0,0.0,1.0,0.0,0.0
106.6990424,10.7981269,9414,0.0,1.0,0.0,0.0,0.0,0.0,0.0,1.0,0.0,0.0
106.6995333,10.7997044,9415,0.0,1.0,0.0,0.0,0.0,0.0,0.0,1.0,0.0,0.0
106.6962769,10.8027044,9416,0.0,1.0,0.0,0.0,0.0,0.0,0.0,1.0,0.0,0.0
106.6965502,10.8026091,9417,0.0,1.0,0.0,0.0,0.0,0.0,0.0,1.0,0.0,0.0
106.7837605,10.8552239,9418,0.0,1.0,0.0,0.0,0.0,0.0,0.0,1.0,0.0,0.0
106.679258,10.8671779,9419,0.0,1.0,0.0,0.0,0.0,0.0,0.0,1.0,0.0,0.0
106.6824793,10.7704394,9420,0.0,1.0,0.0,0.0,0.0,0.0,0.0,1.0,0.0,0.0
106.6826085,10.7705602,9421,0.0,1.0,0.0,0.0,0.0,0.0,0.0,1.0,0.0,0.0
106.6828027,10.7707684,9422,0.0,1.0,0.0,0.0,0.0,0.0,0.0,1.0,0.0,0.0
106.6831739,10.7711597,9423,0.0,1.0,0.0,0.0,0.0,0.0,0.0,1.0,0.0,0.0
106.6834509,10.7714549,9424,0.0,1.0,0.0,0.0,0.0,0.0,0.0,1.0,0.0,0.0
106.6848063,10.7728997,9425,0.0,1.0,0.0,0.0,0.0,0.0,0.0,1.0,0.0,0.0
106.6806831,10.7741536,9426,0.0,1.0,0.0,0.0,0.0,0.0,0.0,1.0,0.0,0.0
106.6809587,10.7743872,9427,0.0,1.0,0.0,0.0,0.0,0.0,0.0,1.0,0.0,0.0
106.6810994,10.7745126,9428,0.0,1.0,0.0,0.0,0.0,0.0,0.0,1.0,0.0,0.0
106.6812706,10.7746539,9429,0.0,1.0,0.0,0.0,0.0,0.0,0.0,1.0,0.0,0.0
106.6814951,10.7748541,9430,0.0,1.0,0.0,0.0,0.0,0.0,0.0,1.0,0.0,0.0
106.6818531,10.7751638,9431,0.0,1.0,0.0,0.0,0.0,0.0,0.0,1.0,0.0,0.0
106.6823124,10.7755574,9432,0.0,1.0,0.0,0.0,0.0,0.0,0.0,1.0,0.0,0.0
106.6823846,10.7756155,9433,0.0,1.0,0.0,0.0,0.0,0.0,0.0,1.0,0.0,0.0
106.6827412,10.7759148,9434,0.0,1.0,0.0,0.0,0.0,0.0,0.0,1.0,0.0,0.0
106.6960125,10.7941308,9435,0.0,1.0,0.0,0.0,0.0,0.0,0.0,1.0,0.0,0.0
106.696138,10.7959431,9436,0.0,1.0,0.0,0.0,0.0,0.0,0.0,1.0,0.0,0.0
106.676351,10.7702055,9437,0.0,1.0,0.0,0.0,0.0,0.0,0.0,1.0,0.0,0.0
106.6765257,10.7703983,9438,0.0,1.0,0.0,0.0,0.0,0.0,0.0,1.0,0.0,0.0
106.6767106,10.7705892,9439,0.0,1.0,0.0,0.0,0.0,0.0,0.0,1.0,0.0,0.0
106.677566,10.7714939,9440,0.0,1.0,0.0,0.0,0.0,0.0,0.0,1.0,0.0,0.0
106.6778256,10.7717339,9441,0.0,1.0,0.0,0.0,0.0,0.0,0.0,1.0,0.0,0.0
106.6783749,10.7721846,9442,0.0,1.0,0.0,0.0,0.0,0.0,0.0,1.0,0.0,0.0
106.6790204,10.7727339,9443,0.0,1.0,0.0,0.0,0.0,0.0,0.0,1.0,0.0,0.0
106.6795149,10.7731597,9444,0.0,1.0,0.0,0.0,0.0,0.0,0.0,1.0,0.0,0.0
106.6795962,10.7732308,9445,0.0,1.0,0.0,0.0,0.0,0.0,0.0,1.0,0.0,0.0
106.6797945,10.7733995,9446,0.0,1.0,0.0,0.0,0.0,0.0,0.0,1.0,0.0,0.0
106.6800473,10.7736078,9447,0.0,1.0,0.0,0.0,0.0,0.0,0.0,1.0,0.0,0.0
106.6802055,10.7737353,9448,0.0,1.0,0.0,0.0,0.0,0.0,0.0,1.0,0.0,0.0
106.6920192,10.7972011,9449,0.0,1.0,0.0,0.0,0.0,0.0,0.0,1.0,0.0,0.0
106.67713,10.7710361,9450,0.0,1.0,0.0,0.0,0.0,0.0,0.0,1.0,0.0,0.0
106.6811996,10.7691407,9451,0.0,1.0,0.0,0.0,0.0,0.0,0.0,1.0,0.0,0.0
106.6165097,10.8644508,9452,0.0,1.0,0.0,0.0,0.0,0.0,0.0,1.0,0.0,0.0
106.6197473,10.8574006,9453,0.0,1.0,0.0,0.0,0.0,0.0,0.0,1.0,0.0,0.0
106.6178762,10.858884,9454,0.0,1.0,0.0,0.0,0.0,0.0,0.0,1.0,0.0,0.0
106.6177531,10.8593017,9455,0.0,1.0,0.0,0.0,0.0,0.0,0.0,1.0,0.0,0.0
106.615741,10.866685,9456,0.0,1.0,0.0,0.0,0.0,0.0,0.0,1.0,0.0,0.0
106.6175342,10.8603982,9457,0.0,1.0,0.0,0.0,0.0,0.0,0.0,1.0,0.0,0.0
106.617142,10.8622756,9458,0.0,1.0,0.0,0.0,0.0,0.0,0.0,1.0,0.0,0.0
106.6167567,10.8636265,9459,0.0,1.0,0.0,0.0,0.0,0.0,0.0,1.0,0.0,0.0
106.6160443,10.8658854,9460,0.0,1.0,0.0,0.0,0.0,0.0,0.0,1.0,0.0,0.0
106.6165829,10.8642001,9461,0.0,1.0,0.0,0.0,0.0,0.0,0.0,1.0,0.0,0.0
106.6864092,10.7922848,9462,0.0,1.0,0.0,0.0,0.0,0.0,0.0,1.0,0.0,0.0
106.6847572,10.7926798,9463,0.0,1.0,0.0,0.0,0.0,0.0,0.0,1.0,0.0,0.0
106.5693331,10.6797073,9464,0.0,1.0,0.0,0.0,0.0,0.0,0.0,1.0,0.0,0.0
106.6820222,10.7957737,9465,0.0,1.0,0.0,0.0,0.0,0.0,0.0,1.0,0.0,0.0
106.681914,10.7958652,9466,0.0,1.0,0.0,0.0,0.0,0.0,0.0,1.0,0.0,0.0
106.6821625,10.7956328,9467,0.0,1.0,0.0,0.0,0.0,0.0,0.0,1.0,0.0,0.0
106.680734,10.7981738,9468,0.0,1.0,0.0,0.0,0.0,0.0,0.0,1.0,0.0,0.0
106.6753874,10.7723999,9469,0.0,1.0,0.0,0.0,0.0,0.0,0.0,1.0,0.0,0.0
106.6674307,10.7755319,9470,0.0,1.0,0.0,0.0,0.0,0.0,0.0,1.0,0.0,0.0
106.6677968,10.7749636,9471,0.0,1.0,0.0,0.0,0.0,0.0,0.0,1.0,0.0,0.0
106.6677588,10.7750269,9472,0.0,1.0,0.0,0.0,0.0,0.0,0.0,1.0,0.0,0.0
106.6166067,10.8641217,9473,0.0,1.0,0.0,0.0,0.0,0.0,0.0,1.0,0.0,0.0
106.6170057,10.8627552,9474,0.0,1.0,0.0,0.0,0.0,0.0,0.0,1.0,0.0,0.0
106.6444213,10.7435298,9475,0.0,1.0,0.0,0.0,0.0,0.0,0.0,1.0,0.0,0.0
106.6959921,10.7942694,9476,0.0,1.0,0.0,0.0,0.0,0.0,0.0,1.0,0.0,0.0
106.6960618,10.7942839,9477,0.0,1.0,0.0,0.0,0.0,0.0,0.0,1.0,0.0,0.0
106.6960055,10.7944512,9478,0.0,1.0,0.0,0.0,0.0,0.0,0.0,1.0,0.0,0.0
106.8063497,10.8709461,9479,0.0,1.0,0.0,0.0,0.0,0.0,0.0,1.0,0.0,0.0
106.6777488,10.7960362,9480,0.0,1.0,0.0,0.0,0.0,0.0,0.0,1.0,0.0,0.0
106.6791368,10.7934087,9481,0.0,1.0,0.0,0.0,0.0,0.0,0.0,1.0,0.0,0.0
106.676746,10.7974799,9482,0.0,1.0,0.0,0.0,0.0,0.0,0.0,1.0,0.0,0.0
106.6656976,10.7710388,9483,0.0,1.0,0.0,0.0,0.0,0.0,0.0,1.0,0.0,0.0
106.6625133,10.7750655,9484,0.0,1.0,0.0,0.0,0.0,0.0,0.0,1.0,0.0,0.0
106.6701459,10.7929287,9485,0.0,1.0,0.0,0.0,0.0,0.0,0.0,1.0,0.0,0.0
106.672713,10.7976189,9486,0.0,1.0,0.0,0.0,0.0,0.0,0.0,1.0,0.0,0.0
106.6726622,10.7975457,9487,0.0,1.0,0.0,0.0,0.0,0.0,0.0,1.0,0.0,0.0
106.6725925,10.7975075,9488,0.0,1.0,0.0,0.0,0.0,0.0,0.0,1.0,0.0,0.0
106.6724402,10.7974949,9489,0.0,1.0,0.0,0.0,0.0,0.0,0.0,1.0,0.0,0.0
106.6711493,10.798011,9490,0.0,1.0,0.0,0.0,0.0,0.0,0.0,1.0,0.0,0.0
106.673675,10.7977735,9491,0.0,1.0,0.0,0.0,0.0,0.0,0.0,1.0,0.0,0.0
106.6725386,10.7960181,9492,0.0,1.0,0.0,0.0,0.0,0.0,0.0,1.0,0.0,0.0
106.7915871,10.8666505,9493,0.0,1.0,0.0,0.0,0.0,0.0,0.0,1.0,0.0,0.0
106.5954928,10.6811514,9494,0.0,1.0,0.0,0.0,0.0,0.0,0.0,1.0,0.0,0.0
106.6706876,10.7924975,9495,0.0,1.0,0.0,0.0,0.0,0.0,0.0,1.0,0.0,0.0
106.6705551,10.7926083,9496,0.0,1.0,0.0,0.0,0.0,0.0,0.0,1.0,0.0,0.0
106.6698455,10.7931385,9497,0.0,1.0,0.0,0.0,0.0,0.0,0.0,1.0,0.0,0.0
106.6697453,10.7932065,9498,0.0,1.0,0.0,0.0,0.0,0.0,0.0,1.0,0.0,0.0
106.66952,10.7933762,9499,0.0,1.0,0.0,0.0,0.0,0.0,0.0,1.0,0.0,0.0
106.669018,10.7937323,9500,0.0,1.0,0.0,0.0,0.0,0.0,0.0,1.0,0.0,0.0
106.6684802,10.7941451,9501,0.0,1.0,0.0,0.0,0.0,0.0,0.0,1.0,0.0,0.0
106.668255,10.7943139,9502,0.0,1.0,0.0,0.0,0.0,0.0,0.0,1.0,0.0,0.0
106.6691587,10.798157,9503,0.0,1.0,0.0,0.0,0.0,0.0,0.0,1.0,0.0,0.0
106.6686091,10.798203,9504,0.0,1.0,0.0,0.0,0.0,0.0,0.0,1.0,0.0,0.0
106.6657125,10.7961798,9505,0.0,1.0,0.0,0.0,0.0,0.0,0.0,1.0,0.0,0.0
106.667741,10.7947031,9506,0.0,1.0,0.0,0.0,0.0,0.0,0.0,1.0,0.0,0.0
106.6584192,10.7755941,9507,0.0,1.0,0.0,0.0,0.0,0.0,0.0,1.0,0.0,0.0
106.6578456,10.7748455,9508,0.0,1.0,0.0,0.0,0.0,0.0,0.0,1.0,0.0,0.0
106.6587872,10.7760663,9509,0.0,1.0,0.0,0.0,0.0,0.0,0.0,1.0,0.0,0.0
106.6575174,10.7727985,9510,0.0,1.0,0.0,0.0,0.0,0.0,0.0,1.0,0.0,0.0
106.6572154,10.7738791,9511,0.0,1.0,0.0,0.0,0.0,0.0,0.0,1.0,0.0,0.0
106.6568722,10.7746967,9512,0.0,1.0,0.0,0.0,0.0,0.0,0.0,1.0,0.0,0.0
106.6566561,10.7758768,9513,0.0,1.0,0.0,0.0,0.0,0.0,0.0,1.0,0.0,0.0
106.6568541,10.7751698,9514,0.0,1.0,0.0,0.0,0.0,0.0,0.0,1.0,0.0,0.0
106.787985,10.8697023,9515,0.0,1.0,0.0,0.0,0.0,0.0,0.0,1.0,0.0,0.0
106.5958303,10.6818,9516,0.0,1.0,0.0,0.0,0.0,0.0,0.0,1.0,0.0,0.0
106.659131,10.7931923,9517,0.0,1.0,0.0,0.0,0.0,0.0,0.0,1.0,0.0,0.0
106.655657,10.7953378,9518,0.0,1.0,0.0,0.0,0.0,0.0,0.0,1.0,0.0,0.0
106.6557187,10.795272,9519,0.0,1.0,0.0,0.0,0.0,0.0,0.0,1.0,0.0,0.0
106.6557557,10.7954312,9520,0.0,1.0,0.0,0.0,0.0,0.0,0.0,1.0,0.0,0.0
106.6536049,10.7760956,9521,0.0,1.0,0.0,0.0,0.0,0.0,0.0,1.0,0.0,0.0
106.653457,10.7759321,9522,0.0,1.0,0.0,0.0,0.0,0.0,0.0,1.0,0.0,0.0
106.6533519,10.7758207,9523,0.0,1.0,0.0,0.0,0.0,0.0,0.0,1.0,0.0,0.0
106.6518498,10.7688933,9524,0.0,1.0,0.0,0.0,0.0,0.0,0.0,1.0,0.0,0.0
106.6524795,10.7693985,9525,0.0,1.0,0.0,0.0,0.0,0.0,0.0,1.0,0.0,0.0
106.6525134,10.7695572,9526,0.0,1.0,0.0,0.0,0.0,0.0,0.0,1.0,0.0,0.0
106.6526619,10.7706773,9527,0.0,1.0,0.0,0.0,0.0,0.0,0.0,1.0,0.0,0.0
106.6527176,10.7711805,9528,0.0,1.0,0.0,0.0,0.0,0.0,0.0,0.0,1.0,0.0
106.6527803,10.7716614,9529,0.0,1.0,0.0,0.0,0.0,0.0,0.0,1.0,0.0,0.0
106.6528451,10.7722202,9530,0.0,1.0,0.0,0.0,0.0,0.0,0.0,1.0,0.0,0.0
106.6529393,10.7730043,9531,0.0,1.0,0.0,0.0,0.0,0.0,0.0,1.0,0.0,0.0
106.6530442,10.7736501,9532,0.0,1.0,0.0,0.0,0.0,0.0,0.0,1.0,0.0,0.0
106.6530687,10.7738429,9533,0.0,1.0,0.0,0.0,0.0,0.0,0.0,1.0,0.0,0.0
106.6531054,10.7743016,9534,0.0,1.0,0.0,0.0,0.0,0.0,0.0,1.0,0.0,0.0
106.6531487,10.7748003,9535,0.0,1.0,0.0,0.0,0.0,0.0,0.0,1.0,0.0,0.0
106.6548989,10.770869,9536,0.0,1.0,0.0,0.0,0.0,0.0,0.0,1.0,0.0,0.0
106.6531998,10.775419,9537,0.0,1.0,0.0,0.0,0.0,0.0,0.0,1.0,0.0,0.0
106.6554207,10.7957657,9538,0.0,1.0,0.0,0.0,0.0,0.0,0.0,1.0,0.0,0.0
106.6577972,10.7974232,9539,0.0,1.0,0.0,0.0,0.0,0.0,0.0,1.0,0.0,0.0
106.6571874,10.7968264,9540,0.0,1.0,0.0,0.0,0.0,0.0,0.0,1.0,0.0,0.0
106.6591633,10.7934217,9541,0.0,1.0,0.0,0.0,0.0,0.0,0.0,1.0,0.0,0.0
106.6240715,10.745339,9542,0.0,1.0,0.0,0.0,0.0,0.0,0.0,1.0,0.0,0.0
106.6239247,10.7453991,9543,0.0,1.0,0.0,0.0,0.0,0.0,0.0,1.0,0.0,0.0
106.6238672,10.7458089,9544,0.0,1.0,0.0,0.0,0.0,0.0,0.0,1.0,0.0,0.0
106.6542161,10.7938284,9545,0.0,1.0,0.0,0.0,0.0,0.0,0.0,1.0,0.0,0.0
106.6458829,10.7969323,9546,0.0,1.0,0.0,0.0,0.0,0.0,0.0,1.0,0.0,0.0
106.647854,10.7959135,9547,0.0,1.0,0.0,0.0,0.0,0.0,0.0,1.0,0.0,0.0
106.6454221,10.7956596,9548,0.0,1.0,0.0,0.0,0.0,0.0,0.0,1.0,0.0,0.0
106.7807246,10.8682434,9549,0.0,1.0,0.0,0.0,0.0,0.0,0.0,1.0,0.0,0.0
106.7824124,10.867713,9550,0.0,1.0,0.0,0.0,0.0,0.0,0.0,1.0,0.0,0.0
106.777943,10.8691319,9551,0.0,1.0,0.0,0.0,0.0,0.0,0.0,1.0,0.0,0.0
106.7792899,10.8687058,9552,0.0,1.0,0.0,0.0,0.0,0.0,0.0,1.0,0.0,0.0
106.7789831,10.8688026,9553,0.0,1.0,0.0,0.0,0.0,0.0,0.0,1.0,0.0,0.0
106.7775419,10.869259,9554,0.0,1.0,0.0,0.0,0.0,0.0,0.0,1.0,0.0,0.0
106.7776725,10.8692176,9555,0.0,1.0,0.0,0.0,0.0,0.0,0.0,1.0,0.0,0.0
106.6648509,10.7977768,9556,0.0,1.0,0.0,0.0,0.0,0.0,0.0,1.0,0.0,0.0
106.6527459,10.7713975,9557,0.0,1.0,0.0,0.0,0.0,0.0,0.0,1.0,0.0,0.0
106.6529443,10.7711526,9558,0.0,1.0,0.0,0.0,0.0,0.0,0.0,1.0,0.0,0.0
106.6526977,10.7710004,9559,0.0,1.0,0.0,0.0,0.0,0.0,0.0,1.0,0.0,0.0
106.6497827,10.7720592,9560,0.0,1.0,0.0,0.0,0.0,0.0,0.0,1.0,0.0,0.0
106.6469134,10.7733177,9561,0.0,1.0,0.0,0.0,0.0,0.0,0.0,1.0,0.0,0.0
106.6469858,10.7732736,9562,0.0,1.0,0.0,0.0,0.0,0.0,0.0,1.0,0.0,0.0
106.6472103,10.7705706,9563,0.0,1.0,0.0,0.0,0.0,0.0,0.0,1.0,0.0,0.0
106.6472271,10.7705633,9564,0.0,1.0,0.0,0.0,0.0,0.0,0.0,1.0,0.0,0.0
106.6471393,10.7702268,9565,0.0,1.0,0.0,0.0,0.0,0.0,0.0,1.0,0.0,0.0
106.647032,10.7699913,9566,0.0,1.0,0.0,0.0,0.0,0.0,0.0,1.0,0.0,0.0
106.6486496,10.7756694,9567,0.0,1.0,0.0,0.0,0.0,0.0,0.0,1.0,0.0,0.0
106.6485467,10.7755287,9568,0.0,1.0,0.0,0.0,0.0,0.0,0.0,1.0,0.0,0.0
106.6483593,10.7751759,9569,0.0,1.0,0.0,0.0,0.0,0.0,0.0,1.0,0.0,0.0
106.6491772,10.7729714,9570,0.0,1.0,0.0,0.0,0.0,0.0,0.0,1.0,0.0,0.0
106.6472838,10.7757248,9571,0.0,1.0,0.0,0.0,0.0,0.0,0.0,1.0,0.0,0.0
106.6443453,10.7750199,9572,0.0,1.0,0.0,0.0,0.0,0.0,0.0,1.0,0.0,0.0
106.6444549,10.7750661,9573,0.0,1.0,0.0,0.0,0.0,0.0,0.0,1.0,0.0,0.0
106.6447232,10.7751482,9574,0.0,1.0,0.0,0.0,0.0,0.0,0.0,1.0,0.0,0.0
106.6449308,10.7751866,9575,0.0,1.0,0.0,0.0,0.0,0.0,0.0,1.0,0.0,0.0
106.6453588,10.7752229,9576,0.0,1.0,0.0,0.0,0.0,0.0,0.0,1.0,0.0,0.0
106.6458841,10.7752303,9577,0.0,1.0,0.0,0.0,0.0,0.0,0.0,1.0,0.0,0.0
106.6460105,10.7752367,9578,0.0,1.0,0.0,0.0,0.0,0.0,0.0,1.0,0.0,0.0
106.6464389,10.7751926,9579,0.0,1.0,0.0,0.0,0.0,0.0,0.0,1.0,0.0,0.0
106.6467292,10.7752006,9580,0.0,1.0,0.0,0.0,0.0,0.0,0.0,1.0,0.0,0.0
106.646978,10.7752341,9581,0.0,1.0,0.0,0.0,0.0,0.0,0.0,1.0,0.0,0.0
106.6476386,10.7752195,9582,0.0,1.0,0.0,0.0,0.0,0.0,0.0,1.0,0.0,0.0
106.6559219,10.8549087,9583,0.0,1.0,0.0,0.0,0.0,0.0,0.0,1.0,0.0,0.0
106.656011,10.8548165,9584,0.0,1.0,0.0,0.0,0.0,0.0,0.0,1.0,0.0,0.0
106.649237,10.8619959,9585,0.0,1.0,0.0,0.0,0.0,0.0,0.0,1.0,0.0,0.0
106.6525612,10.8618845,9586,0.0,1.0,0.0,0.0,0.0,0.0,0.0,1.0,0.0,0.0
106.6496354,10.8615955,9587,0.0,1.0,0.0,0.0,0.0,0.0,0.0,1.0,0.0,0.0
106.6497294,10.8614826,9588,0.0,1.0,0.0,0.0,0.0,0.0,0.0,1.0,0.0,0.0
106.6498238,10.8610087,9589,0.0,1.0,0.0,0.0,0.0,0.0,0.0,1.0,0.0,0.0
106.6505875,10.8600761,9590,0.0,1.0,0.0,0.0,0.0,0.0,0.0,1.0,0.0,0.0
106.6508918,10.8597963,9591,0.0,1.0,0.0,0.0,0.0,0.0,0.0,1.0,0.0,0.0
106.6499064,10.8607895,9592,0.0,1.0,0.0,0.0,0.0,0.0,0.0,1.0,0.0,0.0
106.6499071,10.8610348,9593,0.0,1.0,0.0,0.0,0.0,0.0,0.0,1.0,0.0,0.0
106.6498302,10.8621381,9594,0.0,1.0,0.0,0.0,0.0,0.0,0.0,1.0,0.0,0.0
106.6498425,10.8619111,9595,0.0,1.0,0.0,0.0,0.0,0.0,0.0,1.0,0.0,0.0
106.7877196,10.8678068,9596,0.0,1.0,0.0,0.0,0.0,0.0,0.0,1.0,0.0,0.0
106.7888394,10.8716658,9597,0.0,1.0,0.0,0.0,0.0,0.0,0.0,1.0,0.0,0.0
106.7723836,10.8462429,9598,0.0,1.0,0.0,0.0,0.0,0.0,0.0,1.0,0.0,0.0
106.6521706,10.768791,9599,0.0,1.0,0.0,0.0,0.0,0.0,0.0,1.0,0.0,0.0
106.6446027,10.7620768,9600,0.0,1.0,0.0,0.0,0.0,0.0,0.0,1.0,0.0,0.0
106.6541628,10.8620129,9601,0.0,1.0,0.0,0.0,0.0,0.0,0.0,1.0,0.0,0.0
106.6345051,10.7951766,9602,0.0,1.0,0.0,0.0,0.0,0.0,0.0,1.0,0.0,0.0
106.6345715,10.7954885,9603,0.0,1.0,0.0,0.0,0.0,0.0,0.0,1.0,0.0,0.0
106.6537784,10.861831,9604,0.0,1.0,0.0,0.0,0.0,0.0,0.0,1.0,0.0,0.0
106.653529,10.8618415,9605,0.0,1.0,0.0,0.0,0.0,0.0,0.0,1.0,0.0,0.0
106.7740068,10.8704197,9606,0.0,1.0,0.0,0.0,0.0,0.0,0.0,1.0,0.0,0.0
106.7691334,10.8720187,9607,0.0,1.0,0.0,0.0,0.0,0.0,0.0,1.0,0.0,0.0
106.7753878,10.8685076,9608,0.0,1.0,0.0,0.0,0.0,0.0,0.0,1.0,0.0,0.0
106.7752998,10.87033,9609,0.0,1.0,0.0,0.0,0.0,0.0,0.0,1.0,0.0,0.0
106.7683291,10.8722789,9610,0.0,1.0,0.0,0.0,0.0,0.0,0.0,1.0,0.0,0.0
106.7751037,10.8679565,9611,0.0,1.0,0.0,0.0,0.0,0.0,0.0,1.0,0.0,0.0
106.7733958,10.8706221,9612,0.0,1.0,0.0,0.0,0.0,0.0,0.0,1.0,0.0,0.0
106.7722604,10.8709841,9613,0.0,1.0,0.0,0.0,0.0,0.0,0.0,1.0,0.0,0.0
106.7726416,10.8708605,9614,0.0,1.0,0.0,0.0,0.0,0.0,0.0,1.0,0.0,0.0
106.5588279,10.6868019,9615,0.0,1.0,0.0,0.0,0.0,0.0,0.0,1.0,0.0,0.0
106.5521099,10.684946,9616,0.0,1.0,0.0,0.0,0.0,0.0,0.0,1.0,0.0,0.0
106.5554637,10.6858615,9617,0.0,1.0,0.0,0.0,0.0,0.0,0.0,1.0,0.0,0.0
106.5577941,10.6865086,9618,0.0,1.0,0.0,0.0,0.0,0.0,0.0,1.0,0.0,0.0
106.5590775,10.6868758,9619,0.0,1.0,0.0,0.0,0.0,0.0,0.0,1.0,0.0,0.0
106.5624709,10.688087,9620,0.0,1.0,0.0,0.0,0.0,0.0,0.0,1.0,0.0,0.0
106.5794137,10.6927858,9621,0.0,1.0,0.0,0.0,0.0,0.0,0.0,1.0,0.0,0.0
106.5920482,10.6960949,9622,0.0,1.0,0.0,0.0,0.0,0.0,0.0,1.0,0.0,0.0
106.5939709,10.6963436,9623,0.0,1.0,0.0,0.0,0.0,0.0,0.0,1.0,0.0,0.0
106.5932111,10.6962494,9624,0.0,1.0,0.0,0.0,0.0,0.0,0.0,1.0,0.0,0.0
106.5924668,10.6961512,9625,0.0,1.0,0.0,0.0,0.0,0.0,0.0,1.0,0.0,0.0
106.550446,10.6844568,9626,0.0,1.0,0.0,0.0,0.0,0.0,0.0,1.0,0.0,0.0
106.5958538,10.6966625,9627,0.0,1.0,0.0,0.0,0.0,0.0,0.0,1.0,0.0,0.0
106.5948781,10.6965294,9628,0.0,1.0,0.0,0.0,0.0,0.0,0.0,1.0,0.0,0.0
106.5926586,10.6962553,9629,0.0,1.0,0.0,0.0,0.0,0.0,0.0,1.0,0.0,0.0
106.5894507,10.695775,9630,0.0,1.0,0.0,0.0,0.0,0.0,0.0,1.0,0.0,0.0
106.5891429,10.6956774,9631,0.0,1.0,0.0,0.0,0.0,0.0,0.0,1.0,0.0,0.0
106.5881217,10.6953394,9632,0.0,1.0,0.0,0.0,0.0,0.0,0.0,1.0,0.0,0.0
106.5850016,10.6943425,9633,0.0,1.0,0.0,0.0,0.0,0.0,0.0,1.0,0.0,0.0
106.584034,10.6940229,9634,0.0,1.0,0.0,0.0,0.0,0.0,0.0,1.0,0.0,0.0
106.5838174,10.6939584,9635,0.0,1.0,0.0,0.0,0.0,0.0,0.0,1.0,0.0,0.0
106.5821356,10.6934444,9636,0.0,1.0,0.0,0.0,0.0,0.0,0.0,1.0,0.0,0.0
106.5794735,10.692798,9637,0.0,1.0,0.0,0.0,0.0,0.0,0.0,1.0,0.0,0.0
106.577425,10.6923915,9638,0.0,1.0,0.0,0.0,0.0,0.0,0.0,1.0,0.0,0.0
106.576796,10.6922557,9639,0.0,1.0,0.0,0.0,0.0,0.0,0.0,1.0,0.0,0.0
106.5716811,10.6911896,9640,0.0,1.0,0.0,0.0,0.0,0.0,0.0,1.0,0.0,0.0
106.5692027,10.6904707,9641,0.0,1.0,0.0,0.0,0.0,0.0,0.0,1.0,0.0,0.0
106.5689492,10.6903712,9642,0.0,1.0,0.0,0.0,0.0,0.0,0.0,1.0,0.0,0.0
106.5677442,10.6899449,9643,0.0,1.0,0.0,0.0,0.0,0.0,0.0,1.0,0.0,0.0
106.5663535,10.6894758,9644,0.0,1.0,0.0,0.0,0.0,0.0,0.0,1.0,0.0,0.0
106.5651935,10.6890692,9645,0.0,1.0,0.0,0.0,0.0,0.0,0.0,1.0,0.0,0.0
106.5648884,10.6889618,9646,0.0,1.0,0.0,0.0,0.0,0.0,0.0,1.0,0.0,0.0
106.5643023,10.6887477,9647,0.0,1.0,0.0,0.0,0.0,0.0,0.0,1.0,0.0,0.0
106.5568753,10.686257,9648,0.0,1.0,0.0,0.0,0.0,0.0,0.0,1.0,0.0,0.0
106.5559579,10.6859973,9649,0.0,1.0,0.0,0.0,0.0,0.0,0.0,1.0,0.0,0.0
106.5540502,10.6854735,9650,0.0,1.0,0.0,0.0,0.0,0.0,0.0,1.0,0.0,0.0
106.5529659,10.6851763,9651,0.0,1.0,0.0,0.0,0.0,0.0,0.0,1.0,0.0,0.0
106.5523343,10.6850076,9652,0.0,1.0,0.0,0.0,0.0,0.0,0.0,1.0,0.0,0.0
106.6568238,10.8618566,9653,0.0,1.0,0.0,0.0,0.0,0.0,0.0,1.0,0.0,0.0
106.7633963,10.8708153,9654,0.0,1.0,0.0,0.0,0.0,0.0,0.0,1.0,0.0,0.0
106.7636246,10.8712088,9655,0.0,1.0,0.0,0.0,0.0,0.0,0.0,1.0,0.0,0.0
106.7638196,10.8714476,9656,0.0,1.0,0.0,0.0,0.0,0.0,0.0,1.0,0.0,0.0
106.7639621,10.8716364,9657,0.0,1.0,0.0,0.0,0.0,0.0,0.0,1.0,0.0,0.0
106.763071,10.8688302,9658,0.0,1.0,0.0,0.0,0.0,0.0,0.0,1.0,0.0,0.0
106.7632523,10.8693675,9659,0.0,1.0,0.0,0.0,0.0,0.0,0.0,1.0,0.0,0.0
106.7629279,10.8681163,9660,0.0,1.0,0.0,0.0,0.0,0.0,0.0,1.0,0.0,0.0
106.7631264,10.8689355,9661,0.0,1.0,0.0,0.0,0.0,0.0,0.0,1.0,0.0,0.0
106.7632216,10.8692398,9662,0.0,1.0,0.0,0.0,0.0,0.0,0.0,1.0,0.0,0.0
106.7632632,10.8694518,9663,0.0,1.0,0.0,0.0,0.0,0.0,0.0,1.0,0.0,0.0
106.7610707,10.867271,9664,0.0,1.0,0.0,0.0,0.0,0.0,0.0,1.0,0.0,0.0
106.7606166,10.8671226,9665,0.0,1.0,0.0,0.0,0.0,0.0,0.0,1.0,0.0,0.0
106.7597224,10.866907,9666,0.0,1.0,0.0,0.0,0.0,0.0,0.0,1.0,0.0,0.0
106.6663509,10.8615468,9667,0.0,1.0,0.0,0.0,0.0,0.0,0.0,1.0,0.0,0.0
106.6666406,10.8615534,9668,0.0,1.0,0.0,0.0,0.0,0.0,0.0,1.0,0.0,0.0
106.6667721,10.8617459,9669,0.0,1.0,0.0,0.0,0.0,0.0,0.0,1.0,0.0,0.0
106.6621184,10.8614709,9670,0.0,1.0,0.0,0.0,0.0,0.0,0.0,1.0,0.0,0.0
106.6639341,10.8615154,9671,0.0,1.0,0.0,0.0,0.0,0.0,0.0,1.0,0.0,0.0
106.6989508,10.8018502,9672,0.0,1.0,0.0,0.0,0.0,0.0,0.0,1.0,0.0,0.0
106.762712,10.8660077,9673,0.0,1.0,0.0,0.0,0.0,0.0,0.0,1.0,0.0,0.0
106.7620495,10.8666662,9674,0.0,1.0,0.0,0.0,0.0,0.0,0.0,1.0,0.0,0.0
106.7621006,10.8659852,9675,0.0,1.0,0.0,0.0,0.0,0.0,0.0,1.0,0.0,0.0
106.7619596,10.8665108,9676,0.0,1.0,0.0,0.0,0.0,0.0,0.0,1.0,0.0,0.0
106.7619556,10.86631,9677,0.0,1.0,0.0,0.0,0.0,0.0,0.0,1.0,0.0,0.0
106.7619221,10.8663265,9678,0.0,1.0,0.0,0.0,0.0,0.0,0.0,1.0,0.0,0.0
106.7618403,10.8663567,9679,0.0,1.0,0.0,0.0,0.0,0.0,0.0,1.0,0.0,0.0
106.7619004,10.8667978,9680,0.0,1.0,0.0,0.0,0.0,0.0,0.0,1.0,0.0,0.0
106.7620017,10.8667147,9681,0.0,1.0,0.0,0.0,0.0,0.0,0.0,1.0,0.0,0.0
106.7623486,10.8670258,9682,0.0,1.0,0.0,0.0,0.0,0.0,0.0,1.0,0.0,0.0
106.7622334,10.8672756,9683,0.0,1.0,0.0,0.0,0.0,0.0,0.0,1.0,0.0,0.0
106.7609449,10.8625105,9684,0.0,1.0,0.0,0.0,0.0,0.0,0.0,1.0,0.0,0.0
106.7620483,10.8658042,9685,0.0,1.0,0.0,0.0,0.0,0.0,0.0,1.0,0.0,0.0
106.7623129,10.8667615,9686,0.0,1.0,0.0,0.0,0.0,0.0,0.0,1.0,0.0,0.0
106.7622402,10.8672419,9687,0.0,1.0,0.0,0.0,0.0,0.0,0.0,1.0,0.0,0.0
106.7621763,10.8662294,9688,0.0,1.0,0.0,0.0,0.0,0.0,0.0,1.0,0.0,0.0
106.7622099,10.8663809,9689,0.0,1.0,0.0,0.0,0.0,0.0,0.0,1.0,0.0,0.0
106.673668,10.8616515,9690,0.0,1.0,0.0,0.0,0.0,0.0,0.0,1.0,0.0,0.0
106.7639169,10.8713888,9691,0.0,1.0,0.0,0.0,0.0,0.0,0.0,1.0,0.0,0.0
106.7580618,10.8671434,9692,0.0,1.0,0.0,0.0,0.0,0.0,0.0,1.0,0.0,0.0
106.764074,10.8717785,9693,0.0,1.0,0.0,0.0,0.0,0.0,0.0,1.0,0.0,0.0
106.7635051,10.8702869,9694,0.0,1.0,0.0,0.0,0.0,0.0,0.0,1.0,0.0,0.0
106.6412616,10.796909,9695,0.0,1.0,0.0,0.0,0.0,0.0,0.0,1.0,0.0,0.0
106.6993428,10.8005013,9696,0.0,1.0,0.0,0.0,0.0,0.0,0.0,1.0,0.0,0.0
106.6957889,10.7938725,9697,0.0,1.0,0.0,0.0,0.0,0.0,0.0,1.0,0.0,0.0
106.6829525,10.8611583,9698,0.0,1.0,0.0,0.0,0.0,0.0,0.0,1.0,0.0,0.0
106.6052844,10.7917084,9699,0.0,1.0,0.0,0.0,0.0,0.0,0.0,1.0,0.0,0.0
106.6052666,10.7916934,9700,0.0,1.0,0.0,0.0,0.0,0.0,0.0,1.0,0.0,0.0
106.68983,10.8609979,9701,0.0,1.0,0.0,0.0,0.0,0.0,0.0,1.0,0.0,0.0
106.6858709,10.8609657,9702,0.0,1.0,0.0,0.0,0.0,0.0,0.0,1.0,0.0,0.0
106.6859004,10.8610286,9703,0.0,1.0,0.0,0.0,0.0,0.0,0.0,1.0,0.0,0.0
106.685948,10.8610246,9704,0.0,1.0,0.0,0.0,0.0,0.0,0.0,1.0,0.0,0.0
106.6871993,10.8608799,9705,0.0,1.0,0.0,0.0,0.0,0.0,0.0,1.0,0.0,0.0
106.7396963,10.8704319,9706,0.0,1.0,0.0,0.0,0.0,0.0,0.0,1.0,0.0,0.0
106.6166971,10.7881979,9707,0.0,1.0,0.0,0.0,0.0,0.0,0.0,1.0,0.0,0.0
106.6928313,10.860763,9708,0.0,1.0,0.0,0.0,0.0,0.0,0.0,1.0,0.0,0.0
106.6897983,10.8610002,9709,0.0,1.0,0.0,0.0,0.0,0.0,0.0,1.0,0.0,0.0
106.6882022,10.8085648,9710,0.0,1.0,0.0,0.0,0.0,0.0,0.0,1.0,0.0,0.0
106.7410019,10.8709623,9711,0.0,1.0,0.0,0.0,0.0,0.0,0.0,1.0,0.0,0.0
106.7428572,10.8718398,9712,0.0,1.0,0.0,0.0,0.0,0.0,0.0,1.0,0.0,0.0
106.7429729,10.8718927,9713,0.0,1.0,0.0,0.0,0.0,0.0,0.0,1.0,0.0,0.0
106.7385991,10.8700495,9714,0.0,1.0,0.0,0.0,0.0,0.0,0.0,1.0,0.0,0.0
106.6341875,10.7874549,9715,0.0,1.0,0.0,0.0,0.0,0.0,0.0,1.0,0.0,0.0
106.6330074,10.7878135,9716,0.0,1.0,0.0,0.0,0.0,0.0,0.0,1.0,0.0,0.0
106.6325061,10.7878621,9717,0.0,1.0,0.0,0.0,0.0,0.0,0.0,1.0,0.0,0.0
106.6330885,10.7878024,9718,0.0,1.0,0.0,0.0,0.0,0.0,0.0,1.0,0.0,0.0
106.6883278,10.8037192,9719,0.0,1.0,0.0,0.0,0.0,0.0,0.0,1.0,0.0,0.0
106.6885367,10.803692,9720,0.0,1.0,0.0,0.0,0.0,0.0,0.0,1.0,0.0,0.0
106.687603,10.8076217,9721,0.0,1.0,0.0,0.0,0.0,0.0,0.0,1.0,0.0,0.0
106.6900284,10.8104328,9722,0.0,1.0,0.0,0.0,0.0,0.0,0.0,1.0,0.0,0.0
106.61763,10.8599399,9723,0.0,1.0,0.0,0.0,0.0,0.0,0.0,1.0,0.0,0.0
106.7332166,10.871953,9724,0.0,1.0,0.0,0.0,0.0,0.0,0.0,1.0,0.0,0.0
106.7366583,10.8692965,9725,0.0,1.0,0.0,0.0,0.0,0.0,0.0,1.0,0.0,0.0
106.7320705,10.8676456,9726,0.0,1.0,0.0,0.0,0.0,0.0,0.0,1.0,0.0,0.0
106.6882261,10.8085898,9727,0.0,1.0,0.0,0.0,0.0,0.0,0.0,1.0,0.0,0.0
106.6952373,10.8163398,9728,0.0,1.0,0.0,0.0,0.0,0.0,0.0,1.0,0.0,0.0
106.6359166,10.7866901,9729,0.0,1.0,0.0,0.0,0.0,0.0,0.0,1.0,0.0,0.0
106.6362298,10.7866149,9730,0.0,1.0,0.0,0.0,0.0,0.0,0.0,1.0,0.0,0.0
106.6415726,10.7717298,9731,0.0,1.0,0.0,0.0,0.0,0.0,0.0,1.0,0.0,0.0
106.6416689,10.78599,9732,0.0,1.0,0.0,0.0,0.0,0.0,0.0,1.0,0.0,0.0
106.6443152,10.7871271,9733,0.0,1.0,0.0,0.0,0.0,0.0,0.0,1.0,0.0,0.0
106.6435067,10.7867363,9734,0.0,1.0,0.0,0.0,0.0,0.0,0.0,1.0,0.0,0.0
106.642942,10.7887267,9735,0.0,1.0,0.0,0.0,0.0,0.0,0.0,1.0,0.0,0.0
106.643305,10.7866431,9736,0.0,1.0,0.0,0.0,0.0,0.0,0.0,1.0,0.0,0.0
106.6436111,10.7909948,9737,0.0,1.0,0.0,0.0,0.0,0.0,0.0,1.0,0.0,0.0
106.6430855,10.7881291,9738,0.0,1.0,0.0,0.0,0.0,0.0,0.0,1.0,0.0,0.0
106.6428981,10.7889094,9739,0.0,1.0,0.0,0.0,0.0,0.0,0.0,1.0,0.0,0.0
106.6432556,10.7901561,9740,0.0,1.0,0.0,0.0,0.0,0.0,0.0,1.0,0.0,0.0
106.6437622,10.7913301,9741,0.0,1.0,0.0,0.0,0.0,0.0,0.0,1.0,0.0,0.0
106.6439666,10.7917572,9742,0.0,1.0,0.0,0.0,0.0,0.0,0.0,1.0,0.0,0.0
106.6884983,10.8581333,9743,0.0,1.0,0.0,0.0,0.0,0.0,0.0,1.0,0.0,0.0
106.6237427,10.8554183,9744,0.0,1.0,0.0,0.0,0.0,0.0,0.0,1.0,0.0,0.0
106.6439324,10.7746451,9745,0.0,1.0,0.0,0.0,0.0,0.0,0.0,1.0,0.0,0.0
106.6437268,10.7746903,9746,0.0,1.0,0.0,0.0,0.0,0.0,0.0,1.0,0.0,0.0
106.6436017,10.774797,9747,0.0,1.0,0.0,0.0,0.0,0.0,0.0,1.0,0.0,0.0
106.7366766,10.8555896,9748,0.0,1.0,0.0,0.0,0.0,0.0,0.0,1.0,0.0,0.0
106.7272126,10.8697421,9749,0.0,1.0,0.0,0.0,0.0,0.0,0.0,1.0,0.0,0.0
106.6363101,10.7694537,9750,0.0,1.0,0.0,0.0,0.0,0.0,0.0,1.0,0.0,0.0
106.6464597,10.7879894,9751,0.0,1.0,0.0,0.0,0.0,0.0,0.0,1.0,0.0,0.0
106.6464268,10.7879927,9752,0.0,1.0,0.0,0.0,0.0,0.0,0.0,1.0,0.0,0.0
106.648013,10.7868016,9753,0.0,1.0,0.0,0.0,0.0,0.0,0.0,1.0,0.0,0.0
106.646896,10.7875861,9754,0.0,1.0,0.0,0.0,0.0,0.0,0.0,1.0,0.0,0.0
106.6483097,10.7866782,9755,0.0,1.0,0.0,0.0,0.0,0.0,0.0,1.0,0.0,0.0
106.6456126,10.7877771,9756,0.0,1.0,0.0,0.0,0.0,0.0,0.0,1.0,0.0,0.0
106.6510038,10.7846644,9757,0.0,1.0,0.0,0.0,0.0,0.0,0.0,1.0,0.0,0.0
106.6505029,10.7849678,9758,0.0,1.0,0.0,0.0,0.0,0.0,0.0,1.0,0.0,0.0
106.6498092,10.7853185,9759,0.0,1.0,0.0,0.0,0.0,0.0,0.0,1.0,0.0,0.0
106.6494832,10.785769,9760,0.0,1.0,0.0,0.0,0.0,0.0,0.0,1.0,0.0,0.0
106.6492252,10.7859335,9761,0.0,1.0,0.0,0.0,0.0,0.0,0.0,1.0,0.0,0.0
106.6487106,10.7863167,9762,0.0,1.0,0.0,0.0,0.0,0.0,0.0,1.0,0.0,0.0
106.648468,10.7865491,9763,0.0,1.0,0.0,0.0,0.0,0.0,0.0,1.0,0.0,0.0
106.6483786,10.786636,9764,0.0,1.0,0.0,0.0,0.0,0.0,0.0,1.0,0.0,0.0
106.6482573,10.7867103,9765,0.0,1.0,0.0,0.0,0.0,0.0,0.0,1.0,0.0,0.0
106.6480923,10.7867469,9766,0.0,1.0,0.0,0.0,0.0,0.0,0.0,1.0,0.0,0.0
106.647979,10.786825,9767,0.0,1.0,0.0,0.0,0.0,0.0,0.0,1.0,0.0,0.0
106.6465073,10.7879176,9768,0.0,1.0,0.0,0.0,0.0,0.0,0.0,1.0,0.0,0.0
106.6465019,10.7879558,9769,0.0,1.0,0.0,0.0,0.0,0.0,0.0,1.0,0.0,0.0
106.6450669,10.7875168,9770,0.0,1.0,0.0,0.0,0.0,0.0,0.0,1.0,0.0,0.0
106.6457413,10.7878347,9771,0.0,1.0,0.0,0.0,0.0,0.0,0.0,1.0,0.0,0.0
106.6458826,10.7878886,9772,0.0,1.0,0.0,0.0,0.0,0.0,0.0,1.0,0.0,0.0
106.6460908,10.7879622,9773,0.0,1.0,0.0,0.0,0.0,0.0,0.0,1.0,0.0,0.0
106.6464872,10.7879756,9774,0.0,1.0,0.0,0.0,0.0,0.0,0.0,1.0,0.0,0.0
106.6355415,10.7696068,9775,0.0,1.0,0.0,0.0,0.0,0.0,0.0,1.0,0.0,0.0
106.6378431,10.7750093,9776,0.0,1.0,0.0,0.0,0.0,0.0,0.0,1.0,0.0,0.0
106.6367799,10.7744374,9777,0.0,1.0,0.0,0.0,0.0,0.0,0.0,1.0,0.0,0.0
106.6364836,10.7741833,9778,0.0,1.0,0.0,0.0,0.0,0.0,0.0,1.0,0.0,0.0
106.6360825,10.7717815,9779,0.0,1.0,0.0,0.0,0.0,0.0,0.0,1.0,0.0,0.0
106.6359873,10.7715641,9780,0.0,1.0,0.0,0.0,0.0,0.0,0.0,1.0,0.0,0.0
106.6358357,10.7712479,9781,0.0,1.0,0.0,0.0,0.0,0.0,0.0,1.0,0.0,0.0
106.6376979,10.7693434,9782,0.0,1.0,0.0,0.0,0.0,0.0,0.0,1.0,0.0,0.0
106.740585,10.8591552,9783,0.0,1.0,0.0,0.0,0.0,0.0,0.0,1.0,0.0,0.0
106.7394736,10.8577635,9784,0.0,1.0,0.0,0.0,0.0,0.0,0.0,1.0,0.0,0.0
106.7388511,10.8569699,9785,0.0,1.0,0.0,0.0,0.0,0.0,0.0,1.0,0.0,0.0
106.7398573,10.8582463,9786,0.0,1.0,0.0,0.0,0.0,0.0,0.0,1.0,0.0,0.0
106.7380668,10.855968,9787,0.0,1.0,0.0,0.0,0.0,0.0,0.0,1.0,0.0,0.0
106.6437663,10.7746606,9788,0.0,1.0,0.0,0.0,0.0,0.0,0.0,1.0,0.0,0.0
106.6410076,10.7719922,9789,0.0,1.0,0.0,0.0,0.0,0.0,0.0,1.0,0.0,0.0
106.7160636,10.8684531,9790,0.0,1.0,0.0,0.0,0.0,0.0,0.0,1.0,0.0,0.0
106.7161334,10.8684713,9791,0.0,1.0,0.0,0.0,0.0,0.0,0.0,1.0,0.0,0.0
106.6521747,10.7896685,9792,0.0,1.0,0.0,0.0,0.0,0.0,0.0,1.0,0.0,0.0
106.6510434,10.7849204,9793,0.0,1.0,0.0,0.0,0.0,0.0,0.0,1.0,0.0,0.0
106.6510491,10.7851219,9794,0.0,1.0,0.0,0.0,0.0,0.0,0.0,1.0,0.0,0.0
106.6510887,10.78552,9795,0.0,1.0,0.0,0.0,0.0,0.0,0.0,1.0,0.0,0.0
106.6511999,10.7861365,9796,0.0,1.0,0.0,0.0,0.0,0.0,0.0,1.0,0.0,0.0
106.6512187,10.7862298,9797,0.0,1.0,0.0,0.0,0.0,0.0,0.0,1.0,0.0,0.0
106.6515476,10.787537,9798,0.0,1.0,0.0,0.0,0.0,0.0,0.0,1.0,0.0,0.0
106.6517452,10.7882154,9799,0.0,1.0,0.0,0.0,0.0,0.0,0.0,1.0,0.0,0.0
106.6520394,10.7892755,9800,0.0,1.0,0.0,0.0,0.0,0.0,0.0,1.0,0.0,0.0
106.6520958,10.7894533,9801,0.0,1.0,0.0,0.0,0.0,0.0,0.0,1.0,0.0,0.0
106.6522521,10.789872,9802,0.0,1.0,0.0,0.0,0.0,0.0,0.0,1.0,0.0,0.0
106.6526128,10.7914511,9803,0.0,1.0,0.0,0.0,0.0,0.0,0.0,1.0,0.0,0.0
106.6518712,10.7886145,9804,0.0,1.0,0.0,0.0,0.0,0.0,0.0,1.0,0.0,0.0
106.6526134,10.7912048,9805,0.0,1.0,0.0,0.0,0.0,0.0,0.0,1.0,0.0,0.0
106.6318398,10.7702583,9806,0.0,1.0,0.0,0.0,0.0,0.0,0.0,1.0,0.0,0.0
106.6591323,10.7898345,9807,0.0,1.0,0.0,0.0,0.0,0.0,0.0,1.0,0.0,0.0
106.6570058,10.7883739,9808,0.0,1.0,0.0,0.0,0.0,0.0,0.0,1.0,0.0,0.0
106.6563195,10.789298,9809,0.0,1.0,0.0,0.0,0.0,0.0,0.0,1.0,0.0,0.0
106.7062328,10.868702,9810,0.0,1.0,0.0,0.0,0.0,0.0,0.0,1.0,0.0,0.0
106.7005329,10.8702091,9811,0.0,1.0,0.0,0.0,0.0,0.0,0.0,1.0,0.0,0.0
106.6649118,10.791287,9812,0.0,1.0,0.0,0.0,0.0,0.0,0.0,1.0,0.0,0.0
106.7518195,10.854283,9813,0.0,1.0,0.0,0.0,0.0,0.0,0.0,1.0,0.0,0.0
106.7519859,10.8559193,9814,0.0,1.0,0.0,0.0,0.0,0.0,0.0,1.0,0.0,0.0
106.6238934,10.7728903,9815,0.0,1.0,0.0,0.0,0.0,0.0,0.0,1.0,0.0,0.0
106.6245317,10.7727164,9816,0.0,1.0,0.0,0.0,0.0,0.0,0.0,1.0,0.0,0.0
106.6284481,10.7714168,9817,0.0,1.0,0.0,0.0,0.0,0.0,0.0,1.0,0.0,0.0
106.6262213,10.7721584,9818,0.0,1.0,0.0,0.0,0.0,0.0,0.0,1.0,0.0,0.0
106.6257843,10.7723027,9819,0.0,1.0,0.0,0.0,0.0,0.0,0.0,1.0,0.0,0.0
106.626167,10.7721763,9820,0.0,1.0,0.0,0.0,0.0,0.0,0.0,1.0,0.0,0.0
106.6704453,10.7877788,9821,0.0,1.0,0.0,0.0,0.0,0.0,0.0,1.0,0.0,0.0
106.6512682,10.8593005,9822,0.0,1.0,0.0,0.0,0.0,0.0,0.0,1.0,0.0,0.0
106.6501155,10.8606472,9823,0.0,1.0,0.0,0.0,0.0,0.0,0.0,1.0,0.0,0.0
106.6500632,10.8605853,9824,0.0,1.0,0.0,0.0,0.0,0.0,0.0,1.0,0.0,0.0
106.6519502,10.8588534,9825,0.0,1.0,0.0,0.0,0.0,0.0,0.0,1.0,0.0,0.0
106.6518992,10.8587994,9826,0.0,1.0,0.0,0.0,0.0,0.0,0.0,1.0,0.0,0.0
106.6516745,10.8591321,9827,0.0,1.0,0.0,0.0,0.0,0.0,0.0,1.0,0.0,0.0
106.6515283,10.8592742,9828,0.0,1.0,0.0,0.0,0.0,0.0,0.0,0.0,0.0,0.0
106.6513443,10.859455,9829,0.0,1.0,0.0,0.0,0.0,0.0,0.0,1.0,0.0,0.0
106.6509537,10.859838,9830,0.0,1.0,0.0,0.0,0.0,0.0,0.0,1.0,0.0,0.0
106.6511463,10.8596469,9831,0.0,1.0,0.0,0.0,0.0,0.0,0.0,1.0,0.0,0.0
106.650645,10.860121,9832,0.0,1.0,0.0,0.0,0.0,0.0,0.0,1.0,0.0,0.0
106.6502663,10.8604925,9833,0.0,1.0,0.0,0.0,0.0,0.0,0.0,1.0,0.0,0.0
106.6514144,10.8592742,9834,0.0,1.0,0.0,0.0,0.0,0.0,0.0,1.0,0.0,0.0
106.6509631,10.8595172,9835,0.0,1.0,0.0,0.0,0.0,0.0,0.0,1.0,0.0,0.0
106.6753896,10.7892124,9836,0.0,1.0,0.0,0.0,0.0,0.0,0.0,1.0,0.0,0.0
106.6751322,10.7893491,9837,0.0,1.0,0.0,0.0,0.0,0.0,0.0,1.0,0.0,0.0
106.6750618,10.7893937,9838,0.0,1.0,0.0,0.0,0.0,0.0,0.0,1.0,0.0,0.0
106.6745057,10.7897034,9839,0.0,1.0,0.0,0.0,0.0,0.0,0.0,1.0,0.0,0.0
106.6739325,10.7900911,9840,0.0,1.0,0.0,0.0,0.0,0.0,0.0,1.0,0.0,0.0
106.6734494,10.7904555,9841,0.0,1.0,0.0,0.0,0.0,0.0,0.0,1.0,0.0,0.0
106.6720642,10.791486,9842,0.0,1.0,0.0,0.0,0.0,0.0,0.0,1.0,0.0,0.0
106.6953188,10.817172,9843,0.0,1.0,0.0,0.0,0.0,0.0,0.0,1.0,0.0,0.0
106.694957,10.8182549,9844,0.0,1.0,0.0,0.0,0.0,0.0,0.0,1.0,0.0,0.0
106.6951763,10.8177799,9845,0.0,1.0,0.0,0.0,0.0,0.0,0.0,1.0,0.0,0.0
106.6538442,10.8569519,9846,0.0,1.0,0.0,0.0,0.0,0.0,0.0,1.0,0.0,0.0
106.653417,10.8573753,9847,0.0,1.0,0.0,0.0,0.0,0.0,0.0,1.0,0.0,0.0
106.6535201,10.8555425,9848,0.0,1.0,0.0,0.0,0.0,0.0,0.0,1.0,0.0,0.0
106.6536315,10.8557058,9849,0.0,1.0,0.0,0.0,0.0,0.0,0.0,1.0,0.0,0.0
106.6521267,10.8586238,9850,0.0,1.0,0.0,0.0,0.0,0.0,0.0,1.0,0.0,0.0
106.6542383,10.8565802,9851,0.0,1.0,0.0,0.0,0.0,0.0,0.0,1.0,0.0,0.0
106.6518613,10.858836,9852,0.0,1.0,0.0,0.0,0.0,0.0,0.0,1.0,0.0,0.0
106.6518907,10.8589136,9853,0.0,1.0,0.0,0.0,0.0,0.0,0.0,1.0,0.0,0.0
106.6537774,10.8570154,9854,0.0,1.0,0.0,0.0,0.0,0.0,0.0,1.0,0.0,0.0
106.6542108,10.8566035,9855,0.0,1.0,0.0,0.0,0.0,0.0,0.0,1.0,0.0,0.0
106.6532103,10.8575755,9856,0.0,1.0,0.0,0.0,0.0,0.0,0.0,1.0,0.0,0.0
106.6530961,10.8576834,9857,0.0,1.0,0.0,0.0,0.0,0.0,0.0,1.0,0.0,0.0
106.6554854,10.8553902,9858,0.0,1.0,0.0,0.0,0.0,0.0,0.0,1.0,0.0,0.0
106.6945841,10.820456,9859,0.0,1.0,0.0,0.0,0.0,0.0,0.0,1.0,0.0,0.0
106.6951867,10.8206185,9860,0.0,1.0,0.0,0.0,0.0,0.0,0.0,1.0,0.0,0.0
106.6957229,10.8207695,9861,0.0,1.0,0.0,0.0,0.0,0.0,0.0,1.0,0.0,0.0
106.6959628,10.8208361,9862,0.0,1.0,0.0,0.0,0.0,0.0,0.0,1.0,0.0,0.0
106.6968498,10.8210751,9863,0.0,1.0,0.0,0.0,0.0,0.0,0.0,1.0,0.0,0.0
106.6465785,10.7582059,9864,0.0,1.0,0.0,0.0,0.0,0.0,0.0,1.0,0.0,0.0
106.6468648,10.7567798,9865,0.0,1.0,0.0,0.0,0.0,0.0,0.0,1.0,0.0,0.0
106.6780811,10.7907361,9866,0.0,1.0,0.0,0.0,0.0,0.0,0.0,1.0,0.0,0.0
106.6780454,10.7913253,9867,0.0,1.0,0.0,0.0,0.0,0.0,0.0,1.0,0.0,0.0
106.6780259,10.7916331,9868,0.0,1.0,0.0,0.0,0.0,0.0,0.0,1.0,0.0,0.0
106.6782626,10.7875909,9869,0.0,1.0,0.0,0.0,0.0,0.0,0.0,1.0,0.0,0.0
106.6782628,10.7877022,9870,0.0,1.0,0.0,0.0,0.0,0.0,0.0,1.0,0.0,0.0
106.6781435,10.7877066,9871,0.0,1.0,0.0,0.0,0.0,0.0,0.0,1.0,0.0,0.0
106.6208749,10.7738231,9872,0.0,1.0,0.0,0.0,0.0,0.0,0.0,1.0,0.0,0.0
106.6229767,10.7731687,9873,0.0,1.0,0.0,0.0,0.0,0.0,0.0,1.0,0.0,0.0
106.6221901,10.7741052,9874,0.0,1.0,0.0,0.0,0.0,0.0,0.0,1.0,0.0,0.0
106.621551,10.7737359,9875,0.0,1.0,0.0,0.0,0.0,0.0,0.0,1.0,0.0,0.0
106.6212579,10.773618,9876,0.0,1.0,0.0,0.0,0.0,0.0,0.0,1.0,0.0,0.0
106.6218616,10.7735016,9877,0.0,1.0,0.0,0.0,0.0,0.0,0.0,1.0,0.0,0.0
106.6215672,10.7735866,9878,0.0,1.0,0.0,0.0,0.0,0.0,0.0,1.0,0.0,0.0
106.6213686,10.773652,9879,0.0,1.0,0.0,0.0,0.0,0.0,0.0,1.0,0.0,0.0
106.6168677,10.7751411,9880,0.0,1.0,0.0,0.0,0.0,0.0,0.0,1.0,0.0,0.0
106.6155767,10.7754707,9881,0.0,1.0,0.0,0.0,0.0,0.0,0.0,1.0,0.0,0.0
106.6162016,10.7753512,9882,0.0,1.0,0.0,0.0,0.0,0.0,0.0,1.0,0.0,0.0
106.6180325,10.7747542,9883,0.0,1.0,0.0,0.0,0.0,0.0,0.0,1.0,0.0,0.0
106.6145672,10.7755373,9884,0.0,1.0,0.0,0.0,0.0,0.0,0.0,1.0,0.0,0.0
106.6147297,10.7754996,9885,0.0,1.0,0.0,0.0,0.0,0.0,0.0,1.0,0.0,0.0
106.7282864,10.8669134,9886,0.0,1.0,0.0,0.0,0.0,0.0,0.0,1.0,0.0,0.0
106.7288587,10.8670694,9887,0.0,1.0,0.0,0.0,0.0,0.0,0.0,1.0,0.0,0.0
106.7298612,10.8672988,9888,0.0,1.0,0.0,0.0,0.0,0.0,0.0,1.0,0.0,0.0
106.6887131,10.7904582,9889,0.0,1.0,0.0,0.0,0.0,0.0,0.0,1.0,0.0,0.0
106.688898,10.7885487,9890,0.0,1.0,0.0,0.0,0.0,0.0,0.0,1.0,0.0,0.0
106.6870432,10.7910168,9891,0.0,1.0,0.0,0.0,0.0,0.0,0.0,1.0,0.0,0.0
106.726544,10.8665179,9892,0.0,1.0,0.0,0.0,0.0,0.0,0.0,1.0,0.0,0.0
106.613547,10.7759934,9893,0.0,1.0,0.0,0.0,0.0,0.0,0.0,1.0,0.0,0.0
106.6143004,10.7756002,9894,0.0,1.0,0.0,0.0,0.0,0.0,0.0,1.0,0.0,0.0
106.6123805,10.7762024,9895,0.0,1.0,0.0,0.0,0.0,0.0,0.0,1.0,0.0,0.0
106.6801099,10.8596698,9896,0.0,1.0,0.0,0.0,0.0,0.0,0.0,1.0,0.0,0.0
106.6796861,10.8573619,9897,0.0,1.0,0.0,0.0,0.0,0.0,0.0,1.0,0.0,0.0
106.6796424,10.8570264,9898,0.0,1.0,0.0,0.0,0.0,0.0,0.0,1.0,0.0,0.0
106.6100165,10.7614144,9899,0.0,1.0,0.0,0.0,0.0,0.0,0.0,1.0,0.0,0.0
106.6884017,10.8608112,9900,0.0,1.0,0.0,0.0,0.0,0.0,0.0,1.0,0.0,0.0
106.6382188,10.7756313,9901,0.0,1.0,0.0,0.0,0.0,0.0,0.0,1.0,0.0,0.0
106.6373177,10.7746741,9902,0.0,1.0,0.0,0.0,0.0,0.0,0.0,1.0,0.0,0.0
106.6377534,10.7749051,9903,0.0,1.0,0.0,0.0,0.0,0.0,0.0,1.0,0.0,0.0
106.690811,10.8606648,9904,0.0,1.0,0.0,0.0,0.0,0.0,0.0,1.0,0.0,0.0
106.6925551,10.8560663,9905,0.0,1.0,0.0,0.0,0.0,0.0,0.0,1.0,0.0,0.0
106.6939007,10.8605109,9906,0.0,1.0,0.0,0.0,0.0,0.0,0.0,1.0,0.0,0.0
106.693345,10.8605481,9907,0.0,1.0,0.0,0.0,0.0,0.0,0.0,1.0,0.0,0.0
106.6908698,10.7906815,9908,0.0,1.0,0.0,0.0,0.0,0.0,0.0,1.0,0.0,0.0
106.7300953,10.8673335,9909,0.0,1.0,0.0,0.0,0.0,0.0,0.0,1.0,0.0,0.0
106.6997559,10.8599,9910,0.0,1.0,0.0,0.0,0.0,0.0,0.0,1.0,0.0,0.0
106.6946807,10.8604588,9911,0.0,1.0,0.0,0.0,0.0,0.0,0.0,1.0,0.0,0.0
106.698854,10.7876958,9912,0.0,1.0,0.0,0.0,0.0,0.0,0.0,1.0,0.0,0.0
106.6973871,10.7902856,9913,0.0,1.0,0.0,0.0,0.0,0.0,0.0,1.0,0.0,0.0
106.6988185,10.7836924,9914,0.0,1.0,0.0,0.0,0.0,0.0,0.0,1.0,0.0,0.0
106.6978265,10.7826343,9915,0.0,1.0,0.0,0.0,0.0,0.0,0.0,1.0,0.0,0.0
106.6963948,10.7851071,9916,0.0,1.0,0.0,0.0,0.0,0.0,0.0,1.0,0.0,0.0
106.69043,10.7838782,9917,0.0,1.0,0.0,0.0,0.0,0.0,0.0,1.0,0.0,0.0
106.6900358,10.7827282,9918,0.0,1.0,0.0,0.0,0.0,0.0,0.0,1.0,0.0,0.0
106.7473789,10.8658949,9919,0.0,1.0,0.0,0.0,0.0,0.0,0.0,1.0,0.0,0.0
106.7464793,10.8646532,9920,0.0,1.0,0.0,0.0,0.0,0.0,0.0,1.0,0.0,0.0
106.6332393,10.780089,9921,0.0,1.0,0.0,0.0,0.0,0.0,0.0,1.0,0.0,0.0
106.7548347,10.8631727,9922,0.0,1.0,0.0,0.0,0.0,0.0,0.0,1.0,0.0,0.0
106.7592825,10.864681,9923,0.0,1.0,0.0,0.0,0.0,0.0,0.0,1.0,0.0,0.0
106.6892452,10.7819528,9924,0.0,1.0,0.0,0.0,0.0,0.0,0.0,1.0,0.0,0.0
106.6893948,10.7820982,9925,0.0,1.0,0.0,0.0,0.0,0.0,0.0,1.0,0.0,0.0
106.6922282,10.788214,9926,0.0,1.0,0.0,0.0,0.0,0.0,0.0,1.0,0.0,0.0
106.6864116,10.7823096,9927,0.0,1.0,0.0,0.0,0.0,0.0,0.0,1.0,0.0,0.0
106.6879257,10.7838076,9928,0.0,1.0,0.0,0.0,0.0,0.0,0.0,1.0,0.0,0.0
106.6885683,10.7844278,9929,0.0,1.0,0.0,0.0,0.0,0.0,0.0,1.0,0.0,0.0
106.6922252,10.7849321,9930,0.0,1.0,0.0,0.0,0.0,0.0,0.0,1.0,0.0,0.0
106.6990404,10.7809946,9931,0.0,1.0,0.0,0.0,0.0,0.0,0.0,1.0,0.0,0.0
106.6978403,10.7908992,9932,0.0,1.0,0.0,0.0,0.0,0.0,0.0,1.0,0.0,0.0
106.6864501,10.7832468,9933,0.0,1.0,0.0,0.0,0.0,0.0,0.0,1.0,0.0,0.0
106.686666,10.7827369,9934,0.0,1.0,0.0,0.0,0.0,0.0,0.0,1.0,0.0,0.0
106.7564364,10.8635615,9935,0.0,1.0,0.0,0.0,0.0,0.0,0.0,1.0,0.0,0.0
106.7560758,10.8635318,9936,0.0,1.0,0.0,0.0,0.0,0.0,0.0,1.0,0.0,0.0
106.7544839,10.8662219,9937,0.0,1.0,0.0,0.0,0.0,0.0,0.0,1.0,0.0,0.0
106.7546708,10.8663263,9938,0.0,1.0,0.0,0.0,0.0,0.0,0.0,1.0,0.0,0.0
106.7555505,10.8663897,9939,0.0,1.0,0.0,0.0,0.0,0.0,0.0,1.0,0.0,0.0
106.7503676,10.8662595,9940,0.0,1.0,0.0,0.0,0.0,0.0,0.0,1.0,0.0,0.0
106.7486505,10.8656469,9941,0.0,1.0,0.0,0.0,0.0,0.0,0.0,1.0,0.0,0.0
106.7038326,10.763364,9942,0.0,1.0,0.0,0.0,0.0,0.0,0.0,1.0,0.0,0.0
106.7037719,10.7633776,9943,0.0,1.0,0.0,0.0,0.0,0.0,0.0,1.0,0.0,0.0
106.6828619,10.7809478,9944,0.0,1.0,0.0,0.0,0.0,0.0,0.0,1.0,0.0,0.0
106.6801546,10.7821244,9945,0.0,1.0,0.0,0.0,0.0,0.0,0.0,1.0,0.0,0.0
106.6815672,10.7858353,9946,0.0,1.0,0.0,0.0,0.0,0.0,0.0,1.0,0.0,0.0
106.6844692,10.784388,9947,0.0,1.0,0.0,0.0,0.0,0.0,0.0,1.0,0.0,0.0
106.6839277,10.7832352,9948,0.0,1.0,0.0,0.0,0.0,0.0,0.0,1.0,0.0,0.0
106.6829159,10.7850527,9949,0.0,1.0,0.0,0.0,0.0,0.0,0.0,1.0,0.0,0.0
106.6847015,10.7851879,9950,0.0,1.0,0.0,0.0,0.0,0.0,0.0,1.0,0.0,0.0
106.6807847,10.7862785,9951,0.0,1.0,0.0,0.0,0.0,0.0,0.0,1.0,0.0,0.0
106.6342864,10.7806716,9952,0.0,1.0,0.0,0.0,0.0,0.0,0.0,1.0,0.0,0.0
106.6390969,10.7771827,9953,0.0,1.0,0.0,0.0,0.0,0.0,0.0,1.0,0.0,0.0
106.6359302,10.78086,9954,0.0,1.0,0.0,0.0,0.0,0.0,0.0,1.0,0.0,0.0
106.6360442,10.7817061,9955,0.0,1.0,0.0,0.0,0.0,0.0,0.0,1.0,0.0,0.0
106.6358895,10.7805586,9956,0.0,1.0,0.0,0.0,0.0,0.0,0.0,1.0,0.0,0.0
106.7631666,10.8659932,9957,0.0,1.0,0.0,0.0,0.0,0.0,0.0,1.0,0.0,0.0
106.766054,10.8642639,9958,0.0,1.0,0.0,0.0,0.0,0.0,0.0,1.0,0.0,0.0
106.7657483,10.8644246,9959,0.0,1.0,0.0,0.0,0.0,0.0,0.0,1.0,0.0,0.0
106.7648229,10.8649962,9960,0.0,1.0,0.0,0.0,0.0,0.0,0.0,1.0,0.0,0.0
106.7633745,10.8658945,9961,0.0,1.0,0.0,0.0,0.0,0.0,0.0,1.0,0.0,0.0
106.762822,10.8660367,9962,0.0,1.0,0.0,0.0,0.0,0.0,0.0,1.0,0.0,0.0
106.761277,10.8662395,9963,0.0,1.0,0.0,0.0,0.0,0.0,0.0,1.0,0.0,0.0
106.6802568,10.7831426,9964,0.0,1.0,0.0,0.0,0.0,0.0,0.0,1.0,0.0,0.0
106.6421661,10.7798689,9965,0.0,1.0,0.0,0.0,0.0,0.0,0.0,1.0,0.0,0.0
106.644201,10.7801038,9966,0.0,1.0,0.0,0.0,0.0,0.0,0.0,1.0,0.0,0.0
106.6440387,10.7803409,9967,0.0,1.0,0.0,0.0,0.0,0.0,0.0,1.0,0.0,0.0
106.6401733,10.7789563,9968,0.0,1.0,0.0,0.0,0.0,0.0,0.0,1.0,0.0,0.0
106.6454215,10.7783177,9969,0.0,1.0,0.0,0.0,0.0,0.0,0.0,1.0,0.0,0.0
106.7043585,10.8592795,9970,0.0,1.0,0.0,0.0,0.0,0.0,0.0,1.0,0.0,0.0
106.7032205,10.8594215,9971,0.0,1.0,0.0,0.0,0.0,0.0,0.0,1.0,0.0,0.0
106.7017911,10.8596035,9972,0.0,1.0,0.0,0.0,0.0,0.0,0.0,1.0,0.0,0.0
106.698604,10.8602442,9973,0.0,1.0,0.0,0.0,0.0,0.0,0.0,1.0,0.0,0.0
106.6986463,10.8599936,9974,0.0,1.0,0.0,0.0,0.0,0.0,0.0,1.0,0.0,0.0
106.6924421,10.8605635,9975,0.0,1.0,0.0,0.0,0.0,0.0,0.0,1.0,0.0,0.0
106.6986571,10.8602375,9976,0.0,1.0,0.0,0.0,0.0,0.0,0.0,1.0,0.0,0.0
106.7052321,10.8593543,9977,0.0,1.0,0.0,0.0,0.0,0.0,0.0,1.0,0.0,0.0
106.7052214,10.859221,9978,0.0,1.0,0.0,0.0,0.0,0.0,0.0,1.0,0.0,0.0
106.705079,10.8591858,9979,0.0,1.0,0.0,0.0,0.0,0.0,0.0,1.0,0.0,0.0
106.7041681,10.8593057,9980,0.0,1.0,0.0,0.0,0.0,0.0,0.0,1.0,0.0,0.0
106.7029044,10.8594599,9981,0.0,1.0,0.0,0.0,0.0,0.0,0.0,1.0,0.0,0.0
106.7017668,10.8596065,9982,0.0,1.0,0.0,0.0,0.0,0.0,0.0,1.0,0.0,0.0
106.7012697,10.8596702,9983,0.0,1.0,0.0,0.0,0.0,0.0,0.0,1.0,0.0,0.0
106.7006669,10.8597454,9984,0.0,1.0,0.0,0.0,0.0,0.0,0.0,1.0,0.0,0.0
106.6987656,10.8599814,9985,0.0,1.0,0.0,0.0,0.0,0.0,0.0,1.0,0.0,0.0
106.6986862,10.8599881,9986,0.0,1.0,0.0,0.0,0.0,0.0,0.0,1.0,0.0,0.0
106.6978072,10.860109,9987,0.0,1.0,0.0,0.0,0.0,0.0,0.0,1.0,0.0,0.0
106.6971551,10.8601889,9988,0.0,1.0,0.0,0.0,0.0,0.0,0.0,1.0,0.0,0.0
106.6965504,10.8602651,9989,0.0,1.0,0.0,0.0,0.0,0.0,0.0,1.0,0.0,0.0
106.6960591,10.8603279,9990,0.0,1.0,0.0,0.0,0.0,0.0,0.0,1.0,0.0,0.0
106.6958052,10.8603498,9991,0.0,1.0,0.0,0.0,0.0,0.0,0.0,1.0,0.0,0.0
106.6923914,10.8605661,9992,0.0,1.0,0.0,0.0,0.0,0.0,0.0,1.0,0.0,0.0
106.7643596,10.8652835,9993,0.0,1.0,0.0,0.0,0.0,0.0,0.0,1.0,0.0,0.0
106.7643221,10.8653068,9994,0.0,1.0,0.0,0.0,0.0,0.0,0.0,1.0,0.0,0.0
106.7669108,10.8642928,9995,0.0,1.0,0.0,0.0,0.0,0.0,0.0,1.0,0.0,0.0
106.7684612,10.86388,9996,0.0,1.0,0.0,0.0,0.0,0.0,0.0,1.0,0.0,0.0
106.7646496,10.8651037,9997,0.0,1.0,0.0,0.0,0.0,0.0,0.0,1.0,0.0,0.0
106.6498549,10.7779601,9998,0.0,1.0,0.0,0.0,0.0,0.0,0.0,1.0,0.0,0.0
106.6466877,10.7791864,9999,0.0,1.0,0.0,0.0,0.0,0.0,0.0,1.0,0.0,0.0
106.646736,10.7791838,10000,0.0,1.0,0.0,0.0,0.0,0.0,0.0,1.0,0.0,0.0
106.6462014,10.7793135,10001,0.0,1.0,0.0,0.0,0.0,0.0,0.0,1.0,0.0,0.0
106.6457717,10.7794421,10002,0.0,1.0,0.0,0.0,0.0,0.0,0.0,1.0,0.0,0.0
106.7708246,10.8630249,10003,0.0,1.0,0.0,0.0,0.0,0.0,0.0,1.0,0.0,0.0
106.6462027,10.7772025,10004,0.0,1.0,0.0,0.0,0.0,0.0,0.0,1.0,0.0,0.0
106.6499734,10.7805486,10005,0.0,1.0,0.0,0.0,0.0,0.0,0.0,1.0,0.0,0.0
106.6492268,10.7764307,10006,0.0,1.0,0.0,0.0,0.0,0.0,0.0,1.0,0.0,0.0
106.6493689,10.7765901,10007,0.0,1.0,0.0,0.0,0.0,0.0,0.0,1.0,0.0,0.0
106.6496592,10.7769421,10008,0.0,1.0,0.0,0.0,0.0,0.0,0.0,1.0,0.0,0.0
106.6496873,10.7769762,10009,0.0,1.0,0.0,0.0,0.0,0.0,0.0,1.0,0.0,0.0
106.6497982,10.7771713,10010,0.0,1.0,0.0,0.0,0.0,0.0,0.0,1.0,0.0,0.0
106.6498441,10.7773899,10011,0.0,1.0,0.0,0.0,0.0,0.0,0.0,1.0,0.0,0.0
106.6498541,10.7777479,10012,0.0,1.0,0.0,0.0,0.0,0.0,0.0,1.0,0.0,0.0
106.6500059,10.7808945,10013,0.0,1.0,0.0,0.0,0.0,0.0,0.0,1.0,0.0,0.0
106.6499053,10.7795043,10014,0.0,1.0,0.0,0.0,0.0,0.0,0.0,1.0,0.0,0.0
106.6498852,10.7790801,10015,0.0,1.0,0.0,0.0,0.0,0.0,0.0,1.0,0.0,0.0
106.645245,10.7785959,10016,0.0,1.0,0.0,0.0,0.0,0.0,0.0,1.0,0.0,0.0
106.7421212,10.8609748,10017,0.0,1.0,0.0,0.0,0.0,0.0,0.0,1.0,0.0,0.0
106.7812314,10.7648159,10018,0.0,1.0,0.0,0.0,0.0,0.0,0.0,1.0,0.0,0.0
106.7771484,10.7682072,10019,0.0,1.0,0.0,0.0,0.0,0.0,0.0,1.0,0.0,0.0
106.6269466,10.7639255,10020,0.0,1.0,0.0,0.0,0.0,0.0,0.0,1.0,0.0,0.0
106.7893204,10.8671967,10021,0.0,1.0,0.0,0.0,0.0,0.0,0.0,1.0,0.0,0.0
106.7890105,10.8672206,10022,0.0,1.0,0.0,0.0,0.0,0.0,0.0,1.0,0.0,0.0
106.7882475,10.867119,10023,0.0,1.0,0.0,0.0,0.0,0.0,0.0,1.0,0.0,0.0
106.7816865,10.8660336,10024,0.0,1.0,0.0,0.0,0.0,0.0,0.0,1.0,0.0,0.0
106.7808762,10.8643318,10025,0.0,1.0,0.0,0.0,0.0,0.0,0.0,1.0,0.0,0.0
106.7805272,10.8636963,10026,0.0,1.0,0.0,0.0,0.0,0.0,0.0,1.0,0.0,0.0
106.7801092,10.8628729,10027,0.0,1.0,0.0,0.0,0.0,0.0,0.0,1.0,0.0,0.0
106.6498589,10.77823,10028,0.0,1.0,0.0,0.0,0.0,0.0,0.0,1.0,0.0,0.0
106.6503541,10.7790549,10029,0.0,1.0,0.0,0.0,0.0,0.0,0.0,1.0,0.0,0.0
106.6507544,10.7790253,10030,0.0,1.0,0.0,0.0,0.0,0.0,0.0,1.0,0.0,0.0
106.6509083,10.7790397,10031,0.0,1.0,0.0,0.0,0.0,0.0,0.0,1.0,0.0,0.0
106.6514137,10.7792478,10032,0.0,1.0,0.0,0.0,0.0,0.0,0.0,1.0,0.0,0.0
106.6517707,10.7793795,10033,0.0,1.0,0.0,0.0,0.0,0.0,0.0,1.0,0.0,0.0
106.6519398,10.7793381,10034,0.0,1.0,0.0,0.0,0.0,0.0,0.0,1.0,0.0,0.0
106.6522247,10.779261,10035,0.0,1.0,0.0,0.0,0.0,0.0,0.0,1.0,0.0,0.0
106.6530765,10.7793851,10036,0.0,1.0,0.0,0.0,0.0,0.0,0.0,1.0,0.0,0.0
106.6535201,10.7795662,10037,0.0,1.0,0.0,0.0,0.0,0.0,0.0,1.0,0.0,0.0
106.6536292,10.7796398,10038,0.0,1.0,0.0,0.0,0.0,0.0,0.0,1.0,0.0,0.0
106.6539968,10.7799875,10039,0.0,1.0,0.0,0.0,0.0,0.0,0.0,1.0,0.0,0.0
106.6552592,10.7805208,10040,0.0,1.0,0.0,0.0,0.0,0.0,0.0,1.0,0.0,0.0
106.6545082,10.7803199,10041,0.0,1.0,0.0,0.0,0.0,0.0,0.0,1.0,0.0,0.0
106.6555539,10.778088,10042,0.0,1.0,0.0,0.0,0.0,0.0,0.0,1.0,0.0,0.0
106.7413214,10.8599952,10043,0.0,1.0,0.0,0.0,0.0,0.0,0.0,1.0,0.0,0.0
106.7419259,10.8607365,10044,0.0,1.0,0.0,0.0,0.0,0.0,0.0,1.0,0.0,0.0
106.6579632,10.7857783,10045,0.0,1.0,0.0,0.0,0.0,0.0,0.0,1.0,0.0,0.0
106.6578887,10.7857077,10046,0.0,1.0,0.0,0.0,0.0,0.0,0.0,1.0,0.0,0.0
106.6574443,10.7851595,10047,0.0,1.0,0.0,0.0,0.0,0.0,0.0,1.0,0.0,0.0
106.6573324,10.785045,10048,0.0,1.0,0.0,0.0,0.0,0.0,0.0,1.0,0.0,0.0
106.6569513,10.784638,10049,0.0,1.0,0.0,0.0,0.0,0.0,0.0,1.0,0.0,0.0
106.6568031,10.7852199,10050,0.0,1.0,0.0,0.0,0.0,0.0,0.0,1.0,0.0,0.0
106.6568613,10.7851391,10051,0.0,1.0,0.0,0.0,0.0,0.0,0.0,1.0,0.0,0.0
106.6568772,10.7850567,10052,0.0,1.0,0.0,0.0,0.0,0.0,0.0,1.0,0.0,0.0
106.6568529,10.7848665,10053,0.0,1.0,0.0,0.0,0.0,0.0,0.0,1.0,0.0,0.0
106.6569132,10.7846435,10054,0.0,1.0,0.0,0.0,0.0,0.0,0.0,1.0,0.0,0.0
106.6563483,10.7818631,10055,0.0,1.0,0.0,0.0,0.0,0.0,0.0,1.0,0.0,0.0
106.6576951,10.7830529,10056,0.0,1.0,0.0,0.0,0.0,0.0,0.0,1.0,0.0,0.0
106.7477078,10.8742048,10057,0.0,1.0,0.0,0.0,0.0,0.0,0.0,1.0,0.0,0.0
106.7881487,10.8670649,10058,0.0,1.0,0.0,0.0,0.0,0.0,0.0,1.0,0.0,0.0
106.7761428,10.8697023,10059,0.0,1.0,0.0,0.0,0.0,0.0,0.0,1.0,0.0,0.0
106.7762625,10.869731,10060,0.0,1.0,0.0,0.0,0.0,0.0,0.0,1.0,0.0,0.0
106.7767856,10.8695559,10061,0.0,1.0,0.0,0.0,0.0,0.0,0.0,1.0,0.0,0.0
106.7777838,10.8692489,10062,0.0,1.0,0.0,0.0,0.0,0.0,0.0,1.0,0.0,0.0
106.7772509,10.869141,10063,0.0,1.0,0.0,0.0,0.0,0.0,0.0,1.0,0.0,0.0
106.777765,10.8691883,10064,0.0,1.0,0.0,0.0,0.0,0.0,0.0,1.0,0.0,0.0
106.7779568,10.8691913,10065,0.0,1.0,0.0,0.0,0.0,0.0,0.0,1.0,0.0,0.0
106.7756391,10.8697267,10066,0.0,1.0,0.0,0.0,0.0,0.0,0.0,1.0,0.0,0.0
106.775718,10.8698957,10067,0.0,1.0,0.0,0.0,0.0,0.0,0.0,1.0,0.0,0.0
106.7754033,10.8697505,10068,0.0,1.0,0.0,0.0,0.0,0.0,0.0,1.0,0.0,0.0
106.7752461,10.8698065,10069,0.0,1.0,0.0,0.0,0.0,0.0,0.0,1.0,0.0,0.0
106.7749789,10.8698999,10070,0.0,1.0,0.0,0.0,0.0,0.0,0.0,1.0,0.0,0.0
106.7745867,10.8700397,10071,0.0,1.0,0.0,0.0,0.0,0.0,0.0,1.0,0.0,0.0
106.7819386,10.867622,10072,0.0,1.0,0.0,0.0,0.0,0.0,0.0,1.0,0.0,0.0
106.7805481,10.8680555,10073,0.0,1.0,0.0,0.0,0.0,0.0,0.0,1.0,0.0,0.0
106.7800925,10.8682057,10074,0.0,1.0,0.0,0.0,0.0,0.0,0.0,1.0,0.0,0.0
106.7799049,10.8682678,10075,0.0,1.0,0.0,0.0,0.0,0.0,0.0,1.0,0.0,0.0
106.7763839,10.8694095,10076,0.0,1.0,0.0,0.0,0.0,0.0,0.0,1.0,0.0,0.0
106.7759229,10.8695615,10077,0.0,1.0,0.0,0.0,0.0,0.0,0.0,1.0,0.0,0.0
106.7734759,10.8703864,10078,0.0,1.0,0.0,0.0,0.0,0.0,0.0,1.0,0.0,0.0
106.7726972,10.870643,10079,0.0,1.0,0.0,0.0,0.0,0.0,0.0,1.0,0.0,0.0
106.7712256,10.8711233,10080,0.0,1.0,0.0,0.0,0.0,0.0,0.0,1.0,0.0,0.0
106.7711149,10.8711658,10081,0.0,1.0,0.0,0.0,0.0,0.0,0.0,1.0,0.0,0.0
106.7692861,10.87183,10082,0.0,1.0,0.0,0.0,0.0,0.0,0.0,1.0,0.0,0.0
106.7907156,10.8670364,10083,0.0,1.0,0.0,0.0,0.0,0.0,0.0,1.0,0.0,0.0
106.7921493,10.8664739,10084,0.0,1.0,0.0,0.0,0.0,0.0,0.0,1.0,0.0,0.0
106.7915991,10.8667344,10085,0.0,1.0,0.0,0.0,0.0,0.0,0.0,1.0,0.0,0.0
106.7904346,10.8671239,10086,0.0,1.0,0.0,0.0,0.0,0.0,0.0,1.0,0.0,0.0
106.7889986,10.8673051,10087,0.0,1.0,0.0,0.0,0.0,0.0,0.0,1.0,0.0,0.0
106.788129,10.8673431,10088,0.0,1.0,0.0,0.0,0.0,0.0,0.0,1.0,0.0,0.0
106.7877302,10.8673618,10089,0.0,1.0,0.0,0.0,0.0,0.0,0.0,1.0,0.0,0.0
106.7866066,10.8673919,10090,0.0,1.0,0.0,0.0,0.0,0.0,0.0,1.0,0.0,0.0
106.7849173,10.8674579,10091,0.0,1.0,0.0,0.0,0.0,0.0,0.0,1.0,0.0,0.0
106.7842783,10.8674881,10092,0.0,1.0,0.0,0.0,0.0,0.0,0.0,1.0,0.0,0.0
106.7837875,10.8675157,10093,0.0,1.0,0.0,0.0,0.0,0.0,0.0,1.0,0.0,0.0
106.7824178,10.867761,10094,0.0,1.0,0.0,0.0,0.0,0.0,0.0,1.0,0.0,0.0
106.7813547,10.868089,10095,0.0,1.0,0.0,0.0,0.0,0.0,0.0,1.0,0.0,0.0
106.7807387,10.8682965,10096,0.0,1.0,0.0,0.0,0.0,0.0,0.0,1.0,0.0,0.0
106.7782982,10.869087,10097,0.0,1.0,0.0,0.0,0.0,0.0,0.0,1.0,0.0,0.0
106.7751052,10.8701152,10098,0.0,1.0,0.0,0.0,0.0,0.0,0.0,1.0,0.0,0.0
106.7740433,10.8704635,10099,0.0,1.0,0.0,0.0,0.0,0.0,0.0,1.0,0.0,0.0
106.773425,10.8706778,10100,0.0,1.0,0.0,0.0,0.0,0.0,0.0,1.0,0.0,0.0
106.7726604,10.8709211,10101,0.0,1.0,0.0,0.0,0.0,0.0,0.0,1.0,0.0,0.0
106.7722748,10.8710444,10102,0.0,1.0,0.0,0.0,0.0,0.0,0.0,1.0,0.0,0.0
106.7715329,10.8712954,10103,0.0,1.0,0.0,0.0,0.0,0.0,0.0,1.0,0.0,0.0
106.7703969,10.8716601,10104,0.0,1.0,0.0,0.0,0.0,0.0,0.0,1.0,0.0,0.0
106.7699473,10.8718082,10105,0.0,1.0,0.0,0.0,0.0,0.0,0.0,1.0,0.0,0.0
106.7694645,10.8719595,10106,0.0,1.0,0.0,0.0,0.0,0.0,0.0,1.0,0.0,0.0
106.7692962,10.8719657,10107,0.0,1.0,0.0,0.0,0.0,0.0,0.0,1.0,0.0,0.0
106.7588382,10.8753861,10108,0.0,1.0,0.0,0.0,0.0,0.0,0.0,1.0,0.0,0.0
106.74763,10.8741203,10109,0.0,1.0,0.0,0.0,0.0,0.0,0.0,1.0,0.0,0.0
106.654512,10.7831553,10110,0.0,1.0,0.0,0.0,0.0,0.0,0.0,1.0,0.0,0.0
106.6540868,10.7836106,10111,0.0,1.0,0.0,0.0,0.0,0.0,0.0,1.0,0.0,0.0
106.6544325,10.7834357,10112,0.0,1.0,0.0,0.0,0.0,0.0,0.0,1.0,0.0,0.0
106.6502024,10.7822722,10113,0.0,1.0,0.0,0.0,0.0,0.0,0.0,1.0,0.0,0.0
106.6503116,10.7824363,10114,0.0,1.0,0.0,0.0,0.0,0.0,0.0,1.0,0.0,0.0
106.6501553,10.7821682,10115,0.0,1.0,0.0,0.0,0.0,0.0,0.0,1.0,0.0,0.0
106.6501264,10.7820609,10116,0.0,1.0,0.0,0.0,0.0,0.0,0.0,1.0,0.0,0.0
106.6504599,10.7827107,10117,0.0,1.0,0.0,0.0,0.0,0.0,0.0,1.0,0.0,0.0
106.6505442,10.7829251,10118,0.0,1.0,0.0,0.0,0.0,0.0,0.0,1.0,0.0,0.0
106.6506569,10.7832411,10119,0.0,1.0,0.0,0.0,0.0,0.0,0.0,1.0,0.0,0.0
106.6507261,10.7834102,10120,0.0,1.0,0.0,0.0,0.0,0.0,0.0,1.0,0.0,0.0
106.6507982,10.7837064,10121,0.0,1.0,0.0,0.0,0.0,0.0,0.0,1.0,0.0,0.0
106.6508829,10.7841054,10122,0.0,1.0,0.0,0.0,0.0,0.0,0.0,1.0,0.0,0.0
106.650909,10.7841911,10123,0.0,1.0,0.0,0.0,0.0,0.0,0.0,1.0,0.0,0.0
106.6511319,10.7857411,10124,0.0,1.0,0.0,0.0,0.0,0.0,0.0,1.0,0.0,0.0
106.7541234,10.8618642,10125,0.0,1.0,0.0,0.0,0.0,0.0,0.0,1.0,0.0,0.0
106.7530898,10.8606867,10126,0.0,1.0,0.0,0.0,0.0,0.0,0.0,1.0,0.0,0.0
106.7538472,10.8615602,10127,0.0,1.0,0.0,0.0,0.0,0.0,0.0,1.0,0.0,0.0
106.6601118,10.7797475,10128,0.0,1.0,0.0,0.0,0.0,0.0,0.0,1.0,0.0,0.0
106.6595558,10.7801023,10129,0.0,1.0,0.0,0.0,0.0,0.0,0.0,1.0,0.0,0.0
106.6596176,10.777171,10130,0.0,1.0,0.0,0.0,0.0,0.0,0.0,1.0,0.0,0.0
106.660126,10.7779271,10131,0.0,1.0,0.0,0.0,0.0,0.0,0.0,1.0,0.0,0.0
106.6605295,10.7783163,10132,0.0,1.0,0.0,0.0,0.0,0.0,0.0,1.0,0.0,0.0
106.660728,10.7785212,10133,0.0,1.0,0.0,0.0,0.0,0.0,0.0,1.0,0.0,0.0
106.6597785,10.7799074,10134,0.0,1.0,0.0,0.0,0.0,0.0,0.0,1.0,0.0,0.0
106.6579993,10.7798098,10135,0.0,1.0,0.0,0.0,0.0,0.0,0.0,1.0,0.0,0.0
106.6577089,10.7794933,10136,0.0,1.0,0.0,0.0,0.0,0.0,0.0,1.0,0.0,0.0
106.6555803,10.7797135,10137,0.0,1.0,0.0,0.0,0.0,0.0,0.0,1.0,0.0,0.0
106.6556937,10.7793215,10138,0.0,1.0,0.0,0.0,0.0,0.0,0.0,1.0,0.0,0.0
106.6564494,10.776616,10139,0.0,1.0,0.0,0.0,0.0,0.0,0.0,1.0,0.0,0.0
106.6579096,10.779712,10140,0.0,1.0,0.0,0.0,0.0,0.0,0.0,1.0,0.0,0.0
106.6571611,10.7788964,10141,0.0,1.0,0.0,0.0,0.0,0.0,0.0,1.0,0.0,0.0
106.658922,10.780807,10142,0.0,1.0,0.0,0.0,0.0,0.0,0.0,0.0,1.0,0.0
106.6565707,10.7782494,10143,0.0,1.0,0.0,0.0,0.0,0.0,0.0,1.0,0.0,0.0
106.6326947,10.7560012,10144,0.0,1.0,0.0,0.0,0.0,0.0,0.0,1.0,0.0,0.0
106.6430363,10.7535751,10145,0.0,1.0,0.0,0.0,0.0,0.0,0.0,1.0,0.0,0.0
106.6419501,10.7599675,10146,0.0,1.0,0.0,0.0,0.0,0.0,0.0,1.0,0.0,0.0
106.6419784,10.7603767,10147,0.0,1.0,0.0,0.0,0.0,0.0,0.0,1.0,0.0,0.0
106.6420109,10.7606161,10148,0.0,1.0,0.0,0.0,0.0,0.0,0.0,1.0,0.0,0.0
106.6420415,10.7608356,10149,0.0,1.0,0.0,0.0,0.0,0.0,0.0,1.0,0.0,0.0
106.642113,10.7612234,10150,0.0,1.0,0.0,0.0,0.0,0.0,0.0,1.0,0.0,0.0
106.6421514,10.7629041,10151,0.0,1.0,0.0,0.0,0.0,0.0,0.0,1.0,0.0,0.0
106.6416873,10.7585491,10152,0.0,1.0,0.0,0.0,0.0,0.0,0.0,1.0,0.0,0.0
106.641586,10.7589257,10153,0.0,1.0,0.0,0.0,0.0,0.0,0.0,1.0,0.0,0.0
106.641575,10.7589846,10154,0.0,1.0,0.0,0.0,0.0,0.0,0.0,1.0,0.0,0.0
106.6332036,10.7563978,10155,0.0,1.0,0.0,0.0,0.0,0.0,0.0,1.0,0.0,0.0
106.6613981,10.7784102,10156,0.0,1.0,0.0,0.0,0.0,0.0,0.0,1.0,0.0,0.0
106.6655216,10.7779115,10157,0.0,1.0,0.0,0.0,0.0,0.0,0.0,0.0,1.0,0.0
106.664704,10.7772914,10158,0.0,1.0,0.0,0.0,0.0,0.0,0.0,1.0,0.0,0.0
106.6636167,10.7763834,10159,0.0,1.0,0.0,0.0,0.0,0.0,0.0,1.0,0.0,0.0
106.6635907,10.7764342,10160,0.0,1.0,0.0,0.0,0.0,0.0,0.0,1.0,0.0,0.0
106.6635634,10.7763996,10161,0.0,1.0,0.0,0.0,0.0,0.0,0.0,1.0,0.0,0.0
106.6636154,10.7764553,10162,0.0,1.0,0.0,0.0,0.0,0.0,0.0,1.0,0.0,0.0
106.664107,10.7768372,10163,0.0,1.0,0.0,0.0,0.0,0.0,0.0,1.0,0.0,0.0
106.656121,10.7840306,10164,0.0,1.0,0.0,0.0,0.0,0.0,0.0,1.0,0.0,0.0
106.6568345,10.7846722,10165,0.0,1.0,0.0,0.0,0.0,0.0,0.0,1.0,0.0,0.0
106.6505237,10.7849553,10166,0.0,1.0,0.0,0.0,0.0,0.0,0.0,1.0,0.0,0.0
106.6533302,10.7854926,10167,0.0,1.0,0.0,0.0,0.0,0.0,0.0,1.0,0.0,0.0
106.6530256,10.7866106,10168,0.0,1.0,0.0,0.0,0.0,0.0,0.0,1.0,0.0,0.0
106.652518,10.7864733,10169,0.0,1.0,0.0,0.0,0.0,0.0,0.0,1.0,0.0,0.0
106.6419667,10.7792159,10170,0.0,1.0,0.0,0.0,0.0,0.0,0.0,1.0,0.0,0.0
106.6441561,10.7801695,10171,0.0,1.0,0.0,0.0,0.0,0.0,0.0,1.0,0.0,0.0
106.6425757,10.7808378,10172,0.0,1.0,0.0,0.0,0.0,0.0,0.0,1.0,0.0,0.0
106.6406154,10.7769854,10173,0.0,1.0,0.0,0.0,0.0,0.0,0.0,1.0,0.0,0.0
106.7831008,10.8676185,10174,0.0,1.0,0.0,0.0,0.0,0.0,0.0,1.0,0.0,0.0
106.7760494,10.8697929,10175,0.0,1.0,0.0,0.0,0.0,0.0,0.0,1.0,0.0,0.0
106.7756525,10.8696608,10176,0.0,1.0,0.0,0.0,0.0,0.0,0.0,1.0,0.0,0.0
106.775886,10.8698404,10177,0.0,1.0,0.0,0.0,0.0,0.0,0.0,1.0,0.0,0.0
106.7673863,10.8724231,10178,0.0,1.0,0.0,0.0,0.0,0.0,0.0,1.0,0.0,0.0
106.7669177,10.8728261,10179,0.0,1.0,0.0,0.0,0.0,0.0,0.0,1.0,0.0,0.0
106.7672235,10.8727247,10180,0.0,1.0,0.0,0.0,0.0,0.0,0.0,1.0,0.0,0.0
106.7677063,10.8725613,10181,0.0,1.0,0.0,0.0,0.0,0.0,0.0,1.0,0.0,0.0
106.7683619,10.8723487,10182,0.0,1.0,0.0,0.0,0.0,0.0,0.0,1.0,0.0,0.0
106.7691627,10.8720741,10183,0.0,1.0,0.0,0.0,0.0,0.0,0.0,1.0,0.0,0.0
106.7675601,10.8723546,10184,0.0,1.0,0.0,0.0,0.0,0.0,0.0,1.0,0.0,0.0
106.7689644,10.8718684,10185,0.0,1.0,0.0,0.0,0.0,0.0,0.0,1.0,0.0,0.0
106.7692137,10.871801,10186,0.0,1.0,0.0,0.0,0.0,0.0,0.0,1.0,0.0,0.0
106.7692882,10.872021,10187,0.0,1.0,0.0,0.0,0.0,0.0,0.0,1.0,0.0,0.0
106.7545031,10.8758684,10188,0.0,1.0,0.0,0.0,0.0,0.0,0.0,1.0,0.0,0.0
106.7544497,10.8761761,10189,0.0,1.0,0.0,0.0,0.0,0.0,0.0,1.0,0.0,0.0
106.7505911,10.8750874,10190,0.0,1.0,0.0,0.0,0.0,0.0,0.0,1.0,0.0,0.0
106.7498937,10.8748648,10191,0.0,1.0,0.0,0.0,0.0,0.0,0.0,1.0,0.0,0.0
106.7838223,10.8674539,10192,0.0,1.0,0.0,0.0,0.0,0.0,0.0,1.0,0.0,0.0
106.7628524,10.8739577,10193,0.0,1.0,0.0,0.0,0.0,0.0,0.0,1.0,0.0,0.0
106.6977186,10.805445,10194,0.0,1.0,0.0,0.0,0.0,0.0,0.0,1.0,0.0,0.0
106.6974989,10.8057123,10195,0.0,1.0,0.0,0.0,0.0,0.0,0.0,1.0,0.0,0.0
106.6976336,10.8055484,10196,0.0,1.0,0.0,0.0,0.0,0.0,0.0,1.0,0.0,0.0
106.6989543,10.8028993,10197,0.0,1.0,0.0,0.0,0.0,0.0,0.0,1.0,0.0,0.0
106.7013574,10.8038582,10198,0.0,1.0,0.0,0.0,0.0,0.0,0.0,1.0,0.0,0.0
106.7010417,10.8037362,10199,0.0,1.0,0.0,0.0,0.0,0.0,0.0,1.0,0.0,0.0
106.7073385,10.8003981,10200,0.0,1.0,0.0,0.0,0.0,0.0,0.0,1.0,0.0,0.0
106.7079533,10.8007463,10201,0.0,1.0,0.0,0.0,0.0,0.0,0.0,1.0,0.0,0.0
106.7086723,10.8010758,10202,0.0,1.0,0.0,0.0,0.0,0.0,0.0,1.0,0.0,0.0
106.7101381,10.801408,10203,0.0,1.0,0.0,0.0,0.0,0.0,0.0,1.0,0.0,0.0
106.7113057,10.8023221,10204,0.0,1.0,0.0,0.0,0.0,0.0,0.0,1.0,0.0,0.0
106.7023206,10.795031,10205,0.0,1.0,0.0,0.0,0.0,0.0,0.0,1.0,0.0,0.0
106.7019805,10.7946672,10206,0.0,1.0,0.0,0.0,0.0,0.0,0.0,1.0,0.0,0.0
106.7031542,10.7959024,10207,0.0,1.0,0.0,0.0,0.0,0.0,0.0,1.0,0.0,0.0
106.7032185,10.7959696,10208,0.0,1.0,0.0,0.0,0.0,0.0,0.0,1.0,0.0,0.0
106.7058178,10.7963537,10209,0.0,1.0,0.0,0.0,0.0,0.0,0.0,1.0,0.0,0.0
106.7054329,10.7982841,10210,0.0,1.0,0.0,0.0,0.0,0.0,0.0,1.0,0.0,0.0
106.7072511,10.7998375,10211,0.0,1.0,0.0,0.0,0.0,0.0,0.0,1.0,0.0,0.0
106.7105994,10.8011637,10212,0.0,1.0,0.0,0.0,0.0,0.0,0.0,1.0,0.0,0.0
106.7111766,10.8006965,10213,0.0,1.0,0.0,0.0,0.0,0.0,0.0,1.0,0.0,0.0
106.7121652,10.7925957,10214,0.0,1.0,0.0,0.0,0.0,0.0,0.0,1.0,0.0,0.0
106.7130793,10.8011657,10215,0.0,1.0,0.0,0.0,0.0,0.0,0.0,1.0,0.0,0.0
106.7146893,10.8007867,10216,0.0,1.0,0.0,0.0,0.0,0.0,0.0,1.0,0.0,0.0
106.7139268,10.7918618,10217,0.0,1.0,0.0,0.0,0.0,0.0,0.0,1.0,0.0,0.0
106.714294,10.7915316,10218,0.0,1.0,0.0,0.0,0.0,0.0,0.0,1.0,0.0,0.0
106.7140803,10.7917238,10219,0.0,1.0,0.0,0.0,0.0,0.0,0.0,1.0,0.0,0.0
106.7178735,10.7987712,10220,0.0,1.0,0.0,0.0,0.0,0.0,0.0,1.0,0.0,0.0
106.7104327,10.8029497,10221,0.0,1.0,0.0,0.0,0.0,0.0,0.0,1.0,0.0,0.0
106.7101437,10.8029724,10222,0.0,1.0,0.0,0.0,0.0,0.0,0.0,1.0,0.0,0.0
106.7094152,10.80364,10223,0.0,1.0,0.0,0.0,0.0,0.0,0.0,1.0,0.0,0.0
106.7081491,10.8031233,10224,0.0,1.0,0.0,0.0,0.0,0.0,0.0,1.0,0.0,0.0
106.7066446,10.8032346,10225,0.0,1.0,0.0,0.0,0.0,0.0,0.0,1.0,0.0,0.0
106.7063352,10.8032574,10226,0.0,1.0,0.0,0.0,0.0,0.0,0.0,1.0,0.0,0.0
106.7053249,10.8033326,10227,0.0,1.0,0.0,0.0,0.0,0.0,0.0,1.0,0.0,0.0
106.7058092,10.8032965,10228,0.0,1.0,0.0,0.0,0.0,0.0,0.0,1.0,0.0,0.0
106.7045598,10.8033897,10229,0.0,1.0,0.0,0.0,0.0,0.0,0.0,1.0,0.0,0.0
106.704183,10.8034179,10230,0.0,1.0,0.0,0.0,0.0,0.0,0.0,1.0,0.0,0.0
106.703147,10.8035292,10231,0.0,1.0,0.0,0.0,0.0,0.0,0.0,1.0,0.0,0.0
106.7023292,10.8037201,10232,0.0,1.0,0.0,0.0,0.0,0.0,0.0,1.0,0.0,0.0
106.6710033,10.7779568,10233,0.0,1.0,0.0,0.0,0.0,0.0,0.0,1.0,0.0,0.0
106.6494497,10.7855588,10234,0.0,1.0,0.0,0.0,0.0,0.0,0.0,1.0,0.0,0.0
106.6494497,10.7855786,10235,0.0,1.0,0.0,0.0,0.0,0.0,0.0,1.0,0.0,0.0
106.649502,10.7857584,10236,0.0,1.0,0.0,0.0,0.0,0.0,0.0,1.0,0.0,0.0
106.6496708,10.7854063,10237,0.0,1.0,0.0,0.0,0.0,0.0,0.0,1.0,0.0,0.0
106.6492728,10.7859016,10238,0.0,1.0,0.0,0.0,0.0,0.0,0.0,1.0,0.0,0.0
106.7929646,10.8659076,10239,0.0,1.0,0.0,0.0,0.0,0.0,0.0,1.0,0.0,0.0
106.7928281,10.8660024,10240,0.0,1.0,0.0,0.0,0.0,0.0,0.0,1.0,0.0,0.0
106.7907543,10.8670249,10241,0.0,1.0,0.0,0.0,0.0,0.0,0.0,1.0,0.0,0.0
106.790214,10.8671667,10242,0.0,1.0,0.0,0.0,0.0,0.0,0.0,1.0,0.0,0.0
106.791885,10.866607,10243,0.0,1.0,0.0,0.0,0.0,0.0,0.0,1.0,0.0,0.0
106.7884706,10.8673379,10244,0.0,1.0,0.0,0.0,0.0,0.0,0.0,1.0,0.0,0.0
106.6410556,10.7855274,10245,0.0,1.0,0.0,0.0,0.0,0.0,0.0,1.0,0.0,0.0
106.639685,10.78452,10246,0.0,1.0,0.0,0.0,0.0,0.0,0.0,1.0,0.0,0.0
106.6757371,10.7809708,10247,0.0,1.0,0.0,0.0,0.0,0.0,0.0,1.0,0.0,0.0
106.6750496,10.7794458,10248,0.0,1.0,0.0,0.0,0.0,0.0,0.0,1.0,0.0,0.0
106.6347384,10.7809284,10249,0.0,1.0,0.0,0.0,0.0,0.0,0.0,1.0,0.0,0.0
106.6378876,10.7832808,10250,0.0,1.0,0.0,0.0,0.0,0.0,0.0,1.0,0.0,0.0
106.6364569,10.7821365,10251,0.0,1.0,0.0,0.0,0.0,0.0,0.0,1.0,0.0,0.0
106.6358053,10.7814933,10252,0.0,1.0,0.0,0.0,0.0,0.0,0.0,1.0,0.0,0.0
106.6357625,10.7815006,10253,0.0,1.0,0.0,0.0,0.0,0.0,0.0,1.0,0.0,0.0
106.6363142,10.7819876,10254,0.0,1.0,0.0,0.0,0.0,0.0,0.0,1.0,0.0,0.0
106.636278,10.7819873,10255,0.0,1.0,0.0,0.0,0.0,0.0,0.0,1.0,0.0,0.0
106.6361909,10.7820031,10256,0.0,1.0,0.0,0.0,0.0,0.0,0.0,1.0,0.0,0.0
106.6378044,10.7832234,10257,0.0,1.0,0.0,0.0,0.0,0.0,0.0,1.0,0.0,0.0
106.6364017,10.7846546,10258,0.0,1.0,0.0,0.0,0.0,0.0,0.0,1.0,0.0,0.0
106.6364544,10.7849788,10259,0.0,1.0,0.0,0.0,0.0,0.0,0.0,1.0,0.0,0.0
106.6385774,10.7837583,10260,0.0,1.0,0.0,0.0,0.0,0.0,0.0,1.0,0.0,0.0
106.6801874,10.7785921,10261,0.0,1.0,0.0,0.0,0.0,0.0,0.0,1.0,0.0,0.0
106.6770851,10.7802598,10262,0.0,1.0,0.0,0.0,0.0,0.0,0.0,1.0,0.0,0.0
106.6772899,10.7801438,10263,0.0,1.0,0.0,0.0,0.0,0.0,0.0,1.0,0.0,0.0
106.6770584,10.780276,10264,0.0,1.0,0.0,0.0,0.0,0.0,0.0,1.0,0.0,0.0
106.6422109,10.7658234,10265,0.0,1.0,0.0,0.0,0.0,0.0,0.0,1.0,0.0,0.0
106.6422147,10.7656406,10266,0.0,1.0,0.0,0.0,0.0,0.0,0.0,0.0,0.0,0.0
106.8026394,10.867122,10267,0.0,1.0,0.0,0.0,0.0,0.0,0.0,1.0,0.0,0.0
106.8025938,10.8672273,10268,0.0,1.0,0.0,0.0,0.0,0.0,0.0,1.0,0.0,0.0
106.8024713,10.8673219,10269,0.0,1.0,0.0,0.0,0.0,0.0,0.0,1.0,0.0,0.0
106.8006702,10.8657204,10270,0.0,1.0,0.0,0.0,0.0,0.0,0.0,1.0,0.0,0.0
106.8006197,10.8659287,10271,0.0,1.0,0.0,0.0,0.0,0.0,0.0,1.0,0.0,0.0
106.7994282,10.8649857,10272,0.0,1.0,0.0,0.0,0.0,0.0,0.0,1.0,0.0,0.0
106.7932518,10.8657148,10273,0.0,1.0,0.0,0.0,0.0,0.0,0.0,1.0,0.0,0.0
106.8003069,10.8655152,10274,0.0,1.0,0.0,0.0,0.0,0.0,0.0,1.0,0.0,0.0
106.6853302,10.7782288,10275,0.0,1.0,0.0,0.0,0.0,0.0,0.0,1.0,0.0,0.0
106.6833808,10.7778217,10276,0.0,1.0,0.0,0.0,0.0,0.0,0.0,1.0,0.0,0.0
106.6825545,10.7803529,10277,0.0,1.0,0.0,0.0,0.0,0.0,0.0,1.0,0.0,0.0
106.682705,10.7806505,10278,0.0,1.0,0.0,0.0,0.0,0.0,0.0,1.0,0.0,0.0
106.68085,10.7782417,10279,0.0,1.0,0.0,0.0,0.0,0.0,0.0,1.0,0.0,0.0
106.6829954,10.7770399,10280,0.0,1.0,0.0,0.0,0.0,0.0,0.0,1.0,0.0,0.0
106.6835952,10.7767194,10281,0.0,1.0,0.0,0.0,0.0,0.0,0.0,1.0,0.0,0.0
106.6841858,10.7786494,10282,0.0,1.0,0.0,0.0,0.0,0.0,0.0,1.0,0.0,0.0
106.6837966,10.7796285,10283,0.0,1.0,0.0,0.0,0.0,0.0,0.0,1.0,0.0,0.0
106.6843451,10.7781422,10284,0.0,1.0,0.0,0.0,0.0,0.0,0.0,1.0,0.0,0.0
106.6826356,10.7805133,10285,0.0,1.0,0.0,0.0,0.0,0.0,0.0,1.0,0.0,0.0
106.6824086,10.7800365,10286,0.0,1.0,0.0,0.0,0.0,0.0,0.0,1.0,0.0,0.0
106.6836606,10.7804617,10287,0.0,1.0,0.0,0.0,0.0,0.0,0.0,1.0,0.0,0.0
106.6820734,10.7770101,10288,0.0,1.0,0.0,0.0,0.0,0.0,0.0,1.0,0.0,0.0
106.7911354,10.8605761,10289,0.0,1.0,0.0,0.0,0.0,0.0,0.0,1.0,0.0,0.0
106.7894957,10.8596348,10290,0.0,1.0,0.0,0.0,0.0,0.0,0.0,1.0,0.0,0.0
106.7912816,10.8601701,10291,0.0,1.0,0.0,0.0,0.0,0.0,0.0,1.0,0.0,0.0
106.7972218,10.8636828,10292,0.0,1.0,0.0,0.0,0.0,0.0,0.0,1.0,0.0,0.0
106.8005915,10.8659906,10293,0.0,1.0,0.0,0.0,0.0,0.0,0.0,1.0,0.0,0.0
106.7007481,10.7558904,10294,0.0,1.0,0.0,0.0,0.0,0.0,0.0,1.0,0.0,0.0
106.7003779,10.7563771,10295,0.0,1.0,0.0,0.0,0.0,0.0,0.0,1.0,0.0,0.0
106.7191719,10.7991352,10296,0.0,1.0,0.0,0.0,0.0,0.0,0.0,1.0,0.0,0.0
106.7198143,10.798656,10297,0.0,1.0,0.0,0.0,0.0,0.0,0.0,1.0,0.0,0.0
106.7203969,10.798508,10298,0.0,1.0,0.0,0.0,0.0,0.0,0.0,1.0,0.0,0.0
106.632189,10.7812469,10299,0.0,1.0,0.0,0.0,0.0,0.0,0.0,1.0,0.0,0.0
106.628324,10.7822701,10300,0.0,1.0,0.0,0.0,0.0,0.0,0.0,1.0,0.0,0.0
106.6283386,10.7823288,10301,0.0,1.0,0.0,0.0,0.0,0.0,0.0,1.0,0.0,0.0
106.6288258,10.7821283,10302,0.0,1.0,0.0,0.0,0.0,0.0,0.0,1.0,0.0,0.0
106.6821788,10.776852,10303,0.0,1.0,0.0,0.0,0.0,0.0,0.0,1.0,0.0,0.0
106.6817035,10.7775782,10304,0.0,1.0,0.0,0.0,0.0,0.0,0.0,1.0,0.0,0.0
106.6430415,10.7665422,10305,0.0,1.0,0.0,0.0,0.0,0.0,0.0,1.0,0.0,0.0
106.643989,10.7636884,10306,0.0,1.0,0.0,0.0,0.0,0.0,0.0,1.0,0.0,0.0
106.6430425,10.7631451,10307,0.0,1.0,0.0,0.0,0.0,0.0,0.0,1.0,0.0,0.0
106.6428323,10.7630572,10308,0.0,1.0,0.0,0.0,0.0,0.0,0.0,1.0,0.0,0.0
106.6424994,10.7629301,10309,0.0,1.0,0.0,0.0,0.0,0.0,0.0,1.0,0.0,0.0
106.6424096,10.7629749,10310,0.0,1.0,0.0,0.0,0.0,0.0,0.0,1.0,0.0,0.0
106.6423076,10.7630249,10311,0.0,1.0,0.0,0.0,0.0,0.0,0.0,1.0,0.0,0.0
106.6422594,10.7630776,10312,0.0,1.0,0.0,0.0,0.0,0.0,0.0,1.0,0.0,0.0
106.6421549,10.7632226,10313,0.0,1.0,0.0,0.0,0.0,0.0,0.0,1.0,0.0,0.0
106.6454601,10.7646491,10314,0.0,1.0,0.0,0.0,0.0,0.0,0.0,1.0,0.0,0.0
106.6446393,10.764132,10315,0.0,1.0,0.0,0.0,0.0,0.0,0.0,1.0,0.0,0.0
106.6447584,10.765951,10316,0.0,1.0,0.0,0.0,0.0,0.0,0.0,1.0,0.0,0.0
106.6421561,10.7633306,10317,0.0,1.0,0.0,0.0,0.0,0.0,0.0,1.0,0.0,0.0
106.6421647,10.763847,10318,0.0,1.0,0.0,0.0,0.0,0.0,0.0,1.0,0.0,0.0
106.6421734,10.7641091,10319,0.0,1.0,0.0,0.0,0.0,0.0,0.0,1.0,0.0,0.0
106.7840479,10.8563984,10320,0.0,1.0,0.0,0.0,0.0,0.0,0.0,1.0,0.0,0.0
106.7868976,10.8580796,10321,0.0,1.0,0.0,0.0,0.0,0.0,0.0,1.0,0.0,0.0
106.7859844,10.8575411,10322,0.0,1.0,0.0,0.0,0.0,0.0,0.0,1.0,0.0,0.0
106.7794416,10.8616314,10323,0.0,1.0,0.0,0.0,0.0,0.0,0.0,1.0,0.0,0.0
106.7798417,10.8623511,10324,0.0,1.0,0.0,0.0,0.0,0.0,0.0,1.0,0.0,0.0
106.6441644,10.7638079,10325,0.0,1.0,0.0,0.0,0.0,0.0,0.0,1.0,0.0,0.0
106.6241211,10.7821668,10326,0.0,1.0,0.0,0.0,0.0,0.0,0.0,1.0,0.0,0.0
106.6277301,10.7824529,10327,0.0,1.0,0.0,0.0,0.0,0.0,0.0,1.0,0.0,0.0
106.6265686,10.7828379,10328,0.0,1.0,0.0,0.0,0.0,0.0,0.0,1.0,0.0,0.0
106.6254206,10.7831843,10329,0.0,1.0,0.0,0.0,0.0,0.0,0.0,1.0,0.0,0.0
106.7896246,10.8591793,10330,0.0,1.0,0.0,0.0,0.0,0.0,0.0,1.0,0.0,0.0
106.7903993,10.8601322,10331,0.0,1.0,0.0,0.0,0.0,0.0,0.0,1.0,0.0,0.0
106.7899405,10.8599601,10332,0.0,1.0,0.0,0.0,0.0,0.0,0.0,1.0,0.0,0.0
106.6997668,10.7579884,10333,0.0,1.0,0.0,0.0,0.0,0.0,0.0,1.0,0.0,0.0
106.6997338,10.7579629,10334,0.0,1.0,0.0,0.0,0.0,0.0,0.0,1.0,0.0,0.0
106.6994834,10.7575549,10335,0.0,1.0,0.0,0.0,0.0,0.0,0.0,1.0,0.0,0.0
106.6854371,10.779361,10336,0.0,1.0,0.0,0.0,0.0,0.0,0.0,1.0,0.0,0.0
106.6890494,10.7807024,10337,0.0,1.0,0.0,0.0,0.0,0.0,0.0,1.0,0.0,0.0
106.6854524,10.7798714,10338,0.0,1.0,0.0,0.0,0.0,0.0,0.0,1.0,0.0,0.0
106.686647,10.7794841,10339,0.0,1.0,0.0,0.0,0.0,0.0,0.0,1.0,0.0,0.0
106.6887446,10.7786791,10340,0.0,1.0,0.0,0.0,0.0,0.0,0.0,1.0,0.0,0.0
106.6877984,10.7795308,10341,0.0,1.0,0.0,0.0,0.0,0.0,0.0,1.0,0.0,0.0
106.6869996,10.7813816,10342,0.0,1.0,0.0,0.0,0.0,0.0,0.0,1.0,0.0,0.0
106.6880245,10.7816431,10343,0.0,1.0,0.0,0.0,0.0,0.0,0.0,1.0,0.0,0.0
106.6895189,10.7802537,10344,0.0,1.0,0.0,0.0,0.0,0.0,0.0,1.0,0.0,0.0
106.6883524,10.7790326,10345,0.0,1.0,0.0,0.0,0.0,0.0,0.0,1.0,0.0,0.0
106.687224,10.7779036,10346,0.0,1.0,0.0,0.0,0.0,0.0,0.0,1.0,0.0,0.0
106.6876301,10.7775394,10347,0.0,1.0,0.0,0.0,0.0,0.0,0.0,1.0,0.0,0.0
106.7908151,10.8603829,10348,0.0,1.0,0.0,0.0,0.0,0.0,0.0,1.0,0.0,0.0
106.6946573,10.7813556,10349,0.0,1.0,0.0,0.0,0.0,0.0,0.0,1.0,0.0,0.0
106.6946754,10.7816134,10350,0.0,1.0,0.0,0.0,0.0,0.0,0.0,1.0,0.0,0.0
106.6951955,10.7819371,10351,0.0,1.0,0.0,0.0,0.0,0.0,0.0,1.0,0.0,0.0
106.6901603,10.7773877,10352,0.0,1.0,0.0,0.0,0.0,0.0,0.0,1.0,0.0,0.0
106.6899814,10.7775472,10353,0.0,1.0,0.0,0.0,0.0,0.0,0.0,1.0,0.0,0.0
106.6912971,10.7797409,10354,0.0,1.0,0.0,0.0,0.0,0.0,0.0,1.0,0.0,0.0
106.6913552,10.7798021,10355,0.0,1.0,0.0,0.0,0.0,0.0,0.0,1.0,0.0,0.0
106.7119851,10.8090291,10356,0.0,1.0,0.0,0.0,0.0,0.0,0.0,1.0,0.0,0.0
106.7118193,10.8085985,10357,0.0,1.0,0.0,0.0,0.0,0.0,0.0,1.0,0.0,0.0
106.7116483,10.8080651,10358,0.0,1.0,0.0,0.0,0.0,0.0,0.0,1.0,0.0,0.0
106.7009702,10.7558499,10359,0.0,1.0,0.0,0.0,0.0,0.0,0.0,1.0,0.0,0.0
106.6460897,10.7650799,10360,0.0,1.0,0.0,0.0,0.0,0.0,0.0,1.0,0.0,0.0
106.6469919,10.7650399,10361,0.0,1.0,0.0,0.0,0.0,0.0,0.0,1.0,0.0,0.0
106.6468255,10.7651302,10362,0.0,1.0,0.0,0.0,0.0,0.0,0.0,1.0,0.0,0.0
106.6476679,10.7661016,10363,0.0,1.0,0.0,0.0,0.0,0.0,0.0,1.0,0.0,0.0
106.6474695,10.7659743,10364,0.0,1.0,0.0,0.0,0.0,0.0,0.0,1.0,0.0,0.0
106.6471175,10.7657485,10365,0.0,1.0,0.0,0.0,0.0,0.0,0.0,1.0,0.0,0.0
106.6458859,10.7655664,10366,0.0,1.0,0.0,0.0,0.0,0.0,0.0,1.0,0.0,0.0
106.657958,10.7595616,10367,0.0,1.0,0.0,0.0,0.0,0.0,0.0,1.0,0.0,0.0
106.6576963,10.7595046,10368,0.0,1.0,0.0,0.0,0.0,0.0,0.0,1.0,0.0,0.0
106.6575144,10.759465,10369,0.0,1.0,0.0,0.0,0.0,0.0,0.0,1.0,0.0,0.0
106.65707,10.7593683,10370,0.0,1.0,0.0,0.0,0.0,0.0,0.0,1.0,0.0,0.0
106.6567107,10.7592901,10371,0.0,1.0,0.0,0.0,0.0,0.0,0.0,1.0,0.0,0.0
106.6550472,10.7589281,10372,0.0,1.0,0.0,0.0,0.0,0.0,0.0,1.0,0.0,0.0
106.6544229,10.7587923,10373,0.0,1.0,0.0,0.0,0.0,0.0,0.0,1.0,0.0,0.0
106.6543549,10.7587759,10374,0.0,1.0,0.0,0.0,0.0,0.0,0.0,1.0,0.0,0.0
106.6534953,10.7585911,10375,0.0,1.0,0.0,0.0,0.0,0.0,0.0,1.0,0.0,0.0
106.653675,10.7568357,10376,0.0,1.0,0.0,0.0,0.0,0.0,0.0,1.0,0.0,0.0
106.6527817,10.7566441,10377,0.0,1.0,0.0,0.0,0.0,0.0,0.0,1.0,0.0,0.0
106.6524284,10.7565689,10378,0.0,1.0,0.0,0.0,0.0,0.0,0.0,1.0,0.0,0.0
106.6518545,10.7564726,10379,0.0,1.0,0.0,0.0,0.0,0.0,0.0,1.0,0.0,0.0
106.6514369,10.7563989,10380,0.0,1.0,0.0,0.0,0.0,0.0,0.0,1.0,0.0,0.0
106.6507301,10.7533959,10381,0.0,1.0,0.0,0.0,0.0,0.0,0.0,1.0,0.0,0.0
106.6511209,10.7566574,10382,0.0,1.0,0.0,0.0,0.0,0.0,0.0,1.0,0.0,0.0
106.6510842,10.756343,10383,0.0,1.0,0.0,0.0,0.0,0.0,0.0,1.0,0.0,0.0
106.6510563,10.7561038,10384,0.0,1.0,0.0,0.0,0.0,0.0,0.0,1.0,0.0,0.0
106.6509642,10.7553137,10385,0.0,1.0,0.0,0.0,0.0,0.0,0.0,1.0,0.0,0.0
106.6509499,10.7551906,10386,0.0,1.0,0.0,0.0,0.0,0.0,0.0,1.0,0.0,0.0
106.6509024,10.7547833,10387,0.0,1.0,0.0,0.0,0.0,0.0,0.0,1.0,0.0,0.0
106.6508617,10.7544346,10388,0.0,1.0,0.0,0.0,0.0,0.0,0.0,1.0,0.0,0.0
106.6507502,10.753478,10389,0.0,1.0,0.0,0.0,0.0,0.0,0.0,1.0,0.0,0.0
106.6513792,10.7588735,10390,0.0,1.0,0.0,0.0,0.0,0.0,0.0,1.0,0.0,0.0
106.6512917,10.7581227,10391,0.0,1.0,0.0,0.0,0.0,0.0,0.0,1.0,0.0,0.0
106.6513356,10.758499,10392,0.0,1.0,0.0,0.0,0.0,0.0,0.0,1.0,0.0,0.0
106.6514086,10.7591254,10393,0.0,1.0,0.0,0.0,0.0,0.0,0.0,1.0,0.0,0.0
106.6513758,10.7591706,10394,0.0,1.0,0.0,0.0,0.0,0.0,0.0,1.0,0.0,0.0
106.6508934,10.7589695,10395,0.0,1.0,0.0,0.0,0.0,0.0,0.0,1.0,0.0,0.0
106.651028,10.7683347,10396,0.0,1.0,0.0,0.0,0.0,0.0,0.0,1.0,0.0,0.0
106.6505801,10.7680236,10397,0.0,1.0,0.0,0.0,0.0,0.0,0.0,1.0,0.0,0.0
106.6512531,10.7684923,10398,0.0,1.0,0.0,0.0,0.0,0.0,0.0,1.0,0.0,0.0
106.6512461,10.762775,10399,0.0,1.0,0.0,0.0,0.0,0.0,0.0,1.0,0.0,0.0
106.6473616,10.7648394,10400,0.0,1.0,0.0,0.0,0.0,0.0,0.0,1.0,0.0,0.0
106.6449674,10.7643442,10401,0.0,1.0,0.0,0.0,0.0,0.0,0.0,1.0,0.0,0.0
106.6467912,10.7655391,10402,0.0,1.0,0.0,0.0,0.0,0.0,0.0,1.0,0.0,0.0
106.6466784,10.7654653,10403,0.0,1.0,0.0,0.0,0.0,0.0,0.0,1.0,0.0,0.0
106.6509387,10.7629323,10404,0.0,1.0,0.0,0.0,0.0,0.0,0.0,1.0,0.0,0.0
106.6503161,10.7632537,10405,0.0,1.0,0.0,0.0,0.0,0.0,0.0,1.0,0.0,0.0
106.6474528,10.7647921,10406,0.0,1.0,0.0,0.0,0.0,0.0,0.0,1.0,0.0,0.0
106.710014,10.7550302,10407,0.0,1.0,0.0,0.0,0.0,0.0,0.0,1.0,0.0,0.0
106.6983147,10.7771962,10408,0.0,1.0,0.0,0.0,0.0,0.0,0.0,1.0,0.0,0.0
106.6578872,10.7627552,10409,0.0,1.0,0.0,0.0,0.0,0.0,0.0,1.0,0.0,0.0
106.6577261,10.7626672,10410,0.0,1.0,0.0,0.0,0.0,0.0,0.0,1.0,0.0,0.0
106.6566348,10.76294,10411,0.0,1.0,0.0,0.0,0.0,0.0,0.0,1.0,0.0,0.0
106.6564947,10.763155,10412,0.0,1.0,0.0,0.0,0.0,0.0,0.0,1.0,0.0,0.0
106.6565711,10.7630378,10413,0.0,1.0,0.0,0.0,0.0,0.0,0.0,1.0,0.0,0.0
106.6550453,10.7651785,10414,0.0,1.0,0.0,0.0,0.0,0.0,0.0,1.0,0.0,0.0
106.6536933,10.764717,10415,0.0,1.0,0.0,0.0,0.0,0.0,0.0,1.0,0.0,0.0
106.6538208,10.7652406,10416,0.0,1.0,0.0,0.0,0.0,0.0,0.0,1.0,0.0,0.0
106.7743741,10.8493245,10417,0.0,1.0,0.0,0.0,0.0,0.0,0.0,1.0,0.0,0.0
106.7873546,10.8583544,10418,0.0,1.0,0.0,0.0,0.0,0.0,0.0,1.0,0.0,0.0
106.7960261,10.8629774,10419,0.0,1.0,0.0,0.0,0.0,0.0,0.0,1.0,0.0,0.0
106.7951428,10.8625899,10420,0.0,1.0,0.0,0.0,0.0,0.0,0.0,1.0,0.0,0.0
106.7950648,10.8625054,10421,0.0,1.0,0.0,0.0,0.0,0.0,0.0,1.0,0.0,0.0
106.7950119,10.862383,10422,0.0,1.0,0.0,0.0,0.0,0.0,0.0,1.0,0.0,0.0
106.7880235,10.8579183,10423,0.0,1.0,0.0,0.0,0.0,0.0,0.0,1.0,0.0,0.0
106.7883514,10.8581292,10424,0.0,1.0,0.0,0.0,0.0,0.0,0.0,1.0,0.0,0.0
106.7950504,10.8621921,10425,0.0,1.0,0.0,0.0,0.0,0.0,0.0,1.0,0.0,0.0
106.7876495,10.8577911,10426,0.0,1.0,0.0,0.0,0.0,0.0,0.0,1.0,0.0,0.0
106.788657,10.8583436,10427,0.0,1.0,0.0,0.0,0.0,0.0,0.0,1.0,0.0,0.0
106.7878674,10.8578264,10428,0.0,1.0,0.0,0.0,0.0,0.0,0.0,1.0,0.0,0.0
106.7876497,10.8577239,10429,0.0,1.0,0.0,0.0,0.0,0.0,0.0,1.0,0.0,0.0
106.7869139,10.8572978,10430,0.0,1.0,0.0,0.0,0.0,0.0,0.0,1.0,0.0,0.0
106.786396,10.856964,10431,0.0,1.0,0.0,0.0,0.0,0.0,0.0,1.0,0.0,0.0
106.7857177,10.8565322,10432,0.0,1.0,0.0,0.0,0.0,0.0,0.0,1.0,0.0,0.0
106.7851244,10.8561981,10433,0.0,1.0,0.0,0.0,0.0,0.0,0.0,1.0,0.0,0.0
106.7845665,10.855882,10434,0.0,1.0,0.0,0.0,0.0,0.0,0.0,1.0,0.0,0.0
106.7840307,10.8555776,10435,0.0,1.0,0.0,0.0,0.0,0.0,0.0,1.0,0.0,0.0
106.7831289,10.8550474,10436,0.0,1.0,0.0,0.0,0.0,0.0,0.0,1.0,0.0,0.0
106.7824231,10.8546154,10437,0.0,1.0,0.0,0.0,0.0,0.0,0.0,1.0,0.0,0.0
106.7811534,10.8538672,10438,0.0,1.0,0.0,0.0,0.0,0.0,0.0,1.0,0.0,0.0
106.7805456,10.8535059,10439,0.0,1.0,0.0,0.0,0.0,0.0,0.0,1.0,0.0,0.0
106.7797818,10.8530483,10440,0.0,1.0,0.0,0.0,0.0,0.0,0.0,1.0,0.0,0.0
106.77879,10.8524573,10441,0.0,1.0,0.0,0.0,0.0,0.0,0.0,1.0,0.0,0.0
106.7946474,10.8622534,10442,0.0,1.0,0.0,0.0,0.0,0.0,0.0,1.0,0.0,0.0
106.7930063,10.8612664,10443,0.0,1.0,0.0,0.0,0.0,0.0,0.0,1.0,0.0,0.0
106.7925779,10.8610151,10444,0.0,1.0,0.0,0.0,0.0,0.0,0.0,1.0,0.0,0.0
106.7912625,10.8602752,10445,0.0,1.0,0.0,0.0,0.0,0.0,0.0,1.0,0.0,0.0
106.7904915,10.8597842,10446,0.0,1.0,0.0,0.0,0.0,0.0,0.0,1.0,0.0,0.0
106.7881692,10.8583983,10447,0.0,1.0,0.0,0.0,0.0,0.0,0.0,1.0,0.0,0.0
106.7878367,10.8581937,10448,0.0,1.0,0.0,0.0,0.0,0.0,0.0,1.0,0.0,0.0
106.7877131,10.8581167,10449,0.0,1.0,0.0,0.0,0.0,0.0,0.0,1.0,0.0,0.0
106.7873207,10.8578934,10450,0.0,1.0,0.0,0.0,0.0,0.0,0.0,1.0,0.0,0.0
106.7867473,10.8575631,10451,0.0,1.0,0.0,0.0,0.0,0.0,0.0,1.0,0.0,0.0
106.7865142,10.8574204,10452,0.0,1.0,0.0,0.0,0.0,0.0,0.0,1.0,0.0,0.0
106.7796914,10.8533982,10453,0.0,1.0,0.0,0.0,0.0,0.0,0.0,1.0,0.0,0.0
106.7787855,10.8528557,10454,0.0,1.0,0.0,0.0,0.0,0.0,0.0,1.0,0.0,0.0
106.7780777,10.8524211,10455,0.0,1.0,0.0,0.0,0.0,0.0,0.0,1.0,0.0,0.0
106.7779599,10.8523546,10456,0.0,1.0,0.0,0.0,0.0,0.0,0.0,1.0,0.0,0.0
106.7747281,10.8501228,10457,0.0,1.0,0.0,0.0,0.0,0.0,0.0,1.0,0.0,0.0
106.7746266,10.8499906,10458,0.0,1.0,0.0,0.0,0.0,0.0,0.0,1.0,0.0,0.0
106.7784911,10.8525773,10459,0.0,1.0,0.0,0.0,0.0,0.0,0.0,1.0,0.0,0.0
106.7879109,10.8581759,10460,0.0,1.0,0.0,0.0,0.0,0.0,0.0,1.0,0.0,0.0
106.7864121,10.8568124,10461,0.0,1.0,0.0,0.0,0.0,0.0,0.0,1.0,0.0,0.0
106.7753669,10.8500296,10462,0.0,1.0,0.0,0.0,0.0,0.0,0.0,1.0,0.0,0.0
106.7748985,10.8495997,10463,0.0,1.0,0.0,0.0,0.0,0.0,0.0,1.0,0.0,0.0
106.7739597,10.8504219,10464,0.0,1.0,0.0,0.0,0.0,0.0,0.0,1.0,0.0,0.0
106.7008216,10.7450538,10465,0.0,1.0,0.0,0.0,0.0,0.0,0.0,1.0,0.0,0.0
106.702184,10.7517668,10466,0.0,1.0,0.0,0.0,0.0,0.0,0.0,1.0,0.0,0.0
106.6997533,10.751727,10467,0.0,1.0,0.0,0.0,0.0,0.0,0.0,1.0,0.0,0.0
106.6625828,10.7595414,10468,0.0,1.0,0.0,0.0,0.0,0.0,0.0,1.0,0.0,0.0
106.6623843,10.7605205,10469,0.0,1.0,0.0,0.0,0.0,0.0,0.0,1.0,0.0,0.0
106.6623333,10.7607717,10470,0.0,1.0,0.0,0.0,0.0,0.0,0.0,1.0,0.0,0.0
106.6621952,10.761443,10471,0.0,1.0,0.0,0.0,0.0,0.0,0.0,1.0,0.0,0.0
106.6621344,10.7617532,10472,0.0,1.0,0.0,0.0,0.0,0.0,0.0,1.0,0.0,0.0
106.6621278,10.7617855,10473,0.0,1.0,0.0,0.0,0.0,0.0,0.0,1.0,0.0,0.0
106.662089,10.7619771,10474,0.0,1.0,0.0,0.0,0.0,0.0,0.0,1.0,0.0,0.0
106.6620462,10.7621881,10475,0.0,1.0,0.0,0.0,0.0,0.0,0.0,1.0,0.0,0.0
106.6620086,10.7623735,10476,0.0,1.0,0.0,0.0,0.0,0.0,0.0,1.0,0.0,0.0
106.6619592,10.7626174,10477,0.0,1.0,0.0,0.0,0.0,0.0,0.0,1.0,0.0,0.0
106.6619497,10.7626644,10478,0.0,1.0,0.0,0.0,0.0,0.0,0.0,1.0,0.0,0.0
106.6619082,10.7628686,10479,0.0,1.0,0.0,0.0,0.0,0.0,0.0,1.0,0.0,0.0
106.6619143,10.7628385,10480,0.0,1.0,0.0,0.0,0.0,0.0,0.0,1.0,0.0,0.0
106.6618747,10.763034,10481,0.0,1.0,0.0,0.0,0.0,0.0,0.0,1.0,0.0,0.0
106.6618701,10.7630569,10482,0.0,1.0,0.0,0.0,0.0,0.0,0.0,1.0,0.0,0.0
106.6618261,10.763274,10483,0.0,1.0,0.0,0.0,0.0,0.0,0.0,1.0,0.0,0.0
106.6617747,10.7635272,10484,0.0,1.0,0.0,0.0,0.0,0.0,0.0,1.0,0.0,0.0
106.6617334,10.7637313,10485,0.0,1.0,0.0,0.0,0.0,0.0,0.0,1.0,0.0,0.0
106.6616914,10.7639381,10486,0.0,1.0,0.0,0.0,0.0,0.0,0.0,1.0,0.0,0.0
106.6616522,10.7641317,10487,0.0,1.0,0.0,0.0,0.0,0.0,0.0,1.0,0.0,0.0
106.6616451,10.7641668,10488,0.0,1.0,0.0,0.0,0.0,0.0,0.0,0.0,0.0,0.0
106.6616043,10.7643679,10489,0.0,1.0,0.0,0.0,0.0,0.0,0.0,1.0,0.0,0.0
106.6615305,10.7646858,10490,0.0,1.0,0.0,0.0,0.0,0.0,0.0,1.0,0.0,0.0
106.6611284,10.7645086,10491,0.0,1.0,0.0,0.0,0.0,0.0,0.0,1.0,0.0,0.0
106.6608763,10.7643743,10492,0.0,1.0,0.0,0.0,0.0,0.0,0.0,1.0,0.0,0.0
106.6589987,10.7633618,10493,0.0,1.0,0.0,0.0,0.0,0.0,0.0,1.0,0.0,0.0
106.6030891,10.8613263,10494,0.0,1.0,0.0,0.0,0.0,0.0,0.0,1.0,0.0,0.0
106.6563423,10.7878827,10495,0.0,1.0,0.0,0.0,0.0,0.0,0.0,1.0,0.0,0.0
106.6561733,10.7878024,10496,0.0,1.0,0.0,0.0,0.0,0.0,0.0,1.0,0.0,0.0
106.6561264,10.7877826,10497,0.0,1.0,0.0,0.0,0.0,0.0,0.0,1.0,0.0,0.0
106.7715728,10.8453128,10498,0.0,1.0,0.0,0.0,0.0,0.0,0.0,1.0,0.0,0.0
106.7720581,10.8460989,10499,0.0,1.0,0.0,0.0,0.0,0.0,0.0,1.0,0.0,0.0
106.6644187,10.7743403,10500,0.0,1.0,0.0,0.0,0.0,0.0,0.0,1.0,0.0,0.0
106.6648097,10.7733936,10501,0.0,1.0,0.0,0.0,0.0,0.0,0.0,1.0,0.0,0.0
106.6651369,10.7724864,10502,0.0,1.0,0.0,0.0,0.0,0.0,0.0,1.0,0.0,0.0
106.6651748,10.7723902,10503,0.0,1.0,0.0,0.0,0.0,0.0,0.0,1.0,0.0,0.0
106.6652711,10.7721412,10504,0.0,1.0,0.0,0.0,0.0,0.0,0.0,1.0,0.0,0.0
106.6653892,10.7718361,10505,0.0,1.0,0.0,0.0,0.0,0.0,0.0,1.0,0.0,0.0
106.6654036,10.7718021,10506,0.0,1.0,0.0,0.0,0.0,0.0,0.0,1.0,0.0,0.0
106.6661869,10.7697668,10507,0.0,1.0,0.0,0.0,0.0,0.0,0.0,1.0,0.0,0.0
106.666339,10.7693743,10508,0.0,1.0,0.0,0.0,0.0,0.0,0.0,1.0,0.0,0.0
106.6664924,10.7690723,10509,0.0,1.0,0.0,0.0,0.0,0.0,0.0,1.0,0.0,0.0
106.6667353,10.7685469,10510,0.0,1.0,0.0,0.0,0.0,0.0,0.0,1.0,0.0,0.0
106.6668869,10.7682139,10511,0.0,1.0,0.0,0.0,0.0,0.0,0.0,1.0,0.0,0.0
106.666908,10.7681721,10512,0.0,1.0,0.0,0.0,0.0,0.0,0.0,1.0,0.0,0.0
106.6949433,10.8028177,10513,0.0,1.0,0.0,0.0,0.0,0.0,0.0,1.0,0.0,0.0
106.6949435,10.8028732,10514,0.0,1.0,0.0,0.0,0.0,0.0,0.0,1.0,0.0,0.0
106.6782955,10.7810637,10515,0.0,1.0,0.0,0.0,0.0,0.0,0.0,1.0,0.0,0.0
106.678744,10.7808242,10516,0.0,1.0,0.0,0.0,0.0,0.0,0.0,1.0,0.0,0.0
106.6792239,10.7805493,10517,0.0,1.0,0.0,0.0,0.0,0.0,0.0,1.0,0.0,0.0
106.6794907,10.7803887,10518,0.0,1.0,0.0,0.0,0.0,0.0,0.0,1.0,0.0,0.0
106.6345371,10.7694983,10519,0.0,1.0,0.0,0.0,0.0,0.0,0.0,1.0,0.0,0.0
106.6344804,10.7694996,10520,0.0,1.0,0.0,0.0,0.0,0.0,0.0,1.0,0.0,0.0
106.6834083,10.8044643,10521,0.0,1.0,0.0,0.0,0.0,0.0,0.0,1.0,0.0,0.0
106.6828971,10.8048539,10522,0.0,1.0,0.0,0.0,0.0,0.0,0.0,1.0,0.0,0.0
106.6803875,10.7682451,10523,0.0,1.0,0.0,0.0,0.0,0.0,0.0,1.0,0.0,0.0
106.6943332,10.7667805,10524,0.0,1.0,0.0,0.0,0.0,0.0,0.0,1.0,0.0,0.0
106.7054307,10.8433563,10525,0.0,1.0,0.0,0.0,0.0,0.0,0.0,1.0,0.0,0.0
106.7225355,10.829184,10526,0.0,1.0,0.0,0.0,0.0,0.0,0.0,1.0,0.0,0.0
106.7226177,10.8290287,10527,0.0,1.0,0.0,0.0,0.0,0.0,0.0,1.0,0.0,0.0
106.7017889,10.822811,10528,0.0,1.0,0.0,0.0,0.0,0.0,0.0,1.0,0.0,0.0
106.7093751,10.8072998,10529,0.0,1.0,0.0,0.0,0.0,0.0,0.0,1.0,0.0,0.0
106.7116333,10.8169001,10530,0.0,1.0,0.0,0.0,0.0,0.0,0.0,1.0,0.0,0.0
106.7124108,10.8112087,10531,0.0,1.0,0.0,0.0,0.0,0.0,0.0,1.0,0.0,0.0
106.6679394,10.7637681,10532,0.0,1.0,0.0,0.0,0.0,0.0,0.0,1.0,0.0,0.0
106.6664058,10.7560028,10533,0.0,1.0,0.0,0.0,0.0,0.0,0.0,1.0,0.0,0.0
106.6662376,10.7562131,10534,0.0,1.0,0.0,0.0,0.0,0.0,0.0,1.0,0.0,0.0
106.6662585,10.7563461,10535,0.0,1.0,0.0,0.0,0.0,0.0,0.0,1.0,0.0,0.0
106.6655719,10.7592538,10536,0.0,1.0,0.0,0.0,0.0,0.0,0.0,1.0,0.0,0.0
106.6654976,10.7596608,10537,0.0,1.0,0.0,0.0,0.0,0.0,0.0,1.0,0.0,0.0
106.6653758,10.7601754,10538,0.0,1.0,0.0,0.0,0.0,0.0,0.0,1.0,0.0,0.0
106.6652837,10.7604946,10539,0.0,1.0,0.0,0.0,0.0,0.0,0.0,1.0,0.0,0.0
106.6652111,10.7608248,10540,0.0,1.0,0.0,0.0,0.0,0.0,0.0,1.0,0.0,0.0
106.6651493,10.7610961,10541,0.0,1.0,0.0,0.0,0.0,0.0,0.0,1.0,0.0,0.0
106.6650929,10.7613478,10542,0.0,1.0,0.0,0.0,0.0,0.0,0.0,1.0,0.0,0.0
106.6650304,10.7616152,10543,0.0,1.0,0.0,0.0,0.0,0.0,0.0,1.0,0.0,0.0
106.6650152,10.7616926,10544,0.0,1.0,0.0,0.0,0.0,0.0,0.0,1.0,0.0,0.0
106.6649796,10.7618626,10545,0.0,1.0,0.0,0.0,0.0,0.0,0.0,1.0,0.0,0.0
106.6649201,10.7621116,10546,0.0,1.0,0.0,0.0,0.0,0.0,0.0,1.0,0.0,0.0
106.6648765,10.7623063,10547,0.0,1.0,0.0,0.0,0.0,0.0,0.0,1.0,0.0,0.0
106.6648609,10.7623784,10548,0.0,1.0,0.0,0.0,0.0,0.0,0.0,1.0,0.0,0.0
106.6648291,10.7625798,10549,0.0,1.0,0.0,0.0,0.0,0.0,0.0,1.0,0.0,0.0
106.6648068,10.7626556,10550,0.0,1.0,0.0,0.0,0.0,0.0,0.0,1.0,0.0,0.0
106.6647214,10.7630156,10551,0.0,1.0,0.0,0.0,0.0,0.0,0.0,1.0,0.0,0.0
106.6646689,10.7632455,10552,0.0,1.0,0.0,0.0,0.0,0.0,0.0,1.0,0.0,0.0
106.6646282,10.7634121,10553,0.0,1.0,0.0,0.0,0.0,0.0,0.0,1.0,0.0,0.0
106.6645842,10.7636221,10554,0.0,1.0,0.0,0.0,0.0,0.0,0.0,1.0,0.0,0.0
106.6645314,10.7638522,10555,0.0,1.0,0.0,0.0,0.0,0.0,0.0,1.0,0.0,0.0
106.6644769,10.7640771,10556,0.0,1.0,0.0,0.0,0.0,0.0,0.0,1.0,0.0,0.0
106.6644508,10.7642038,10557,0.0,1.0,0.0,0.0,0.0,0.0,0.0,1.0,0.0,0.0
106.6644204,10.7643354,10558,0.0,1.0,0.0,0.0,0.0,0.0,0.0,1.0,0.0,0.0
106.6643922,10.764466,10559,0.0,1.0,0.0,0.0,0.0,0.0,0.0,1.0,0.0,0.0
106.6643593,10.7646124,10560,0.0,1.0,0.0,0.0,0.0,0.0,0.0,1.0,0.0,0.0
106.6642922,10.764909,10561,0.0,1.0,0.0,0.0,0.0,0.0,0.0,1.0,0.0,0.0
106.6642136,10.7652238,10562,0.0,1.0,0.0,0.0,0.0,0.0,0.0,1.0,0.0,0.0
106.6641891,10.7653456,10563,0.0,1.0,0.0,0.0,0.0,0.0,0.0,1.0,0.0,0.0
106.6641465,10.7655111,10564,0.0,1.0,0.0,0.0,0.0,0.0,0.0,1.0,0.0,0.0
106.6641341,10.7655561,10565,0.0,1.0,0.0,0.0,0.0,0.0,0.0,1.0,0.0,0.0
106.664104,10.7656858,10566,0.0,1.0,0.0,0.0,0.0,0.0,0.0,1.0,0.0,0.0
106.6640385,10.7659563,10567,0.0,1.0,0.0,0.0,0.0,0.0,0.0,1.0,0.0,0.0
106.6768524,10.7624926,10568,0.0,1.0,0.0,0.0,0.0,0.0,0.0,1.0,0.0,0.0
106.6773651,10.7628209,10569,0.0,1.0,0.0,0.0,0.0,0.0,0.0,1.0,0.0,0.0
106.6774116,10.7628533,10570,0.0,1.0,0.0,0.0,0.0,0.0,0.0,1.0,0.0,0.0
106.6777947,10.7630954,10571,0.0,1.0,0.0,0.0,0.0,0.0,0.0,1.0,0.0,0.0
106.6782075,10.7633594,10572,0.0,1.0,0.0,0.0,0.0,0.0,0.0,1.0,0.0,0.0
106.678648,10.763637,10573,0.0,1.0,0.0,0.0,0.0,0.0,0.0,1.0,0.0,0.0
106.701735,10.7452598,10574,0.0,1.0,0.0,0.0,0.0,0.0,0.0,1.0,0.0,0.0
106.702546,10.7452314,10575,0.0,1.0,0.0,0.0,0.0,0.0,0.0,1.0,0.0,0.0
106.7041758,10.7437178,10576,0.0,1.0,0.0,0.0,0.0,0.0,0.0,1.0,0.0,0.0
106.6984488,10.7450617,10577,0.0,1.0,0.0,0.0,0.0,0.0,0.0,1.0,0.0,0.0
106.6998169,10.7450581,10578,0.0,1.0,0.0,0.0,0.0,0.0,0.0,1.0,0.0,0.0
106.6987117,10.7450599,10579,0.0,1.0,0.0,0.0,0.0,0.0,0.0,1.0,0.0,0.0
106.6995031,10.7450575,10580,0.0,1.0,0.0,0.0,0.0,0.0,0.0,1.0,0.0,0.0
106.7038485,10.7415601,10581,0.0,1.0,0.0,0.0,0.0,0.0,0.0,1.0,0.0,0.0
106.6818625,10.7651892,10582,0.0,1.0,0.0,0.0,0.0,0.0,0.0,1.0,0.0,0.0
106.682207,10.7642329,10583,0.0,1.0,0.0,0.0,0.0,0.0,0.0,1.0,0.0,0.0
106.6819937,10.7648023,10584,0.0,1.0,0.0,0.0,0.0,0.0,0.0,1.0,0.0,0.0
106.7101482,10.7458098,10585,0.0,1.0,0.0,0.0,0.0,0.0,0.0,1.0,0.0,0.0
106.7100056,10.7415477,10586,0.0,1.0,0.0,0.0,0.0,0.0,0.0,1.0,0.0,0.0
106.6902673,10.7639667,10587,0.0,1.0,0.0,0.0,0.0,0.0,0.0,1.0,0.0,0.0
106.6894766,10.763657,10588,0.0,1.0,0.0,0.0,0.0,0.0,0.0,1.0,0.0,0.0
106.6897055,10.7658902,10589,0.0,1.0,0.0,0.0,0.0,0.0,0.0,1.0,0.0,0.0
106.6909928,10.7642839,10590,0.0,1.0,0.0,0.0,0.0,0.0,0.0,1.0,0.0,0.0
106.6906383,10.7645282,10591,0.0,1.0,0.0,0.0,0.0,0.0,0.0,1.0,0.0,0.0
106.6901387,10.7652815,10592,0.0,1.0,0.0,0.0,0.0,0.0,0.0,1.0,0.0,0.0
106.6901175,10.7653128,10593,0.0,1.0,0.0,0.0,0.0,0.0,0.0,1.0,0.0,0.0
106.6920171,10.7639773,10594,0.0,1.0,0.0,0.0,0.0,0.0,0.0,1.0,0.0,0.0
106.6921623,10.7641415,10595,0.0,1.0,0.0,0.0,0.0,0.0,0.0,1.0,0.0,0.0
106.6928145,10.7652578,10596,0.0,1.0,0.0,0.0,0.0,0.0,0.0,1.0,0.0,0.0
106.6928118,10.7652539,10597,0.0,1.0,0.0,0.0,0.0,0.0,0.0,1.0,0.0,0.0
106.6921459,10.7646953,10598,0.0,1.0,0.0,0.0,0.0,0.0,0.0,1.0,0.0,0.0
106.6922332,10.7645963,10599,0.0,1.0,0.0,0.0,0.0,0.0,0.0,1.0,0.0,0.0
106.6923422,10.7645091,10600,0.0,1.0,0.0,0.0,0.0,0.0,0.0,1.0,0.0,0.0
106.7000798,10.7356106,10601,0.0,1.0,0.0,0.0,0.0,0.0,0.0,1.0,0.0,0.0
106.7036887,10.7406547,10602,0.0,1.0,0.0,0.0,0.0,0.0,0.0,1.0,0.0,0.0
106.7040988,10.7398749,10603,0.0,1.0,0.0,0.0,0.0,0.0,0.0,1.0,0.0,0.0
106.7007052,10.7393996,10604,0.0,1.0,0.0,0.0,0.0,0.0,0.0,1.0,0.0,0.0
106.7007928,10.7399159,10605,0.0,1.0,0.0,0.0,0.0,0.0,0.0,1.0,0.0,0.0
106.7005177,10.7404064,10606,0.0,1.0,0.0,0.0,0.0,0.0,0.0,1.0,0.0,0.0
106.7006692,10.7391877,10607,0.0,1.0,0.0,0.0,0.0,0.0,0.0,1.0,0.0,0.0
106.6927606,10.8199756,10608,0.0,1.0,0.0,0.0,0.0,0.0,0.0,1.0,0.0,0.0
106.6935997,10.8206389,10609,0.0,1.0,0.0,0.0,0.0,0.0,0.0,1.0,0.0,0.0
106.6935625,10.8216397,10610,0.0,1.0,0.0,0.0,0.0,0.0,0.0,1.0,0.0,0.0
106.6898653,10.8200396,10611,0.0,1.0,0.0,0.0,0.0,0.0,0.0,1.0,0.0,0.0
106.6897624,10.8201864,10612,0.0,1.0,0.0,0.0,0.0,0.0,0.0,1.0,0.0,0.0
106.6867335,10.8184074,10613,0.0,1.0,0.0,0.0,0.0,0.0,0.0,1.0,0.0,0.0
106.6878654,10.8189127,10614,0.0,1.0,0.0,0.0,0.0,0.0,0.0,1.0,0.0,0.0
106.689146,10.8193968,10615,0.0,1.0,0.0,0.0,0.0,0.0,0.0,1.0,0.0,0.0
106.6895711,10.8203883,10616,0.0,1.0,0.0,0.0,0.0,0.0,0.0,1.0,0.0,0.0
106.6894367,10.820498,10617,0.0,1.0,0.0,0.0,0.0,0.0,0.0,1.0,0.0,0.0
106.686461,10.8178387,10618,0.0,1.0,0.0,0.0,0.0,0.0,0.0,1.0,0.0,0.0
106.6872555,10.8182081,10619,0.0,1.0,0.0,0.0,0.0,0.0,0.0,1.0,0.0,0.0
106.6886939,10.816807,10620,0.0,1.0,0.0,0.0,0.0,0.0,0.0,1.0,0.0,0.0
106.68322,10.8200046,10621,0.0,1.0,0.0,0.0,0.0,0.0,0.0,1.0,0.0,0.0
106.6787515,10.8184608,10622,0.0,1.0,0.0,0.0,0.0,0.0,0.0,1.0,0.0,0.0
106.7313895,10.7383028,10623,0.0,1.0,0.0,0.0,0.0,0.0,0.0,1.0,0.0,0.0
106.73585,10.7402847,10624,0.0,1.0,0.0,0.0,0.0,0.0,0.0,1.0,0.0,0.0
106.7461005,10.6764671,10625,0.0,1.0,0.0,0.0,0.0,0.0,0.0,1.0,0.0,0.0
106.6816359,10.823744,10626,0.0,1.0,0.0,0.0,0.0,0.0,0.0,1.0,0.0,0.0
106.6814736,10.8240249,10627,0.0,1.0,0.0,0.0,0.0,0.0,0.0,1.0,0.0,0.0
106.6790281,10.8237119,10628,0.0,1.0,0.0,0.0,0.0,0.0,0.0,1.0,0.0,0.0
106.6789285,10.8231231,10629,0.0,1.0,0.0,0.0,0.0,0.0,0.0,1.0,0.0,0.0
106.6788659,10.8225185,10630,0.0,1.0,0.0,0.0,0.0,0.0,0.0,1.0,0.0,0.0
106.6788278,10.8213933,10631,0.0,1.0,0.0,0.0,0.0,0.0,0.0,1.0,0.0,0.0
106.6787291,10.8173312,10632,0.0,1.0,0.0,0.0,0.0,0.0,0.0,1.0,0.0,0.0
106.6794362,10.8150353,10633,0.0,1.0,0.0,0.0,0.0,0.0,0.0,1.0,0.0,0.0
106.6802179,10.8148226,10634,0.0,1.0,0.0,0.0,0.0,0.0,0.0,1.0,0.0,0.0
106.680541,10.8164785,10635,0.0,1.0,0.0,0.0,0.0,0.0,0.0,1.0,0.0,0.0
106.6815295,10.8176862,10636,0.0,1.0,0.0,0.0,0.0,0.0,0.0,1.0,0.0,0.0
106.6832542,10.8164389,10637,0.0,1.0,0.0,0.0,0.0,0.0,0.0,1.0,0.0,0.0
106.6823391,10.8187257,10638,0.0,1.0,0.0,0.0,0.0,0.0,0.0,1.0,0.0,0.0
106.6791112,10.813808,10639,0.0,1.0,0.0,0.0,0.0,0.0,0.0,1.0,0.0,0.0
106.6805116,10.8145227,10640,0.0,1.0,0.0,0.0,0.0,0.0,0.0,1.0,0.0,0.0
106.6446845,10.7624914,10641,0.0,1.0,0.0,0.0,0.0,0.0,0.0,1.0,0.0,0.0
106.6446172,10.7626846,10642,0.0,1.0,0.0,0.0,0.0,0.0,0.0,1.0,0.0,0.0
106.6443588,10.7606572,10643,0.0,1.0,0.0,0.0,0.0,0.0,0.0,1.0,0.0,0.0
106.7000037,10.7324712,10644,0.0,1.0,0.0,0.0,0.0,0.0,0.0,1.0,0.0,0.0
106.7115662,10.7336611,10645,0.0,1.0,0.0,0.0,0.0,0.0,0.0,1.0,0.0,0.0
106.7115572,10.7332933,10646,0.0,1.0,0.0,0.0,0.0,0.0,0.0,1.0,0.0,0.0
106.6570256,10.7619571,10647,0.0,1.0,0.0,0.0,0.0,0.0,0.0,1.0,0.0,0.0
106.6570028,10.7620243,10648,0.0,1.0,0.0,0.0,0.0,0.0,0.0,1.0,0.0,0.0
106.6569571,10.7621361,10649,0.0,1.0,0.0,0.0,0.0,0.0,0.0,1.0,0.0,0.0
106.6571201,10.7620991,10650,0.0,1.0,0.0,0.0,0.0,0.0,0.0,1.0,0.0,0.0
106.6574825,10.762425,10651,0.0,1.0,0.0,0.0,0.0,0.0,0.0,1.0,0.0,0.0
106.6578551,10.7610655,10652,0.0,1.0,0.0,0.0,0.0,0.0,0.0,1.0,0.0,0.0
106.6576393,10.7613687,10653,0.0,1.0,0.0,0.0,0.0,0.0,0.0,1.0,0.0,0.0
106.6539145,10.762468,10654,0.0,1.0,0.0,0.0,0.0,0.0,0.0,1.0,0.0,0.0
106.6567535,10.7621391,10655,0.0,1.0,0.0,0.0,0.0,0.0,0.0,1.0,0.0,0.0
106.6545324,10.7623992,10656,0.0,1.0,0.0,0.0,0.0,0.0,0.0,1.0,0.0,0.0
106.6571073,10.7622198,10657,0.0,1.0,0.0,0.0,0.0,0.0,0.0,1.0,0.0,0.0
106.6570222,10.7621704,10658,0.0,1.0,0.0,0.0,0.0,0.0,0.0,1.0,0.0,0.0
106.6568525,10.7620808,10659,0.0,1.0,0.0,0.0,0.0,0.0,0.0,1.0,0.0,0.0
106.7210615,10.7300431,10660,0.0,1.0,0.0,0.0,0.0,0.0,0.0,1.0,0.0,0.0
106.7210257,10.7300963,10661,0.0,1.0,0.0,0.0,0.0,0.0,0.0,1.0,0.0,0.0
106.6616816,10.7603683,10662,0.0,1.0,0.0,0.0,0.0,0.0,0.0,1.0,0.0,0.0
106.6608545,10.7605388,10663,0.0,1.0,0.0,0.0,0.0,0.0,0.0,1.0,0.0,0.0
106.6582546,10.7604972,10664,0.0,1.0,0.0,0.0,0.0,0.0,0.0,1.0,0.0,0.0
106.6617195,10.7603765,10665,0.0,1.0,0.0,0.0,0.0,0.0,0.0,1.0,0.0,0.0
106.6622971,10.7609505,10666,0.0,1.0,0.0,0.0,0.0,0.0,0.0,1.0,0.0,0.0
106.7203264,10.7310052,10667,0.0,1.0,0.0,0.0,0.0,0.0,0.0,1.0,0.0,0.0
106.7204291,10.7311062,10668,0.0,1.0,0.0,0.0,0.0,0.0,0.0,0.0,1.0,0.0
106.7298359,10.729912,10669,0.0,1.0,0.0,0.0,0.0,0.0,0.0,1.0,0.0,0.0
106.6748082,10.7611175,10670,0.0,1.0,0.0,0.0,0.0,0.0,0.0,1.0,0.0,0.0
106.6731454,10.7607162,10671,0.0,1.0,0.0,0.0,0.0,0.0,0.0,1.0,0.0,0.0
106.6720217,10.760491,10672,0.0,1.0,0.0,0.0,0.0,0.0,0.0,1.0,0.0,0.0
106.671738,10.7604287,10673,0.0,1.0,0.0,0.0,0.0,0.0,0.0,1.0,0.0,0.0
106.6715164,10.7603876,10674,0.0,1.0,0.0,0.0,0.0,0.0,0.0,1.0,0.0,0.0
106.6710793,10.7603014,10675,0.0,1.0,0.0,0.0,0.0,0.0,0.0,1.0,0.0,0.0
106.6701006,10.7601019,10676,0.0,1.0,0.0,0.0,0.0,0.0,0.0,1.0,0.0,0.0
106.6699369,10.7600659,10677,0.0,1.0,0.0,0.0,0.0,0.0,0.0,1.0,0.0,0.0
106.6690397,10.7598929,10678,0.0,1.0,0.0,0.0,0.0,0.0,0.0,1.0,0.0,0.0
106.6688505,10.7596995,10679,0.0,1.0,0.0,0.0,0.0,0.0,0.0,1.0,0.0,0.0
106.665876,10.7593281,10680,0.0,1.0,0.0,0.0,0.0,0.0,0.0,1.0,0.0,0.0
106.6660408,10.7593564,10681,0.0,1.0,0.0,0.0,0.0,0.0,0.0,1.0,0.0,0.0
106.6669516,10.7595294,10682,0.0,1.0,0.0,0.0,0.0,0.0,0.0,1.0,0.0,0.0
106.6672393,10.7595832,10683,0.0,1.0,0.0,0.0,0.0,0.0,0.0,1.0,0.0,0.0
106.6679312,10.7597326,10684,0.0,1.0,0.0,0.0,0.0,0.0,0.0,1.0,0.0,0.0
106.6687183,10.7598674,10685,0.0,1.0,0.0,0.0,0.0,0.0,0.0,1.0,0.0,0.0
106.6653978,10.760106,10686,0.0,1.0,0.0,0.0,0.0,0.0,0.0,1.0,0.0,0.0
106.7185353,10.7295828,10687,0.0,1.0,0.0,0.0,0.0,0.0,0.0,1.0,0.0,0.0
106.7236852,10.7270427,10688,0.0,1.0,0.0,0.0,0.0,0.0,0.0,1.0,0.0,0.0
106.6838354,10.8207975,10689,0.0,1.0,0.0,0.0,0.0,0.0,0.0,1.0,0.0,0.0
106.6827395,10.8217725,10690,0.0,1.0,0.0,0.0,0.0,0.0,0.0,1.0,0.0,0.0
106.6828383,10.8215958,10691,0.0,1.0,0.0,0.0,0.0,0.0,0.0,1.0,0.0,0.0
106.6852991,10.8226936,10692,0.0,1.0,0.0,0.0,0.0,0.0,0.0,1.0,0.0,0.0
106.6849051,10.822196,10693,0.0,1.0,0.0,0.0,0.0,0.0,0.0,1.0,0.0,0.0
106.6848201,10.8220843,10694,0.0,1.0,0.0,0.0,0.0,0.0,0.0,1.0,0.0,0.0
106.683148,10.819754,10695,0.0,1.0,0.0,0.0,0.0,0.0,0.0,1.0,0.0,0.0
106.6855756,10.8178215,10696,0.0,1.0,0.0,0.0,0.0,0.0,0.0,1.0,0.0,0.0
106.6897497,10.8259011,10697,0.0,1.0,0.0,0.0,0.0,0.0,0.0,1.0,0.0,0.0
106.6877179,10.8232812,10698,0.0,1.0,0.0,0.0,0.0,0.0,0.0,1.0,0.0,0.0
106.687931,10.8230622,10699,0.0,1.0,0.0,0.0,0.0,0.0,0.0,1.0,0.0,0.0
106.6878254,10.8231852,10700,0.0,1.0,0.0,0.0,0.0,0.0,0.0,1.0,0.0,0.0
106.6887972,10.8214371,10701,0.0,1.0,0.0,0.0,0.0,0.0,0.0,1.0,0.0,0.0
106.672027,10.7605833,10702,0.0,1.0,0.0,0.0,0.0,0.0,0.0,1.0,0.0,0.0
106.6714869,10.760464,10703,0.0,1.0,0.0,0.0,0.0,0.0,0.0,1.0,0.0,0.0
106.6710623,10.760382,10704,0.0,1.0,0.0,0.0,0.0,0.0,0.0,1.0,0.0,0.0
106.6699302,10.7601568,10705,0.0,1.0,0.0,0.0,0.0,0.0,0.0,1.0,0.0,0.0
106.6727534,10.7607311,10706,0.0,1.0,0.0,0.0,0.0,0.0,0.0,1.0,0.0,0.0
106.6719514,10.7605678,10707,0.0,1.0,0.0,0.0,0.0,0.0,0.0,1.0,0.0,0.0
106.6712916,10.7604281,10708,0.0,1.0,0.0,0.0,0.0,0.0,0.0,1.0,0.0,0.0
106.6704266,10.7602568,10709,0.0,1.0,0.0,0.0,0.0,0.0,0.0,1.0,0.0,0.0
106.6696112,10.7600829,10710,0.0,1.0,0.0,0.0,0.0,0.0,0.0,1.0,0.0,0.0
106.6731253,10.760806,10711,0.0,1.0,0.0,0.0,0.0,0.0,0.0,1.0,0.0,0.0
106.6755839,10.7587048,10712,0.0,1.0,0.0,0.0,0.0,0.0,0.0,1.0,0.0,0.0
106.6755174,10.7590354,10713,0.0,1.0,0.0,0.0,0.0,0.0,0.0,1.0,0.0,0.0
106.6755484,10.7588771,10714,0.0,1.0,0.0,0.0,0.0,0.0,0.0,1.0,0.0,0.0
106.6753144,10.7600096,10715,0.0,1.0,0.0,0.0,0.0,0.0,0.0,1.0,0.0,0.0
106.6750833,10.7610875,10716,0.0,1.0,0.0,0.0,0.0,0.0,0.0,1.0,0.0,0.0
106.6750436,10.7613027,10717,0.0,1.0,0.0,0.0,0.0,0.0,0.0,1.0,0.0,0.0
106.6748176,10.7624231,10718,0.0,1.0,0.0,0.0,0.0,0.0,0.0,1.0,0.0,0.0
106.6749093,10.7619962,10719,0.0,1.0,0.0,0.0,0.0,0.0,0.0,1.0,0.0,0.0
106.6746392,10.7632459,10720,0.0,1.0,0.0,0.0,0.0,0.0,0.0,1.0,0.0,0.0
106.6743844,10.7644396,10721,0.0,1.0,0.0,0.0,0.0,0.0,0.0,1.0,0.0,0.0
106.6743737,10.7644508,10722,0.0,1.0,0.0,0.0,0.0,0.0,0.0,1.0,0.0,0.0
106.6731378,10.7607511,10723,0.0,1.0,0.0,0.0,0.0,0.0,0.0,1.0,0.0,0.0
106.6730601,10.761045,10724,0.0,1.0,0.0,0.0,0.0,0.0,0.0,1.0,0.0,0.0
106.673021,10.7612054,10725,0.0,1.0,0.0,0.0,0.0,0.0,0.0,1.0,0.0,0.0
106.672996,10.7613099,10726,0.0,1.0,0.0,0.0,0.0,0.0,0.0,1.0,0.0,0.0
106.6729319,10.761575,10727,0.0,1.0,0.0,0.0,0.0,0.0,0.0,1.0,0.0,0.0
106.6726536,10.7628125,10728,0.0,1.0,0.0,0.0,0.0,0.0,0.0,1.0,0.0,0.0
106.6725291,10.7633633,10729,0.0,1.0,0.0,0.0,0.0,0.0,0.0,1.0,0.0,0.0
106.6724433,10.7637561,10730,0.0,1.0,0.0,0.0,0.0,0.0,0.0,1.0,0.0,0.0
106.6724132,10.7639045,10731,0.0,1.0,0.0,0.0,0.0,0.0,0.0,1.0,0.0,0.0
106.6185044,10.7413887,10732,0.0,1.0,0.0,0.0,0.0,0.0,0.0,1.0,0.0,0.0
106.6172629,10.7403222,10733,0.0,1.0,0.0,0.0,0.0,0.0,0.0,1.0,0.0,0.0
106.6170262,10.7401199,10734,0.0,1.0,0.0,0.0,0.0,0.0,0.0,1.0,0.0,0.0
106.6191249,10.7418935,10735,0.0,1.0,0.0,0.0,0.0,0.0,0.0,1.0,0.0,0.0
106.6807561,10.7582717,10736,0.0,1.0,0.0,0.0,0.0,0.0,0.0,1.0,0.0,0.0
106.6801734,10.7580606,10737,0.0,1.0,0.0,0.0,0.0,0.0,0.0,1.0,0.0,0.0
106.6708395,10.7548304,10738,0.0,1.0,0.0,0.0,0.0,0.0,0.0,1.0,0.0,0.0
106.6758517,10.7562318,10739,0.0,1.0,0.0,0.0,0.0,0.0,0.0,1.0,0.0,0.0
106.6755751,10.7561097,10740,0.0,1.0,0.0,0.0,0.0,0.0,0.0,1.0,0.0,0.0
106.6752943,10.7560013,10741,0.0,1.0,0.0,0.0,0.0,0.0,0.0,1.0,0.0,0.0
106.6752134,10.755969,10742,0.0,1.0,0.0,0.0,0.0,0.0,0.0,1.0,0.0,0.0
106.6748118,10.7558019,10743,0.0,1.0,0.0,0.0,0.0,0.0,0.0,1.0,0.0,0.0
106.6743681,10.7556002,10744,0.0,1.0,0.0,0.0,0.0,0.0,0.0,1.0,0.0,0.0
106.6742704,10.7555638,10745,0.0,1.0,0.0,0.0,0.0,0.0,0.0,1.0,0.0,0.0
106.6727944,10.7552584,10746,0.0,1.0,0.0,0.0,0.0,0.0,0.0,1.0,0.0,0.0
106.6759493,10.7618932,10747,0.0,1.0,0.0,0.0,0.0,0.0,0.0,1.0,0.0,0.0
106.6760578,10.7619562,10748,0.0,1.0,0.0,0.0,0.0,0.0,0.0,1.0,0.0,0.0
106.6758787,10.7618525,10749,0.0,1.0,0.0,0.0,0.0,0.0,0.0,1.0,0.0,0.0
106.6765248,10.7552968,10750,0.0,1.0,0.0,0.0,0.0,0.0,0.0,1.0,0.0,0.0
106.6764763,10.7554878,10751,0.0,1.0,0.0,0.0,0.0,0.0,0.0,1.0,0.0,0.0
106.6762478,10.7563856,10752,0.0,1.0,0.0,0.0,0.0,0.0,0.0,1.0,0.0,0.0
106.6747575,10.7610779,10753,0.0,1.0,0.0,0.0,0.0,0.0,0.0,1.0,0.0,0.0
106.6746115,10.7610783,10754,0.0,1.0,0.0,0.0,0.0,0.0,0.0,1.0,0.0,0.0
106.6745731,10.7610378,10755,0.0,1.0,0.0,0.0,0.0,0.0,0.0,1.0,0.0,0.0
106.67454,10.7610918,10756,0.0,1.0,0.0,0.0,0.0,0.0,0.0,1.0,0.0,0.0
106.6704457,10.7601722,10757,0.0,1.0,0.0,0.0,0.0,0.0,0.0,1.0,0.0,0.0
106.6760696,10.7594307,10758,0.0,1.0,0.0,0.0,0.0,0.0,0.0,1.0,0.0,0.0
106.6767941,10.7612328,10759,0.0,1.0,0.0,0.0,0.0,0.0,0.0,1.0,0.0,0.0
106.6752159,10.760469,10760,0.0,1.0,0.0,0.0,0.0,0.0,0.0,1.0,0.0,0.0
106.6753907,10.7615456,10761,0.0,1.0,0.0,0.0,0.0,0.0,0.0,1.0,0.0,0.0
106.6733388,10.7598578,10762,0.0,1.0,0.0,0.0,0.0,0.0,0.0,1.0,0.0,0.0
106.6751841,10.7606172,10763,0.0,1.0,0.0,0.0,0.0,0.0,0.0,1.0,0.0,0.0
106.6752253,10.7604251,10764,0.0,1.0,0.0,0.0,0.0,0.0,0.0,1.0,0.0,0.0
106.6740819,10.760649,10765,0.0,1.0,0.0,0.0,0.0,0.0,0.0,1.0,0.0,0.0
106.6741039,10.7607411,10766,0.0,1.0,0.0,0.0,0.0,0.0,0.0,1.0,0.0,0.0
106.6740891,10.7607915,10767,0.0,1.0,0.0,0.0,0.0,0.0,0.0,1.0,0.0,0.0
106.6740654,10.7608316,10768,0.0,1.0,0.0,0.0,0.0,0.0,0.0,1.0,0.0,0.0
106.6740167,10.7608867,10769,0.0,1.0,0.0,0.0,0.0,0.0,0.0,1.0,0.0,0.0
106.6745055,10.7610843,10770,0.0,1.0,0.0,0.0,0.0,0.0,0.0,1.0,0.0,0.0
106.6781533,10.7591046,10771,0.0,1.0,0.0,0.0,0.0,0.0,0.0,1.0,0.0,0.0
106.6785782,10.7592915,10772,0.0,1.0,0.0,0.0,0.0,0.0,0.0,1.0,0.0,0.0
106.6792492,10.7595714,10773,0.0,1.0,0.0,0.0,0.0,0.0,0.0,1.0,0.0,0.0
106.6782268,10.7617294,10774,0.0,1.0,0.0,0.0,0.0,0.0,0.0,1.0,0.0,0.0
106.6777365,10.7611966,10775,0.0,1.0,0.0,0.0,0.0,0.0,0.0,1.0,0.0,0.0
106.6796655,10.7597298,10776,0.0,1.0,0.0,0.0,0.0,0.0,0.0,1.0,0.0,0.0
106.6787426,10.7622899,10777,0.0,1.0,0.0,0.0,0.0,0.0,0.0,1.0,0.0,0.0
106.676833,10.761133,10778,0.0,1.0,0.0,0.0,0.0,0.0,0.0,1.0,0.0,0.0
106.6775926,10.7610403,10779,0.0,1.0,0.0,0.0,0.0,0.0,0.0,1.0,0.0,0.0
106.7159815,10.7246478,10780,0.0,1.0,0.0,0.0,0.0,0.0,0.0,1.0,0.0,0.0
106.6814089,10.7604242,10781,0.0,1.0,0.0,0.0,0.0,0.0,0.0,1.0,0.0,0.0
106.7263639,10.7214804,10782,0.0,1.0,0.0,0.0,0.0,0.0,0.0,1.0,0.0,0.0
106.6831255,10.7619288,10783,0.0,1.0,0.0,0.0,0.0,0.0,0.0,1.0,0.0,0.0
106.6838743,10.7594349,10784,0.0,1.0,0.0,0.0,0.0,0.0,0.0,1.0,0.0,0.0
106.6832321,10.7611361,10785,0.0,1.0,0.0,0.0,0.0,0.0,0.0,1.0,0.0,0.0
106.6920281,10.7595727,10786,0.0,1.0,0.0,0.0,0.0,0.0,0.0,1.0,0.0,0.0
106.6919236,10.759772,10787,0.0,1.0,0.0,0.0,0.0,0.0,0.0,1.0,0.0,0.0
106.6797157,10.8390281,10788,0.0,1.0,0.0,0.0,0.0,0.0,0.0,1.0,0.0,0.0
106.6806665,10.8373817,10789,0.0,1.0,0.0,0.0,0.0,0.0,0.0,1.0,0.0,0.0
106.6977387,10.7606879,10790,0.0,1.0,0.0,0.0,0.0,0.0,0.0,1.0,0.0,0.0
106.6745184,10.7610241,10791,0.0,1.0,0.0,0.0,0.0,0.0,0.0,1.0,0.0,0.0
106.6193735,10.7516045,10792,0.0,1.0,0.0,0.0,0.0,0.0,0.0,1.0,0.0,0.0
106.6190633,10.7515592,10793,0.0,1.0,0.0,0.0,0.0,0.0,0.0,1.0,0.0,0.0
106.614443,10.737327,10794,0.0,1.0,0.0,0.0,0.0,0.0,0.0,1.0,0.0,0.0
106.6157484,10.7391283,10795,0.0,1.0,0.0,0.0,0.0,0.0,0.0,1.0,0.0,0.0
106.6157531,10.7391281,10796,0.0,1.0,0.0,0.0,0.0,0.0,0.0,1.0,0.0,0.0
106.6162264,10.7395189,10797,0.0,1.0,0.0,0.0,0.0,0.0,0.0,1.0,0.0,0.0
106.6150634,10.7383637,10798,0.0,1.0,0.0,0.0,0.0,0.0,0.0,1.0,0.0,0.0
106.6149888,10.73825,10799,0.0,1.0,0.0,0.0,0.0,0.0,0.0,1.0,0.0,0.0
106.6147828,10.7379148,10800,0.0,1.0,0.0,0.0,0.0,0.0,0.0,1.0,0.0,0.0
106.6146944,10.7377688,10801,0.0,1.0,0.0,0.0,0.0,0.0,0.0,1.0,0.0,0.0
106.6163569,10.7396325,10802,0.0,1.0,0.0,0.0,0.0,0.0,0.0,1.0,0.0,0.0
106.6216609,10.7437563,10803,0.0,1.0,0.0,0.0,0.0,0.0,0.0,1.0,0.0,0.0
106.6146698,10.7372336,10804,0.0,1.0,0.0,0.0,0.0,0.0,0.0,1.0,0.0,0.0
106.6132954,10.7354418,10805,0.0,1.0,0.0,0.0,0.0,0.0,0.0,1.0,0.0,0.0
106.6137691,10.7362454,10806,0.0,1.0,0.0,0.0,0.0,0.0,0.0,1.0,0.0,0.0
106.61396,10.7365552,10807,0.0,1.0,0.0,0.0,0.0,0.0,0.0,1.0,0.0,0.0
106.6143555,10.737177,10808,0.0,1.0,0.0,0.0,0.0,0.0,0.0,1.0,0.0,0.0
106.6140618,10.7367184,10809,0.0,1.0,0.0,0.0,0.0,0.0,0.0,1.0,0.0,0.0
106.6138887,10.736447,10810,0.0,1.0,0.0,0.0,0.0,0.0,0.0,1.0,0.0,0.0
106.6133421,10.7355164,10811,0.0,1.0,0.0,0.0,0.0,0.0,0.0,1.0,0.0,0.0
106.613206,10.7352832,10812,0.0,1.0,0.0,0.0,0.0,0.0,0.0,1.0,0.0,0.0
106.6127956,10.7344601,10813,0.0,1.0,0.0,0.0,0.0,0.0,0.0,1.0,0.0,0.0
106.6130406,10.7345303,10814,0.0,1.0,0.0,0.0,0.0,0.0,0.0,1.0,0.0,0.0
106.6129379,10.7344512,10815,0.0,1.0,0.0,0.0,0.0,0.0,0.0,1.0,0.0,0.0
106.6207225,10.7433184,10816,0.0,1.0,0.0,0.0,0.0,0.0,0.0,1.0,0.0,0.0
106.6207621,10.7433547,10817,0.0,1.0,0.0,0.0,0.0,0.0,0.0,1.0,0.0,0.0
106.6203125,10.7428676,10818,0.0,1.0,0.0,0.0,0.0,0.0,0.0,1.0,0.0,0.0
106.6230902,10.7452866,10819,0.0,1.0,0.0,0.0,0.0,0.0,0.0,1.0,0.0,0.0
106.6234597,10.7455216,10820,0.0,1.0,0.0,0.0,0.0,0.0,0.0,1.0,0.0,0.0
106.6230775,10.7452699,10821,0.0,1.0,0.0,0.0,0.0,0.0,0.0,1.0,0.0,0.0
106.6216167,10.7439935,10822,0.0,1.0,0.0,0.0,0.0,0.0,0.0,1.0,0.0,0.0
106.6217347,10.7438118,10823,0.0,1.0,0.0,0.0,0.0,0.0,0.0,1.0,0.0,0.0
106.619229,10.7419817,10824,0.0,1.0,0.0,0.0,0.0,0.0,0.0,1.0,0.0,0.0
106.61846,10.7414323,10825,0.0,1.0,0.0,0.0,0.0,0.0,0.0,1.0,0.0,0.0
106.6187896,10.7417031,10826,0.0,1.0,0.0,0.0,0.0,0.0,0.0,1.0,0.0,0.0
106.6186955,10.7416281,10827,0.0,1.0,0.0,0.0,0.0,0.0,0.0,1.0,0.0,0.0
106.6184129,10.7413924,10828,0.0,1.0,0.0,0.0,0.0,0.0,0.0,1.0,0.0,0.0
106.6183649,10.7412667,10829,0.0,1.0,0.0,0.0,0.0,0.0,0.0,1.0,0.0,0.0
106.6147418,10.7373661,10830,0.0,1.0,0.0,0.0,0.0,0.0,0.0,1.0,0.0,0.0
106.6175944,10.7406865,10831,0.0,1.0,0.0,0.0,0.0,0.0,0.0,1.0,0.0,0.0
106.6178816,10.7409367,10832,0.0,1.0,0.0,0.0,0.0,0.0,0.0,1.0,0.0,0.0
106.6176488,10.7407342,10833,0.0,1.0,0.0,0.0,0.0,0.0,0.0,1.0,0.0,0.0
106.615424,10.7388277,10834,0.0,1.0,0.0,0.0,0.0,0.0,0.0,1.0,0.0,0.0
106.6151522,10.7385169,10835,0.0,1.0,0.0,0.0,0.0,0.0,0.0,1.0,0.0,0.0
106.5888564,10.7484646,10836,0.0,1.0,0.0,0.0,0.0,0.0,0.0,1.0,0.0,0.0
106.6881891,10.8273131,10837,0.0,1.0,0.0,0.0,0.0,0.0,0.0,1.0,0.0,0.0
106.6851506,10.8283994,10838,0.0,1.0,0.0,0.0,0.0,0.0,0.0,1.0,0.0,0.0
106.6883569,10.8255088,10839,0.0,1.0,0.0,0.0,0.0,0.0,0.0,1.0,0.0,0.0
106.6872647,10.824813,10840,0.0,1.0,0.0,0.0,0.0,0.0,0.0,1.0,0.0,0.0
106.6860518,10.824549,10841,0.0,1.0,0.0,0.0,0.0,0.0,0.0,1.0,0.0,0.0
106.6860263,10.8236122,10842,0.0,1.0,0.0,0.0,0.0,0.0,0.0,1.0,0.0,0.0
106.6857785,10.8233018,10843,0.0,1.0,0.0,0.0,0.0,0.0,0.0,1.0,0.0,0.0
106.6859756,10.8246087,10844,0.0,1.0,0.0,0.0,0.0,0.0,0.0,1.0,0.0,0.0
106.6862598,10.8243798,10845,0.0,1.0,0.0,0.0,0.0,0.0,0.0,1.0,0.0,0.0
106.6813668,10.8262253,10846,0.0,1.0,0.0,0.0,0.0,0.0,0.0,1.0,0.0,0.0
106.6811996,10.8245062,10847,0.0,1.0,0.0,0.0,0.0,0.0,0.0,1.0,0.0,0.0
106.6814275,10.8241059,10848,0.0,1.0,0.0,0.0,0.0,0.0,0.0,1.0,0.0,0.0
106.6815797,10.8238396,10849,0.0,1.0,0.0,0.0,0.0,0.0,0.0,1.0,0.0,0.0
106.6818929,10.8233063,10850,0.0,1.0,0.0,0.0,0.0,0.0,0.0,1.0,0.0,0.0
106.6263445,10.7479667,10851,0.0,1.0,0.0,0.0,0.0,0.0,0.0,1.0,0.0,0.0
106.6287236,10.7498061,10852,0.0,1.0,0.0,0.0,0.0,0.0,0.0,1.0,0.0,0.0
106.6287249,10.749727,10853,0.0,1.0,0.0,0.0,0.0,0.0,0.0,1.0,0.0,0.0
106.6283562,10.7495175,10854,0.0,1.0,0.0,0.0,0.0,0.0,0.0,1.0,0.0,0.0
106.6267106,10.7482606,10855,0.0,1.0,0.0,0.0,0.0,0.0,0.0,1.0,0.0,0.0
106.6253266,10.7471643,10856,0.0,1.0,0.0,0.0,0.0,0.0,0.0,1.0,0.0,0.0
106.6247553,10.74669,10857,0.0,1.0,0.0,0.0,0.0,0.0,0.0,1.0,0.0,0.0
106.6242805,10.7462605,10858,0.0,1.0,0.0,0.0,0.0,0.0,0.0,1.0,0.0,0.0
106.6242766,10.7461636,10859,0.0,1.0,0.0,0.0,0.0,0.0,0.0,1.0,0.0,0.0
106.6281351,10.7492699,10860,0.0,1.0,0.0,0.0,0.0,0.0,0.0,1.0,0.0,0.0
106.625679,10.7490204,10861,0.0,1.0,0.0,0.0,0.0,0.0,0.0,1.0,0.0,0.0
106.6241666,10.7460676,10862,0.0,1.0,0.0,0.0,0.0,0.0,0.0,1.0,0.0,0.0
106.6281425,10.749356,10863,0.0,1.0,0.0,0.0,0.0,0.0,0.0,1.0,0.0,0.0
106.6293668,10.7502367,10864,0.0,1.0,0.0,0.0,0.0,0.0,0.0,1.0,0.0,0.0
106.6313669,10.751868,10865,0.0,1.0,0.0,0.0,0.0,0.0,0.0,1.0,0.0,0.0
106.6287906,10.749868,10866,0.0,1.0,0.0,0.0,0.0,0.0,0.0,1.0,0.0,0.0
106.6476989,10.7512719,10867,0.0,1.0,0.0,0.0,0.0,0.0,0.0,1.0,0.0,0.0
106.6476921,10.7512316,10868,0.0,1.0,0.0,0.0,0.0,0.0,0.0,1.0,0.0,0.0
106.6535645,10.7497228,10869,0.0,1.0,0.0,0.0,0.0,0.0,0.0,1.0,0.0,0.0
106.6957332,10.7452248,10870,0.0,1.0,0.0,0.0,0.0,0.0,0.0,1.0,0.0,0.0
106.6958164,10.7452246,10871,0.0,1.0,0.0,0.0,0.0,0.0,0.0,1.0,0.0,0.0
106.6969442,10.7451347,10872,0.0,1.0,0.0,0.0,0.0,0.0,0.0,1.0,0.0,0.0
106.6844733,10.749339,10873,0.0,1.0,0.0,0.0,0.0,0.0,0.0,1.0,0.0,0.0
106.6448115,10.7556781,10874,0.0,1.0,0.0,0.0,0.0,0.0,0.0,1.0,0.0,0.0
106.6445928,10.7555589,10875,0.0,1.0,0.0,0.0,0.0,0.0,0.0,1.0,0.0,0.0
106.6451914,10.7558852,10876,0.0,1.0,0.0,0.0,0.0,0.0,0.0,1.0,0.0,0.0
106.7025394,10.6897893,10877,0.0,1.0,0.0,0.0,0.0,0.0,0.0,1.0,0.0,0.0
106.6475183,10.75814,10878,0.0,1.0,0.0,0.0,0.0,0.0,0.0,1.0,0.0,0.0
106.6493152,10.7581141,10879,0.0,1.0,0.0,0.0,0.0,0.0,0.0,1.0,0.0,0.0
106.6496262,10.7580377,10880,0.0,1.0,0.0,0.0,0.0,0.0,0.0,1.0,0.0,0.0
106.6496173,10.7580968,10881,0.0,1.0,0.0,0.0,0.0,0.0,0.0,1.0,0.0,0.0
106.6496128,10.7581583,10882,0.0,1.0,0.0,0.0,0.0,0.0,0.0,1.0,0.0,0.0
106.6503703,10.7579819,10883,0.0,1.0,0.0,0.0,0.0,0.0,0.0,1.0,0.0,0.0
106.6494435,10.7580658,10884,0.0,1.0,0.0,0.0,0.0,0.0,0.0,1.0,0.0,0.0
106.6506862,10.7579582,10885,0.0,1.0,0.0,0.0,0.0,0.0,0.0,1.0,0.0,0.0
106.6505518,10.7579683,10886,0.0,1.0,0.0,0.0,0.0,0.0,0.0,1.0,0.0,0.0
106.6489515,10.757963,10887,0.0,1.0,0.0,0.0,0.0,0.0,0.0,1.0,0.0,0.0
106.648904,10.7580428,10888,0.0,1.0,0.0,0.0,0.0,0.0,0.0,1.0,0.0,0.0
106.6517926,10.7594532,10889,0.0,1.0,0.0,0.0,0.0,0.0,0.0,1.0,0.0,0.0
106.6499255,10.758444,10890,0.0,1.0,0.0,0.0,0.0,0.0,0.0,1.0,0.0,0.0
106.6458401,10.7582578,10891,0.0,1.0,0.0,0.0,0.0,0.0,0.0,1.0,0.0,0.0
106.6592488,10.7587163,10892,0.0,1.0,0.0,0.0,0.0,0.0,0.0,1.0,0.0,0.0
106.6592207,10.7587886,10893,0.0,1.0,0.0,0.0,0.0,0.0,0.0,1.0,0.0,0.0
106.659014,10.7592909,10894,0.0,1.0,0.0,0.0,0.0,0.0,0.0,1.0,0.0,0.0
106.6590059,10.7593114,10895,0.0,1.0,0.0,0.0,0.0,0.0,0.0,1.0,0.0,0.0
106.6589631,10.7594275,10896,0.0,1.0,0.0,0.0,0.0,0.0,0.0,1.0,0.0,0.0
106.6587831,10.7597411,10897,0.0,1.0,0.0,0.0,0.0,0.0,0.0,1.0,0.0,0.0
106.6581243,10.7595977,10898,0.0,1.0,0.0,0.0,0.0,0.0,0.0,1.0,0.0,0.0
106.6525584,10.7515795,10899,0.0,1.0,0.0,0.0,0.0,0.0,0.0,1.0,0.0,0.0
106.652168,10.7515324,10900,0.0,1.0,0.0,0.0,0.0,0.0,0.0,1.0,0.0,0.0
106.6492291,10.7511564,10901,0.0,1.0,0.0,0.0,0.0,0.0,0.0,1.0,0.0,0.0
106.6480121,10.7572895,10902,0.0,1.0,0.0,0.0,0.0,0.0,0.0,1.0,0.0,0.0
106.6535676,10.7578846,10903,0.0,1.0,0.0,0.0,0.0,0.0,0.0,1.0,0.0,0.0
106.6550668,10.7589324,10904,0.0,1.0,0.0,0.0,0.0,0.0,0.0,1.0,0.0,0.0
106.652559,10.7598683,10905,0.0,1.0,0.0,0.0,0.0,0.0,0.0,1.0,0.0,0.0
106.6561021,10.7541904,10906,0.0,1.0,0.0,0.0,0.0,0.0,0.0,1.0,0.0,0.0
106.6560163,10.757286,10907,0.0,1.0,0.0,0.0,0.0,0.0,0.0,1.0,0.0,0.0
106.6573602,10.7575853,10908,0.0,1.0,0.0,0.0,0.0,0.0,0.0,1.0,0.0,0.0
106.657093,10.7575292,10909,0.0,1.0,0.0,0.0,0.0,0.0,0.0,1.0,0.0,0.0
106.6564497,10.757388,10910,0.0,1.0,0.0,0.0,0.0,0.0,0.0,1.0,0.0,0.0
106.6560203,10.7572877,10911,0.0,1.0,0.0,0.0,0.0,0.0,0.0,1.0,0.0,0.0
106.6556265,10.7572121,10912,0.0,1.0,0.0,0.0,0.0,0.0,0.0,1.0,0.0,0.0
106.6515881,10.7564176,10913,0.0,1.0,0.0,0.0,0.0,0.0,0.0,1.0,0.0,0.0
106.6514852,10.7564074,10914,0.0,1.0,0.0,0.0,0.0,0.0,0.0,1.0,0.0,0.0
106.652277,10.7565435,10915,0.0,1.0,0.0,0.0,0.0,0.0,0.0,1.0,0.0,0.0
106.5826156,10.7484722,10916,0.0,1.0,0.0,0.0,0.0,0.0,0.0,1.0,0.0,0.0
106.5816859,10.7492873,10917,0.0,1.0,0.0,0.0,0.0,0.0,0.0,1.0,0.0,0.0
106.6696119,10.7546134,10918,0.0,1.0,0.0,0.0,0.0,0.0,0.0,1.0,0.0,0.0
106.6664714,10.7551202,10919,0.0,1.0,0.0,0.0,0.0,0.0,0.0,1.0,0.0,0.0
106.6664464,10.7552754,10920,0.0,1.0,0.0,0.0,0.0,0.0,0.0,1.0,0.0,0.0
106.6741022,10.7607183,10921,0.0,1.0,0.0,0.0,0.0,0.0,0.0,1.0,0.0,0.0
106.6740989,10.7607012,10922,0.0,1.0,0.0,0.0,0.0,0.0,0.0,1.0,0.0,0.0
106.6695824,10.7566007,10923,0.0,1.0,0.0,0.0,0.0,0.0,0.0,1.0,0.0,0.0
106.669461,10.7566534,10924,0.0,1.0,0.0,0.0,0.0,0.0,0.0,1.0,0.0,0.0
106.6695494,10.7567165,10925,0.0,1.0,0.0,0.0,0.0,0.0,0.0,1.0,0.0,0.0
106.669562,10.756664,10926,0.0,1.0,0.0,0.0,0.0,0.0,0.0,1.0,0.0,0.0
106.6695945,10.756601,10927,0.0,1.0,0.0,0.0,0.0,0.0,0.0,1.0,0.0,0.0
106.6663734,10.7558381,10928,0.0,1.0,0.0,0.0,0.0,0.0,0.0,1.0,0.0,0.0
106.6664489,10.75627,10929,0.0,1.0,0.0,0.0,0.0,0.0,0.0,1.0,0.0,0.0
106.666426,10.7563976,10930,0.0,1.0,0.0,0.0,0.0,0.0,0.0,1.0,0.0,0.0
106.6624096,10.755324,10931,0.0,1.0,0.0,0.0,0.0,0.0,0.0,1.0,0.0,0.0
106.6623197,10.7552047,10932,0.0,1.0,0.0,0.0,0.0,0.0,0.0,1.0,0.0,0.0
106.6622841,10.7554044,10933,0.0,1.0,0.0,0.0,0.0,0.0,0.0,1.0,0.0,0.0
106.6622812,10.7554204,10934,0.0,1.0,0.0,0.0,0.0,0.0,0.0,1.0,0.0,0.0
106.661107,10.7596362,10935,0.0,1.0,0.0,0.0,0.0,0.0,0.0,1.0,0.0,0.0
106.5942451,10.7500498,10936,0.0,1.0,0.0,0.0,0.0,0.0,0.0,1.0,0.0,0.0
106.6658796,10.7579703,10937,0.0,1.0,0.0,0.0,0.0,0.0,0.0,1.0,0.0,0.0
106.6668535,10.7571258,10938,0.0,1.0,0.0,0.0,0.0,0.0,0.0,1.0,0.0,0.0
106.6656774,10.7588071,10939,0.0,1.0,0.0,0.0,0.0,0.0,0.0,1.0,0.0,0.0
106.6661407,10.7593754,10940,0.0,1.0,0.0,0.0,0.0,0.0,0.0,1.0,0.0,0.0
106.6659433,10.7576626,10941,0.0,1.0,0.0,0.0,0.0,0.0,0.0,1.0,0.0,0.0
106.6658097,10.7582468,10942,0.0,1.0,0.0,0.0,0.0,0.0,0.0,1.0,0.0,0.0
106.6661917,10.756629,10943,0.0,1.0,0.0,0.0,0.0,0.0,0.0,1.0,0.0,0.0
106.6673831,10.7578966,10944,0.0,1.0,0.0,0.0,0.0,0.0,0.0,1.0,0.0,0.0
106.6660064,10.7559255,10945,0.0,1.0,0.0,0.0,0.0,0.0,0.0,1.0,0.0,0.0
106.6639544,10.758938,10946,0.0,1.0,0.0,0.0,0.0,0.0,0.0,1.0,0.0,0.0
106.6657135,10.7586542,10947,0.0,1.0,0.0,0.0,0.0,0.0,0.0,1.0,0.0,0.0
106.6652327,10.7559961,10948,0.0,1.0,0.0,0.0,0.0,0.0,0.0,1.0,0.0,0.0
106.5938427,10.7495269,10949,0.0,1.0,0.0,0.0,0.0,0.0,0.0,1.0,0.0,0.0
106.6703346,10.7582205,10950,0.0,1.0,0.0,0.0,0.0,0.0,0.0,1.0,0.0,0.0
106.6697546,10.7600307,10951,0.0,1.0,0.0,0.0,0.0,0.0,0.0,1.0,0.0,0.0
106.669296,10.7599423,10952,0.0,1.0,0.0,0.0,0.0,0.0,0.0,1.0,0.0,0.0
106.6606043,10.7582173,10953,0.0,1.0,0.0,0.0,0.0,0.0,0.0,1.0,0.0,0.0
106.6594189,10.7579805,10954,0.0,1.0,0.0,0.0,0.0,0.0,0.0,1.0,0.0,0.0
106.6066122,10.7519212,10955,0.0,1.0,0.0,0.0,0.0,0.0,0.0,1.0,0.0,0.0
106.6081604,10.7519761,10956,0.0,1.0,0.0,0.0,0.0,0.0,0.0,1.0,0.0,0.0
106.6677879,10.7563326,10957,0.0,1.0,0.0,0.0,0.0,0.0,0.0,1.0,0.0,0.0
106.6761423,10.7595056,10958,0.0,1.0,0.0,0.0,0.0,0.0,0.0,1.0,0.0,0.0
106.6764227,10.7584479,10959,0.0,1.0,0.0,0.0,0.0,0.0,0.0,1.0,0.0,0.0
106.6736539,10.7584489,10960,0.0,1.0,0.0,0.0,0.0,0.0,0.0,1.0,0.0,0.0
106.6735498,10.7589142,10961,0.0,1.0,0.0,0.0,0.0,0.0,0.0,1.0,0.0,0.0
106.6734856,10.7592015,10962,0.0,1.0,0.0,0.0,0.0,0.0,0.0,1.0,0.0,0.0
106.67342,10.7594946,10963,0.0,1.0,0.0,0.0,0.0,0.0,0.0,1.0,0.0,0.0
106.6733848,10.7596523,10964,0.0,1.0,0.0,0.0,0.0,0.0,0.0,1.0,0.0,0.0
106.6712018,10.7570233,10965,0.0,1.0,0.0,0.0,0.0,0.0,0.0,1.0,0.0,0.0
106.6714414,10.7570691,10966,0.0,1.0,0.0,0.0,0.0,0.0,0.0,1.0,0.0,0.0
106.6695591,10.7571372,10967,0.0,1.0,0.0,0.0,0.0,0.0,0.0,1.0,0.0,0.0
106.6705547,10.7568996,10968,0.0,1.0,0.0,0.0,0.0,0.0,0.0,1.0,0.0,0.0
106.5554064,10.7910811,10969,0.0,1.0,0.0,0.0,0.0,0.0,0.0,1.0,0.0,0.0
106.675042,10.7558977,10970,0.0,1.0,0.0,0.0,0.0,0.0,0.0,1.0,0.0,0.0
106.6730251,10.7562412,10971,0.0,1.0,0.0,0.0,0.0,0.0,0.0,1.0,0.0,0.0
106.6742129,10.7555519,10972,0.0,1.0,0.0,0.0,0.0,0.0,0.0,1.0,0.0,0.0
106.6733841,10.7566236,10973,0.0,1.0,0.0,0.0,0.0,0.0,0.0,1.0,0.0,0.0
106.6723862,10.7571423,10974,0.0,1.0,0.0,0.0,0.0,0.0,0.0,1.0,0.0,0.0
106.6727977,10.7559988,10975,0.0,1.0,0.0,0.0,0.0,0.0,0.0,1.0,0.0,0.0
106.6699739,10.7546828,10976,0.0,1.0,0.0,0.0,0.0,0.0,0.0,1.0,0.0,0.0
106.6711011,10.754888,10977,0.0,1.0,0.0,0.0,0.0,0.0,0.0,1.0,0.0,0.0
106.6786663,10.7593303,10978,0.0,1.0,0.0,0.0,0.0,0.0,0.0,1.0,0.0,0.0
106.6817562,10.7586542,10979,0.0,1.0,0.0,0.0,0.0,0.0,0.0,1.0,0.0,0.0
106.6792838,10.7576829,10980,0.0,1.0,0.0,0.0,0.0,0.0,0.0,1.0,0.0,0.0
106.6803749,10.7592606,10981,0.0,1.0,0.0,0.0,0.0,0.0,0.0,1.0,0.0,0.0
106.6770533,10.7567363,10982,0.0,1.0,0.0,0.0,0.0,0.0,0.0,1.0,0.0,0.0
106.676497,10.7598713,10983,0.0,1.0,0.0,0.0,0.0,0.0,0.0,1.0,0.0,0.0
106.5750298,10.7535941,10984,0.0,1.0,0.0,0.0,0.0,0.0,0.0,1.0,0.0,0.0
106.6810845,10.7564854,10985,0.0,1.0,0.0,0.0,0.0,0.0,0.0,1.0,0.0,0.0
106.6805132,10.758182,10986,0.0,1.0,0.0,0.0,0.0,0.0,0.0,1.0,0.0,0.0
106.6801067,10.7580323,10987,0.0,1.0,0.0,0.0,0.0,0.0,0.0,1.0,0.0,0.0
106.6804615,10.7551818,10988,0.0,1.0,0.0,0.0,0.0,0.0,0.0,1.0,0.0,0.0
106.6788939,10.7575195,10989,0.0,1.0,0.0,0.0,0.0,0.0,0.0,1.0,0.0,0.0
106.6795002,10.7577748,10990,0.0,1.0,0.0,0.0,0.0,0.0,0.0,1.0,0.0,0.0
106.6773202,10.7568524,10991,0.0,1.0,0.0,0.0,0.0,0.0,0.0,1.0,0.0,0.0
106.6764667,10.7555082,10992,0.0,1.0,0.0,0.0,0.0,0.0,0.0,1.0,0.0,0.0
106.6763138,10.7560866,10993,0.0,1.0,0.0,0.0,0.0,0.0,0.0,1.0,0.0,0.0
106.6832691,10.7571203,10994,0.0,1.0,0.0,0.0,0.0,0.0,0.0,1.0,0.0,0.0
106.6831677,10.7559146,10995,0.0,1.0,0.0,0.0,0.0,0.0,0.0,1.0,0.0,0.0
106.6826781,10.755782,10996,0.0,1.0,0.0,0.0,0.0,0.0,0.0,1.0,0.0,0.0
106.6828198,10.7558204,10997,0.0,1.0,0.0,0.0,0.0,0.0,0.0,1.0,0.0,0.0
106.6834075,10.7592792,10998,0.0,1.0,0.0,0.0,0.0,0.0,0.0,1.0,0.0,0.0
106.683182,10.7592049,10999,0.0,1.0,0.0,0.0,0.0,0.0,0.0,1.0,0.0,0.0
106.6821149,10.7588075,11000,0.0,1.0,0.0,0.0,0.0,0.0,0.0,1.0,0.0,0.0
106.6825652,10.7589999,11001,0.0,1.0,0.0,0.0,0.0,0.0,0.0,1.0,0.0,0.0
106.6852795,10.756393,11002,0.0,1.0,0.0,0.0,0.0,0.0,0.0,1.0,0.0,0.0
106.6781318,10.757173,11003,0.0,1.0,0.0,0.0,0.0,0.0,0.0,1.0,0.0,0.0
106.7537755,10.6782588,11004,0.0,1.0,0.0,0.0,0.0,0.0,0.0,1.0,0.0,0.0
106.7066682,10.7127952,11005,0.0,1.0,0.0,0.0,0.0,0.0,0.0,1.0,0.0,0.0
106.7070442,10.7122808,11006,0.0,1.0,0.0,0.0,0.0,0.0,0.0,1.0,0.0,0.0
106.6919324,10.7585454,11007,0.0,1.0,0.0,0.0,0.0,0.0,0.0,1.0,0.0,0.0
106.6884008,10.7555631,11008,0.0,1.0,0.0,0.0,0.0,0.0,0.0,1.0,0.0,0.0
106.687954,10.7551297,11009,0.0,1.0,0.0,0.0,0.0,0.0,0.0,1.0,0.0,0.0
106.7312577,10.7135062,11010,0.0,1.0,0.0,0.0,0.0,0.0,0.0,1.0,0.0,0.0
106.7295974,10.7158518,11011,0.0,1.0,0.0,0.0,0.0,0.0,0.0,1.0,0.0,0.0
106.7290551,10.71676,11012,0.0,1.0,0.0,0.0,0.0,0.0,0.0,1.0,0.0,0.0
106.7259295,10.7223109,11013,0.0,1.0,0.0,0.0,0.0,0.0,0.0,1.0,0.0,0.0
106.7253596,10.7232098,11014,0.0,1.0,0.0,0.0,0.0,0.0,0.0,1.0,0.0,0.0
106.6991798,10.7579304,11015,0.0,1.0,0.0,0.0,0.0,0.0,0.0,1.0,0.0,0.0
106.6987348,10.758507,11016,0.0,1.0,0.0,0.0,0.0,0.0,0.0,1.0,0.0,0.0
106.6319516,10.7523213,11017,0.0,1.0,0.0,0.0,0.0,0.0,0.0,1.0,0.0,0.0
106.6325712,10.7525084,11018,0.0,1.0,0.0,0.0,0.0,0.0,0.0,1.0,0.0,0.0
106.6320508,10.7521145,11019,0.0,1.0,0.0,0.0,0.0,0.0,0.0,1.0,0.0,0.0
106.6315257,10.7519985,11020,0.0,1.0,0.0,0.0,0.0,0.0,0.0,1.0,0.0,0.0
106.7315333,10.7124126,11021,0.0,1.0,0.0,0.0,0.0,0.0,0.0,1.0,0.0,0.0
106.7315605,10.7121354,11022,0.0,1.0,0.0,0.0,0.0,0.0,0.0,1.0,0.0,0.0
106.7316942,10.7107781,11023,0.0,1.0,0.0,0.0,0.0,0.0,0.0,1.0,0.0,0.0
106.6320566,10.753003,11024,0.0,1.0,0.0,0.0,0.0,0.0,0.0,1.0,0.0,0.0
106.632126,10.7550824,11025,0.0,1.0,0.0,0.0,0.0,0.0,0.0,1.0,0.0,0.0
106.7313098,10.7131905,11026,0.0,1.0,0.0,0.0,0.0,0.0,0.0,1.0,0.0,0.0
106.7312394,10.7132819,11027,0.0,1.0,0.0,0.0,0.0,0.0,0.0,1.0,0.0,0.0
106.7314656,10.7130973,11028,0.0,1.0,0.0,0.0,0.0,0.0,0.0,1.0,0.0,0.0
106.7322602,10.7045328,11029,0.0,1.0,0.0,0.0,0.0,0.0,0.0,1.0,0.0,0.0
106.6342541,10.7542847,11030,0.0,1.0,0.0,0.0,0.0,0.0,0.0,1.0,0.0,0.0
106.6977945,10.751723,11031,0.0,1.0,0.0,0.0,0.0,0.0,0.0,1.0,0.0,0.0
106.6341145,10.7544396,11032,0.0,1.0,0.0,0.0,0.0,0.0,0.0,1.0,0.0,0.0
106.6920173,10.7512445,11033,0.0,1.0,0.0,0.0,0.0,0.0,0.0,1.0,0.0,0.0
106.6866932,10.7505966,11034,0.0,1.0,0.0,0.0,0.0,0.0,0.0,1.0,0.0,0.0
106.6892692,10.7507792,11035,0.0,1.0,0.0,0.0,0.0,0.0,0.0,1.0,0.0,0.0
106.6431031,10.7540075,11036,0.0,1.0,0.0,0.0,0.0,0.0,0.0,1.0,0.0,0.0
106.6845345,10.7492439,11037,0.0,1.0,0.0,0.0,0.0,0.0,0.0,1.0,0.0,0.0
106.6831084,10.7520754,11038,0.0,1.0,0.0,0.0,0.0,0.0,0.0,1.0,0.0,0.0
106.6854837,10.7501778,11039,0.0,1.0,0.0,0.0,0.0,0.0,0.0,1.0,0.0,0.0
106.6472862,10.7536925,11040,0.0,1.0,0.0,0.0,0.0,0.0,0.0,1.0,0.0,0.0
106.6509223,10.7533047,11041,0.0,1.0,0.0,0.0,0.0,0.0,0.0,1.0,0.0,0.0
106.6497534,10.7530855,11042,0.0,1.0,0.0,0.0,0.0,0.0,0.0,1.0,0.0,0.0
106.6494624,10.7534503,11043,0.0,1.0,0.0,0.0,0.0,0.0,0.0,1.0,0.0,0.0
106.6504975,10.753329,11044,0.0,1.0,0.0,0.0,0.0,0.0,0.0,1.0,0.0,0.0
106.6485831,10.7537045,11045,0.0,1.0,0.0,0.0,0.0,0.0,0.0,1.0,0.0,0.0
106.6488647,10.7536751,11046,0.0,1.0,0.0,0.0,0.0,0.0,0.0,1.0,0.0,0.0
106.6504751,10.7535059,11047,0.0,1.0,0.0,0.0,0.0,0.0,0.0,1.0,0.0,0.0
106.6478514,10.7537796,11048,0.0,1.0,0.0,0.0,0.0,0.0,0.0,1.0,0.0,0.0
106.6580945,10.7529577,11049,0.0,1.0,0.0,0.0,0.0,0.0,0.0,1.0,0.0,0.0
106.6537781,10.754424,11050,0.0,1.0,0.0,0.0,0.0,0.0,0.0,1.0,0.0,0.0
106.6537749,10.7547215,11051,0.0,1.0,0.0,0.0,0.0,0.0,0.0,1.0,0.0,0.0
106.6537502,10.7554084,11052,0.0,1.0,0.0,0.0,0.0,0.0,0.0,1.0,0.0,0.0
106.6524838,10.7535738,11053,0.0,1.0,0.0,0.0,0.0,0.0,0.0,1.0,0.0,0.0
106.6773307,10.7518689,11054,0.0,1.0,0.0,0.0,0.0,0.0,0.0,1.0,0.0,0.0
106.6609069,10.7530262,11055,0.0,1.0,0.0,0.0,0.0,0.0,0.0,1.0,0.0,0.0
106.6623328,10.7531994,11056,0.0,1.0,0.0,0.0,0.0,0.0,0.0,1.0,0.0,0.0
106.6584782,10.7537895,11057,0.0,1.0,0.0,0.0,0.0,0.0,0.0,1.0,0.0,0.0
106.6587484,10.7529881,11058,0.0,1.0,0.0,0.0,0.0,0.0,0.0,1.0,0.0,0.0
106.6583269,10.7545372,11059,0.0,1.0,0.0,0.0,0.0,0.0,0.0,1.0,0.0,0.0
106.6584197,10.7552474,11060,0.0,1.0,0.0,0.0,0.0,0.0,0.0,1.0,0.0,0.0
106.673072,10.7494447,11061,0.0,1.0,0.0,0.0,0.0,0.0,0.0,1.0,0.0,0.0
106.6544513,10.7510695,11062,0.0,1.0,0.0,0.0,0.0,0.0,0.0,1.0,0.0,0.0
106.6606785,10.7520194,11063,0.0,1.0,0.0,0.0,0.0,0.0,0.0,1.0,0.0,0.0
106.6606794,10.7520193,11064,0.0,1.0,0.0,0.0,0.0,0.0,0.0,1.0,0.0,0.0
106.6600205,10.7520162,11065,0.0,1.0,0.0,0.0,0.0,0.0,0.0,1.0,0.0,0.0
106.6600232,10.7520161,11066,0.0,1.0,0.0,0.0,0.0,0.0,0.0,1.0,0.0,0.0
106.6596458,10.752018,11067,0.0,1.0,0.0,0.0,0.0,0.0,0.0,1.0,0.0,0.0
106.6595401,10.7520174,11068,0.0,1.0,0.0,0.0,0.0,0.0,0.0,1.0,0.0,0.0
106.6544294,10.7519423,11069,0.0,1.0,0.0,0.0,0.0,0.0,0.0,1.0,0.0,0.0
106.6604334,10.746712,11070,0.0,1.0,0.0,0.0,0.0,0.0,0.0,1.0,0.0,0.0
106.6634191,10.7503926,11071,0.0,1.0,0.0,0.0,0.0,0.0,0.0,1.0,0.0,0.0
106.6630604,10.7505052,11072,0.0,1.0,0.0,0.0,0.0,0.0,0.0,1.0,0.0,0.0
106.6634461,10.7500276,11073,0.0,1.0,0.0,0.0,0.0,0.0,0.0,1.0,0.0,0.0
106.6634361,10.7503634,11074,0.0,1.0,0.0,0.0,0.0,0.0,0.0,1.0,0.0,0.0
106.6840159,10.7551075,11075,0.0,1.0,0.0,0.0,0.0,0.0,0.0,1.0,0.0,0.0
106.6841957,10.7545595,11076,0.0,1.0,0.0,0.0,0.0,0.0,0.0,1.0,0.0,0.0
106.683965,10.7552621,11077,0.0,1.0,0.0,0.0,0.0,0.0,0.0,1.0,0.0,0.0
106.6832694,10.7520338,11078,0.0,1.0,0.0,0.0,0.0,0.0,0.0,1.0,0.0,0.0
106.6767071,10.7547407,11079,0.0,1.0,0.0,0.0,0.0,0.0,0.0,1.0,0.0,0.0
106.6766245,10.7549926,11080,0.0,1.0,0.0,0.0,0.0,0.0,0.0,1.0,0.0,0.0
106.6752333,10.7537583,11081,0.0,1.0,0.0,0.0,0.0,0.0,0.0,1.0,0.0,0.0
106.6740137,10.7534376,11082,0.0,1.0,0.0,0.0,0.0,0.0,0.0,1.0,0.0,0.0
106.6728719,10.7531446,11083,0.0,1.0,0.0,0.0,0.0,0.0,0.0,1.0,0.0,0.0
106.6704919,10.7539789,11084,0.0,1.0,0.0,0.0,0.0,0.0,0.0,1.0,0.0,0.0
106.6711582,10.7528838,11085,0.0,1.0,0.0,0.0,0.0,0.0,0.0,1.0,0.0,0.0
106.6605654,10.7520188,11086,0.0,1.0,0.0,0.0,0.0,0.0,0.0,1.0,0.0,0.0
106.6580656,10.7520028,11087,0.0,1.0,0.0,0.0,0.0,0.0,0.0,1.0,0.0,0.0
106.6673772,10.7525288,11088,0.0,1.0,0.0,0.0,0.0,0.0,0.0,1.0,0.0,0.0
106.6679677,10.7525828,11089,0.0,1.0,0.0,0.0,0.0,0.0,0.0,1.0,0.0,0.0
106.6683427,10.7526037,11090,0.0,1.0,0.0,0.0,0.0,0.0,0.0,1.0,0.0,0.0
106.6634086,10.7501275,11091,0.0,1.0,0.0,0.0,0.0,0.0,0.0,1.0,0.0,0.0
106.663595,10.7500879,11092,0.0,1.0,0.0,0.0,0.0,0.0,0.0,1.0,0.0,0.0
106.661761,10.7520598,11093,0.0,1.0,0.0,0.0,0.0,0.0,0.0,1.0,0.0,0.0
106.6590317,10.7519402,11094,0.0,1.0,0.0,0.0,0.0,0.0,0.0,1.0,0.0,0.0
106.658894,10.7519097,11095,0.0,1.0,0.0,0.0,0.0,0.0,0.0,1.0,0.0,0.0
106.6668579,10.7517792,11096,0.0,1.0,0.0,0.0,0.0,0.0,0.0,1.0,0.0,0.0
106.6669932,10.750734,11097,0.0,1.0,0.0,0.0,0.0,0.0,0.0,1.0,0.0,0.0
106.6694519,10.7537984,11098,0.0,1.0,0.0,0.0,0.0,0.0,0.0,1.0,0.0,0.0
106.6680761,10.7525817,11099,0.0,1.0,0.0,0.0,0.0,0.0,0.0,1.0,0.0,0.0
106.669068,10.7545269,11100,0.0,1.0,0.0,0.0,0.0,0.0,0.0,1.0,0.0,0.0
106.6695428,10.7549959,11101,0.0,1.0,0.0,0.0,0.0,0.0,0.0,1.0,0.0,0.0
106.6666573,10.7533937,11102,0.0,1.0,0.0,0.0,0.0,0.0,0.0,1.0,0.0,0.0
106.665413,10.7537854,11103,0.0,1.0,0.0,0.0,0.0,0.0,0.0,1.0,0.0,0.0
106.6645963,10.7536215,11104,0.0,1.0,0.0,0.0,0.0,0.0,0.0,1.0,0.0,0.0
106.6645562,10.7556369,11105,0.0,1.0,0.0,0.0,0.0,0.0,0.0,1.0,0.0,0.0
106.6642123,10.7555711,11106,0.0,1.0,0.0,0.0,0.0,0.0,0.0,1.0,0.0,0.0
106.6642633,10.7528813,11107,0.0,1.0,0.0,0.0,0.0,0.0,0.0,1.0,0.0,0.0
106.6647438,10.755673,11108,0.0,1.0,0.0,0.0,0.0,0.0,0.0,1.0,0.0,0.0
106.6667664,10.752477,11109,0.0,1.0,0.0,0.0,0.0,0.0,0.0,1.0,0.0,0.0
106.666583,10.7540183,11110,0.0,1.0,0.0,0.0,0.0,0.0,0.0,1.0,0.0,0.0
106.6694462,10.7537337,11111,0.0,1.0,0.0,0.0,0.0,0.0,0.0,1.0,0.0,0.0
106.6689261,10.7462542,11112,0.0,1.0,0.0,0.0,0.0,0.0,0.0,1.0,0.0,0.0
106.6682445,10.7461296,11113,0.0,1.0,0.0,0.0,0.0,0.0,0.0,1.0,0.0,0.0
106.6007596,10.7222992,11114,0.0,1.0,0.0,0.0,0.0,0.0,0.0,1.0,0.0,0.0
106.6003819,10.7223515,11115,0.0,1.0,0.0,0.0,0.0,0.0,0.0,1.0,0.0,0.0
106.5406398,10.7495136,11116,0.0,1.0,0.0,0.0,0.0,0.0,0.0,1.0,0.0,0.0
106.540609,10.749453,11117,0.0,1.0,0.0,0.0,0.0,0.0,0.0,1.0,0.0,0.0
106.6215954,10.7439748,11118,0.0,1.0,0.0,0.0,0.0,0.0,0.0,1.0,0.0,0.0
106.6663435,10.7562764,11119,0.0,1.0,0.0,0.0,0.0,0.0,0.0,1.0,0.0,0.0
106.6751466,10.7655052,11120,0.0,1.0,0.0,0.0,0.0,0.0,0.0,1.0,0.0,0.0
106.6751486,10.7655005,11121,0.0,1.0,0.0,0.0,0.0,0.0,0.0,1.0,0.0,0.0
106.6751894,10.76552,11122,0.0,1.0,0.0,0.0,0.0,0.0,0.0,1.0,0.0,0.0
106.6678745,10.7640236,11123,0.0,1.0,0.0,0.0,0.0,0.0,0.0,1.0,0.0,0.0
106.668384,10.7564589,11124,0.0,1.0,0.0,0.0,0.0,0.0,0.0,1.0,0.0,0.0
106.6850158,10.8252461,11125,0.0,1.0,0.0,0.0,0.0,0.0,0.0,1.0,0.0,0.0
106.6415157,10.8433887,11126,0.0,1.0,0.0,0.0,0.0,0.0,0.0,1.0,0.0,0.0
106.6447041,10.8458931,11127,0.0,1.0,0.0,0.0,0.0,0.0,0.0,1.0,0.0,0.0
106.6717917,10.8085272,11128,0.0,1.0,0.0,0.0,0.0,0.0,0.0,1.0,0.0,0.0
106.6733454,10.8081111,11129,0.0,1.0,0.0,0.0,0.0,0.0,0.0,1.0,0.0,0.0
106.6956083,10.7823851,11130,0.0,1.0,0.0,0.0,0.0,0.0,0.0,1.0,0.0,0.0
106.6531615,10.8428806,11131,0.0,1.0,0.0,0.0,0.0,0.0,0.0,1.0,0.0,0.0
106.6541251,10.8426524,11132,0.0,1.0,0.0,0.0,0.0,0.0,0.0,1.0,0.0,0.0
106.6460816,10.8401903,11133,0.0,1.0,0.0,0.0,0.0,0.0,0.0,1.0,0.0,0.0
106.6516528,10.8381774,11134,0.0,1.0,0.0,0.0,0.0,0.0,0.0,1.0,0.0,0.0
106.6518656,10.8381234,11135,0.0,1.0,0.0,0.0,0.0,0.0,0.0,1.0,0.0,0.0
106.6521633,10.8380478,11136,0.0,1.0,0.0,0.0,0.0,0.0,0.0,1.0,0.0,0.0
106.6531853,10.8377948,11137,0.0,1.0,0.0,0.0,0.0,0.0,0.0,1.0,0.0,0.0
106.6540891,10.8375682,11138,0.0,1.0,0.0,0.0,0.0,0.0,0.0,1.0,0.0,0.0
106.655211,10.8372959,11139,0.0,1.0,0.0,0.0,0.0,0.0,0.0,1.0,0.0,0.0
106.6548106,10.8373876,11140,0.0,1.0,0.0,0.0,0.0,0.0,0.0,1.0,0.0,0.0
106.6718066,10.8085305,11141,0.0,1.0,0.0,0.0,0.0,0.0,0.0,1.0,0.0,0.0
106.6718022,10.8085216,11142,0.0,1.0,0.0,0.0,0.0,0.0,0.0,1.0,0.0,0.0
106.6726201,10.8326355,11143,0.0,1.0,0.0,0.0,0.0,0.0,0.0,1.0,0.0,0.0
106.6702013,10.833518,11144,0.0,1.0,0.0,0.0,0.0,0.0,0.0,1.0,0.0,0.0
106.66736,10.8324171,11145,0.0,1.0,0.0,0.0,0.0,0.0,0.0,1.0,0.0,0.0
106.6665387,10.8330646,11146,0.0,1.0,0.0,0.0,0.0,0.0,0.0,1.0,0.0,0.0
106.6650283,10.8341531,11147,0.0,1.0,0.0,0.0,0.0,0.0,0.0,1.0,0.0,0.0
106.6646867,10.8343864,11148,0.0,1.0,0.0,0.0,0.0,0.0,0.0,1.0,0.0,0.0
106.6673259,10.8323659,11149,0.0,1.0,0.0,0.0,0.0,0.0,0.0,1.0,0.0,0.0
106.6685344,10.8314037,11150,0.0,1.0,0.0,0.0,0.0,0.0,0.0,1.0,0.0,0.0
106.6695742,10.8306701,11151,0.0,1.0,0.0,0.0,0.0,0.0,0.0,1.0,0.0,0.0
106.658427,10.7544476,11152,0.0,1.0,0.0,0.0,0.0,0.0,0.0,1.0,0.0,0.0
106.6583935,10.7541599,11153,0.0,1.0,0.0,0.0,0.0,0.0,0.0,1.0,0.0,0.0
106.6583035,10.7544243,11154,0.0,1.0,0.0,0.0,0.0,0.0,0.0,1.0,0.0,0.0
106.6584778,10.7544553,11155,0.0,1.0,0.0,0.0,0.0,0.0,0.0,1.0,0.0,0.0
106.6581506,10.7543986,11156,0.0,1.0,0.0,0.0,0.0,0.0,0.0,1.0,0.0,0.0
106.6583409,10.7546122,11157,0.0,1.0,0.0,0.0,0.0,0.0,0.0,1.0,0.0,0.0
106.6624346,10.8416419,11158,0.0,1.0,0.0,0.0,0.0,0.0,0.0,1.0,0.0,0.0
106.662784,10.8395711,11159,0.0,1.0,0.0,0.0,0.0,0.0,0.0,1.0,0.0,0.0
106.6601102,10.8360601,11160,0.0,1.0,0.0,0.0,0.0,0.0,0.0,1.0,0.0,0.0
106.6630745,10.8386422,11161,0.0,1.0,0.0,0.0,0.0,0.0,0.0,1.0,0.0,0.0
106.6629481,10.8351945,11162,0.0,1.0,0.0,0.0,0.0,0.0,0.0,1.0,0.0,0.0
106.6988521,10.7807858,11163,0.0,1.0,0.0,0.0,0.0,0.0,0.0,1.0,0.0,0.0
106.6669153,10.768159,11164,0.0,1.0,0.0,0.0,0.0,0.0,0.0,1.0,0.0,0.0
106.6669287,10.768132,11165,0.0,1.0,0.0,0.0,0.0,0.0,0.0,1.0,0.0,0.0
106.6441763,10.8415351,11166,0.0,1.0,0.0,0.0,0.0,0.0,0.0,1.0,0.0,0.0
106.653627,10.8571668,11167,0.0,1.0,0.0,0.0,0.0,0.0,0.0,1.0,0.0,0.0
106.6572986,10.854139,11168,0.0,1.0,0.0,0.0,0.0,0.0,0.0,1.0,0.0,0.0
106.6580095,10.8537877,11169,0.0,1.0,0.0,0.0,0.0,0.0,0.0,1.0,0.0,0.0
106.6622726,10.8514842,11170,0.0,1.0,0.0,0.0,0.0,0.0,0.0,1.0,0.0,0.0
106.6628597,10.8511142,11171,0.0,1.0,0.0,0.0,0.0,0.0,0.0,1.0,0.0,0.0
106.665042,10.8540101,11172,0.0,1.0,0.0,0.0,0.0,0.0,0.0,1.0,0.0,0.0
106.6642345,10.8502712,11173,0.0,1.0,0.0,0.0,0.0,0.0,0.0,1.0,0.0,0.0
106.6395559,10.8446822,11174,0.0,1.0,0.0,0.0,0.0,0.0,0.0,1.0,0.0,0.0
106.6375449,10.8460619,11175,0.0,1.0,0.0,0.0,0.0,0.0,0.0,1.0,0.0,0.0
106.6385563,10.8454044,11176,0.0,1.0,0.0,0.0,0.0,0.0,0.0,1.0,0.0,0.0
106.6653346,10.8495992,11177,0.0,1.0,0.0,0.0,0.0,0.0,0.0,1.0,0.0,0.0
106.6655624,10.8494589,11178,0.0,1.0,0.0,0.0,0.0,0.0,0.0,1.0,0.0,0.0
106.6674013,10.8483759,11179,0.0,1.0,0.0,0.0,0.0,0.0,0.0,1.0,0.0,0.0
106.6732507,10.8443794,11180,0.0,1.0,0.0,0.0,0.0,0.0,0.0,1.0,0.0,0.0
106.6602254,10.8523298,11181,0.0,1.0,0.0,0.0,0.0,0.0,0.0,1.0,0.0,0.0
106.6622383,10.8515063,11182,0.0,1.0,0.0,0.0,0.0,0.0,0.0,1.0,0.0,0.0
106.6193571,10.8011202,11183,0.0,1.0,0.0,0.0,0.0,0.0,0.0,1.0,0.0,0.0
106.665877,10.849265,11184,0.0,1.0,0.0,0.0,0.0,0.0,0.0,1.0,0.0,0.0
106.6660351,10.8491643,11185,0.0,1.0,0.0,0.0,0.0,0.0,0.0,1.0,0.0,0.0
106.6668133,10.8486966,11186,0.0,1.0,0.0,0.0,0.0,0.0,0.0,1.0,0.0,0.0
106.6689658,10.8474826,11187,0.0,1.0,0.0,0.0,0.0,0.0,0.0,1.0,0.0,0.0
106.6690972,10.847399,11188,0.0,1.0,0.0,0.0,0.0,0.0,0.0,1.0,0.0,0.0
106.6713416,10.8458076,11189,0.0,1.0,0.0,0.0,0.0,0.0,0.0,1.0,0.0,0.0
106.6662256,10.8386825,11190,0.0,1.0,0.0,0.0,0.0,0.0,0.0,1.0,0.0,0.0
106.6779402,10.8457751,11191,0.0,1.0,0.0,0.0,0.0,0.0,0.0,1.0,0.0,0.0
106.6761139,10.8422771,11192,0.0,1.0,0.0,0.0,0.0,0.0,0.0,1.0,0.0,0.0
106.6753161,10.8425719,11193,0.0,1.0,0.0,0.0,0.0,0.0,0.0,1.0,0.0,0.0
106.6754115,10.8395688,11194,0.0,1.0,0.0,0.0,0.0,0.0,0.0,1.0,0.0,0.0
106.6754407,10.8391802,11195,0.0,1.0,0.0,0.0,0.0,0.0,0.0,1.0,0.0,0.0
106.6776167,10.841349,11196,0.0,1.0,0.0,0.0,0.0,0.0,0.0,1.0,0.0,0.0
106.6785649,10.8406093,11197,0.0,1.0,0.0,0.0,0.0,0.0,0.0,1.0,0.0,0.0
106.6787021,10.8404762,11198,0.0,1.0,0.0,0.0,0.0,0.0,0.0,1.0,0.0,0.0
106.6791366,10.8398015,11199,0.0,1.0,0.0,0.0,0.0,0.0,0.0,1.0,0.0,0.0
106.6795234,10.8385782,11200,0.0,1.0,0.0,0.0,0.0,0.0,0.0,1.0,0.0,0.0
106.680977,10.8366308,11201,0.0,1.0,0.0,0.0,0.0,0.0,0.0,1.0,0.0,0.0
106.6500035,10.8607981,11202,0.0,1.0,0.0,0.0,0.0,0.0,0.0,1.0,0.0,0.0
106.6499288,10.860938,11203,0.0,1.0,0.0,0.0,0.0,0.0,0.0,1.0,0.0,0.0
106.6498564,10.8608806,11204,0.0,1.0,0.0,0.0,0.0,0.0,0.0,1.0,0.0,0.0
106.6499358,10.860743,11205,0.0,1.0,0.0,0.0,0.0,0.0,0.0,1.0,0.0,0.0
106.6760422,10.8403609,11206,0.0,1.0,0.0,0.0,0.0,0.0,0.0,1.0,0.0,0.0
106.7207787,10.733153,11207,0.0,1.0,0.0,0.0,0.0,0.0,0.0,1.0,0.0,0.0
106.7519936,10.7923857,11208,0.0,1.0,0.0,0.0,0.0,0.0,0.0,1.0,0.0,0.0
106.7522965,10.7938273,11209,0.0,1.0,0.0,0.0,0.0,0.0,0.0,1.0,0.0,0.0
106.7536837,10.7926848,11210,0.0,1.0,0.0,0.0,0.0,0.0,0.0,1.0,0.0,0.0
106.7555931,10.7939773,11211,0.0,1.0,0.0,0.0,0.0,0.0,0.0,1.0,0.0,0.0
106.7559715,10.7940783,11212,0.0,1.0,0.0,0.0,0.0,0.0,0.0,1.0,0.0,0.0
106.7643946,10.7957785,11213,0.0,1.0,0.0,0.0,0.0,0.0,0.0,1.0,0.0,0.0
106.7672441,10.7960294,11214,0.0,1.0,0.0,0.0,0.0,0.0,0.0,1.0,0.0,0.0
106.7649534,10.7957261,11215,0.0,1.0,0.0,0.0,0.0,0.0,0.0,1.0,0.0,0.0
106.755623,10.7933726,11216,0.0,1.0,0.0,0.0,0.0,0.0,0.0,1.0,0.0,0.0
106.7559349,10.7935165,11217,0.0,1.0,0.0,0.0,0.0,0.0,0.0,1.0,0.0,0.0
106.7567145,10.7941835,11218,0.0,1.0,0.0,0.0,0.0,0.0,0.0,1.0,0.0,0.0
106.7785534,10.7963773,11219,0.0,1.0,0.0,0.0,0.0,0.0,0.0,1.0,0.0,0.0
106.7750868,10.7961555,11220,0.0,1.0,0.0,0.0,0.0,0.0,0.0,1.0,0.0,0.0
106.7760321,10.7961184,11221,0.0,1.0,0.0,0.0,0.0,0.0,0.0,1.0,0.0,0.0
106.775074,10.7962415,11222,0.0,1.0,0.0,0.0,0.0,0.0,0.0,1.0,0.0,0.0
106.7886419,10.796707,11223,0.0,1.0,0.0,0.0,0.0,0.0,0.0,1.0,0.0,0.0
106.7523402,10.7925868,11224,0.0,1.0,0.0,0.0,0.0,0.0,0.0,1.0,0.0,0.0
106.7520759,10.7923834,11225,0.0,1.0,0.0,0.0,0.0,0.0,0.0,1.0,0.0,0.0
106.7519,10.7924075,11226,0.0,1.0,0.0,0.0,0.0,0.0,0.0,1.0,0.0,0.0
106.7517822,10.7921539,11227,0.0,1.0,0.0,0.0,0.0,0.0,0.0,1.0,0.0,0.0
106.8228468,10.7910273,11228,0.0,1.0,0.0,0.0,0.0,0.0,0.0,1.0,0.0,0.0
106.8227663,10.7909258,11229,0.0,1.0,0.0,0.0,0.0,0.0,0.0,1.0,0.0,0.0
106.849974,10.7859222,11230,0.0,1.0,0.0,0.0,0.0,0.0,0.0,1.0,0.0,0.0
106.8473249,10.7860991,11231,0.0,1.0,0.0,0.0,0.0,0.0,0.0,1.0,0.0,0.0
106.8461539,10.7861329,11232,0.0,1.0,0.0,0.0,0.0,0.0,0.0,1.0,0.0,0.0
106.8461583,10.7862412,11233,0.0,1.0,0.0,0.0,0.0,0.0,0.0,1.0,0.0,0.0
106.6899895,10.7389429,11234,0.0,1.0,0.0,0.0,0.0,0.0,0.0,1.0,0.0,0.0
106.6898242,10.7388679,11235,0.0,1.0,0.0,0.0,0.0,0.0,0.0,1.0,0.0,0.0
106.8081829,10.8734235,11236,0.0,1.0,0.0,0.0,0.0,0.0,0.0,1.0,0.0,0.0
106.8093845,10.8743054,11237,0.0,1.0,0.0,0.0,0.0,0.0,0.0,1.0,0.0,0.0
106.8093871,10.8744233,11238,0.0,1.0,0.0,0.0,0.0,0.0,0.0,1.0,0.0,0.0
106.8089903,10.8745106,11239,0.0,1.0,0.0,0.0,0.0,0.0,0.0,1.0,0.0,0.0
106.6558084,10.7989425,11240,0.0,1.0,0.0,0.0,0.0,0.0,0.0,1.0,0.0,0.0
106.6620303,10.7744333,11241,0.0,1.0,0.0,0.0,0.0,0.0,0.0,1.0,0.0,0.0
106.647104,10.7706315,11242,0.0,1.0,0.0,0.0,0.0,0.0,0.0,1.0,0.0,0.0
106.6512475,10.7791707,11243,0.0,1.0,0.0,0.0,0.0,0.0,0.0,1.0,0.0,0.0
106.6493609,10.7580252,11244,0.0,1.0,0.0,0.0,0.0,0.0,0.0,1.0,0.0,0.0
106.6470768,10.7538533,11245,0.0,1.0,0.0,0.0,0.0,0.0,0.0,1.0,0.0,0.0
106.6559796,10.7622439,11246,0.0,1.0,0.0,0.0,0.0,0.0,0.0,1.0,0.0,0.0
106.640708,10.7674045,11247,0.0,1.0,0.0,0.0,0.0,0.0,0.0,1.0,0.0,0.0
106.6414568,10.7684973,11248,0.0,1.0,0.0,0.0,0.0,0.0,0.0,1.0,0.0,0.0
106.6463338,10.7687858,11249,0.0,1.0,0.0,0.0,0.0,0.0,0.0,1.0,0.0,0.0
106.6487228,10.7667996,11250,0.0,1.0,0.0,0.0,0.0,0.0,0.0,1.0,0.0,0.0
106.6485097,10.7666563,11251,0.0,1.0,0.0,0.0,0.0,0.0,0.0,1.0,0.0,0.0
106.648333,10.7665374,11252,0.0,1.0,0.0,0.0,0.0,0.0,0.0,1.0,0.0,0.0
106.6529706,10.7584763,11253,0.0,1.0,0.0,0.0,0.0,0.0,0.0,1.0,0.0,0.0
106.654511,10.7608122,11254,0.0,1.0,0.0,0.0,0.0,0.0,0.0,1.0,0.0,0.0
106.6536009,10.760319,11255,0.0,1.0,0.0,0.0,0.0,0.0,0.0,1.0,0.0,0.0
106.6570815,10.7590715,11256,0.0,1.0,0.0,0.0,0.0,0.0,0.0,1.0,0.0,0.0
106.6600672,10.7581101,11257,0.0,1.0,0.0,0.0,0.0,0.0,0.0,1.0,0.0,0.0
106.6602153,10.7581397,11258,0.0,1.0,0.0,0.0,0.0,0.0,0.0,1.0,0.0,0.0
106.6605532,10.7601241,11259,0.0,1.0,0.0,0.0,0.0,0.0,0.0,1.0,0.0,0.0
106.6590053,10.7597892,11260,0.0,1.0,0.0,0.0,0.0,0.0,0.0,1.0,0.0,0.0
106.6556362,10.7614218,11261,0.0,1.0,0.0,0.0,0.0,0.0,0.0,1.0,0.0,0.0
106.6472058,10.7752328,11262,0.0,1.0,0.0,0.0,0.0,0.0,0.0,1.0,0.0,0.0
106.6469378,10.7752287,11263,0.0,1.0,0.0,0.0,0.0,0.0,0.0,1.0,0.0,0.0
106.6475046,10.7754104,11264,0.0,1.0,0.0,0.0,0.0,0.0,0.0,1.0,0.0,0.0
106.6470365,10.7760618,11265,0.0,1.0,0.0,0.0,0.0,0.0,0.0,1.0,0.0,0.0
106.6427174,10.775413,11266,0.0,1.0,0.0,0.0,0.0,0.0,0.0,1.0,0.0,0.0
106.6424445,10.775574,11267,0.0,1.0,0.0,0.0,0.0,0.0,0.0,1.0,0.0,0.0
106.6446161,10.7795042,11268,0.0,1.0,0.0,0.0,0.0,0.0,0.0,1.0,0.0,0.0
106.644014,10.7803788,11269,0.0,1.0,0.0,0.0,0.0,0.0,0.0,1.0,0.0,0.0
106.6431447,10.7817504,11270,0.0,1.0,0.0,0.0,0.0,0.0,0.0,1.0,0.0,0.0
106.6398204,10.7783545,11271,0.0,1.0,0.0,0.0,0.0,0.0,0.0,1.0,0.0,0.0
106.6376071,10.7748276,11272,0.0,1.0,0.0,0.0,0.0,0.0,0.0,1.0,0.0,0.0
106.6515721,10.7694596,11273,0.0,1.0,0.0,0.0,0.0,0.0,0.0,1.0,0.0,0.0
106.6461246,10.7720685,11274,0.0,1.0,0.0,0.0,0.0,0.0,0.0,1.0,0.0,0.0
106.6212624,10.8329895,11275,0.0,1.0,0.0,0.0,0.0,0.0,0.0,1.0,0.0,0.0
106.6315024,10.7703714,11276,0.0,1.0,0.0,0.0,0.0,0.0,0.0,1.0,0.0,0.0
106.641731,10.7716186,11277,0.0,1.0,0.0,0.0,0.0,0.0,0.0,1.0,0.0,0.0
106.6775747,10.7943378,11278,0.0,1.0,0.0,0.0,0.0,0.0,0.0,1.0,0.0,0.0
106.6777187,10.7942276,11279,0.0,1.0,0.0,0.0,0.0,0.0,0.0,1.0,0.0,0.0
106.6777789,10.7941581,11280,0.0,1.0,0.0,0.0,0.0,0.0,0.0,1.0,0.0,0.0
106.6780896,10.7941558,11281,0.0,1.0,0.0,0.0,0.0,0.0,0.0,1.0,0.0,0.0
106.8257234,10.7230616,11282,0.0,1.0,0.0,0.0,0.0,0.0,0.0,1.0,0.0,0.0
106.8254233,10.7210904,11283,0.0,1.0,0.0,0.0,0.0,0.0,0.0,1.0,0.0,0.0
106.826015,10.724781,11284,0.0,1.0,0.0,0.0,0.0,0.0,0.0,1.0,0.0,0.0
106.8277095,10.6936573,11285,0.0,1.0,0.0,0.0,0.0,0.0,0.0,1.0,0.0,0.0
106.6623124,10.7918262,11286,0.0,1.0,0.0,0.0,0.0,0.0,0.0,1.0,0.0,0.0
106.6435348,10.7567606,11287,0.0,1.0,0.0,0.0,0.0,0.0,0.0,1.0,0.0,0.0
106.6459933,10.7563049,11288,0.0,1.0,0.0,0.0,0.0,0.0,0.0,1.0,0.0,0.0
106.6470939,10.7581698,11289,0.0,1.0,0.0,0.0,0.0,0.0,0.0,1.0,0.0,0.0
106.6475426,10.7571421,11290,0.0,1.0,0.0,0.0,0.0,0.0,0.0,1.0,0.0,0.0
106.6485878,10.7577142,11291,0.0,1.0,0.0,0.0,0.0,0.0,0.0,1.0,0.0,0.0
106.6521533,10.7582984,11292,0.0,1.0,0.0,0.0,0.0,0.0,0.0,1.0,0.0,0.0
106.6525029,10.7583745,11293,0.0,1.0,0.0,0.0,0.0,0.0,0.0,1.0,0.0,0.0
106.6535657,10.757903,11294,0.0,1.0,0.0,0.0,0.0,0.0,0.0,1.0,0.0,0.0
106.6528658,10.7584535,11295,0.0,1.0,0.0,0.0,0.0,0.0,0.0,1.0,0.0,0.0
106.6536216,10.7573572,11296,0.0,1.0,0.0,0.0,0.0,0.0,0.0,1.0,0.0,0.0
106.6570835,10.7589969,11297,0.0,1.0,0.0,0.0,0.0,0.0,0.0,1.0,0.0,0.0
106.6581875,10.7596114,11298,0.0,1.0,0.0,0.0,0.0,0.0,0.0,1.0,0.0,0.0
106.6582987,10.7596357,11299,0.0,1.0,0.0,0.0,0.0,0.0,0.0,1.0,0.0,0.0
106.6512145,10.7574605,11300,0.0,1.0,0.0,0.0,0.0,0.0,0.0,1.0,0.0,0.0
106.6470484,10.7735089,11301,0.0,1.0,0.0,0.0,0.0,0.0,0.0,1.0,0.0,0.0
106.647363,10.7739614,11302,0.0,1.0,0.0,0.0,0.0,0.0,0.0,1.0,0.0,0.0
106.6474449,10.774072,11303,0.0,1.0,0.0,0.0,0.0,0.0,0.0,1.0,0.0,0.0
106.6477062,10.7751344,11304,0.0,1.0,0.0,0.0,0.0,0.0,0.0,1.0,0.0,0.0
106.6478427,10.774817,11305,0.0,1.0,0.0,0.0,0.0,0.0,0.0,1.0,0.0,0.0
106.6477113,10.7744354,11306,0.0,1.0,0.0,0.0,0.0,0.0,0.0,1.0,0.0,0.0
106.6468675,10.7707438,11307,0.0,1.0,0.0,0.0,0.0,0.0,0.0,1.0,0.0,0.0
106.646762,10.7707968,11308,0.0,1.0,0.0,0.0,0.0,0.0,0.0,1.0,0.0,0.0
106.6453294,10.7709276,11309,0.0,1.0,0.0,0.0,0.0,0.0,0.0,1.0,0.0,0.0
106.6454974,10.7711645,11310,0.0,1.0,0.0,0.0,0.0,0.0,0.0,1.0,0.0,0.0
106.6462985,10.7687266,11311,0.0,1.0,0.0,0.0,0.0,0.0,0.0,1.0,0.0,0.0
106.6468344,10.7696411,11312,0.0,1.0,0.0,0.0,0.0,0.0,0.0,1.0,0.0,0.0
106.6446207,10.7659998,11313,0.0,1.0,0.0,0.0,0.0,0.0,0.0,1.0,0.0,0.0
