id,s_node_id,e_node_id
0,1293,5468660805
1,5468660805,5738158916
2,5738158916,5738158918
3,5738158918,5738158912
4,5738158912,5758104203
5,5758104203,2242413001
6,2242413001,4066528708
7,4066528708,4066528709
8,4066528709,4066528710
9,4066528710,2242412994
10,366459052,5764885888
11,5764885888,366459052
12,370818177,1876
13,1876,370818177
14,947,5627450801
15,5627450801,947
16,5627450801,3376089936
17,3376089936,5627450801
18,3376089936,3376089932
19,3376089932,3376089936
20,3376089932,366439221
21,366439221,3376089932
22,366439221,366380944
23,366380944,366439221
24,366380944,663
25,663,366380944
0,663,512
27,512,663
28,512,366423483
29,366423483,512
30,366423483,366450784
31,366450784,366423483
32,3926,9525
1,1179,5601
34,5601,1179
35,5601,3792257831
36,3792257831,5601
37,3792257831,366463672
38,366463672,3792257831
39,366463672,3792257838
40,3792257838,366463672
41,3792257838,366384239
42,366384239,3792257838
43,366384239,5755039428
44,5755039428,366384239
45,5755039428,5755038392
46,5755038392,5755039428
47,5755038392,5753492074
48,5753492074,5755038392
49,5753492074,366458287
50,366458287,5753492074
51,366458287,5753492033
52,5753492033,366458287
53,5753492033,5753492029
54,5753492029,5753492033
55,5753492029,5753492079
56,5753492079,5753492029
57,5753492079,5753492027
58,5753492027,5753492079
59,5753492027,3117088701
60,3117088701,5753492027
61,3117088701,366412402
62,366412402,3117088701
63,366412402,2951390230
64,2951390230,366412402
65,2951390230,377
66,377,2951390230
2,377,8976
68,8976,377
69,2637,11094
3,11094,6619
4,840,8429
72,8429,840
73,8429,5738173335
74,5738173335,8429
75,5738173335,366443557
76,366443557,5738173335
77,366443557,366384640
78,366384640,366443557
79,366384640,3178488394
80,3178488394,366384640
81,3178488394,5738009492
82,5738009492,3178488394
83,5738009492,366379430
84,366379430,5738009492
85,366379430,5738009784
86,5738009784,366379430
87,5738009784,366387752
88,366387752,5738009784
89,366387752,366459285
90,366459285,366387752
91,366459285,3132376473
92,3132376473,366459285
93,3132376473,366413703
94,366413703,3132376473
95,366413703,5738009792
96,5738009792,366413703
97,5738009792,5738009463
98,5738009463,5738009792
99,5738009463,1834115934
100,1834115934,5738009463
101,1834115934,3132377806
102,3132377806,1834115934
103,3132377806,1834115957
104,1834115957,3132377806
105,1834115957,366379323
106,366379323,1834115957
107,366379323,1834116012
108,1834116012,366379323
109,1834116012,366429522
110,366429522,1834116012
111,366429522,366437501
112,366437501,366429522
113,366437501,366374275
114,366374275,366437501
115,366374275,5738009472
116,5738009472,366374275
117,5738009472,366391073
118,366391073,5738009472
119,366391073,5738009436
120,5738009436,366391073
121,5738009436,4947228847
122,4947228847,5738009436
123,4947228847,5738009815
124,5738009815,4947228847
125,5738009815,4947228892
126,4947228892,5738009815
127,4947228892,3178488395
128,3178488395,4947228892
129,3178488395,5742400014
130,5742400014,3178488395
131,5742400014,5742400015
132,5742400015,5742400014
133,5742400015,5742400013
134,5742400013,5742400015
135,5742400013,5742399954
136,5742399954,5742400013
137,5742399954,5742930978
138,5742930978,5742399954
139,5742930978,5742930981
140,5742930981,5742930978
141,5742930981,5743072788
142,5743072788,5742930981
143,5743072788,5742400016
144,5742400016,5743072788
145,5742400016,5738009486
146,5738009486,5742400016
147,366465467,366466938
148,366466938,366465467
149,366466938,366416812
150,366416812,366466938
151,366416812,5753017390
152,5753017390,366416812
153,5753017390,366478059
154,366478059,5753017390
155,366478059,366472951
156,366472951,366478059
157,1894608446,3202462314
158,3202462314,2351843539
159,2351843539,3202462315
160,3202462315,5046
5,5046,5047
162,5047,3202462318
163,3202462318,3202462319
164,3202462319,2344021182
165,2344021182,2344021186
166,2344021186,2345121528
167,9797,4638968132
168,4638968132,9797
169,4638968132,4638968130
170,4638968130,4638968132
171,4638968130,3522
172,3522,4638968130
6,3522,6856
174,6856,3522
7,6856,6857
176,6857,6856
8,6857,10169
178,10169,6857
9,10169,688
180,688,10169
10,688,10168
182,10168,688
183,10168,4544
11,4544,10168
12,9793,463
186,463,9793
187,463,366448126
188,366448126,463
189,366448126,366471682
190,366471682,366448126
191,366471682,2299416634
192,2299416634,366471682
193,2299416634,366458681
194,366458681,2299416634
195,366458681,5092125129
196,5092125129,366458681
197,5092125129,5772608673
198,5772608673,5092125129
199,5772608673,2289930264
200,2289930264,5772608673
201,2289930264,2289930268
202,2289930268,2289930264
203,2289930268,10167
204,10167,2289930268
205,10167,3285
13,3285,10167
14,592,10877
208,10877,592
209,10877,366433066
210,366433066,10877
211,366433066,5802629803
212,5802629803,366433066
213,5802629803,366458143
214,366458143,5802629803
215,366458143,366393555
216,366393555,366458143
217,366393555,5802629840
218,5802629840,366393555
219,5802629840,366402184
220,366402184,5802629840
221,366402184,5802629852
222,5802629852,366402184
223,5802629852,366468672
224,366468672,5802629852
225,366468672,366371573
226,366371573,366468672
227,366371573,366445679
228,366445679,366371573
229,366445679,366388871
230,366388871,366445679
231,366388871,3702562245
232,3702562245,366388871
233,3702562245,366441227
234,366441227,3702562245
235,366441227,3702562253
236,3702562253,366441227
237,3702562253,366397907
238,366397907,3702562253
239,366397907,366440080
240,366440080,366397907
241,366440080,366397092
242,366397092,366440080
243,366397092,3702562261
244,3702562261,366397092
245,3702562261,3702562266
246,3702562266,3702562261
247,3702562266,2153156491
248,2153156491,3702562266
249,2153156491,3702562272
250,3702562272,2153156491
251,3702562272,3702562273
252,3702562273,3702562272
253,3702562273,373515972
254,373515972,3702562273
255,1499680420,366446011
256,366446011,1499680420
257,366446011,366384662
258,366384662,366446011
259,366384662,366467423
260,366467423,366384662
261,366467423,366406435
262,366406435,366467423
263,366406435,366474955
264,366474955,366406435
265,366474955,366471797
266,366471797,366474955
267,366471797,366379815
268,366379815,366471797
269,366379815,366403239
270,366403239,366379815
271,366403239,5870005756
272,5870005756,366403239
273,5870005756,366416720
274,366416720,5870005756
275,366416720,366441952
276,366441952,366416720
277,366441952,366451214
278,366451214,366441952
279,366451214,5870005755
280,5870005755,366451214
281,5870005755,366407635
282,366407635,5870005755
283,366407635,366378798
284,366378798,366407635
285,366378798,366449371
286,366449371,366378798
287,366449371,366401789
288,366401789,366449371
289,2380787693,571360922
290,571360922,2380787693
291,571360922,2027430774
292,2027430774,571360922
293,2027430774,1588330159
294,1588330159,2027430774
295,1588330159,1767169484
296,1767169484,1588330159
297,1767169484,2414
298,2414,1767169484
15,2414,2767
300,2767,2414
301,2767,5811504011
302,5811504011,2767
303,5811504011,1588330158
304,1588330158,5811504011
305,1588330158,1780010929
306,1780010929,1588330158
307,1780010929,2415
308,2415,1780010929
16,2415,600
310,600,2415
311,600,366445426
312,366445426,600
313,5811481199,366458655
314,366458655,5811481222
315,5811481222,366464906
316,366464906,366399473
317,366399473,5811633341
318,5811633341,2443911436
319,366423209,366425211
320,366425211,366423209
321,366425211,1793489507
322,1793489507,366425211
323,1793489507,1768302611
324,1768302611,1793489507
325,1768302611,2377612111
326,2377612111,1768302611
327,2377612111,2934154431
328,2934154431,2377612111
329,2934154431,10780
330,10780,2934154431
331,366377556,366476528
332,366476528,366377556
333,366476528,366383979
334,366383979,366476528
335,366383979,5751026150
336,5751026150,366383979
337,5751026150,5751066549
338,5751066549,5751026150
339,5751066549,5751066550
340,5751066550,5751066549
341,5751066550,5751066340
342,5751066340,5751066550
343,5751066340,5751066343
344,5751066343,5751066340
345,5751066343,366461778
346,366461778,5751066343
347,366461778,5751025919
348,5751025919,366461778
349,5751025919,366467478
350,366467478,5751025919
351,366467478,366432321
352,366432321,366467478
353,366432321,5751066346
354,5751066346,366432321
355,5751066346,5751066396
356,5751066396,5751066346
357,5751066396,366449158
358,366449158,5751066396
359,366449158,5751063510
360,5751063510,366449158
361,5751063510,5751063514
362,5751063514,5751063510
363,5751063514,5751143094
364,5751143094,5751063514
365,5751143094,2869800830
366,2869800830,5751143094
367,366472795,5750869014
368,5750869014,366472795
369,5750869014,5751137067
370,5751137067,5750869014
371,5751137067,366408039
372,366408039,5751137067
373,366408039,5751137055
374,5751137055,366408039
375,5751137055,5751137033
376,5751137033,5751137055
377,5751137033,366472737
378,366472737,5751137033
379,366472737,366455755
380,366455755,366472737
381,366455755,4178551930
382,4178551930,366455755
383,4178551930,5751136794
384,5751136794,4178551930
385,5751136794,366412371
386,366412371,5751136794
387,366412371,5751200979
388,5751200979,366412371
389,5751200979,5751186931
390,5751186931,5751200979
391,5751186931,5751186930
392,5751186930,5751186931
393,5751186930,366392589
394,366392589,5751186930
395,366392589,366456953
396,366456953,366392589
397,366456953,5751186815
398,5751186815,366456953
399,5751186815,366386122
400,366386122,5751186815
401,366386122,5751186783
402,5751186783,366386122
403,5751186783,5751186781
404,5751186781,5751186783
405,5751186781,366468957
406,366468957,5751186781
407,366468957,366461678
408,366461678,366468957
409,366461678,366460717
410,366460717,366461678
411,366460717,366414558
412,366414558,366460717
413,5151366694,5151366692
414,5151366692,3174416228
415,3174416228,5360400688
416,5360400688,5751100724
417,5751100724,3242682808
418,3242682808,5716655824
419,5716655824,5751100726
420,5751100726,5716655822
421,5716655822,366459518
422,366459518,5360400694
423,5360400694,7726
17,7726,8103
425,1986,2353
426,2353,1986
427,2353,2359
18,2359,2353
429,2359,927
19,927,2359
431,939,7362
20,7362,939
21,7362,6433
22,6433,7362
23,6433,719
24,719,6433
25,719,11107
26,11107,719
27,11107,6432
28,6432,11107
29,10793,10792
442,10792,5075576716
443,5075576716,5075577021
444,5075577021,5075577027
445,5075577027,5075577025
446,5075577025,2430257155
447,2430257155,4984435625
448,4984435625,5811666190
449,5811666190,2389075913
450,2389075913,366424989
451,366424989,5811552460
452,5811552460,4984435621
453,4984435621,2439978585
454,2439978585,4984435623
455,4984435623,1802527676
456,1802527676,366432834
457,4617758062,5767275139
458,5767275139,4617758062
459,5767275139,3156045477
460,3156045477,5767275139
461,3156045477,5767275404
462,5767275404,3156045477
463,5767275404,5767275408
464,5767275408,5767275404
465,5767275408,2049210204
466,2049210204,5767275408
467,2049210204,5767275130
468,5767275130,2049210204
469,5767275130,3156074818
470,3156074818,5767275130
471,3156074818,5767275378
472,5767275378,3156074818
473,5767275378,4988329147
474,4988329147,5767275378
475,4988329147,2049210160
476,2049210160,4988329147
477,2049210160,5109568366
478,5109568366,2049210160
479,5109568366,5767275142
480,5767275142,5109568366
481,5767275142,3156074819
482,3156074819,5767275142
483,3156074819,2049210179
484,2049210179,3156074819
485,2049210179,5767275461
486,5767275461,2049210179
487,5767275461,366450788
488,366450788,5767275461
489,366450788,5109568364
490,5109568364,366450788
491,5109568364,5767420511
492,5767420511,5109568364
493,5767420511,3156074820
494,3156074820,5767420511
495,3156074820,5767488920
496,5767488920,3156074820
497,5767488920,366438005
498,366438005,5767488920
499,366372192,3029263428
500,3029263428,366372192
501,3029263428,4886880262
502,4886880262,3029263428
503,4886880262,366434560
504,366434560,4886880262
505,366434560,5735324601
506,5735324601,366434560
507,5735324601,5735324599
508,5735324599,5735324601
509,5735324599,366379945
510,366379945,5735324599
511,366379945,366419624
512,366419624,366379945
513,366419624,4886880270
514,4886880270,366419624
515,4886880270,366379045
516,366379045,4886880270
517,366379045,1605322494
518,1605322494,366379045
519,1605322494,5735324580
520,5735324580,1605322494
521,3874,4871947798
522,4871947798,3874
523,4871947798,3771486738
524,3771486738,4871947798
525,3771486738,366479279
526,366479279,3771486738
527,366479279,3771486740
528,3771486740,366479279
529,3771486740,2084678169
530,2084678169,3771486740
531,2084678169,3771485041
532,3771485041,2084678169
533,3771485041,366450180
534,366450180,3771485041
535,366450180,5767053336
536,5767053336,366450180
537,5767053336,5767053338
538,5767053338,5767053336
539,5767053338,3178335372
540,3178335372,5767053338
541,3178335372,3771485022
542,3771485022,3178335372
543,3771485022,3771485019
544,3771485019,3771485022
545,3771485019,3771485027
546,3771485027,3771485019
547,3771485027,3771486745
548,3771486745,3771485027
549,3771486745,3771485025
550,3771485025,3771486745
551,3771485025,2084678175
552,2084678175,3771485025
553,2084678175,366403969
554,366403969,2084678175
555,366403969,366384461
556,366384461,366403969
557,366384461,366450557
558,366450557,366384461
559,366450557,2930599204
560,2930599204,366450557
561,2930599204,806
562,806,2930599204
563,806,4062
564,4062,806
565,4062,4979
30,4979,4062
567,4979,366463782
568,366463782,4979
569,366463782,2495747992
570,2495747992,366463782
571,2495747992,5769329867
572,5769329867,2495747992
573,5769329867,366372400
574,366372400,5769329867
575,366372400,3771444886
576,3771444886,366372400
577,3771444886,366427031
578,366427031,3771444886
579,366427031,366390601
580,366390601,366427031
581,366390601,366379315
582,366379315,366390601
583,366379315,366442969
584,366442969,366379315
585,366442969,366378823
586,366378823,366442969
587,366378823,366421480
588,366421480,366378823
589,366421480,2084678252
590,2084678252,366421480
591,2084678252,366371936
592,366371936,2084678252
593,366371936,2084678211
594,2084678211,366371936
595,2084678211,366385241
596,366385241,2084678211
597,366385241,366406127
598,366406127,366385241
599,2040317336,2040317139
600,2040317139,2040317336
601,2040317139,2040317349
602,2040317349,2040317139
603,2040317349,366400788
604,366400788,2040317349
605,366400788,5674570695
606,5674570695,366400788
607,5674570695,366418141
608,366418141,5674570695
609,366418141,5764804967
610,5764804967,366418141
611,5764804967,366378323
612,366378323,5764804967
613,366378323,366431189
614,366431189,366378323
615,366431189,2040317157
616,2040317157,366431189
617,2040317157,366398403
618,366398403,2040317157
619,366398403,366379387
620,366379387,366398403
621,366379387,2040317316
622,2040317316,366379387
623,2040317316,2040317346
624,2040317346,2040317316
625,2040317346,366457989
626,366457989,2040317346
627,366457989,2040317287
628,2040317287,366457989
629,2040317287,2040317219
630,2040317219,2040317287
631,8335,5735791253
632,5735791253,5735791252
633,5735791252,2367
634,2040317336,2040317200
635,2040317200,2040317336
636,2040317200,366423122
637,366423122,2040317200
638,366423122,5674570686
639,5674570686,366423122
640,5674570686,2040317147
641,2040317147,5674570686
642,2040317147,2040317301
643,2040317301,2040317147
644,2040317301,366420808
645,366420808,2040317301
646,366420808,4202267066
647,4202267066,366420808
648,4202267066,4202267070
649,4202267070,4202267066
650,4202267070,366427884
651,366427884,4202267070
652,366427884,366457152
653,366457152,366427884
654,366457152,4202267087
655,4202267087,366457152
656,4202267087,4202267289
657,4202267289,4202267087
658,4202267289,4202267295
659,4202267295,4202267289
660,4202267295,366405083
661,366405083,4202267295
662,366405083,4202267300
663,4202267300,366405083
664,4202267300,366420677
665,366420677,4202267300
666,366420677,4202267305
667,4202267305,366420677
668,4202267305,366409750
669,366409750,4202267305
670,366409750,366464485
671,366464485,366409750
672,366464485,5816932179
673,5816932179,366464485
674,5816932179,1311
675,1311,5816932179
676,2366457793,7269
677,7269,2366457793
678,7269,7268
31,7268,7269
32,7268,9463
681,9463,7268
682,9463,2344107979
683,2344107979,9463
684,2344107979,2291062342
685,2291062342,2344107979
686,2291062342,3717158224
687,3717158224,2291062342
688,3717158224,3717176330
689,3717176330,3717158224
690,3717176330,366453184
691,366453184,3717176330
692,366453184,3717158223
693,3717158223,366453184
694,3717158223,366447253
695,366447253,3717158223
696,366447253,3734437532
697,3734437532,366447253
698,3734437532,3717158222
699,3717158222,3734437532
700,3717158222,2291045534
701,2291045534,3717158222
702,2291045534,366452079
703,366452079,2291045534
704,366452079,2214315488
705,2214315488,366452079
706,2214315488,411918997
707,411918997,2214315488
708,411918997,411918998
709,411918998,411918997
710,411918998,411918995
711,411918995,411918998
712,411918995,411918996
713,411918996,411918995
714,411918996,411918992
715,411918992,411918996
716,411918992,411918993
717,411918993,411918992
718,411918993,411918991
719,411918991,411918993
720,411918991,411918990
721,411918990,411918991
722,411918990,411918988
723,411918988,411918990
724,411918988,411918986
725,411918986,411918988
726,411918986,411918985
727,411918985,411918986
728,411918985,3717158217
729,3717158217,411918985
730,3717158217,411918983
731,411918983,3717158217
732,411918983,411918982
733,411918982,411918983
734,411918982,411918980
735,411918980,411918982
736,411918980,411918979
737,411918979,411918980
738,411918979,3761199054
739,3761199054,411918979
740,3761199054,411918978
741,411918978,3761199054
742,411918978,411918977
743,411918977,411918978
744,411918977,3761199055
745,3761199055,411918977
746,3761199055,411918975
747,411918975,3761199055
748,411918975,411918974
749,411918974,411918975
750,411918974,411918973
751,411918973,411918974
752,411918973,411918971
753,411918971,411918973
754,411918971,411918970
755,411918970,411918971
756,411918970,411919020
757,411919020,411918970
758,411919020,411919021
759,411919021,411919020
760,411919021,411919017
761,411919017,411919021
762,411919017,411919018
763,411919018,411919017
764,411919018,411919019
765,411919019,411919018
766,411919019,411919014
767,411919014,411919019
768,411919014,411919015
769,411919015,411919014
770,411919015,411919016
771,411919016,411919015
772,411919016,3761199052
773,3761199052,411919016
774,3761199052,411919012
775,411919012,3761199052
776,411919012,411919013
777,411919013,411919012
778,411919013,3761199053
779,3761199053,411919013
780,3761199053,411919010
781,411919010,3761199053
782,411919010,411919011
783,411919011,411919010
784,411919011,411919008
785,411919008,411919011
786,411919008,411919007
787,411919007,411919008
788,411919007,411919009
789,411919009,411919007
790,411919009,411919004
791,411919004,411919009
792,411919004,3178235965
793,3178235965,411919004
794,366417239,3379526563
795,3379526563,366417239
796,3379526563,5733415224
797,5733415224,3379526563
798,5733415224,366459416
799,366459416,5733415224
800,366459416,366404728
801,366404728,366459416
802,366404728,4865522482
803,4865522482,366404728
804,4865522482,366463275
805,366463275,4865522482
806,366463275,366474143
807,366474143,366463275
808,366474143,5733415234
809,5733415234,366474143
810,5733415234,4865522490
811,4865522490,5733415234
812,4865522490,5025885144
813,5025885144,4865522490
814,5025885144,366467915
815,366467915,5025885144
816,366467915,366462547
817,366462547,366467915
818,366462547,5025885148
819,5025885148,366462547
820,5025885148,5735590297
821,5735590297,5025885148
822,5735590297,5735794753
823,5735794753,5735590297
824,5735794753,4607885008
825,4607885008,5735794753
826,4607885008,5735794723
827,5735794723,4607885008
828,5735794723,5735590272
829,5735590272,5735794723
830,5735590272,5735590266
831,5735590266,5735590272
832,5735590266,366413455
833,366413455,5735590266
834,366413455,5025885153
835,5025885153,366413455
836,5025885153,5738009608
837,5738009608,5025885153
838,5738009608,5735794736
839,5735794736,5738009608
840,5735794736,5738009610
841,5738009610,5735794736
842,5738009610,4607885852
843,4607885852,5738009610
844,4607885852,366406220
845,366406220,4607885852
846,366406220,3378081374
847,3378081374,366406220
848,3378081374,366426388
849,366426388,3378081374
850,366426388,5738010060
851,5738010060,366426388
852,5738010060,3378029813
853,3378029813,5738010060
854,366401966,5740277389
855,5740277389,366401966
856,5740277389,5740290569
857,5740290569,5740277389
858,5740290569,5740290550
859,5740290550,5740290569
860,5740290550,366374887
861,366374887,5740290550
862,366374887,3376112221
863,3376112221,366374887
864,3376112221,5740290547
865,5740290547,3376112221
866,5740290547,3376112220
867,3376112220,5740290547
868,3376112220,3376112219
869,3376112219,3376112220
870,3376112219,366477282
871,366477282,3376112219
872,366477282,5740290580
873,5740290580,366477282
874,5740290580,5740290539
875,5740290539,5740290580
876,5740290539,5740290760
877,5740290760,5740290539
878,5740290760,366471210
879,366471210,5740290760
880,366471210,3378950251
881,3378950251,366471210
882,3378950251,5740290734
883,5740290734,3378950251
884,5740290734,366384708
885,366384708,5740290734
886,366384708,3378950238
887,3378950238,366384708
888,3378950238,5740290724
889,5740290724,3378950238
890,5740290724,5740290609
891,5740290609,5740290724
892,5740290609,366429686
893,366429686,5740290609
894,366429686,366429792
895,366429792,366429686
896,366429792,366408358
897,366408358,366429792
898,366408358,5740302093
899,5740302093,366408358
900,5740302093,366468710
901,366468710,5740302093
902,366468710,366444431
903,366444431,366468710
904,366444431,366417594
905,366417594,366444431
906,366417594,5740302098
907,5740302098,366417594
908,5740302098,366440920
909,366440920,5740302098
910,366440920,5740302858
911,5740302858,366440920
912,5740302858,366470113
913,366470113,5740302858
914,366470113,5738198537
915,5738198537,366470113
916,5738198537,366434609
917,366434609,5738198537
918,366434609,3378950079
919,3378950079,366434609
920,3378950079,366383941
921,366383941,3378950079
922,366383941,366384683
923,366384683,366383941
924,366384683,366437426
925,366437426,366384683
926,366437426,3378950078
927,3378950078,366437426
928,3378950078,366453034
929,366453034,3378950078
930,366453034,3378950075
931,3378950075,366453034
932,3378950075,366421279
933,366421279,3378950075
934,366421279,366415734
935,366415734,366421279
936,366415734,366435734
937,366435734,366415734
938,366435734,366433500
939,366433500,366435734
940,366399988,5668712845
941,5668712845,366399988
942,5668712845,366383330
943,366383330,5668712845
944,366383330,5762878315
945,5762878315,366383330
946,5762878315,3628501759
947,3628501759,5762878315
948,3628501759,366424988
949,366424988,3628501759
950,366424988,366381771
951,366381771,366424988
952,366381771,5762878289
953,5762878289,366381771
954,5762878289,366433080
955,366433080,5762878289
956,366433080,5762878304
957,5762878304,366433080
958,5762878304,5762878291
959,5762878291,5762878304
960,5762878291,5762787758
961,5762787758,5762878291
962,5762787758,5464066967
963,5464066967,5762787758
964,5464066967,366443381
965,366443381,5464066967
966,366443381,5762880565
967,5762880565,366443381
968,5762880565,5762787841
969,5762787841,5762880565
970,5762787841,5762787848
971,5762787848,5762787841
972,5762787848,5762878329
973,5762878329,5762787848
974,5762878329,366383827
975,366383827,5762878329
976,5740364700,1497312721
977,1497312721,1497312722
978,1497312722,3187126778
979,3187126778,5116957298
980,5116957298,2495941224
981,2495941224,1497312723
982,1497312723,2207
983,2207,1497312725
984,1497312725,5031
33,5031,2208
986,2208,3187128369
987,3187128369,1497312728
988,1497312728,1497312730
989,1497312730,1497312731
990,1497312731,5738429843
991,5738429843,3235938322
992,3235938322,1497312732
993,1497312732,1497312735
994,1497312735,3187126786
995,3187126786,2211
34,2211,2212
997,2212,1497312750
998,1497312750,1497312755
999,1497312755,1497312762
1000,1497312762,1497312854
1001,1497312854,8283
35,8283,8284
1003,366388392,2040317250
1004,2040317250,366388392
1005,2348752564,3186273262
1006,3186273262,2348752564
1007,3186273262,5794916691
1008,5794916691,3186273262
1009,5794916691,5795232819
1010,5795232819,5794916691
1011,5795232819,1709320348
1012,1709320348,5795232819
1013,1709320348,2527515415
1014,2527515415,1709320348
1015,2527515415,2527515411
1016,2527515411,2527515415
1017,2527515411,5795232820
1018,5795232820,2527515411
1019,5795232820,2332729411
1020,2332729411,5795232820
1021,2332729411,2332727760
1022,2332727760,2332729411
1023,2332727760,2350325492
1024,2350325492,2332727760
1025,2350325492,1708844547
1026,1708844547,2350325492
1027,1708844547,366421911
1028,366421911,1708844547
1029,366421911,366405191
1030,366405191,366421911
1031,366405191,2332727752
1032,2332727752,366405191
1033,2332727752,366423209
1034,366423209,2332727752
1035,5738534982,5738538640
1036,5738538640,5738534982
1037,5738538640,5738535005
1038,5738535005,5738538640
1039,5738535005,7251
1040,7251,5738535005
1041,7251,5359
1042,5359,7251
1043,5359,5358
36,5358,5359
1045,5358,8368
37,8368,5358
1047,8368,5360
38,5360,8368
1049,5360,8502
39,8502,5360
1051,8502,8503
1052,8503,8502
1053,8503,5361
40,5361,8503
1055,5361,5737781358
1056,5737781358,5361
1057,5737781358,339
1058,339,5737781358
41,339,7420
1060,7420,339
1061,7420,3382829588
1062,3382829588,7420
1063,3382829588,366472408
1064,366472408,3382829588
1065,366472408,5737781346
1066,5737781346,366472408
1067,5737781346,2621185483
1068,2621185483,5737781346
1069,2621185483,366386837
1070,366386837,2621185483
1071,366386837,366476320
1072,366476320,366386837
1073,366476320,5025519425
1074,5025519425,366476320
1075,5025519425,366388711
1076,366388711,5025519425
1077,366388711,5025519401
1078,5025519401,366388711
1079,5025519401,4943402276
1080,4943402276,5025519401
1081,4943402276,2394646417
1082,2394646417,4943402276
1083,2394646417,5025883601
1084,5025883601,2394646417
1085,5025883601,5735304974
1086,5735304974,5025883601
1087,366452320,3351962143
1088,3351962143,366452320
1089,3351962143,3351962141
1090,3351962141,3351962143
1091,3351962141,366375776
1092,366375776,3351962141
1093,366375776,5750604125
1094,5750604125,366375776
1095,5750604125,366418412
1096,366418412,5750604125
1097,366418412,3356279285
1098,3356279285,366418412
1099,3356279285,366375527
1100,366375527,3356279285
1101,366375527,3350064601
1102,3350064601,366375527
1103,3350064601,366372974
1104,366372974,3350064601
1105,366372974,3351882753
1106,3351882753,366372974
1107,3351882753,366403377
1108,366403377,3351882753
1109,366403377,3376115674
1110,3376115674,366403377
1111,3376115674,366477242
1112,366477242,3376115674
1113,366477242,4178544418
1114,4178544418,366477242
1115,4178544418,366417902
1116,366417902,4178544418
1117,366417902,366417882
1118,366417882,366417902
1119,366417882,366435027
1120,366435027,366417882
1121,366435027,366402459
1122,366402459,366435027
1123,366402459,366451475
1124,366451475,366402459
1125,366451475,366432164
1126,366432164,366451475
1127,366432164,366375946
1128,366375946,366432164
1129,366375946,4865562278
1130,4865562278,366375946
1131,4865562278,366400484
1132,366400484,4865562278
1133,366400484,3376112182
1134,3376112182,366400484
1135,3376112182,366402493
1136,366402493,3376112182
1137,366402493,3376115796
1138,3376115796,366402493
1139,3376115796,366456105
1140,366456105,3376115796
1141,366456105,366426101
1142,366426101,366456105
1143,366426101,3376519377
1144,3376519377,366426101
1145,3376519377,366466989
1146,366466989,3376519377
1147,366466989,3376519374
1148,3376519374,366466989
1149,3376519374,5750808327
1150,5750808327,3376519374
1151,5750808327,737199241
1152,737199241,5750808327
1153,737199241,5750805519
1154,5750805519,737199241
1155,5750805519,5750808333
1156,5750808333,5750805519
1157,5750808333,366420409
1158,366420409,5750808333
1159,366420409,5750805517
1160,5750805517,366420409
1161,5750805517,366433035
1162,366433035,5750805517
1163,366433035,366449088
1164,366449088,366433035
1165,366449088,366368328
1166,366368328,366449088
1167,366368328,366452239
1168,366452239,366368328
1169,366452239,366387765
1170,366387765,366452239
1171,366387765,3376519323
1172,3376519323,366387765
1173,3376519323,366417219
1174,366417219,3376519323
1175,366417219,366460104
1176,366460104,366417219
1177,366460104,5750870325
1178,5750870325,366460104
1179,5750870325,3376519253
1180,3376519253,5750870325
1181,3376519253,366448964
1182,366448964,3376519253
1183,366448964,366412328
1184,366412328,366448964
1185,366412328,3376519218
1186,3376519218,366412328
1187,3376519218,366383415
1188,366383415,3376519218
1189,366383415,5755325726
1190,5755325726,366383415
1191,5755325726,366435526
1192,366435526,5755325726
1193,366435526,366398163
1194,366398163,366435526
1195,366398163,3376519121
1196,3376519121,366398163
1197,3376519121,5755046116
1198,5755046116,3376519121
1199,5755046116,366445121
1200,366445121,5755046116
1201,366445121,5755046074
1202,5755046074,366445121
1203,5755046074,366458106
1204,366458106,5755046074
1205,366458106,5753106539
1206,5753106539,366458106
1207,5753106539,737199242
1208,737199242,5753106539
1209,737199242,5753105399
1210,5753105399,737199242
1211,5753105399,366435236
1212,366435236,5753105399
1213,366435236,5751092212
1214,5751092212,366435236
1215,5751092212,5753106554
1216,5753106554,5751092212
1217,5753106554,5753105404
1218,5753105404,5753106554
1219,5753105404,366445555
1220,366445555,5753105404
1221,366445555,5753105400
1222,5753105400,366445555
1223,5753105400,3376115619
1224,3376115619,5753105400
1225,3376115619,737199238
1226,737199238,3376115619
1227,737199238,3376518756
1228,3376518756,737199238
1229,3376518756,5753316910
1230,5753316910,3376518756
1231,5753316910,5753316892
1232,5753316892,5753316910
1233,5753316892,366420081
1234,366420081,5753316892
1235,366420081,5752789362
1236,5752789362,366420081
1237,5752789362,193
1238,193,5752789362
1239,193,3376518719
1240,3376518719,193
1241,3376518719,366470029
1242,366470029,3376518719
1243,366470029,3220145878
1244,3220145878,366470029
1245,3220145878,366441293
1246,366441293,3220145878
1247,366441293,366470452
1248,366470452,366441293
1249,366470452,366400238
1250,366400238,366470452
1251,366400238,3220145727
1252,3220145727,366400238
1253,3220145727,366445703
1254,366445703,3220145727
1255,366445703,3220145722
1256,3220145722,366445703
1257,3220145722,366383524
1258,366383524,3220145722
1259,366383524,366458687
1260,366458687,366383524
1261,366458687,366411230
1262,366411230,366458687
1263,366411230,3220145680
1264,3220145680,366411230
1265,3220145680,5752804442
1266,5752804442,3220145680
1267,5752804442,366430977
1268,366430977,5752804442
1269,366430977,5750735808
1270,5750735808,366430977
1271,5750735808,366463639
1272,366463639,5750735808
1273,366463639,3220144758
1274,3220144758,366463639
1275,3220144758,366469595
1276,366469595,3220144758
1277,366469595,5750735774
1278,5750735774,366469595
1279,5750735774,366401665
1280,366401665,5750735774
1281,366401665,366428795
1282,366428795,366401665
1283,366428795,3220144752
1284,3220144752,366428795
1285,3220144752,366435299
1286,366435299,3220144752
1287,366435299,366445632
1288,366445632,366435299
1289,366445632,366399599
1290,366399599,366445632
1291,366399599,366446398
1292,366446398,366399599
1293,366446398,3376112278
1294,3376112278,366446398
1295,3376112278,366451105
1296,366451105,3376112278
1297,366451105,5748776036
1298,5748776036,366451105
1299,5748776036,366417990
1300,366417990,5748776036
1301,366417990,366380046
1302,366380046,366417990
1303,366380046,5748776094
1304,5748776094,366380046
1305,5748776094,366479263
1306,366479263,5748776094
1307,366479263,366461302
1308,366461302,366479263
1309,366461302,366460227
1310,366460227,366461302
1311,366460227,5748776090
1312,5748776090,366460227
1313,5748776090,366373663
1314,366373663,5748776090
1315,366373663,366456166
1316,366456166,366373663
1317,366456166,366475384
1318,366475384,366456166
1319,366475384,1603905804
1320,1603905804,366475384
1321,1603905804,62
1322,62,1603905804
1323,366456939,2078950331
1324,2078950331,366456939
1325,2078950331,366401235
1326,366401235,2078950331
1327,366401235,5755563506
1328,5755563506,366401235
1329,5755563506,2077773980
1330,2077773980,5755563506
1331,2077773980,5755563509
1332,5755563509,2077773980
1333,5755563509,2077773972
1334,2077773972,5755563509
1335,2077773972,4576427867
1336,4576427867,2077773972
1337,4576427867,2077773812
1338,2077773812,4576427867
1339,2077773812,8173
1340,8173,2077773812
42,274,3960
1342,3960,366451635
1343,366451635,2445304301
1344,2445304301,366428312
1345,366428312,2445304737
1346,2445304737,366474871
1347,366474871,366428240
1348,366428240,366446446
1349,366446446,366473153
1350,366473153,366402588
1351,366402588,366446860
1352,366386554,5786279370
1353,5786279370,366386554
1354,5786279370,5677310668
1355,5677310668,5786279370
1356,5677310668,2438302648
1357,2438302648,5677310668
1358,2438302648,5677310665
1359,5677310665,2438302648
1360,5677310665,2438302659
1361,2438302659,5677310665
1362,2438302659,4550522876
1363,4550522876,2438302659
1364,4550522876,5677310664
1365,5677310664,4550522876
1366,5677310664,2438302670
1367,2438302670,5677310664
1368,2438302670,2438302663
1369,2438302663,2438302670
1370,2438302663,2438302665
1371,2438302665,2438302663
1372,2438302665,4929793312
1373,4929793312,2438302665
1374,4929793312,5677310659
1375,5677310659,4929793312
1376,5677310659,5758156458
1377,5758156458,5677310659
1378,5758156458,366409072
1379,366409072,5758156458
1380,366409072,2438302652
1381,2438302652,366409072
1382,2438302652,4929793295
1383,4929793295,2438302652
1384,4929793295,5772311379
1385,5772311379,4929793295
1386,5772311379,5772311396
1387,5772311396,5772311379
1388,5772311396,366454709
1389,366454709,5772311396
1390,366454709,5772260873
1391,5772260873,366454709
1392,5772260873,4931113032
1393,4931113032,5772260873
1394,4931113032,5772311377
1395,5772311377,4931113032
1396,5772311377,5772260874
1397,5772260874,5772311377
1398,5772260874,366468057
1399,366468057,5772260874
1400,383516716,5755406432
1401,5755406432,383516716
1402,366384569,5772311375
1403,5772311375,366384569
1404,5772311375,366390742
1405,366390742,5772311375
1406,366390742,5786349769
1407,5786349769,366390742
1408,5786349769,366401468
1409,366401468,5786349769
1410,366401468,5518776458
1411,5518776458,366401468
1412,5518776458,366459735
1413,366459735,5518776458
1414,366459735,366457961
1415,366457961,366459735
1416,366457961,4931113052
1417,4931113052,366457961
1418,4931113052,5786349774
1419,5786349774,4931113052
1420,5786349774,366464685
1421,366464685,5786349774
1422,366464685,5518776456
1423,5518776456,366464685
1424,5518776456,366452557
1425,366452557,5518776456
1426,366452557,366386554
1427,366386554,366452557
1428,5769332108,5769341683
1429,5769341683,5769332108
1430,5769341683,366446071
1431,366446071,5769341683
1432,366446071,5764995230
1433,5764995230,366446071
1434,5764995230,366421198
1435,366421198,5764995230
1436,366421198,366427594
1437,366427594,366421198
1438,366427594,5764995219
1439,5764995219,366427594
1440,5764995219,5764995246
1441,5764995246,5764995219
1442,5764995246,5764995200
1443,5764995200,5764995246
1444,5764995200,5044255851
1445,5044255851,5764995200
1446,5044255851,366473474
1447,366473474,5044255851
1448,366473474,5764995144
1449,5764995144,366473474
1450,5764995144,5764995143
1451,5764995143,5764995144
1452,5764995143,5764995129
1453,5764995129,5764995143
1454,5764995129,5765040332
1455,5765040332,5764995129
1456,5765040332,366458116
1457,366458116,5765040332
1458,366458116,5762703469
1459,5762703469,366458116
1460,5762703469,5762703470
1461,5762703470,5762703469
1462,5762703470,5765040345
1463,5765040345,5762703470
1464,5765040345,5762701848
1465,5762701848,5765040345
1466,5762701848,5762703464
1467,5762703464,5762701848
1468,5762703464,5762703461
1469,5762703461,5762703464
1470,5762703461,5762701823
1471,5762701823,5762703461
1472,5762701823,5762703515
1473,5762703515,5762701823
1474,5762703515,366452051
1475,366452051,5762703515
1476,366452051,5762703454
1477,5762703454,366452051
1478,5762703454,366423123
1479,366423123,5762703454
1480,366423123,5762725623
1481,5762725623,366423123
1482,5762725623,5762725629
1483,5762725629,5762725623
1484,5762725629,5762703511
1485,5762703511,5762725629
1486,5762703511,366445840
1487,366445840,5762703511
1488,366445840,5166719164
1489,5166719164,366445840
1490,5166719164,366444152
1491,366444152,5166719164
1492,366444152,366427917
1493,366427917,366444152
1494,366427917,5762725487
1495,5762725487,366427917
1496,5762725487,1279
1497,1279,5762725487
1498,1279,615
43,615,1279
44,615,9299
1501,9299,615
1502,9299,5762725655
1503,5762725655,9299
1504,5762725655,366402345
1505,366402345,5762725655
1506,366402345,5757535341
1507,5757535341,366402345
1508,5757535341,5757535102
1509,5757535102,5757535341
1510,5757535102,5757535337
1511,5757535337,5757535102
1512,5757535337,5757535321
1513,5757535321,5757535337
1514,5757535321,2191957228
1515,2191957228,5757535321
1516,2191957228,5757535110
1517,5757535110,2191957228
1518,5757535110,5757535324
1519,5757535324,5757535110
1520,5757535324,2191957231
1521,2191957231,5757535324
1522,366447146,4988329131
1523,4988329131,366447146
1524,4988329131,4988329130
1525,4988329130,4988329131
1526,4988329130,4988329128
1527,4988329128,4988329130
1528,4988329128,5767261267
1529,5767261267,4988329128
1530,5767261267,366460202
1531,366460202,5767261267
1532,366460202,5767260652
1533,5767260652,366460202
1534,5767260652,5109568355
1535,5109568355,5767260652
1536,5109568355,5109568358
1537,5109568358,5109568355
1538,5109568358,5109568359
1539,5109568359,5109568358
1540,5109568359,366440201
1541,366440201,5109568359
1542,366440201,366403586
1543,366403586,366440201
1544,293,4066392444
1545,4066392444,4066392443
1546,4066392443,1497313079
1547,366444984,8289
45,8289,868
46,868,8288
1550,8288,1076
47,1076,464
48,464,857
49,857,828
50,828,8285
51,8285,1308
1556,131,8145
1557,8145,131
52,8145,5561
1559,5561,8145
1560,5561,366431662
1561,366431662,5561
1562,366431662,1241
1563,1241,366431662
53,1241,5459
1565,5459,1241
54,5459,1092
55,1092,5459
1568,1092,3758592297
1569,3758592297,1092
1570,3758592297,366444532
1571,366444532,3758592297
1572,366444532,3654067013
1573,3654067013,366444532
1574,3654067013,366465197
1575,366465197,3654067013
1576,366465197,4016
1577,4016,366465197
56,4016,5453
1579,5453,4016
1580,5453,3654066942
1581,3654066942,5453
1582,3654066942,1410810108
1583,1410810108,3654066942
1584,1410810108,5719731383
1585,5719731383,1410810108
1586,5719731383,366478352
1587,366478352,5719731383
1588,366478352,737167478
1589,737167478,366478352
1590,737167478,1694204639
1591,1694204639,737167478
1592,1694204639,1675384219
1593,1675384219,1694204639
1594,1675384219,3654067028
1595,3654067028,1675384219
1596,3654067028,366453564
1597,366453564,3654067028
1598,366453564,1675384214
1599,1675384214,366453564
1600,1675384214,3654066952
1601,3654066952,1675384214
1602,3654066952,1408031706
1603,1408031706,3654066952
1604,1408031706,905
1605,905,1408031706
1606,905,10522
57,10522,905
1608,10522,5461
58,5461,10522
1610,5461,10521
59,10521,5461
1612,10521,9408
60,9408,10521
1614,9408,5452
1615,5452,9408
1616,5452,1924
61,1924,5452
1618,1924,9384
62,9384,1924
1620,9384,5091
1621,5091,9384
63,5091,9385
1623,9385,5091
64,9385,151
1625,151,9385
65,762,4534
1627,4534,762
1628,4534,2993488900
1629,2993488900,4534
1630,2993488900,366450057
1631,366450057,2993488900
1632,366450057,2993499725
1633,2993499725,366450057
1634,2993499725,2993505761
1635,2993505761,2993499725
1636,2993505761,366412216
1637,366412216,2993505761
1638,366412216,366468061
1639,366468061,366412216
1640,5802897303,5805762591
1641,5805762591,5802897303
1642,5805762591,5802897310
1643,5802897310,5805762591
1644,5802897310,5802897346
1645,5802897346,5802897310
1646,5802897346,5762752541
1647,5762752541,5802897346
1648,5762752541,366472609
1649,366472609,5762752541
1650,366472609,366474232
1651,366474232,366472609
1652,366474232,366463021
1653,366463021,366474232
1654,366463021,2940029424
1655,2940029424,366463021
1656,2940029424,366402571
1657,366402571,2940029424
1658,366402571,4560085066
1659,4560085066,366402571
1660,4560085066,3630715334
1661,3630715334,4560085066
1662,3630715334,366367668
1663,366367668,3630715334
1664,366367668,2386053888
1665,2386053888,366367668
1666,2386053888,5802946802
1667,5802946802,2386053888
1668,5802946802,5802946783
1669,5802946783,5802946802
1670,5802946783,5795205577
1671,5795205577,5802946783
1672,5795205577,5795205579
1673,5795205579,5795205577
1674,5795205579,5795204529
1675,5795204529,5795205579
1676,5795204529,366433257
1677,366433257,5795204529
1678,366433257,5795205621
1679,5795205621,366433257
1680,5795205621,366461360
1681,366461360,5795205621
1682,366461360,5795205649
1683,5795205649,366461360
1684,5795205649,5795205650
1685,5795205650,5795205649
1686,5795205650,366399334
1687,366399334,5795205650
1688,366399334,366413413
1689,366413413,366399334
1690,366413413,366464680
1691,366464680,366413413
1692,366464680,5795205786
1693,5795205786,366464680
1694,5795205786,366468508
1695,366468508,5795205786
1696,366468508,5795205777
1697,5795205777,366468508
1698,5795205777,366428452
1699,366428452,5795205777
1700,366428452,366438383
1701,366438383,366428452
1702,848,5757800720
1703,5757800720,848
1704,5757800720,5757504170
1705,5757504170,5757800720
1706,5757504170,5757727772
1707,5757727772,5757504170
1708,5757727772,5757504173
1709,5757504173,5757727772
1710,5757504173,253
1711,253,5757504173
66,253,9145
1713,9145,253
1714,9145,5757727777
1715,5757727777,9145
1716,5757727777,5757800641
1717,5757800641,5757727777
1718,5757800641,5757721473
1719,5757721473,5757800641
1720,5757721473,166
1721,166,5757721473
67,166,9146
1723,9146,166
1724,9146,5757721465
1725,5757721465,9146
1726,5757721465,366411675
1727,366411675,5757721465
1728,366411675,3216188882
1729,3216188882,366411675
1730,3216188882,3216188887
1731,3216188887,3216188882
1732,3216188887,5052
1733,5052,3216188887
68,5052,1058
1735,1058,5052
1736,1058,9147
1737,9147,1058
69,9147,646
1739,646,9147
1740,646,3108021386
1741,3108021386,646
1742,3108021386,366372665
1743,366372665,3108021386
1744,366372665,9148
1745,9148,366372665
70,9148,9143
1747,9143,9148
1748,9143,366476484
1749,366476484,9143
1750,366476484,9144
1751,9144,366476484
71,9144,9154
1753,9154,9144
1754,9154,366412598
1755,366412598,9154
1756,366412598,5762744068
1757,5762744068,366412598
1758,5762744068,5762743746
1759,5762743746,5762744068
1760,5762743746,366373553
1761,366373553,5762743746
1762,366373553,9317
1763,9317,366373553
72,9317,1196
1765,1196,9317
1766,1196,366414050
1767,366414050,1196
1768,366414050,5762744116
1769,5762744116,366414050
1770,5762744116,3108021427
1771,3108021427,5762744116
1772,3108021427,9318
1773,9318,3108021427
73,9318,349
1775,349,9318
1776,349,5762744100
1777,5762744100,349
1778,5762744100,9315
1779,9315,5762744100
74,9315,9316
1781,9316,9315
1782,9316,5769333449
1783,5769333449,9316
1784,5769333449,442
1785,442,5769333449
75,442,9313
1787,9313,442
1788,9313,5762743743
1789,5762743743,9313
1790,5762743743,3108021437
1791,3108021437,5762743743
1792,3108021437,366458715
1793,366458715,3108021437
1794,366458715,9312
1795,9312,366458715
76,9312,441
1797,441,9312
1798,441,5762744081
1799,5762744081,441
1800,5762744081,119
1801,119,5762744081
77,726,7000
1803,7000,726
1804,7000,5735473439
1805,5735473439,7000
1806,5735473439,366424528
1807,366424528,5735473439
1808,366424528,3378947121
1809,3378947121,366424528
1810,3378947121,5733384286
1811,5733384286,3378947121
1812,5733384286,5733258187
1813,5733258187,5733384286
1814,5733258187,5733252228
1815,5733252228,5733258187
1816,5733252228,5733252123
1817,5733252123,5733252228
1818,5733252123,366456243
1819,366456243,5733252123
1820,366456243,5733252146
1821,5733252146,366456243
1822,5733252146,5733252244
1823,5733252244,5733252146
1824,5733252244,5733252222
1825,5733252222,5733252244
1826,5733252222,5733252271
1827,5733252271,5733252222
1828,5733252271,366463242
1829,366463242,5733252271
1830,366463242,5733029087
1831,5733029087,366463242
1832,5733029087,5733252213
1833,5733252213,5733029087
1834,5733252213,5733029058
1835,5733029058,5733252213
1836,5733029058,5733078281
1837,5733078281,5733029058
1838,5733078281,5733029055
1839,5733029055,5733078281
1840,5733029055,5732964198
1841,5732964198,5733029055
1842,5732964198,5733029120
1843,5733029120,5732964198
1844,5733029120,5733078276
1845,5733078276,5733029120
1846,5733078276,5733102408
1847,5733102408,5733078276
1848,5733102408,5733029118
1849,5733029118,5733102408
1850,5733029118,5733102394
1851,5733102394,5733029118
1852,5733102394,5733029115
1853,5733029115,5733102394
1854,5733029115,5733078277
1855,5733078277,5733029115
1856,5733078277,5732964164
1857,5732964164,5733078277
1858,5732964164,5733078645
1859,5733078645,5732964164
1860,5733078645,3378126459
1861,3378126459,5733078645
1862,3378126459,366461418
1863,366461418,3378126459
1864,366461418,5733078657
1865,5733078657,366461418
1866,5733078657,5733078532
1867,5733078532,5733078657
1868,5733078532,5733078530
1869,5733078530,5733078532
1870,5733078530,366464423
1871,366464423,5733078530
1872,366464423,5733078319
1873,5733078319,366464423
1874,5733078319,366476136
1875,366476136,5733078319
1876,366476136,5733078682
1877,5733078682,366476136
1878,5733078682,366388256
1879,366388256,5733078682
1880,366388256,5800532443
1881,5800532443,366388256
1882,5800532443,5800532440
1883,5800532440,5800532443
1884,5800532440,5800532447
1885,5800532447,5800532440
1886,5800532447,3378081371
1887,3378081371,5800532447
1888,3378081371,5800532446
1889,5800532446,3378081371
1890,5800532446,366389427
1891,366389427,5800532446
1892,366389427,366414021
1893,366414021,366389427
1894,366414021,5802582693
1895,5802582693,366414021
1896,5802582693,366466701
1897,366466701,5802582693
1898,366466701,3378126392
1899,3378126392,366466701
1900,3378126392,5802582691
1901,5802582691,3378126392
1902,5802582691,5802582698
1903,5802582698,5802582691
1904,5802582698,5802582699
1905,5802582699,5802582698
1906,5802582699,5802582689
1907,5802582689,5802582699
1908,5802582689,3378126350
1909,3378126350,5802582689
1910,3378126350,3378126318
1911,3378126318,3378126350
1912,3378126318,3378126301
1913,3378126301,3378126318
1914,3378126301,5802734312
1915,5802734312,3378126301
1916,5802734312,3378126295
1917,3378126295,5802734312
1918,3378126295,3378126276
1919,3378126276,3378126295
1920,3378126276,366454805
1921,366454805,3378126276
1922,366454805,3378126270
1923,3378126270,366454805
1924,3378126270,5802734314
1925,5802734314,3378126270
1926,5802734314,366417947
1927,366417947,5802734314
1928,366417947,3378126266
1929,3378126266,366417947
1930,3378126266,3378126263
1931,3378126263,3378126266
1932,3378126263,3378126259
1933,3378126259,3378126263
1934,3378126259,366445961
1935,366445961,3378126259
1936,366445961,5802734318
1937,5802734318,366445961
1938,5802734318,5802734349
1939,5802734349,5802734318
1940,5802734349,5802734315
1941,5802734315,5802734349
1942,5802734315,5802734325
1943,5802734325,5802734315
1944,5802734325,3378126244
1945,3378126244,5802734325
1946,3378126244,5802947481
1947,5802947481,3378126244
1948,5802947481,3378126234
1949,3378126234,5802947481
1950,3378126234,366459655
1951,366459655,3378126234
1952,366459655,3378126228
1953,3378126228,366459655
1954,3378126228,366400174
1955,366400174,3378126228
1956,366400174,5802992628
1957,5802992628,366400174
1958,5802992628,366418667
1959,366418667,5802992628
1960,366418667,5802958061
1961,5802958061,366418667
1962,5802958061,5802992856
1963,5802992856,5802958061
1964,5802992856,5802992618
1965,5802992618,5802992856
1966,5802992618,366418087
1967,366418087,5802992618
1968,366418087,5802947548
1969,5802947548,366418087
1970,5802947548,366461907
1971,366461907,5802947548
1972,366461907,5802992857
1973,5802992857,366461907
1974,5802992857,366380145
1975,366380145,5802992857
1976,366380145,5805644399
1977,5805644399,366380145
1978,5805644399,5806361043
1979,5806361043,5805644399
1980,5806361043,5805644373
1981,5805644373,5806361043
1982,5805644373,194
1983,194,5805644373
1984,194,366411710
1985,366411710,194
1986,366411710,366411795
1987,366411795,366411710
1988,366411795,3378126208
1989,3378126208,366411795
1990,3378126208,366479078
1991,366479078,3378126208
1992,366479078,3378126205
1993,3378126205,366479078
1994,3378126205,366398524
1995,366398524,3378126205
1996,366398524,5805644429
1997,5805644429,366398524
1998,5805644429,366417588
1999,366417588,5805644429
2000,366417588,3378126204
2001,3378126204,366417588
2002,3378126204,366426923
2003,366426923,3378126204
2004,366426923,5805817989
2005,5805817989,366426923
2006,5805817989,5805818007
2007,5805818007,5805817989
2008,5805818007,5805817995
2009,5805817995,5805818007
2010,5805817995,5748475323
2011,5748475323,5805817995
2012,5748475323,366414166
2013,366414166,5748475323
2014,366406323,1997154359
2015,1997154359,366406323
2016,1997154359,366423107
2017,366423107,1997154359
2018,366423107,4618374501
2019,4618374501,366423107
2020,4618374501,1996654136
2021,1996654136,4618374501
2022,9173,5762610277
2023,5762610277,9173
2024,5762610277,3116282959
2025,3116282959,5762610277
2026,3116282959,5762610255
2027,5762610255,3116282959
2028,5762610255,3116282962
2029,3116282962,5762610255
2030,3116282962,3116282965
2031,3116282965,3116282962
2032,3116282965,5758041254
2033,5758041254,3116282965
2034,5758041254,5758041256
2035,5758041256,5758041254
2036,5758041256,5758041257
2037,5758041257,5758041256
2038,5758041257,5758041255
2039,5758041255,5758041257
2040,5758041255,5762626733
2041,5762626733,5758041255
2042,5762626733,366425141
2043,366425141,5762626733
2044,366425141,366478853
2045,366478853,366425141
2046,366478853,4968573807
2047,4968573807,366478853
2048,4968573807,4968570317
2049,4968570317,4968573807
2050,4968570317,3168246063
2051,3168246063,4968570317
2052,3168246063,3216188877
2053,3216188877,3168246063
2054,3216188877,3230436388
2055,3230436388,3216188877
2056,3230436388,5762626729
2057,5762626729,3230436388
2058,5762626729,2622546598
2059,2622546598,5762626729
2060,2622546598,5762626728
2061,5762626728,2622546598
2062,888,3933
78,3933,888
79,3933,7097
80,7097,3933
81,7097,255
82,255,7097
83,255,1233
84,1233,255
85,1233,10416
86,10416,1233
87,10416,1129
88,1129,10416
89,1129,532
90,532,1129
91,532,10415
92,10415,532
93,10415,489
94,489,10415
95,489,1225
96,1225,489
97,1225,7143
98,7143,1225
99,7143,920
100,920,7143
101,920,677
102,677,920
103,677,7073
104,7073,677
105,7073,635
106,635,7073
107,635,7074
108,7074,635
109,7074,609
110,609,7074
111,609,1037
112,1037,609
113,1037,66
114,66,1037
115,66,7072
116,7072,66
117,7072,95
118,95,7072
119,95,665
120,665,95
121,665,6391
122,6391,665
123,6391,807
124,807,6391
125,807,6390
126,6390,807
127,6390,367
128,367,6390
129,367,6389
130,6389,367
131,6389,39
132,39,6389
133,39,1157
134,1157,39
135,1157,627
136,627,1157
137,627,7113
138,7113,627
139,7113,1014
140,1014,7113
141,1014,7112
142,7112,1014
143,7112,454
144,454,7112
145,454,7085
146,7085,454
147,7085,356
148,356,7085
149,356,257
150,257,356
151,257,7353
152,7353,257
153,7353,7354
154,7354,7353
155,3811,10836
2141,10836,366416086
2142,366416086,5797894414
2143,5797894414,4066803780
2144,366456915,366416128
2145,366416128,366456915
2146,366416128,5797643321
2147,5797643321,366416128
2148,5797643321,366478875
2149,366478875,5797643321
2150,366478875,5075577058
2151,5075577058,366478875
2152,5075577058,5797841749
2153,5797841749,5075577058
2154,5797841749,430
2155,430,5797841749
2156,2463473242,2463473241
2157,2463473241,2463473242
2158,366444410,5765284465
2159,5765284465,366444410
2160,5765284465,2276946685
2161,2276946685,5765284465
2162,2276946685,5765284386
2163,5765284386,2276946685
2164,5765284386,5765284452
2165,5765284452,5765284386
2166,5765284452,5765284381
2167,5765284381,5765284452
2168,5765284381,366383588
2169,366383588,5765284381
2170,366383588,366411673
2171,366411673,366383588
2172,366411673,366377178
2173,366377178,366411673
2174,366377178,5765284451
2175,5765284451,366377178
2176,5765284451,366457897
2177,366457897,5765284451
2178,366457897,5765284450
2179,5765284450,366457897
2180,5765284450,5765284371
2181,5765284371,5765284450
2182,5765284371,2242358505
2183,2242358505,5765284371
2184,2242358505,5765284446
2185,5765284446,2242358505
2186,5765284446,5765284411
2187,5765284411,5765284446
2188,5765284411,5765361442
2189,5765361442,5765284411
2190,5765361442,366430922
2191,366430922,5765361442
2192,366430922,2246564382
2193,2246564382,366430922
2194,2246564382,5765284402
2195,5765284402,2246564382
2196,5765284402,5765284359
2197,5765284359,5765284402
2198,5765284359,366476800
2199,366476800,5765284359
2200,366476800,366379034
2201,366379034,366476800
2202,366379034,5765284356
2203,5765284356,366379034
2204,5765284356,2463473242
2205,2463473242,5765284356
2206,366405166,3174480413
2207,3174480413,366405166
2208,3174480413,5502531478
2209,5502531478,3174480413
2210,5502531478,4202267311
2211,4202267311,5502531478
2212,4202267311,5764989568
2213,5764989568,4202267311
2214,5764989568,5764989647
2215,5764989647,5764989568
2216,5764989647,5677310824
2217,5677310824,5764989647
2218,5677310824,5677310708
2219,5677310708,5677310824
2220,5677310708,5677310830
2221,5677310830,5677310708
2222,5677310830,5502531493
2223,5502531493,5677310830
2224,5502531493,3174480414
2225,3174480414,5502531493
2226,3174480414,5765003810
2227,5765003810,3174480414
2228,5765003810,5765003813
2229,5765003813,5765003810
2230,5765003813,366370602
2231,366370602,5765003813
2232,366370602,366404874
2233,366404874,366370602
2234,366404874,5001800304
2235,5001800304,366404874
2236,5001800304,5765003786
2237,5765003786,5001800304
2238,5765003786,366381497
2239,366381497,5765003786
2240,366381497,4202267014
2241,4202267014,366381497
2242,4202267014,5765003789
2243,5765003789,4202267014
2244,5765003789,5001123680
2245,5001123680,5765003789
2246,5001123680,366401623
2247,366401623,5001123680
2248,366401623,4583058075
2249,4583058075,366401623
2250,4583058075,5765003829
2251,5765003829,4583058075
2252,5765003829,366460303
2253,366460303,5765003829
2254,1599194521,366405831
2255,366405831,1599194521
2256,366405831,5755068212
2257,5755068212,366405831
2258,5755068212,366372097
2259,366372097,5755068212
2260,366372097,366422475
2261,366422475,366372097
2262,366422475,366477378
2263,366477378,366422475
2264,366477378,366448383
2265,366448383,366477378
2266,366448383,366449610
2267,366449610,366448383
2268,366449610,366379930
2269,366379930,366449610
2270,366379930,366387349
2271,366387349,366379930
2272,366387349,5755071341
2273,5755071341,366387349
2274,5755071341,5755068209
2275,5755068209,5755071341
2276,5755068209,366443932
2277,366443932,5755068209
2278,366443932,366374016
2279,366374016,366443932
2280,366374016,366372569
2281,366372569,366374016
2282,366372569,5755071374
2283,5755071374,366372569
2284,5755071374,366460971
2285,366460971,5755071374
2286,366460971,366385143
2287,366385143,366460971
2288,366385143,366397872
2289,366397872,366385143
2290,366397872,366416656
2291,366416656,366397872
2292,366416656,366381261
2293,366381261,366416656
2294,366381261,366417298
2295,366417298,366381261
2296,366417298,1503067108
2297,1503067108,366417298
2298,1503067108,366403015
2299,366403015,1503067108
2300,366403015,366392492
2301,366392492,366403015
2302,366392492,366461543
2303,366461543,366392492
2304,366461543,366417117
2305,366417117,366461543
2306,5755653743,2024972959
2307,2024972959,5755653743
2308,2024972959,2024973006
2309,2024973006,2024972959
2310,2024973006,2024973284
2311,2024973284,2024973006
2312,2024973284,3107514190
2313,3107514190,2024973284
2314,3107514190,5762929511
2315,5762929511,3107514190
2316,5762929511,5762929512
2317,5762929512,5762929511
2318,5762929512,5764780969
2319,5764780969,5762929512
2320,5764780969,366465194
2321,366465194,5764780969
2322,366465194,2622546619
2323,2622546619,366465194
2324,2622546619,3117087933
2325,3117087933,2622546619
2326,3117087933,366469349
2327,366469349,3117087933
2328,366469349,5764780970
2329,5764780970,366469349
2330,5764780970,366432443
2331,366432443,5764780970
2332,366432443,366470514
2333,366470514,366432443
2334,366470514,5763233421
2335,5763233421,366470514
2336,5763233421,5763233422
2337,5763233422,5763233421
2338,5763233422,366475122
2339,366475122,5763233422
2340,366475122,5763233420
2341,5763233420,366475122
2342,5763233420,366400172
2343,366400172,5763233420
2344,366400172,5763160607
2345,5763160607,366400172
2346,5763160607,5763159545
2347,5763159545,5763160607
2348,5763159545,5763233419
2349,5763233419,5763159545
2350,5763233419,366425112
2351,366425112,5763233419
2352,366425112,366421886
2353,366421886,366425112
2354,366421886,3107514191
2355,3107514191,366421886
2356,3107514191,5763233418
2357,5763233418,3107514191
2358,5763233418,366417221
2359,366417221,5763233418
2360,366417221,5763077236
2361,5763077236,366417221
2362,5763077236,366421689
2363,366421689,5763077236
2364,366421689,366460927
2365,366460927,366421689
2366,366460927,5763233417
2367,5763233417,366460927
2368,5763233417,5763233416
2369,5763233416,5763233417
2370,5763233416,2498532274
2371,2498532274,5763233416
2372,2498532274,2947041203
2373,2947041203,2498532274
2374,2947041203,5763233415
2375,5763233415,2947041203
2376,5763233415,366434188
2377,366434188,5763233415
2378,366434188,5763233414
2379,5763233414,366434188
2380,5763233414,2947040945
2381,2947040945,5763233414
2382,2947040945,2947040947
2383,2947040947,2947040945
2384,2947040947,2947040946
2385,2947040946,2947040947
2386,2947040946,366372322
2387,366372322,2947040946
2388,366372322,366398988
2389,366398988,366372322
2390,366398988,5763233412
2391,5763233412,366398988
2392,5762721239,9290
156,9290,9294
2394,9294,9293
157,9293,1260
158,1260,4488
159,4488,977
160,977,4493
2399,10015,10029
161,10029,10015
162,10029,10030
163,10030,10029
164,10030,10031
165,10031,10030
166,10031,11243
167,11243,10031
168,11243,10032
169,10032,11243
170,10032,10033
171,10033,10032
172,10033,10034
173,10034,10033
174,10034,10035
175,10035,10034
176,10035,2319
177,2319,10035
178,2319,693
179,693,2319
180,693,10036
181,10036,693
182,10036,10037
183,10037,10036
184,10037,5592
185,5592,10037
186,5592,10038
187,10038,5592
188,10038,5593
189,5593,10038
190,5593,5594
191,5594,5593
192,5594,5595
193,5595,5594
194,5595,10039
195,10039,5595
196,10039,5552
197,5552,10039
198,5552,10041
199,10041,5552
200,10041,5557
201,5557,10041
202,5557,10040
203,10040,5557
204,7689,10302
2444,10302,7689
2445,10302,591
2446,591,10302
2447,591,150
205,150,591
2449,150,4918
206,4918,150
2451,4918,2500257354
2452,2500257354,4918
2453,2500257354,366472429
2454,366472429,2500257354
2455,366472429,777
2456,777,366472429
2457,777,536
207,536,777
2459,536,363
208,363,536
2461,363,366440992
2462,366440992,363
2463,366440992,3168362862
2464,3168362862,366440992
2465,3168362862,4547949542
2466,4547949542,3168362862
2467,850,5750476288
2468,5750476288,850
2469,5750476288,366477947
2470,366477947,5750476288
2471,366477947,3727373726
2472,3727373726,366477947
2473,3727373726,366455368
2474,366455368,3727373726
2475,366455368,5750476340
2476,5750476340,366455368
2477,5750476340,3118891581
2478,3118891581,5750476340
2479,3118891581,3118891564
2480,3118891564,3118891581
2481,3118891564,366418642
2482,366418642,3118891564
2483,366418642,3118891542
2484,3118891542,366418642
2485,3118891542,5750476283
2486,5750476283,3118891542
2487,5750476283,366401445
2488,366401445,5750476283
2489,366387255,2326571646
2490,2326571646,366387255
2491,2326571646,3349966179
2492,3349966179,2326571646
2493,3349966179,5769474431
2494,5769474431,3349966179
2495,5769474431,5762874793
2496,5762874793,5769474431
2497,5762874793,2326571678
2498,2326571678,5762874793
2499,2326571678,2326571680
2500,2326571680,2326571678
2501,2326571680,366429255
2502,366429255,2326571680
2503,366429255,366406712
2504,366406712,366429255
2505,366406712,5762874807
2506,5762874807,366406712
2507,5762874807,3890515523
2508,3890515523,5762874807
2509,3890515523,5762775772
2510,5762775772,3890515523
2511,5762775772,366372563
2512,366372563,5762775772
2513,366372563,5757986987
2514,5757986987,366372563
2515,5757986987,3108021397
2516,3108021397,5757986987
2517,3108021397,5758041317
2518,5758041317,3108021397
2519,5758041317,5757987006
2520,5757987006,5758041317
2521,5757987006,366392450
2522,366392450,5757987006
2523,366392450,5757826016
2524,5757826016,366392450
2525,5757826016,5757827539
2526,5757827539,5757826016
2527,5757827539,5757827524
2528,5757827524,5757827539
2529,5757827524,5757992436
2530,5757992436,5757827524
2531,5757992436,366426587
2532,366426587,5757992436
2533,366426587,5757986968
2534,5757986968,366426587
2535,5757986968,5758012006
2536,5758012006,5757986968
2537,5758012006,2952826337
2538,2952826337,5758012006
2539,2952826337,366459749
2540,366459749,2952826337
2541,366459749,3727386719
2542,3727386719,366459749
2543,3727386719,5752825325
2544,5752825325,3727386719
2545,5752825325,5752825348
2546,5752825348,5752825325
2547,5752825348,4068001740
2548,4068001740,5752825348
2549,4068001740,366439618
2550,366439618,4068001740
2551,366439618,1516645308
2552,1516645308,366439618
2553,1516645308,4068001738
2554,4068001738,1516645308
2555,4068001738,722546423
2556,722546423,4068001738
2557,722546423,4068001739
2558,4068001739,722546423
2559,4068001739,4068001741
2560,4068001741,4068001739
2561,4068001741,1516645294
2562,1516645294,4068001741
2563,1516645294,4068001742
2564,4068001742,1516645294
2565,4068001742,722546424
2566,722546424,4068001742
2567,722546424,6017
2568,6017,722546424
2569,6017,6016
209,6016,6017
2571,6016,8742
210,8742,6016
211,119,104
2574,104,119
2575,4720214181,366368730
2576,366368730,4720214181
2577,366368730,5767715230
2578,5767715230,366368730
2579,5767715230,4515
2580,4515,5767715230
212,4515,1055
2582,1055,4515
213,1055,9725
2584,9725,1055
2585,9725,366407749
2586,366407749,9725
2587,366407749,4516
2588,4516,366407749
214,4516,5056
2590,5056,4516
2591,5056,3217666096
2592,3217666096,5056
2593,3217666096,5767420562
2594,5767420562,3217666096
2595,5767420562,2968017251
2596,2968017251,5767420562
2597,2968017251,9714
2598,9714,2968017251
215,9714,159
2600,159,9714
2601,159,49
2602,49,159
216,49,9706
2604,9706,49
2605,9706,2036
2606,2036,9706
217,2036,9711
2608,9711,2036
218,9711,5675
2610,5675,9711
2611,5675,5767601357
2612,5767601357,5675
2613,5767601357,5767600871
2614,5767600871,5767601357
2615,5767600871,1249
2616,1249,5767600871
219,1249,763
2618,763,1249
2619,763,9712
2620,9712,763
220,9712,9713
2622,9713,9712
2623,9713,5767601360
2624,5767601360,9713
2625,5767601360,366454364
2626,366454364,5767601360
2627,366454364,366456025
2628,366456025,366454364
2629,366456025,1181
2630,1181,366456025
221,1181,866
2632,866,1181
2633,866,366382032
2634,366382032,866
2635,366382032,2968017262
2636,2968017262,366382032
2637,2968017262,831
2638,831,2968017262
222,831,4517
2640,4517,831
2641,4517,366371371
2642,366371371,4517
2643,366371371,5772493654
2644,5772493654,366371371
2645,5772493654,366397808
2646,366397808,5772493654
2647,366463658,5763168300
2648,5763168300,366463658
2649,5763168300,366406687
2650,366406687,5763168300
2651,366406687,5763168311
2652,5763168311,366406687
2653,5763168311,2685998192
2654,2685998192,5763168311
2655,2685998192,366432650
2656,366432650,2685998192
2657,366432650,5763168309
2658,5763168309,366432650
2659,5763168309,3171978000
2660,3171978000,5763168309
2661,3171978000,2685998134
2662,2685998134,3171978000
2663,2685998134,366393473
2664,366393473,2685998134
2665,366393473,5763168285
2666,5763168285,366393473
2667,5763168285,5755530488
2668,5755530488,5763168285
2669,5755530488,366471322
2670,366471322,5755530488
2671,366471322,366410948
2672,366410948,366471322
2673,366410948,5755530490
2674,5755530490,366410948
2675,5755530490,366478994
2676,366478994,5755530490
2677,366478994,366409225
2678,366409225,366478994
2679,366409225,366398304
2680,366398304,366409225
2681,366398304,3186096225
2682,3186096225,366398304
2683,3186096225,5753408324
2684,5753408324,3186096225
2685,5753408324,366432386
2686,366432386,5753408324
2687,366432386,4661315489
2688,4661315489,366432386
2689,4661315489,1793489512
2690,1793489512,4661315489
2691,1793489512,2685998040
2692,2685998040,1793489512
2693,2685998040,2685998038
2694,2685998038,2685998040
2695,2685998038,5753408336
2696,5753408336,2685998038
2697,366377850,366416677
2698,366416677,366377850
2699,366416677,4700
2700,4700,366416677
223,4700,14
2702,14,4700
2703,14,869
2704,869,14
224,869,4500
2706,4500,869
2707,4500,3897
2708,3897,4500
225,3897,240
2710,240,3897
2711,240,487
2712,487,240
226,487,165
2714,165,487
2715,165,3141558632
2716,3141558632,165
2717,3141558632,105
2718,105,3141558632
227,105,462
2720,462,105
2721,462,438
2722,438,462
228,438,4503
2724,4503,438
229,4503,1126
2726,1126,4503
2727,1126,366452505
2728,366452505,1126
230,561,604
2730,604,561
2731,604,366411339
2732,366411339,604
2733,366411339,366429348
2734,366429348,366411339
2735,366429348,366408995
2736,366408995,366429348
2737,366408995,366477878
2738,366477878,366408995
2739,366477878,5740046922
2740,5740046922,366477878
2741,5740046922,366474728
2742,366474728,5740046922
2743,366474728,366402504
2744,366402504,366474728
2745,366402504,366436485
2746,366436485,366402504
2747,366436485,366375910
2748,366375910,366436485
2749,366375910,5740046865
2750,5740046865,366375910
2751,5740046865,5740046913
2752,5740046913,5740046865
2753,5740046913,366369121
2754,366369121,5740046913
2755,366369121,366435235
2756,366435235,366369121
2757,366435235,5740046921
2758,5740046921,366435235
2759,5740046921,366444568
2760,366444568,5740046921
2761,366444568,366444771
2762,366444771,366444568
2763,366444771,5740046931
2764,5740046931,366444771
2765,5740046931,366373001
2766,366373001,5740046931
2767,366373001,5740046821
2768,5740046821,366373001
2769,5740046821,366444820
2770,366444820,5740046821
2771,366444820,366397936
2772,366397936,366444820
2773,366397936,366455991
2774,366455991,366397936
2775,366455991,5740046938
2776,5740046938,366455991
2777,5740046938,5740046936
2778,5740046936,5740046938
2779,5740046936,5740046846
2780,5740046846,5740046936
2781,5740046846,366461857
2782,366461857,5740046846
2783,366461857,5740046937
2784,5740046937,366461857
2785,5740046937,366466083
2786,366466083,5740046937
2787,366466083,366469287
2788,366469287,366466083
2789,366469287,366375483
2790,366375483,366469287
2791,366375483,366435176
2792,366435176,366375483
2793,366435176,366476554
2794,366476554,366435176
2795,366476554,366400275
2796,366400275,366476554
2797,366400275,5740111253
2798,5740111253,366400275
2799,5740111253,366457030
2800,366457030,5740111253
2801,366457030,366403955
2802,366403955,366457030
2803,366403955,366445225
2804,366445225,366403955
2805,366445225,5740106090
2806,5740106090,366445225
2807,5740106090,366453427
2808,366453427,5740106090
2809,629,4541470630
2810,4541470630,629
2811,4541470630,4869
2812,4869,4541470630
231,4869,6678
2814,6678,4869
2815,6678,698217149
2816,698217149,6678
232,11054,1915
2818,1915,11054
2819,1915,5813867373
2820,5813867373,1915
2821,5813867373,4109567455
2822,4109567455,5813867373
2823,4109567455,1997154735
2824,1997154735,4109567455
2825,1997154735,5813867374
2826,5813867374,1997154735
2827,5813867374,5794854822
2828,5794854822,5813867374
2829,5794854822,5794854823
2830,5794854823,5794854822
2831,2019,4716
233,4716,1137
234,1137,376
235,376,6688
236,6688,6682
237,6682,4793
238,4793,6802
239,6802,10925
240,10925,10926
241,6780,6775
242,6775,1218
243,1218,1242
244,1242,4270
245,4270,408
246,408,4271
247,4271,1106
248,1106,7527
249,7527,4329
250,4329,7528
251,7528,11123
252,11123,10532
253,10532,4714
254,4714,6717
255,6717,7513
256,7513,287
257,287,7512
258,7512,4715
259,4715,802
260,802,7514
261,7514,4322
262,2131,4113
263,4113,10129
264,10129,10134
265,10134,4111
266,4111,2285
267,2285,10156
268,10156,248
269,248,3282
270,3282,4107
271,4107,10161
272,1993,261
2872,5092219867,366474973
2873,366474973,5092219867
2874,366474973,2438302654
2875,2438302654,366474973
2876,2438302654,5772108054
2877,5772108054,2438302654
2878,5772108054,3830454347
2879,3830454347,5772108054
2880,3830454347,3081292119
2881,3081292119,3830454347
2882,3081292119,5772107338
2883,5772107338,3081292119
2884,5772107338,5772107337
2885,5772107337,5772107338
2886,5772107337,3088578158
2887,3088578158,5772107337
2888,3088578158,5772107343
2889,5772107343,3088578158
2890,5772107343,5772107342
2891,5772107342,5772107343
2892,5772107342,3081292122
2893,3081292122,5772107342
2894,3081292122,5001799212
2895,5001799212,3081292122
2896,5001799212,5772107341
2897,5772107341,5001799212
2898,5772107341,5772107340
2899,5772107340,5772107341
2900,5772107340,3081292123
2901,3081292123,5772107340
2902,3081292123,3081292124
2903,3081292124,3081292123
2904,3081292124,5772107339
2905,5772107339,3081292124
2906,5772107339,5093747241
2907,5093747241,5772107339
2908,5093747241,5093747238
2909,5093747238,5093747241
2910,5093747238,4570
2911,4570,5093747238
273,4570,5583
2913,5583,4570
2914,5583,1234
2915,1234,5583
2916,1234,6025186480
2917,6025186480,1234
2918,6025186480,6025186483
2919,6025186483,6025186480
2920,6025186483,3088578136
2921,3088578136,6025186483
2922,3088578136,6025186479
2923,6025186479,3088578136
2924,6025186479,3088578135
2925,3088578135,6025186479
2926,3088578135,5772157725
2927,5772157725,3088578135
2928,5772157725,5772157700
2929,5772157700,5772157725
2930,5772157700,5772157726
2931,5772157726,5772157700
2932,5772157726,6025186494
2933,6025186494,5772157726
2934,6025186494,3771444826
2935,3771444826,6025186494
2936,3771444826,3088578137
2937,3088578137,3771444826
2938,3088578137,5769332800
2939,5769332800,3088578137
2940,5769332800,5769332799
2941,5769332799,5769332800
2942,5769332799,5772679835
2943,5772679835,5769332799
2944,5772679835,6025186474
2945,6025186474,5772679835
2946,6025186474,5772679834
2947,5772679834,6025186474
2948,5772679834,3088578138
2949,3088578138,5772679834
2950,3088578138,3771420438
2951,3771420438,3088578138
2952,3771420438,4575
2953,4575,3771420438
274,4575,4576
2955,4576,4575
2956,4576,3088578142
2957,3088578142,4576
2958,3088578142,11267
2959,11267,3088578142
275,11267,11266
276,11266,11267
277,11266,5581
278,5581,11266
279,5581,5506
280,5506,5581
281,5506,5505
282,5505,5506
283,5505,9747
284,9747,5505
285,9747,9746
286,9746,9747
287,9746,9788
288,9788,9746
289,9788,9745
290,9745,9788
291,9745,5582
292,5582,9745
293,5582,9572
294,9572,5582
295,9572,9573
296,9573,9572
297,9573,5584
298,5584,9573
299,5584,9574
300,9574,5584
301,9574,9575
302,9575,9574
303,9575,9576
304,9576,9575
305,9576,9577
306,9577,9576
307,9577,9578
308,9578,9577
309,9578,9579
310,9579,9578
311,9579,9580
312,9580,9579
313,9580,11263
314,11263,9580
315,11263,9581
316,9581,11263
317,9581,6889
318,6889,9581
319,6889,11262
320,11262,6889
321,11262,4083
322,4083,11262
323,4083,4082
324,4082,4083
325,4082,9582
326,9582,4082
327,9743,3628
3013,3628,9743
3014,3628,5653129387
3015,5653129387,3628
3016,5653129387,5653126109
3017,5653126109,5653129387
3018,5653126109,2340079034
3019,2340079034,5653126109
3020,2340079034,5771983568
3021,5771983568,2340079034
3022,5771983568,5771983565
3023,5771983565,5771983568
3024,5771983565,2340079031
3025,2340079031,5771983565
3026,2340079031,5771983570
3027,5771983570,2340079031
3028,5771983570,5769850602
3029,5769850602,5771983570
3030,1137,6685
328,6685,1137
329,219,573
3033,573,219
3034,573,5740297938
3035,5740297938,573
3036,5740297938,5740297939
3037,5740297939,5740297938
3038,5740297939,2445364958
3039,2445364958,5740297939
3040,2445364958,366392824
3041,366392824,2445364958
3042,366392824,366446395
3043,366446395,366392824
3044,366446395,366446239
3045,366446239,366446395
3046,366446239,366386569
3047,366386569,366446239
3048,366386569,366417185
3049,366417185,366386569
3050,366417185,366434074
3051,366434074,366417185
3052,366434074,5740165665
3053,5740165665,366434074
3054,5740165665,5740227944
3055,5740227944,5740165665
3056,5477,9374
330,9374,9379
331,9379,4890
332,4890,9373
333,9373,9380
334,9380,3847
335,3847,5367
336,5367,1067
337,1067,9377
338,9377,4889
339,4889,9381
340,9381,9375
341,9375,3848
3069,3848,9378
342,9378,9376
343,9376,407
344,407,2155
345,2155,2156
346,2156,7749
347,7749,2171
3076,2171,7748
348,7748,4888
349,4888,9040
350,9040,703
3080,703,2321473662
3081,2321473662,1394527837
3082,1394527837,4259
351,4259,555
352,1289,8374
3085,8374,893089466
3086,893089466,4893
353,4893,5054
3088,5054,2082
354,2082,8373
3090,8373,366459733
3091,366459733,5939097328
3092,5939097328,2084
355,2084,4892
3094,4892,5939097350
3095,5939097350,366462103
3096,366462103,5939097359
3097,5939097359,11191
356,11191,4681
3099,9770,3806810408
3100,3806810408,9770
3101,3806810408,2495741665
3102,2495741665,3806810408
3103,2495741665,2495741650
3104,2495741650,2495741665
3105,2495741650,2495741660
3106,2495741660,2495741650
3107,2495741660,5778117669
3108,5778117669,2495741660
3109,5778117669,366448128
3110,366448128,5778117669
3111,366448128,5778117672
3112,5778117672,366448128
3113,5778117672,366473550
3114,366473550,5778117672
3115,366473550,5778117673
3116,5778117673,366473550
3117,5778117673,366469267
3118,366469267,5778117673
3119,366469267,2325193866
3120,2325193866,366469267
3121,2325193866,366435681
3122,366435681,2325193866
3123,366435681,5502531266
3124,5502531266,366435681
3125,5502531266,2495738897
3126,2495738897,5502531266
3127,2495738897,366467863
3128,366467863,2495738897
3129,366467863,5502531263
3130,5502531263,366467863
3131,5502531263,366373656
3132,366373656,5502531263
3133,366373656,366432089
3134,366432089,366373656
3135,366464981,366459052
3136,366459052,366464981
3137,366420466,5767514258
3138,5767514258,366420466
3139,5767514258,5767514262
3140,5767514262,5767514258
3141,5767514262,5767514257
3142,5767514257,5767514262
3143,5767514257,4580839126
3144,4580839126,5767514257
3145,4580839126,366445476
3146,366445476,4580839126
3147,366445476,4585919063
3148,4585919063,366445476
3149,4585919063,4565611889
3150,4565611889,4585919063
3151,4565611889,4565611688
3152,4565611688,4565611889
3153,4565611688,3168362866
3154,3168362866,4565611688
3155,3168362866,4567191016
3156,4567191016,3168362866
3157,4567191016,5767702966
3158,5767702966,4567191016
3159,5767702966,366443185
3160,366443185,5767702966
3161,366443185,366370238
3162,366370238,366443185
3163,366370238,4567157328
3164,4567157328,366370238
3165,4567157328,366442417
3166,366442417,4567157328
3167,366442417,366406605
3168,366406605,366442417
3169,366406605,4676724673
3170,4676724673,366406605
3171,4676724673,5778303424
3172,5778303424,4676724673
3173,5778303424,366384738
3174,366384738,5778303424
3175,366384738,366378719
3176,366378719,366384738
3177,366378719,2049210166
3178,2049210166,366378719
3179,2049210166,2500257349
3180,2500257349,2049210166
3181,2500257349,5006804382
3182,5006804382,2500257349
3183,5006804382,5778457499
3184,5778457499,5006804382
3185,5778457499,366401614
3186,366401614,5778457499
3187,366401614,5006804379
3188,5006804379,366401614
3189,5006804379,366378320
3190,366378320,5006804379
3191,366378320,366421563
3192,366421563,366378320
3193,366421563,366427267
3194,366427267,366421563
3195,366427267,366464472
3196,366464472,366427267
3197,366464472,5771995747
3198,5771995747,366464472
3199,2337911243,366383160
3200,366383160,2337911243
3201,366383160,2159584486
3202,2159584486,366383160
3203,2159584486,2153157475
3204,2153157475,2159584486
3205,2153157475,2159584485
3206,2159584485,2153157475
3207,2159584485,5811554574
3208,5811554574,2159584485
3209,5811554574,5811554569
3210,5811554569,5811554574
3211,5811554569,5811554621
3212,5811554621,5811554569
3213,5811554621,5811554567
3214,5811554567,5811554621
3215,5811554567,2340178569
3216,2340178569,5811554567
3217,2340178569,2340178573
3218,2340178573,2340178569
3219,5769559520,2970556404
3220,2970556404,5769559520
3221,2970556404,366451056
3222,366451056,2970556404
3223,366451056,2970556411
3224,2970556411,366451056
3225,2970556411,2970556413
3226,2970556413,2970556411
3227,2970556413,366436742
3228,366436742,2970556413
3229,366436742,3717885582
3230,3717885582,366436742
3231,3717885582,2970556423
3232,2970556423,3717885582
3233,2970556423,2970556424
3234,2970556424,2970556423
3235,2970556424,366416925
3236,366416925,2970556424
3237,366416925,3717885586
3238,3717885586,366416925
3239,3717885586,3216188957
3240,3216188957,3717885586
3241,3216188957,366415007
3242,366415007,3216188957
3243,366415007,3717885588
3244,3717885588,366415007
3245,3717885588,366371142
3246,366371142,3717885588
3247,366371142,366477406
3248,366477406,366371142
3249,366477406,366430967
3250,366430967,366477406
3251,366430967,366438508
3252,366438508,366430967
3253,366438508,366420539
3254,366420539,366438508
3255,366420539,366370994
3256,366370994,366420539
3257,366370994,366438257
3258,366438257,366370994
3259,366438257,5772601883
3260,5772601883,366438257
3261,5772601883,366423488
3262,366423488,5772601883
3263,366423488,5772511393
3264,5772511393,366423488
3265,5772511393,5772601900
3266,5772601900,5772511393
3267,5772601900,366422855
3268,366422855,5772601900
3269,366422855,5278
3270,5278,366422855
3271,5278,4783066733
3272,4783066733,5278
3273,4783066733,5280
3274,5280,4783066733
3275,5280,860
357,860,5280
3277,860,9922
358,9922,860
3279,9922,366375049
3280,366375049,9922
3281,366375049,366436520
3282,366436520,366375049
3283,366436520,5772089081
3284,5772089081,366436520
3285,5772089081,366368855
3286,366368855,5772089081
3287,366368855,5772089080
3288,5772089080,366368855
3289,5772089080,5772089071
3290,5772089071,5772089080
3291,5772089071,366471766
3292,366471766,5772089071
3293,366471766,5772089143
3294,5772089143,366471766
3295,5772089143,366440125
3296,366440125,5772089143
3297,366440125,366461901
3298,366461901,366440125
3299,366461901,366385956
3300,366385956,366461901
3301,366385956,366434641
3302,366434641,366385956
3303,366434641,366413022
3304,366413022,366434641
3305,366413022,366478608
3306,366478608,366413022
3307,366381001,366416739
3308,366416739,366381001
3309,366416739,366452749
3310,366452749,366416739
3311,366452749,2026783691
3312,2026783691,366452749
3313,2026783691,366404399
3314,366404399,2026783691
3315,366404399,2026784391
3316,2026784391,366404399
3317,2026784391,366420050
3318,366420050,2026784391
3319,366420050,2026784115
3320,2026784115,366420050
3321,2026784115,2026783567
3322,2026783567,2026784115
3323,2026783567,366455282
3324,366455282,2026783567
3325,366455282,5772746269
3326,5772746269,366455282
3327,5772746269,2026784045
3328,2026784045,5772746269
3329,2026784045,1997244040
3330,1997244040,2026784045
3331,1997244040,5772746267
3332,5772746267,1997244040
3333,5772746267,1997244048
3334,1997244048,5772746267
3335,1997244048,1997244046
3336,1997244046,1997244048
3337,1997244046,1997244037
3338,1997244037,1997244046
3339,1997244037,1997244041
3340,1997244041,1997244037
3341,1997244041,2026783608
3342,2026783608,1997244041
3343,2026783608,1997244036
3344,1997244036,2026783608
3345,1997244036,1997244045
3346,1997244045,1997244036
3347,1997244045,1997244044
3348,1997244044,1997244045
3349,1997244044,5772598989
3350,5772598989,1997244044
3351,5772598989,1997244043
3352,1997244043,5772598989
3353,1997244043,1997244039
3354,1997244039,1997244043
3355,1997244039,1997244042
3356,1997244042,1997244039
3357,1997244042,1997244035
3358,1997244035,1997244042
3359,1997244035,1997244034
3360,1997244034,1997244035
3361,1997244034,1997244033
3362,1997244033,1997244034
3363,1997244033,1997244049
3364,1997244049,1997244033
3365,1997244049,2294456907
3366,2294456907,1997244049
3367,2294456907,1997244038
3368,1997244038,2294456907
3369,5762697896,2996
3370,2996,5762697896
3371,2996,5721820829
3372,5721820829,2996
3373,5721820829,2498052733
3374,2498052733,5721820829
3375,2498052733,366423309
3376,366423309,2498052733
3377,366423309,5721820520
3378,5721820520,366423309
3379,5721820520,5762697910
3380,5762697910,5721820520
3381,5762697910,5762697907
3382,5762697907,5762697910
3383,5762697907,366440386
3384,366440386,5762697907
3385,366440386,5725018656
3386,5725018656,366440386
3387,5725018656,5755622189
3388,5755622189,5725018656
3389,5755622189,366372095
3390,366372095,5755622189
3391,4632272910,366434989
3392,366434989,4632272910
3393,366434989,366461992
3394,366461992,366434989
3395,366461992,5735605678
3396,5735605678,366461992
3397,5735605678,3169702454
3398,3169702454,5735605678
3399,3169702454,5735605677
3400,5735605677,3169702454
3401,5735605677,3342361122
3402,3342361122,5735605677
3403,3342361122,5736013560
3404,5736013560,3342361122
3405,5736013560,5903371673
3406,5903371673,5736013560
3407,5903371673,8345
3408,8345,5903371673
3409,366413913,5753305814
3410,5753305814,366413913
3411,5753305814,5762724109
3412,5762724109,5753305814
3413,5762724109,366368275
3414,366368275,5762724109
3415,366368275,5753359989
3416,5753359989,366368275
3417,5753359989,366456336
3418,366456336,5753359989
3419,366456336,5753360008
3420,5753360008,366456336
3421,5753360008,5753222748
3422,5753222748,5753360008
3423,5753222748,366471587
3424,366471587,5753222748
3425,366471587,5753360010
3426,5753360010,366471587
3427,5753360010,5753222751
3428,5753222751,5753360010
3429,5753222751,366381308
3430,366381308,5753222751
3431,366381308,366463843
3432,366463843,366381308
3433,366463843,366471184
3434,366471184,366463843
3435,366471184,366409749
3436,366409749,366471184
3437,366409749,366372879
3438,366372879,366409749
3439,366372879,366386215
3440,366386215,366372879
3441,366386215,366423284
3442,366423284,366386215
3443,366423284,366449037
3444,366449037,366423284
3445,366449037,5753222760
3446,5753222760,366449037
3447,5753222760,366413716
3448,366413716,5753222760
3449,366413716,366369989
3450,366369989,366413716
3451,366369989,5753360123
3452,5753360123,366369989
3453,5753360123,5753222755
3454,5753222755,5753360123
3455,5753222755,366419270
3456,366419270,5753222755
3457,366419270,366434078
3458,366434078,366419270
3459,366434078,5753305819
3460,5753305819,366434078
3461,5753305819,5753306221
3462,5753306221,5753305819
3463,5753306221,366422739
3464,366422739,5753306221
3465,366422739,3117088700
3466,3117088700,366422739
3467,3117088700,3117088703
3468,3117088703,3117088700
3469,3117088703,5753222782
3470,5753222782,3117088703
3471,5753222782,5753222784
3472,5753222784,5753222782
3473,5753222784,366436265
3474,366436265,5753222784
3475,366436265,5753360129
3476,5753360129,366436265
3477,5753360129,3099108257
3478,3099108257,5753360129
3479,3099108257,5753360130
3480,5753360130,3099108257
3481,5753360130,5753220415
3482,5753220415,5753360130
3483,5753220415,366434365
3484,366434365,5753220415
3485,366434365,366417359
3486,366417359,366434365
3487,366417359,8664
3488,8664,366417359
3489,8664,1200
359,1200,8664
3491,366430543,366431951
3492,366431951,366430543
3493,366431951,366458810
3494,366458810,366431951
3495,366458810,5763302655
3496,5763302655,366458810
3497,5763302655,366460004
3498,366460004,5763302655
3499,366460004,366380141
3500,366380141,366460004
3501,366380141,366439800
3502,366439800,366380141
3503,366439800,5764796843
3504,5764796843,366439800
3505,5764796843,366457899
3506,366457899,5764796843
3507,366457899,5764885253
3508,5764885253,366457899
3509,5764885253,5764819312
3510,5764819312,5764885253
3511,5764819312,366435549
3512,366435549,5764819312
3513,366435549,5764818495
3514,5764818495,366435549
3515,5764818495,1605338339
3516,1605338339,5764818495
3517,1605338339,366382442
3518,366382442,1605338339
3519,366382442,5764819313
3520,5764819313,366382442
3521,5764819313,366399125
3522,366399125,5764819313
3523,366399125,5764819314
3524,5764819314,366399125
3525,5764819314,366469335
3526,366469335,5764819314
3527,366469335,5764819277
3528,5764819277,366469335
3529,5764819277,366469590
3530,366469590,5764819277
3531,366469590,5764885285
3532,5764885285,366469590
3533,5764885285,3257088749
3534,3257088749,5764885285
3535,3257088749,366396957
3536,366396957,3257088749
3537,366396957,366426700
3538,366426700,366396957
3539,366426700,366431269
3540,366431269,366426700
3541,366431269,5764885284
3542,5764885284,366431269
3543,5764885284,5764819315
3544,5764819315,5764885284
3545,5764819315,366443839
3546,366443839,5764819315
3547,366443839,366452160
3548,366452160,366443839
3549,366452160,5764819316
3550,5764819316,366452160
3551,5764819316,366467387
3552,366467387,5764819316
3553,366467387,5764885283
3554,5764885283,366467387
3555,5764885283,366478751
3556,366478751,5764885283
3557,366478751,5764819317
3558,5764819317,366478751
3559,5764819317,366441683
3560,366441683,5764819317
3561,366441683,5764819306
3562,5764819306,366441683
3563,5764819306,366398154
3564,366398154,5764819306
3565,366398154,366427744
3566,366427744,366398154
3567,366427744,366423366
3568,366423366,366427744
3569,366423366,5764885255
3570,5764885255,366423366
3571,5764885255,5764819311
3572,5764819311,5764885255
3573,5764819311,366470472
3574,366470472,5764819311
3575,366470472,5764819318
3576,5764819318,366470472
3577,5764819318,366398461
3578,366398461,5764819318
3579,366398461,5764885271
3580,5764885271,366398461
3581,5764885271,5764819319
3582,5764819319,5764885271
3583,5764819319,366379107
3584,366379107,5764819319
3585,366379107,366447914
3586,366447914,366379107
3587,366447914,5763242612
3588,5763242612,366447914
3589,5763242612,366468867
3590,366468867,5763242612
3591,366468867,5764772299
3592,5764772299,366468867
3593,5764772299,5764772300
3594,5764772300,5764772299
3595,5764772300,5764772301
3596,5764772301,5764772300
3597,5764772301,366426756
3598,366426756,5764772301
3599,366426756,366391200
3600,366391200,366426756
3601,366391200,5764772304
3602,5764772304,366391200
3603,5764772304,5764772305
3604,5764772305,5764772304
3605,5764772305,366474402
3606,366474402,5764772305
3607,366474402,5763104229
3608,5763104229,366474402
3609,5763104229,366431651
3610,366431651,5763104229
3611,366431651,366409785
3612,366409785,366431651
3613,366409785,5741177713
3614,5741177713,366409785
3615,5741177713,366417806
3616,366417806,5741177713
3617,366417806,5741177714
3618,5741177714,366417806
3619,5741177714,5763107016
3620,5763107016,5741177714
3621,5763107016,366389882
3622,366389882,5763107016
3623,366389882,5763106997
3624,5763106997,366389882
3625,5763106997,5763104222
3626,5763104222,5763106997
3627,5763104222,5763106994
3628,5763106994,5763104222
3629,5763106994,366458338
3630,366458338,5763106994
3631,366458338,5763107019
3632,5763107019,366458338
3633,5763107019,5763203737
3634,5763203737,5763107019
3635,5763203737,5763107021
3636,5763107021,5763203737
3637,5763107021,366424877
3638,366424877,5763107021
3639,366424877,5763107024
3640,5763107024,366424877
3641,5763107024,366403762
3642,366403762,5763107024
3643,366403762,366386028
3644,366386028,366403762
3645,366386028,366420519
3646,366420519,366386028
3647,366420519,366381988
3648,366381988,366420519
3649,366381988,366392591
3650,366392591,366381988
3651,366392591,5154367825
3652,5154367825,366392591
3653,5154367825,5763104226
3654,5763104226,5154367825
3655,5763104226,366467017
3656,366467017,5763104226
3657,366467017,5154367826
3658,5154367826,366467017
3659,5154367826,5763106959
3660,5763106959,5154367826
3661,5763106959,5154367827
3662,5154367827,5763106959
3663,5154367827,5763203872
3664,5763203872,5154367827
3665,2028465678,5748471655
3666,5748471655,2028465678
3667,5748471655,4246
3668,4246,5748471655
360,4246,756
3670,756,4246
3671,756,813
3672,813,756
361,813,947
3674,947,813
3675,5103,702
3676,702,5103
362,702,8945
3678,8945,702
363,8945,5102
3680,5102,8945
3681,5102,1097
3682,1097,5102
364,1097,8949
3684,8949,1097
3685,8949,366476429
3686,366476429,8949
3687,366476429,8946
3688,8946,366476429
365,8946,86
3690,86,8946
3691,86,8950
3692,8950,86
366,8950,638
3694,638,8950
3695,638,8947
3696,8947,638
367,8947,856
3698,856,8947
368,856,728
3700,728,856
369,728,8948
3702,8948,728
3703,8948,279
3704,279,8948
370,279,1247
3706,1247,279
371,1247,8944
3708,8944,1247
372,8944,1232
3710,1232,8944
373,1232,712
3712,712,1232
374,712,8942
3714,8942,712
375,8942,206
3716,206,8942
376,206,8943
3718,8943,206
377,8943,1243
3720,1243,8943
378,1243,8959
3722,8959,1243
379,8959,8955
380,8955,8959
381,8955,286
3726,286,8955
382,286,9119
383,9119,286
384,9119,8952
3730,8952,9119
385,8952,8953
386,8953,8952
3733,8953,9069
3734,9069,8953
387,9069,8954
3736,8954,9069
388,8954,9070
3738,9070,8954
389,9070,4311
3740,4311,9070
390,4311,8956
3742,8956,4311
391,8956,8968
3744,8968,8956
392,8968,4308
3746,4308,8968
393,661,8454
394,8454,661
3749,8454,798
395,798,8454
3751,798,933
396,933,798
3753,933,959
397,959,933
3755,959,6130
398,6130,959
3757,6130,906
399,906,6130
3759,906,776
400,776,906
3761,776,24
401,24,776
3763,24,8309
402,8309,24
3765,8309,8308
403,8308,8309
3767,8308,8310
404,8310,8308
3769,8310,1080
405,1080,8310
3771,1080,8306
406,8306,1080
3773,8306,502
407,502,8306
3775,502,1254
408,1254,502
3777,1254,8329
409,8329,1254
3779,8329,919
410,919,8329
3781,919,567
411,567,919
3783,567,6129
412,6129,567
3785,6129,6128
413,6128,6129
3787,6128,383
414,383,6128
3789,5748280795,5748280794
3790,5748280794,5748280795
3791,5748280794,8465
3792,8465,5748280794
3793,366438005,4976736728
3794,4976736728,366438005
3795,4976736728,4988329013
3796,4988329013,4976736728
3797,4988329013,1304
3798,1304,4988329013
3799,366469546,2040317293
3800,2040317293,366469546
3801,2040317293,2040317309
3802,2040317309,2040317293
3803,2040317309,2685998213
3804,2685998213,2040317309
3805,2685998213,2685998215
3806,2685998215,2685998213
3807,2685998215,2685998218
3808,2685998218,2685998215
3809,2685998218,2685998217
3810,2685998217,2685998218
3811,2685998217,2040317297
3812,2040317297,2685998217
3813,2040317297,2040317324
3814,2040317324,2040317297
3815,2040317324,2040317343
3816,2040317343,2040317324
3817,2040317343,366477547
3818,366477547,2040317343
3819,366477547,2685998198
3820,2685998198,366477547
3821,2685998198,5763222982
3822,5763222982,2685998198
3823,5763222982,366472596
3824,366472596,5763222982
3825,366472596,5763223004
3826,5763223004,366472596
3827,5763223004,5763222994
3828,5763222994,5763223004
3829,5763222994,5763223005
3830,5763223005,5763222994
3831,5763223005,366380295
3832,366380295,5763223005
3833,366380295,366369671
3834,366369671,366380295
3835,366369671,366437462
3836,366437462,366369671
3837,366437462,366369490
3838,366369490,366437462
3839,366369490,5763223023
3840,5763223023,366369490
3841,5763223023,366475843
3842,366475843,5763223023
3843,366475843,5755041819
3844,5755041819,366475843
3845,5755041819,5763223028
3846,5763223028,5755041819
3847,5763223028,366409385
3848,366409385,5763223028
3849,366409385,5755041820
3850,5755041820,366409385
3851,5755041820,5755041816
3852,5755041816,5755041820
3853,5755041816,4200187439
3854,4200187439,5755041816
3855,4200187439,5755041791
3856,5755041791,4200187439
3857,5755041791,366391686
3858,366391686,5755041791
3859,366391686,4200187274
3860,4200187274,366391686
3861,4200187274,5753408286
3862,5753408286,4200187274
3863,5753408286,4200187243
3864,4200187243,5753408286
3865,4200187243,4658499323
3866,4658499323,4200187243
3867,4658499323,366462744
3868,366462744,4658499323
3869,366476538,9335
415,9335,3143
3871,3143,3989
416,3989,6454
417,6454,3141
418,3141,6453
3875,6453,4594841781
3876,4594841781,6452
419,6452,482
420,482,6451
3879,6451,2029
421,2029,6450
3881,6450,3986
422,194,10969
3883,10969,194
3884,10969,5806361042
3885,5806361042,10969
3886,5806361042,5806362059
3887,5806362059,5806361042
3888,5806362059,5802992865
3889,5802992865,5806362059
3890,5802992865,5802992887
3891,5802992887,5802992865
3892,5802992887,5802992622
3893,5802992622,5802992887
3894,5802992622,5802992890
3895,5802992890,5802992622
3896,5802992890,5802992892
3897,5802992892,5802992890
3898,5802992892,366438262
3899,366438262,5802992892
3900,366438262,3378126237
3901,3378126237,366438262
3902,3378126237,5802992907
3903,5802992907,3378126237
3904,5802992907,366446705
3905,366446705,5802992907
3906,366446705,366438952
3907,366438952,366446705
3908,366438952,5802992911
3909,5802992911,366438952
3910,5802992911,3378126246
3911,3378126246,5802992911
3912,3378126246,366451302
3913,366451302,3378126246
3914,366451302,3378126252
3915,3378126252,366451302
3916,3378126252,5802845135
3917,5802845135,3378126252
3918,5802845135,3378126255
3919,3378126255,5802845135
3920,3378126255,5802846476
3921,5802846476,3378126255
3922,5802846476,5802846454
3923,5802846454,5802846476
3924,5802846454,3378126271
3925,3378126271,5802846454
3926,3378126271,3378126279
3927,3378126279,3378126271
3928,3378126279,366461739
3929,366461739,3378126279
3930,366461739,366428284
3931,366428284,366461739
3932,366428284,5802711132
3933,5802711132,366428284
3934,5802711132,5802711086
3935,5802711086,5802711132
3936,5802711086,366474031
3937,366474031,5802711086
3938,366474031,5802711125
3939,5802711125,366474031
3940,5802711125,366434144
3941,366434144,5802711125
3942,366434144,5802711101
3943,5802711101,366434144
3944,5802711101,3378126368
3945,3378126368,5802711101
3946,3378126368,3378126379
3947,3378126379,3378126368
3948,3378126379,3378126388
3949,3378126388,3378126379
3950,3378126388,5802711080
3951,5802711080,3378126388
3952,5802711080,366419474
3953,366419474,5802711080
3954,366419474,5800640125
3955,5800640125,366419474
3956,5800640125,366446652
3957,366446652,5800640125
3958,366446652,5800640136
3959,5800640136,366446652
3960,5800640136,366418593
3961,366418593,5800640136
3962,366418593,366445835
3963,366445835,366418593
3964,366445835,366448048
3965,366448048,366445835
3966,366448048,366443974
3967,366443974,366448048
3968,366443974,366429152
3969,366429152,366443974
3970,366429152,366402557
3971,366402557,366429152
3972,366402557,5800154837
3973,5800154837,366402557
3974,5800154837,366404774
3975,366404774,5800154837
3976,366404774,5732950093
3977,5732950093,366404774
3978,5732950093,366463630
3979,366463630,5732950093
3980,366463630,5733030829
3981,5733030829,366463630
3982,5733030829,5732950059
3983,5732950059,5733030829
3984,5732950059,366473857
3985,366473857,5732950059
3986,366473857,366408734
3987,366408734,366473857
3988,366408734,5733029517
3989,5733029517,366408734
3990,5733029517,5732950321
3991,5732950321,5733029517
3992,5732950321,366427065
3993,366427065,5732950321
3994,366427065,5733029444
3995,5733029444,366427065
3996,5733029444,5732950328
3997,5732950328,5733029444
3998,5732950328,366472195
3999,366472195,5732950328
4000,366472195,5733029490
4001,5733029490,366472195
4002,5733029490,366400395
4003,366400395,5733029490
4004,366400395,366390348
4005,366390348,366400395
4006,366390348,5733044725
4007,5733044725,366390348
4008,5733044725,366468199
4009,366468199,5733044725
4010,366468199,5732964013
4011,5732964013,366468199
4012,5732964013,366474634
4013,366474634,5732964013
4014,366474634,5732964557
4015,5732964557,366474634
4016,5732964557,366422903
4017,366422903,5732964557
4018,366422903,5732964411
4019,5732964411,366422903
4020,5732964411,5733044016
4021,5733044016,5732964411
4022,5733044016,366403954
4023,366403954,5733044016
4024,366403954,366474867
4025,366474867,366403954
4026,366474867,5738009597
4027,5738009597,366474867
4028,5738009597,5732950415
4029,5732950415,5738009597
4030,5732950415,5737925571
4031,5737925571,5732950415
4032,5737925571,366470963
4033,366470963,5737925571
4034,366470963,5737886896
4035,5737886896,366470963
4036,5737886896,366466912
4037,366466912,5737886896
4038,366466912,5737926347
4039,5737926347,366466912
4040,5737926347,5737926338
4041,5737926338,5737926347
4042,5737926338,366458333
4043,366458333,5737926338
4044,366458333,5740098010
4045,5740098010,366458333
4046,5740098010,366427124
4047,366427124,5740098010
4048,366427124,366401008
4049,366401008,366427124
4050,366401008,366384657
4051,366384657,366401008
4052,366384657,5740098139
4053,5740098139,366384657
4054,5740098139,5740098066
4055,5740098066,5740098139
4056,5740098066,366374308
4057,366374308,5740098066
4058,366374308,5740098128
4059,5740098128,366374308
4060,5740098128,5740602158
4061,5740602158,5740098128
4062,5740602158,5740600500
4063,5740600500,5740602158
4064,5740600500,5740561113
4065,5740561113,5740600500
4066,5740561113,366426288
4067,366426288,5740561113
4068,366426288,5740602154
4069,5740602154,366426288
4070,5740602154,5740602127
4071,5740602127,5740602154
4072,5740602127,5740602142
4073,5740602142,5740602127
4074,5740602142,5740602140
4075,5740602140,5740602142
4076,5740602140,5740098152
4077,5740098152,5740602140
4078,5740098152,5750592036
4079,5750592036,5740098152
4080,366451038,366377277
4081,366377277,366451038
4082,366377277,5740112529
4083,5740112529,366377277
4084,5740112529,366418890
4085,366418890,5740112529
4086,366418890,366387262
4087,366387262,366418890
4088,366387262,366388403
4089,366388403,366387262
4090,366388403,366462308
4091,366462308,366388403
4092,366462308,5740600513
4093,5740600513,366462308
4094,5740600513,366434586
4095,366434586,5740600513
4096,366434586,5740725988
4097,5740725988,366434586
4098,5740725988,5740726137
4099,5740726137,5740725988
4100,5740726137,5740726208
4101,5740726208,5740726137
4102,5740726208,5740726209
4103,5740726209,5740726208
4104,5740726209,5740726210
4105,5740726210,5740726209
4106,5740726210,5740726211
4107,5740726211,5740726210
4108,5740726211,366412404
4109,366412404,5740726211
4110,366412404,5740726212
4111,5740726212,366412404
4112,5740726212,5740726213
4113,5740726213,5740726212
4114,5740726213,5740725995
4115,5740725995,5740726213
4116,5740725995,5740726136
4117,5740726136,5740725995
4118,5740726136,366474982
4119,366474982,5740726136
4120,366474982,366444412
4121,366444412,366474982
4122,366444412,5740602137
4123,5740602137,366444412
4124,5740602137,5740098151
4125,5740098151,5740602137
4126,5740098151,5740098149
4127,5740098149,5740098151
4128,5740098149,5740098148
4129,5740098148,5740098149
4130,5740098148,5740602123
4131,5740602123,5740098148
4132,5740602123,5740098138
4133,5740098138,5740602123
4134,366400855,366393471
4135,366393471,366400855
4136,366393471,588
4137,588,366393471
4138,588,183
423,183,588
4140,183,2776784764
4141,2776784764,183
4142,2776784764,366413920
4143,366413920,2776784764
4144,366413920,5748332615
4145,5748332615,366413920
4146,5748332615,5748273099
4147,5748273099,5748332615
4148,5748273099,5748332758
4149,5748332758,5748273099
4150,5748332758,5748332725
4151,5748332725,5748332758
4152,5748332725,366410705
4153,366410705,5748332725
4154,366410705,366469455
4155,366469455,366410705
4156,366469455,366412582
4157,366412582,366469455
4158,366412582,366472806
4159,366472806,366412582
4160,366472806,5748272018
4161,5748272018,366472806
4162,5748272018,366421247
4163,366421247,5748272018
4164,366421247,366397861
4165,366397861,366421247
4166,366397861,366400967
4167,366400967,366397861
4168,366400967,366443438
4169,366443438,366400967
4170,366443438,5742943347
4171,5742943347,366443438
4172,5742943347,5085195918
4173,5085195918,5742943347
4174,5085195918,5742943349
4175,5742943349,5085195918
4176,5742943349,3110290337
4177,3110290337,5742943349
4178,3110290337,366478599
4179,366478599,3110290337
4180,366478599,366387290
4181,366387290,366478599
4182,366387290,366421495
4183,366421495,366387290
4184,366421495,366391326
4185,366391326,366421495
4186,366391326,3110285828
4187,3110285828,366391326
4188,3110285828,3110285825
4189,3110285825,3110285828
4190,3110285825,5742943356
4191,5742943356,3110285825
4192,5742943356,5742943354
4193,5742943354,5742943356
4194,5742943354,366442400
4195,366442400,5742943354
4196,366442400,5087781581
4197,5087781581,366442400
4198,5087781581,5742968251
4199,5742968251,5087781581
4200,5742968251,5085226966
4201,5085226966,5742968251
4202,5085226966,366409133
4203,366409133,5085226966
4204,366409133,366433600
4205,366433600,366409133
4206,366433600,3110285806
4207,3110285806,366433600
4208,3110285806,5085048504
4209,5085048504,3110285806
4210,5085048504,5087680448
4211,5087680448,5085048504
4212,5087680448,366397244
4213,366397244,5087680448
4214,366397244,5740165633
4215,5740165633,366397244
4216,5740165633,366434472
4217,366434472,5740165633
4218,366434472,366455233
4219,366455233,366434472
4220,366455233,5740165650
4221,5740165650,366455233
4222,5740165650,5740165654
4223,5740165654,5740165650
4224,5740165654,366418158
4225,366418158,5740165654
4226,366418158,5740227314
4227,5740227314,366418158
4228,5740227314,5087541026
4229,5087541026,5740227314
4230,5087541026,366446987
4231,366446987,5087541026
4232,366446987,366385544
4233,366385544,366446987
4234,366385544,5740165674
4235,5740165674,366385544
4236,5740165674,2445370087
4237,2445370087,5740165674
4238,2445370087,8665
4239,8665,2445370087
4240,8665,4607
424,4607,8665
4242,4607,5057958837
4243,5057958837,4607
4244,5057958837,5057958849
4245,5057958849,5057958837
4246,5057958849,2445372836
4247,2445372836,5057958849
4248,2445372836,2445372842
4249,2445372842,2445372836
4250,2445372842,2445372855
4251,2445372855,2445372842
4252,5748510172,5748510178
4253,5748510178,5748510172
4254,5748510178,366405033
4255,366405033,5748510178
4256,366405033,366400735
4257,366400735,366405033
4258,366400735,366433548
4259,366433548,366400735
4260,366433548,4813074209
4261,4813074209,366433548
4262,4813074209,1929546483
4263,1929546483,4813074209
4264,1929546483,5679833283
4265,5679833283,1929546483
4266,5679833283,366441605
4267,366441605,5679833283
4268,366441605,3174489700
4269,3174489700,366441605
4270,3174489700,5748510191
4271,5748510191,3174489700
4272,5748510191,5748510203
4273,5748510203,5748510191
4274,5748510203,5748510200
4275,5748510200,5748510203
4276,5748510200,366416375
4277,366416375,5748510200
4278,366416375,5748510206
4279,5748510206,366416375
4280,5748510206,5748507916
4281,5748507916,5748510206
4282,5748507916,366411569
4283,366411569,5748507916
4284,366411569,5748510209
4285,5748510209,366411569
4286,5748510209,5735325881
4287,5735325881,5748510209
4288,5735325881,3191480524
4289,3191480524,5735325881
4290,3191480524,5735325879
4291,5735325879,3191480524
4292,5735325879,3191480514
4293,3191480514,5735325879
4294,3191480514,5735325888
4295,5735325888,3191480514
4296,5735325888,366455819
4297,366455819,5735325888
4298,366455819,5735325891
4299,5735325891,366455819
4300,5735325891,3174489699
4301,3174489699,5735325891
4302,3174489699,366467780
4303,366467780,3174489699
4304,366467780,5737935284
4305,5737935284,366467780
4306,5737935284,3066267890
4307,3066267890,5737935284
4308,3066267890,2358212619
4309,2358212619,3066267890
4310,2358212619,366453059
4311,366453059,2358212619
4312,366453059,1516822799
4313,1516822799,366453059
4314,1516822799,2358218851
4315,2358218851,1516822799
4316,2358218851,2358212657
4317,2358212657,2358218851
4318,2358212657,5737935277
4319,5737935277,2358212657
4320,5737935277,4275267012
4321,4275267012,5737935277
4322,4275267012,5748241434
4323,5748241434,4275267012
4324,5748241434,3144008563
4325,3144008563,5748241434
4326,3144008563,5748241428
4327,5748241428,3144008563
4328,5748241428,366463311
4329,366463311,5748241428
4330,366463311,3174487609
4331,3174487609,366463311
4332,3174487609,1958801240
4333,1958801240,3174487609
4334,1958801240,5009095754
4335,5009095754,1958801240
4336,5009095754,3144008543
4337,3144008543,5009095754
4338,3144008543,5009095756
4339,5009095756,3144008543
4340,5009095756,366408533
4341,366408533,5009095756
4342,366408533,4275339100
4343,4275339100,366408533
4344,4275339100,5009095759
4345,5009095759,4275339100
4346,5009095759,366460781
4347,366460781,5009095759
4348,366460781,366441241
4349,366441241,366460781
4350,366441241,5752799779
4351,5752799779,366441241
4352,5752799779,366398516
4353,366398516,5752799779
4354,366398516,1929545975
4355,1929545975,366398516
4356,1929545975,366461957
4357,366461957,1929545975
4358,366461957,366409317
4359,366409317,366461957
4360,366409317,3174487608
4361,3174487608,366409317
4362,3174487608,3191485719
4363,3191485719,3174487608
4364,3191485719,1929546737
4365,1929546737,3191485719
4366,1929546737,5757488275
4367,5757488275,1929546737
4368,5757488275,373543435
4369,373543435,5757488275
4370,9774,9769
4371,9769,9774
4372,9769,9768
425,9768,9769
4374,9768,5769343959
4375,5769343959,9768
4376,5769343959,5769343962
4377,5769343962,5769343959
4378,5769343962,5769343958
4379,5769343958,5769343962
4380,5769343958,9754
4381,9754,5769343958
426,9754,9767
4383,9767,9754
427,9767,9753
4385,9753,9767
4386,9753,9766
4387,9766,9753
428,9766,9765
4389,9765,9766
429,9765,9755
430,9755,9765
431,9755,9764
4393,9764,9755
432,9764,9763
4395,9763,9764
4396,9763,9762
4397,9762,9763
433,9762,4589
4399,4589,9762
434,4589,9761
4401,9761,4589
435,9761,10238
4403,10238,9761
4404,10238,9760
436,9760,10238
437,9760,10236
4407,10236,9760
4408,10236,5778117604
4409,5778117604,10236
4410,5778117604,5778117603
4411,5778117603,5778117604
4412,5778117603,5778117602
4413,5778117602,5778117603
4414,5778117602,5769343549
4415,5769343549,5778117602
4416,5769343549,10235
4417,10235,5769343549
4418,10235,10234
438,10234,10235
4420,10234,5778117599
4421,5778117599,10234
4422,5778117599,5778117598
4423,5778117598,5778117599
4424,5778117598,10237
4425,10237,5778117598
439,10237,9759
4427,9759,10237
440,9759,9758
4429,9758,9759
441,9758,10166
442,10166,9758
4432,10166,9757
4433,9757,10166
443,864,4156
444,4156,2079
4436,2079,9343
445,9343,8170
446,8170,2411
447,2411,8171
448,8171,8172
449,2277,3509
450,3509,2277
451,9192,10362
452,10362,9192
453,10362,10361
454,10361,10362
455,10361,10400
456,10400,10361
457,10400,10406
458,10406,10400
459,10406,7402
460,7402,10406
461,7402,6132
462,6132,7402
463,6132,4914
464,4914,6132
465,4914,7076
466,7076,4914
467,7076,7455
468,7455,7076
469,7455,427
470,427,7455
471,427,4913
472,4913,427
473,4913,7424
474,7424,4913
475,7424,7423
476,7423,7424
477,7423,10405
478,10405,7423
479,10405,6379
480,6379,10405
481,6379,10404
482,10404,6379
483,10404,10399
484,10399,10404
485,10154,10153
4478,10153,10154
4479,10153,10152
4480,10152,10153
4481,10152,366420316
4482,366420316,10152
4483,366420316,6138423157
4484,6138423157,366420316
4485,6138423157,6138423153
4486,6138423153,6138423157
4487,6138423153,6169690254
4488,6169690254,6138423153
4489,6169690254,6169690249
4490,6169690249,6169690254
4491,6169690249,5772562988
4492,5772562988,6169690249
4493,5772562988,6138423137
4494,6138423137,5772562988
4495,6138423137,5772562987
4496,5772562987,6138423137
4497,5772562987,6169690242
4498,6169690242,5772562987
4499,6169690242,4950067574
4500,4950067574,6169690242
4501,4950067574,366388046
4502,366388046,4950067574
4503,366388046,5802582080
4504,5802582080,366388046
4505,5802582080,5772562986
4506,5772562986,5802582080
4507,5772562986,5772562985
4508,5772562985,5772562986
4509,5772562985,5802614988
4510,5802614988,5772562985
4511,5802614988,5772562984
4512,5772562984,5802614988
4513,5772562984,5772562983
4514,5772562983,5772562984
4515,5772562983,6169690230
4516,6169690230,5772562983
4517,6169690230,6110250990
4518,6110250990,6169690230
4519,6110250990,6110250985
4520,6110250985,6110250990
4521,6110250985,5813728945
4522,5813728945,6110250985
4523,5813728945,5813728867
4524,5813728867,5813728945
4525,5813728867,5772562982
4526,5772562982,5813728867
4527,366374908,5053
4528,5053,366374908
486,5053,1002
4530,1002,5053
4531,1002,5772027869
4532,5772027869,1002
4533,5772027869,5772027847
4534,5772027847,5772027869
4535,5772027847,3216189007
4536,3216189007,5772027847
4537,3216189007,4467
4538,4467,3216189007
487,4467,9920
4540,9920,4467
4541,9920,4468
4542,4468,9920
488,4468,9919
4544,9919,4468
4545,9919,2952824774
4546,2952824774,9919
4547,2952824774,2952824775
4548,2952824775,2952824774
4549,2952824775,2952824776
4550,2952824776,2952824775
4551,2952824776,2952824777
4552,2952824777,2952824776
4553,2952824777,5767302216
4554,5767302216,2952824777
4555,5767302216,5767302217
4556,5767302217,5767302216
4557,5767302217,5767302218
4558,5767302218,5767302217
4559,5767302218,5767303600
4560,5767303600,5767302218
4561,5767303600,5767303642
4562,5767303642,5767303600
4563,5767303642,2952824830
4564,2952824830,5767303642
4565,2952824830,5767303806
4566,5767303806,2952824830
4567,5767303806,366423024
4568,366423024,5767303806
4569,366423024,2952824779
4570,2952824779,366423024
4571,2952824779,5767303756
4572,5767303756,2952824779
4573,5767303756,366398320
4574,366398320,5767303756
4575,366398320,2952824778
4576,2952824778,366398320
4577,2952824778,5767303802
4578,5767303802,2952824778
4579,5767303802,5767302245
4580,5767302245,5767303802
4581,5767302245,3761761993
4582,3761761993,5767302245
4583,3761761993,5767302244
4584,5767302244,3761761993
4585,5767302244,5767303807
4586,5767303807,5767302244
4587,5767303807,2940857407
4588,2940857407,5767303807
4589,2940857407,366425121
4590,366425121,2940857407
4591,366425121,5767639415
4592,5767639415,366425121
4593,5767639415,5767599122
4594,5767599122,5767639415
4595,5767599122,3761761994
4596,3761761994,5767599122
4597,3761761994,5767601288
4598,5767601288,3761761994
4599,5767601288,5767601287
4600,5767601287,5767601288
4601,5767601287,5767601272
4602,5767601272,5767601287
4603,5767601272,5767601263
4604,5767601263,5767601272
4605,5767601263,2952826161
4606,2952826161,5767601263
4607,2952826161,366388213
4608,366388213,2952826161
4609,366388213,5767639424
4610,5767639424,366388213
4611,5767639424,366407073
4612,366407073,5767639424
4613,366407073,5767601231
4614,5767601231,366407073
4615,5767601231,366436676
4616,366436676,5767601231
4617,366436676,5880324065
4618,5880324065,366436676
4619,5880324065,5772493653
4620,5772493653,5880324065
4621,5772493653,366460693
4622,366460693,5772493653
4623,2092411576,5755254572
4624,5755254572,2092411576
4625,5755254572,366450260
4626,366450260,5755254572
4627,366450260,5738080766
4628,5738080766,366450260
4629,5738080766,366472811
4630,366472811,5738080766
4631,366472811,5738080808
4632,5738080808,366472811
4633,5738080808,3700589673
4634,3700589673,5738080808
4635,3700589673,5738080756
4636,5738080756,3700589673
4637,5738080756,366454630
4638,366454630,5738080756
4639,366454630,3700589672
4640,3700589672,366454630
4641,3700589672,5738080759
4642,5738080759,3700589672
4643,5738080759,5738080763
4644,5738080763,5738080759
4645,5738080763,366420510
4646,366420510,5738080763
4647,366420510,366373311
4648,366373311,366420510
4649,366373311,366367696
4650,366367696,366373311
4651,366367696,3700589666
4652,3700589666,366367696
4653,3700589666,366444582
4654,366444582,3700589666
4655,366444582,5737998657
4656,5737998657,366444582
4657,5737998657,3700589657
4658,3700589657,5737998657
4659,3700589657,366470512
4660,366470512,3700589657
4661,366470512,3700589651
4662,3700589651,366470512
4663,3700589651,3700589648
4664,3700589648,3700589651
4665,3700589648,5737998661
4666,5737998661,3700589648
4667,5737998661,366404137
4668,366404137,5737998661
4669,366404137,366375254
4670,366375254,366404137
4671,366375254,5737998678
4672,5737998678,366375254
4673,5737998678,366463495
4674,366463495,5737998678
4675,366463495,3700589517
4676,3700589517,366463495
4677,3700589517,366437256
4678,366437256,3700589517
4679,366437256,3700589512
4680,3700589512,366437256
4681,3700589512,366414789
4682,366414789,3700589512
4683,366414789,5737998675
4684,5737998675,366414789
4685,5737998675,5737998629
4686,5737998629,5737998675
4687,5737998629,366409146
4688,366409146,5737998629
4689,366409146,366460322
4690,366460322,366409146
4691,366460322,366413963
4692,366413963,366460322
4693,366413963,5737998645
4694,5737998645,366413963
4695,5737998645,4865562439
4696,4865562439,5737998645
4697,4865562439,366462239
4698,366462239,4865562439
4699,366462239,366475390
4700,366475390,366462239
4701,366475390,366382312
4702,366382312,366475390
4703,366382312,5740276426
4704,5740276426,366382312
4705,5740276426,366472436
4706,366472436,5740276426
4707,366472436,366470898
4708,366470898,366472436
4709,366470898,5740276106
4710,5740276106,366470898
4711,5740276106,366471834
4712,366471834,5740276106
4713,366471834,4865562508
4714,4865562508,366471834
4715,4865562508,3376112110
4716,3376112110,4865562508
4717,3376112110,4865562509
4718,4865562509,3376112110
4719,4865562509,366411438
4720,366411438,4865562509
4721,366411438,5740301874
4722,5740301874,366411438
4723,5740301874,5740301885
4724,5740301885,5740301874
4725,5740301885,5740301870
4726,5740301870,5740301885
4727,5740301870,5740301888
4728,5740301888,5740301870
4729,5740301888,5740301891
4730,5740301891,5740301888
4731,5740301891,5740359330
4732,5740359330,5740301891
4733,5740359330,5740359219
4734,5740359219,5740359330
4735,5740359219,5740301877
4736,5740301877,5740359219
4737,5740301877,5740301881
4738,5740301881,5740301877
4739,5740301881,366466579
4740,366466579,5740301881
4741,366466579,5740359349
4742,5740359349,366466579
4743,5740359349,366399562
4744,366399562,5740359349
4745,366399562,366448704
4746,366448704,366399562
4747,366448704,5740359358
4748,5740359358,366448704
4749,5740359358,5740359207
4750,5740359207,5740359358
4751,5740359207,366370465
4752,366370465,5740359207
4753,366370465,5740359341
4754,5740359341,366370465
4755,5740359341,366374763
4756,366374763,5740359341
4757,366374763,5740359212
4758,5740359212,366374763
4759,5740359212,3376112109
4760,3376112109,5740359212
4761,3376112109,4865561997
4762,4865561997,3376112109
4763,4865561997,366418469
4764,366418469,4865561997
4765,366418469,366463909
4766,366463909,366418469
4767,366463909,3376112129
4768,3376112129,366463909
4769,3376112129,3376112128
4770,3376112128,3376112129
4771,3376112128,3376112127
4772,3376112127,3376112128
4773,3376112127,366452126
4774,366452126,3376112127
4775,366452126,5740319846
4776,5740319846,366452126
4777,5740319846,5740319848
4778,5740319848,5740319846
4779,5740319848,366390637
4780,366390637,5740319848
4781,366390637,3376112130
4782,3376112130,366390637
4783,3376112130,366418358
4784,366418358,3376112130
4785,366418358,737199240
4786,737199240,366418358
4787,737199240,3376112126
4788,3376112126,737199240
4789,3376112126,3376112125
4790,3376112125,3376112126
4791,3376112125,366390632
4792,366390632,3376112125
4793,366390632,3376112124
4794,3376112124,366390632
4795,3376112124,5750509144
4796,5750509144,3376112124
4797,5750509144,366446994
4798,366446994,5750509144
4799,366446994,4865562013
4800,4865562013,366446994
4801,4865562013,366472306
4802,366472306,4865562013
4803,366472306,3351962192
4804,3351962192,366472306
4805,3351962192,366477481
4806,366477481,3351962192
4807,366477481,3351962191
4808,3351962191,366477481
4809,3351962191,5750519177
4810,5750519177,3351962191
4811,5750519177,3351962150
4812,3351962150,5750519177
4813,3351962150,737199239
4814,737199239,3351962150
4815,737199239,4865561998
4816,4865561998,737199239
4817,4865561998,3351962149
4818,3351962149,4865561998
4819,3351962149,3351885006
4820,3351885006,3351962149
4821,3351885006,366452320
4822,366452320,3351885006
4823,3308,10042
489,10042,3308
490,10042,7660
491,7660,10042
492,7660,2317
493,2317,7660
494,2317,2316
495,2316,2317
496,2316,1185
497,1185,2316
498,1185,7658
499,7658,1185
500,7658,9521
501,9521,7658
502,9521,9522
503,9522,9521
504,9522,9523
505,9523,9522
506,9523,18
507,18,9523
508,18,7659
509,7659,18
510,7659,9537
511,9537,7659
512,8656,4608
4848,4608,8656
4849,4608,366422996
4850,366422996,4608
4851,366422996,3112826305
4852,3112826305,366422996
4853,3112826305,366428671
4854,366428671,3112826305
4855,366428671,366426181
4856,366426181,366428671
4857,366426181,366388779
4858,366388779,366426181
4859,366388779,2445372839
4860,2445372839,366388779
4861,2445372839,5748690431
4862,5748690431,2445372839
4863,5748690431,366468017
4864,366468017,5748690431
4865,366468017,366427556
4866,366427556,366468017
4867,366427556,5740296600
4868,5740296600,366427556
4869,5740296600,366469594
4870,366469594,5740296600
4871,366469594,366379258
4872,366379258,366469594
4873,366379258,366442733
4874,366442733,366379258
4875,366442733,366452224
4876,366452224,366442733
4877,366452224,369
4878,369,366452224
4879,369,366461787
4880,366461787,369
4881,366461787,3964
4882,3964,366461787
4883,3964,803
513,803,3964
4885,803,366479128
4886,366479128,803
4887,366479128,2445361084
4888,2445361084,366479128
4889,2445361084,5740296589
4890,5740296589,2445361084
4891,5740296589,366449430
4892,366449430,5740296589
4893,366449430,2445361097
4894,2445361097,366449430
4895,2445361097,366370857
4896,366370857,2445361097
4897,366370857,2445361104
4898,2445361104,366370857
4899,2445361104,366418785
4900,366418785,2445361104
4901,366418785,366418829
4902,366418829,366418785
4903,366418829,5735458467
4904,5735458467,366418829
4905,5735458467,5735458462
4906,5735458462,5735458467
4907,5735458462,1019
4908,1019,5735458462
4909,1019,8294
514,8294,1019
4911,8294,189
515,189,8294
4913,6774,10489
516,10489,6774
517,10489,10488
518,10488,10489
519,10488,10487
520,10487,10488
521,10487,10486
522,10486,10487
523,10486,10485
524,10485,10486
525,10485,10484
526,10484,10485
527,10484,10483
528,10483,10484
529,10483,10482
530,10482,10483
531,10482,10481
532,10481,10482
533,10481,10479
534,10479,10481
535,10479,10480
536,10480,10479
537,10480,10478
538,10478,10480
539,10478,10477
540,10477,10478
541,10477,10476
542,10476,10477
543,10476,10475
544,10475,10476
545,10475,10474
546,10474,10475
547,10474,10473
548,10473,10474
549,10473,10472
550,10472,10473
551,10472,10471
552,10471,10472
553,10471,10666
554,10666,10471
555,10666,10470
556,10470,10666
557,10470,10469
558,10469,10470
559,10469,10468
560,10468,10469
561,10468,985
562,985,10468
563,985,179
564,179,985
565,179,6645
566,6645,179
567,5177,5178
4966,5178,5177
4967,5178,5765322029
4968,5765322029,5178
4969,5765322029,3144008565
4970,3144008565,5765322029
4971,3144008565,3144008566
4972,3144008566,3144008565
4973,3144008566,5681323787
4974,5681323787,3144008566
4975,5681323787,3144008567
4976,3144008567,5681323787
4977,3144008567,3144008568
4978,3144008568,3144008567
4979,3144008568,3338165644
4980,3338165644,3144008568
4981,3338165644,3144008569
4982,3144008569,3338165644
4983,3144008569,5681323784
4984,5681323784,3144008569
4985,5681323784,3144008570
4986,3144008570,5681323784
4987,3144008570,3144008571
4988,3144008571,3144008570
4989,3144008571,5502531466
4990,5502531466,3144008571
4991,5502531466,366421835
4992,366421835,5502531466
4993,366421835,3338165647
4994,3338165647,366421835
4995,3338165647,3338165653
4996,3338165653,3338165647
4997,3338165653,366373217
4998,366373217,3338165653
4999,366373217,3144008574
5000,3144008574,366373217
5001,3144008574,4107441966
5002,4107441966,3144008574
5003,4107441966,4195198451
5004,4195198451,4107441966
5005,4195198451,5681323773
5006,5681323773,4195198451
5007,5681323773,366440893
5008,366440893,5681323773
5009,366440893,366438377
5010,366438377,366440893
5011,366438377,4195198462
5012,4195198462,366438377
5013,4195198462,4195198464
5014,4195198464,4195198462
5015,4195198464,366457112
5016,366457112,4195198464
5017,366457112,4195198457
5018,4195198457,366457112
5019,4195198457,4195198455
5020,4195198455,4195198457
5021,4195198455,366419816
5022,366419816,4195198455
5023,366419816,4984435282
5024,4984435282,366419816
5025,4984435282,366458750
5026,366458750,4984435282
5027,5764995230,5764995229
5028,5764995229,5764995230
5029,5764995229,366410162
5030,366410162,5764995229
5031,366410162,366405223
5032,366405223,366410162
5033,366405223,366474603
5034,366474603,366405223
5035,366474603,5764995138
5036,5764995138,366474603
5037,5764995138,5764995224
5038,5764995224,5764995138
5039,5764995224,5764995135
5040,5764995135,5764995224
5041,5764995135,5764995258
5042,5764995258,5764995135
5043,5764995258,366409128
5044,366409128,5764995258
5045,366409128,5764995250
5046,5764995250,366409128
5047,5764995250,366458547
5048,366458547,5764995250
5049,366458547,5764995264
5050,5764995264,366458547
5051,5764995264,366369385
5052,366369385,5764995264
5053,366369385,366450469
5054,366450469,366369385
5055,366450469,5764995213
5056,5764995213,366450469
5057,5764995213,366438552
5058,366438552,5764995213
5059,366438552,366376676
5060,366376676,366438552
5061,366376676,5765040602
5062,5765040602,366376676
5063,5765040602,366448953
5064,366448953,5765040602
5065,366448953,5765040584
5066,5765040584,366448953
5067,5765040584,366399958
5068,366399958,5765040584
5069,366399958,5765040335
5070,5765040335,366399958
5071,5765040335,366383500
5072,366383500,5765040335
5073,366383500,366437874
5074,366437874,366383500
5075,366437874,5765040542
5076,5765040542,366437874
5077,5765040542,366450752
5078,366450752,5765040542
5079,366450752,5765040505
5080,5765040505,366450752
5081,5765040505,366421916
5082,366421916,5765040505
5083,366421916,5765040560
5084,5765040560,366421916
5085,5765040560,5765040561
5086,5765040561,5765040560
5087,5765040561,5765040523
5088,5765040523,5765040561
5089,5765040523,366448171
5090,366448171,5765040523
5091,366448171,366422671
5092,366422671,366448171
5093,366422671,5765072445
5094,5765072445,366422671
5095,5765072445,3865001952
5096,3865001952,5765072445
5097,3865001952,3865001941
5098,3865001941,3865001952
5099,3865001941,366383300
5100,366383300,3865001941
5101,366383300,366478328
5102,366478328,366383300
5103,366478328,5765072417
5104,5765072417,366478328
5105,5765072417,366444321
5106,366444321,5765072417
5107,366444321,366408325
5108,366408325,366444321
5109,366408325,2922943389
5110,2922943389,366408325
5111,2922943389,5765072760
5112,5765072760,2922943389
5113,5765072760,366457950
5114,366457950,5765072760
5115,366457950,366398608
5116,366398608,366457950
5117,366398608,5765072765
5118,5765072765,366398608
5119,5765072765,5166719129
5120,5166719129,5765072765
5121,5166719129,5765072838
5122,5765072838,5166719129
5123,5765072838,366375102
5124,366375102,5765072838
5125,366375102,5765072826
5126,5765072826,366375102
5127,5765072826,366390134
5128,366390134,5765072826
5129,366390134,5765072794
5130,5765072794,366390134
5131,5765072794,2241008146
5132,2241008146,5765072794
5133,2241008146,4069480120
5134,4069480120,2241008146
5135,4936211666,5769745062
5136,5769745062,4936211666
5137,5769745062,5769745053
5138,5769745053,5769745062
5139,5769745053,5769745054
5140,5769745054,5769745053
5141,5769745054,3217666044
5142,3217666044,5769745054
5143,3217666044,3217666047
5144,3217666047,3217666044
5145,3217666047,5769742336
5146,5769742336,3217666047
5147,5769742336,5769745064
5148,5769745064,5769742336
5149,5769745064,5769745068
5150,5769745068,5769745064
5151,5769745068,5771993190
5152,5771993190,5769745068
5153,5771993190,366407399
5154,366407399,5771993190
5155,366407399,5771993191
5156,5771993191,366407399
5157,5771993191,5771993187
5158,5771993187,5771993191
5159,5771993187,366399094
5160,366399094,5771993187
5161,366399094,5771992957
5162,5771992957,366399094
5163,5771992957,5771993183
5164,5771993183,5771992957
5165,5771993183,5771993159
5166,5771993159,5771993183
5167,5771993159,5771993182
5168,5771993182,5771993159
5169,5771993182,5771993160
5170,5771993160,5771993182
5171,5771993160,5771992984
5172,5771992984,5771993160
5173,5771992984,366422254
5174,366422254,5771992984
5175,366422254,5771993181
5176,5771993181,366422254
5177,5771993181,3217666067
5178,3217666067,5771993181
5179,3217666067,5771993169
5180,5771993169,3217666067
5181,5771993169,2968017115
5182,2968017115,5771993169
5183,2968017115,366373698
5184,366373698,2968017115
5185,5728549692,5750622907
5186,5750622907,5728549692
5187,5750622907,366474857
5188,366474857,5750622907
5189,366474857,366442442
5190,366442442,366474857
5191,366442442,1852795932
5192,1852795932,366442442
5193,1852795932,5690211933
5194,5690211933,1852795932
5195,5690211933,1852795925
5196,1852795925,5690211933
5197,1852795925,5750623787
5198,5750623787,1852795925
5199,5750623787,366412636
5200,366412636,5750623787
5201,366412636,5750623723
5202,5750623723,366412636
5203,5750623723,2783206553
5204,2783206553,5750623723
5205,2783206553,4876174027
5206,4876174027,2783206553
5207,4876174027,2783206552
5208,2783206552,4876174027
5209,2783206552,5750708950
5210,5750708950,2783206552
5211,5750708950,5750708942
5212,5750708942,5750708950
5213,5750708942,5750708946
5214,5750708946,5750708942
5215,5750708946,5750708933
5216,5750708933,5750708946
5217,5750708933,5750709109
5218,5750709109,5750708933
5219,5750709109,5750709071
5220,5750709071,5750709109
5221,5750709071,2867884647
5222,2867884647,5750709071
5223,2867884647,5751195060
5224,5751195060,2867884647
5225,5751195060,5751195059
5226,5751195059,5751195060
5227,5751195059,7019
5228,7019,5751195059
5229,7019,2249
5230,2249,7019
5231,4652534425,366462744
5232,366462744,4200187226
5233,4200187226,4200187224
5234,4200187224,4200187223
5235,4200187223,366415591
5236,366415591,2495870430
5237,2495870430,4197274939
5238,4197274939,366417465
5239,366417465,4200187220
5240,4200187220,366418449
5241,366418449,5755051483
5242,5755051483,366472657
5243,366472657,2495870414
5244,2495870414,5755051489
5245,5755051489,5755153786
5246,366373918,5767600908
5247,5767600908,366373918
5248,5767600908,366415984
5249,366415984,5767600908
5250,5778362215,1987340163
5251,1987340163,5778362215
5252,1987340163,1987338503
5253,1987338503,1987340163
5254,1987338503,1987340072
5255,1987340072,1987338503
5256,1987340072,5778414820
5257,5778414820,1987340072
5258,5778414820,5778414835
5259,5778414835,5778414820
5260,5778414835,5778362218
5261,5778362218,5778414835
5262,5778362218,5778362219
5263,5778362219,5778362218
5264,5778362219,5778362220
5265,5778362220,5778362219
5266,5778362220,5778362221
5267,5778362221,5778362220
5268,5778362221,5778362222
5269,5778362222,5778362221
5270,5778362222,1987338501
5271,1987338501,5778362222
5272,1987338501,5778362223
5273,5778362223,1987338501
5274,5778362223,2565
5275,2565,5778362223
5276,3676,5778414824
5277,5778414824,3676
5278,5778414824,366447012
5279,366447012,5778414824
5280,366447012,1992606730
5281,1992606730,366447012
5282,1992606730,1992606854
5283,1992606854,1992606730
5284,1992606854,1992606850
5285,1992606850,1992606854
5286,1992606850,1992606691
5287,1992606691,1992606850
5288,1992606691,1992606787
5289,1992606787,1992606691
5290,1992606787,1992606815
5291,1992606815,1992606787
5292,1992606815,5778363325
5293,5778363325,1992606815
5294,5778363325,2026784150
5295,2026784150,5778363325
5296,2026784150,5778363285
5297,5778363285,2026784150
5298,5778363285,5778414800
5299,5778414800,5778363285
5300,5778414800,366414310
5301,366414310,5778414800
5302,366436217,366386312
5303,366386312,366436217
5304,5658101122,366428596
5305,366428596,5658101122
5306,366428596,5658101121
5307,5658101121,366428596
5308,5658101121,366372118
5309,366372118,5658101121
5310,366372118,2685998295
5311,2685998295,366372118
5312,2685998295,366405283
5313,366405283,2685998295
5314,3875,485
5315,485,3875
5316,485,9270
568,9270,485
5318,9270,2084677860
5319,2084677860,9270
5320,2084677860,6135
5321,6135,2084677860
5322,6135,9695
569,9695,6135
5324,9695,3071
5325,3071,9695
5326,3071,5588
570,5588,3071
5328,5588,5589
5329,5589,5588
5330,5589,410
571,410,5589
5332,410,918
572,918,410
5334,918,5590
573,5590,918
5336,5590,1264
5337,1264,5590
5338,1264,4315
574,4315,1264
5340,4315,5591
5341,5591,4315
5342,5591,1230
575,1230,5591
5344,1230,673
5345,673,1230
5346,673,2084678037
5347,2084678037,673
5348,2084678037,366468991
5349,366468991,2084678037
5350,366468991,2084677995
5351,2084677995,366468991
5352,2084677995,2084678049
5353,2084678049,2084677995
5354,2084678049,366442095
5355,366442095,2084678049
5356,366442095,366463142
5357,366463142,366442095
5358,366463142,366426661
5359,366426661,366463142
5360,366426661,4102230928
5361,4102230928,366426661
5362,1175,8239
5363,8239,1175
576,8239,36
5365,36,8239
5366,36,5733217750
5367,5733217750,36
5368,5733217750,5733213077
5369,5733213077,5733217750
5370,5733213077,5733217751
5371,5733217751,5733213077
5372,5733217751,366382210
5373,366382210,5733217751
5374,366382210,5768658306
5375,5768658306,366382210
5376,5768658306,366407827
5377,366407827,5768658306
5378,366407827,366443396
5379,366443396,366407827
5380,366443396,5733213102
5381,5733213102,366443396
5382,5733213102,5769514774
5383,5769514774,5733213102
5384,5769514774,366475288
5385,366475288,5769514774
5386,366475288,5769514784
5387,5769514784,366475288
5388,5769514784,366422269
5389,366422269,5769514784
5390,366422269,5769514779
5391,5769514779,366422269
5392,5769514779,5733213088
5393,5733213088,5769514779
5394,5733213088,3631205814
5395,3631205814,5733213088
5396,3631205814,366450138
5397,366450138,3631205814
5398,366450138,5768658271
5399,5768658271,366450138
5400,5768658271,366440482
5401,366440482,5768658271
5402,366440482,5768556275
5403,5768556275,366440482
5404,5768556275,5768658274
5405,5768658274,5768556275
5406,5768658274,366460312
5407,366460312,5768658274
5408,366460312,366428483
5409,366428483,366460312
5410,366428483,5337055552
5411,5337055552,366428483
5412,5337055552,366433576
5413,366433576,5337055552
5414,366433576,2925962352
5415,2925962352,366433576
5416,2925962352,366477443
5417,366477443,2925962352
5418,366477443,366389118
5419,366389118,366477443
5420,366389118,366431307
5421,366431307,366389118
5422,366431307,5337055560
5423,5337055560,366431307
5424,5337055560,366467358
5425,366467358,5337055560
5426,366467358,366378465
5427,366378465,366467358
5428,366378465,2925962353
5429,2925962353,366378465
5430,2925962353,370818172
5431,370818172,2925962353
5432,366413192,5802947474
5433,5802947474,366413192
5434,5802947474,5802947475
5435,5802947475,5802947474
5436,5802947475,5805629904
5437,5805629904,5802947475
5438,5805629904,366439892
5439,366439892,5805629904
5440,366439892,5802947484
5441,5802947484,366439892
5442,5802947484,5805629729
5443,5805629729,5802947484
5444,5805629729,366448688
5445,366448688,5805629729
5446,366448688,5806362120
5447,5806362120,366448688
5448,5806362120,5805629720
5449,5805629720,5806362120
5450,5805629720,366378880
5451,366378880,5805629720
5452,366378880,366457257
5453,366457257,366378880
5454,366457257,366417596
5455,366417596,366457257
5456,366417596,5803300382
5457,5803300382,366417596
5458,5803300382,366474024
5459,366474024,5803300382
5460,366474024,366478483
5461,366478483,366474024
5462,366478483,366388294
5463,366388294,366478483
5464,366388294,5802935471
5465,5802935471,366388294
5466,5802935471,366417299
5467,366417299,5802935471
5468,366417299,366410991
5469,366410991,366417299
5470,366410991,366369508
5471,366369508,366410991
5472,366369508,5748628940
5473,5748628940,366369508
5474,5748628940,5748629183
5475,5748629183,5748628940
5476,5748629183,3149179821
5477,3149179821,5748629183
5478,3149179821,5748629195
5479,5748629195,3149179821
5480,5748629195,366388081
5481,366388081,5748629195
5482,366388081,5748629186
5483,5748629186,366388081
5484,5748629186,3149179822
5485,3149179822,5748629186
5486,3149179822,3149179823
5487,3149179823,3149179822
5488,3149179823,3149179824
5489,3149179824,3149179823
5490,3149179824,366367850
5491,366367850,3149179824
5492,366367850,5748629202
5493,5748629202,366367850
5494,316,5772155164
5495,5772155164,316
5496,5772155164,5742463959
5497,5742463959,5772155164
5498,5742463959,5742464020
5499,5742464020,5742463959
5500,5742464020,366442302
5501,366442302,5742464020
5502,366442302,3216187614
5503,3216187614,366442302
5504,3216187614,366421681
5505,366421681,3216187614
5506,366421681,366415381
5507,366415381,366421681
5508,366415381,3137343109
5509,3137343109,366415381
5510,3137343109,3137343118
5511,3137343118,3137343109
5512,3137343118,3137343123
5513,3137343123,3137343118
5514,3137343123,3137351430
5515,3137351430,3137343123
5516,3137351430,5742544373
5517,5742544373,3137351430
5518,5742544373,366386658
5519,366386658,5742544373
5520,366386658,783
5521,783,366386658
5522,783,834
577,834,783
5524,834,366448264
5525,366448264,834
5526,366448264,366474212
5527,366474212,366448264
5528,366474212,3137351454
5529,3137351454,366474212
5530,3137351454,366386668
5531,366386668,3137351454
5532,366386668,3137351463
5533,3137351463,366386668
5534,3137351463,366461874
5535,366461874,3137351463
5536,366461874,3137351485
5537,3137351485,366461874
5538,3137351485,366384555
5539,366384555,3137351485
5540,366384555,366373816
5541,366373816,366384555
5542,366373816,366412614
5543,366412614,366373816
5544,366412614,366402608
5545,366402608,366412614
5546,366402608,366450425
5547,366450425,366402608
5548,366450425,1255
5549,1255,366450425
5550,9524,10398
578,10398,9524
579,10398,10396
580,10396,10398
581,10396,10397
582,10397,10396
583,10397,1089
584,1089,10397
585,1089,585
586,585,1089
587,585,163
588,163,585
589,163,4911
590,4911,163
591,4911,9193
592,9193,4911
593,9193,7392
594,7392,9193
595,7392,9125
596,9125,7392
597,9125,7393
598,7393,9125
599,7393,6439
600,6439,7393
601,6439,11250
602,11250,6439
603,11250,11251
604,11251,11250
605,11251,11252
606,11252,11251
607,11252,6221
608,6221,11252
609,6221,1050
610,1050,6221
611,1050,7391
612,7391,1050
613,7391,10363
614,10363,7391
615,10363,10364
616,10364,10363
617,10364,10365
618,10365,10364
619,10365,10402
620,10402,10365
621,10402,10403
622,10403,10402
623,10403,9192
624,9192,10403
625,9192,7153
626,7153,9192
627,7153,10360
628,10360,7153
629,10360,7154
630,7154,10360
631,7154,10314
632,10314,7154
633,10314,973
634,973,10314
635,973,355
636,355,973
637,355,58
638,58,355
639,58,7155
640,7155,58
641,7155,10401
642,10401,7155
643,10401,7450
644,7450,10401
645,7450,7451
646,7451,7450
647,7451,10315
648,10315,7451
649,10315,602
650,602,10315
651,602,10325
652,10325,602
653,10325,10306
654,10306,10325
655,10306,5488
656,5488,10306
657,5488,7116
658,7116,5488
659,7116,7117
660,7117,7116
661,7117,5487
662,5487,7117
663,5487,10307
664,10307,5487
665,10307,1256
666,1256,10307
667,1256,10308
668,10308,1256
669,10308,10309
670,10309,10308
671,10309,5485
672,5485,10309
673,5485,5484
674,5484,5485
675,5484,5486
676,5486,5484
677,5486,10151
678,10151,5486
679,2057,7266
680,7266,2939
5654,2338831823,4466858094
5655,4466858094,2338831823
5656,4466858094,366423396
5657,366423396,4466858094
5658,366423396,366403904
5659,366403904,366423396
5660,366403904,5769562312
5661,5769562312,366403904
5662,5769562312,366459516
5663,366459516,5769562312
5664,366459516,5769562318
5665,5769562318,366459516
5666,5769562318,5769562254
5667,5769562254,5769562318
5668,5769562254,5769562313
5669,5769562313,5769562254
5670,5769562313,366468125
5671,366468125,5769562313
5672,366468125,3217666062
5673,3217666062,366468125
5674,3217666062,4945644046
5675,4945644046,3217666062
5676,4945644046,5769613645
5677,5769613645,4945644046
5678,5769613645,3217666057
5679,3217666057,5769613645
5680,3217666057,3217666051
5681,3217666051,3217666057
5682,3217666051,5769562240
5683,5769562240,3217666051
5684,5769562240,5769562167
5685,5769562167,5769562240
5686,5769562167,2418514108
5687,2418514108,5769562167
5688,2418514108,2240979343
5689,2240979343,2418514108
5690,8297,2919
681,2919,4251
682,4251,4765
683,4765,6266
684,6266,7339
5695,7339,7340
685,7340,8296
5697,763,4031006955
5698,4031006955,763
5699,4031006955,366375998
5700,366375998,4031006955
5701,513,4718
686,4718,2052
687,2052,6815
688,6815,2694
689,2694,488
690,3134,10586
5707,10586,3134
5708,10586,2154852071
5709,2154852071,10586
5710,2304436096,366376836
5711,366376836,2304436096
5712,366376836,366475252
5713,366475252,366376836
5714,366475252,366436286
5715,366436286,366475252
5716,366436286,366443410
5717,366443410,366436286
5718,5755399608,366383760
5719,366383760,1409433809
5720,1409433809,3167034803
5721,3167034803,3654066951
5722,3654066951,5463
691,5463,2179
692,2179,5460
5725,5460,5456
693,5456,2178
5727,2178,5464
694,5464,435
5729,435,4875
695,4875,305
696,305,2177
697,2177,5455
698,5455,1932
699,1932,35
700,35,5454
701,5454,5562
702,5562,4876
703,4876,3474
704,8437,266
5740,266,8437
5741,266,366388758
5742,366388758,266
5743,366388758,366398722
5744,366398722,366388758
5745,366398722,366450822
5746,366450822,366398722
5747,366450822,366397224
5748,366397224,366450822
5749,366397224,366429555
5750,366429555,366397224
5751,366429555,366422213
5752,366422213,366429555
5753,366422213,366368291
5754,366368291,366422213
5755,366368291,366415149
5756,366415149,366368291
5757,366415149,366377079
5758,366377079,366415149
5759,366377079,366375626
5760,366375626,366377079
5761,366375626,5738267344
5762,5738267344,366375626
5763,5738267344,366462486
5764,366462486,5738267344
5765,366462486,366447677
5766,366447677,366462486
5767,366447677,366393021
5768,366393021,366447677
5769,366393021,366453532
5770,366453532,366393021
5771,366453532,5748269211
5772,5748269211,366453532
5773,5748269211,366431932
5774,366431932,5748269211
5775,366431932,366452107
5776,366452107,366431932
5777,366452107,1834116089
5778,1834116089,366452107
5779,1834116089,1834116090
5780,1834116090,1834116089
5781,1834116090,366390745
5782,366390745,1834116090
5783,366390745,366450317
5784,366450317,366390745
5785,366450317,1834116133
5786,1834116133,366450317
5787,1834116133,366441273
5788,366441273,1834116133
5789,366441273,366476204
5790,366476204,366441273
5791,366476204,366456577
5792,366456577,366476204
5793,366456577,5738173000
5794,5738173000,366456577
5795,5738173000,5738267285
5796,5738267285,5738173000
5797,5738267285,5738267284
5798,5738267284,5738267285
5799,1998235325,1998235275
5800,1998235275,1998235325
5801,1998235275,5773531376
5802,5773531376,1998235275
5803,5773531376,366454153
5804,366454153,5773531376
5805,366454153,366368186
5806,366368186,366454153
5807,366368186,1497276429
5808,1497276429,366368186
5809,1497276429,5773531398
5810,5773531398,1497276429
5811,5773531398,1497276430
5812,1497276430,5773531398
5813,1497276430,1497276431
5814,1497276431,1497276430
5815,1497276431,1497276432
5816,1497276432,1497276431
5817,1497276432,5773531401
5818,5773531401,1497276432
5819,5773531401,1497276433
5820,1497276433,5773531401
5821,1497276433,1497276434
5822,1497276434,1497276433
5823,1497276434,1497276435
5824,1497276435,1497276434
5825,8181,7704
705,7704,8181
706,7704,7703
707,7703,7704
5829,7703,5109568383
5830,5109568383,7703
5831,5109568383,366468952
5832,366468952,5109568383
5833,366468952,2620586926
5834,2620586926,366468952
5835,2620586926,2500251278
5836,2500251278,2620586926
5837,2500251278,5767240951
5838,5767240951,2500251278
5839,5767240951,5767241057
5840,5767241057,5767240951
5841,5767241057,5109568324
5842,5109568324,5767241057
5843,5109568324,5767261264
5844,5767261264,5109568324
5845,5767261264,2049210173
5846,2049210173,5767261264
5847,366371730,5735624024
5848,5735624024,366371730
5849,5735624024,5735624027
5850,5735624027,5735624024
5851,5735624027,3342343739
5852,3342343739,5735624027
5853,3342343739,3342343724
5854,3342343724,3342343739
5855,3342343724,366449151
5856,366449151,3342343724
5857,366449151,5908190192
5858,5908190192,366449151
5859,5908190192,366441037
5860,366441037,5908190192
5861,366441037,5738469635
5862,5738469635,366441037
5863,5738469635,3342343473
5864,3342343473,5738469635
5865,3342343473,3342343456
5866,3342343456,3342343473
5867,3342343456,4962943080
5868,4962943080,3342343456
5869,4962943080,366399919
5870,366399919,4962943080
5871,366399919,5908188548
5872,5908188548,366399919
5873,5908188548,5908190248
5874,5908190248,5908188548
5875,5908190248,5738468315
5876,5738468315,5908190248
5877,5738468315,4962943071
5878,4962943071,5738468315
5879,4962943071,366467522
5880,366467522,4962943071
5881,366467522,5908188541
5882,5908188541,366467522
5883,5908188541,4962944374
5884,4962944374,5908188541
5885,4962944374,5738469627
5886,5738469627,4962944374
5887,5738469627,5738493534
5888,5738493534,5738469627
5889,5738493534,5750639010
5890,5750639010,5738493534
5891,5750639010,5750733988
5892,5750733988,5750639010
5893,5750733988,5724714806
5894,5724714806,5750733988
5895,5724714806,5750733958
5896,5750733958,5724714806
5897,5750733958,5750640229
5898,5750640229,5750733958
5899,5750640229,5750767618
5900,5750767618,5750640229
5901,5750767618,5750733979
5902,5750733979,5750767618
5903,5750733979,5890110665
5904,5890110665,5750733979
5905,5890110665,4962944392
5906,4962944392,5890110665
5907,403,10892
708,10892,10893
709,10893,10894
710,10894,10895
711,10895,10896
712,10896,284
713,284,10897
714,10897,7348
715,7348,853
716,853,10664
717,10664,7991
718,7991,32
719,32,10652
720,10652,10653
721,10653,10650
722,9684,4573
5923,4573,9684
5924,4573,4447240194
5925,4447240194,4573
5926,4447240194,4447240193
5927,4447240193,4447240194
5928,4447240193,5772136749
5929,5772136749,4447240193
5930,5772136749,366398308
5931,366398308,5772136749
5932,366398308,4447240195
5933,4447240195,366398308
5934,4447240195,2970556471
5935,2970556471,4447240195
5936,2970556471,4447240196
5937,4447240196,2970556471
5938,4447240196,9923
5939,9923,4447240196
5940,9923,5287
723,5287,9923
5942,5287,5288
5943,5288,5287
5944,5288,323
724,323,5288
5946,323,5772137763
5947,5772137763,323
5948,5772137763,366475006
5949,366475006,5772137763
5950,366475006,5772096769
5951,5772096769,366475006
5952,5772096769,5772137762
5953,5772137762,5772096769
5954,5772137762,5772096767
5955,5772096767,5772137762
5956,5772096767,366398701
5957,366398701,5772096767
5958,366398701,4101
5959,4101,366398701
5960,4101,5767390038
5961,5767390038,4101
5962,5767390038,366381293
5963,366381293,5767390038
5964,366381293,5767390028
5965,5767390028,366381293
5966,5767390028,5767349695
5967,5767349695,5767390028
5968,5767349695,366398499
5969,366398499,5767349695
5970,366398499,5767349730
5971,5767349730,366398499
5972,5767349730,5767349726
5973,5767349726,5767349730
5974,5767349726,5767349697
5975,5767349697,5767349726
5976,5767349697,5767349717
5977,5767349717,5767349697
5978,5767349717,366442135
5979,366442135,5767349717
5980,366442135,5767349699
5981,5767349699,366442135
5982,5767349699,5767349713
5983,5767349713,5767349699
5984,5767349713,366371665
5985,366371665,5767349713
5986,366371665,5762601974
5987,5762601974,366371665
5988,5762601974,366466617
5989,366466617,5762601974
5990,366466617,2953644109
5991,2953644109,366466617
5992,2953644109,5762601977
5993,5762601977,2953644109
5994,5762601977,366445482
5995,366445482,5762601977
5996,366445482,5762601984
5997,5762601984,366445482
5998,5762601984,366429736
5999,366429736,5762601984
6000,366429736,5762601971
6001,5762601971,366429736
6002,5762601971,366407751
6003,366407751,5762601971
6004,366407751,366380089
6005,366380089,366407751
6006,366380089,366437727
6007,366437727,366380089
6008,530,366433938
6009,366433938,530
6010,366433938,5733035584
6011,5733035584,366433938
6012,5733035584,366414641
6013,366414641,5733035584
6014,366414641,3184843003
6015,3184843003,366414641
6016,3184843003,366403657
6017,366403657,3184843003
6018,366403657,3631245426
6019,3631245426,366403657
6020,3631245426,5778236316
6021,5778236316,3631245426
6022,5778236316,366444649
6023,366444649,5778236316
6024,366444649,5733035592
6025,5733035592,366444649
6026,5733035592,5733035596
6027,5733035596,5733035592
6028,5733035596,366405348
6029,366405348,5733035596
6030,366405348,5733055230
6031,5733055230,366405348
6032,5733055230,366405379
6033,366405379,5733055230
6034,366405379,5733055248
6035,5733055248,366405379
6036,5733055248,1276696904
6037,1276696904,5733055248
6038,1276696904,366401717
6039,366401717,1276696904
6040,366401717,366404527
6041,366404527,366401717
6042,366404527,366376129
6043,366376129,366404527
6044,366376129,366420858
6045,366420858,366376129
6046,366420858,5110361178
6047,5110361178,366420858
6048,5110361178,5778236310
6049,5778236310,5110361178
6050,5778236310,366368684
6051,366368684,5778236310
6052,366368684,498
6053,498,366368684
725,498,390
6055,390,498
6056,390,366434825
6057,366434825,390
6058,366434825,366368543
6059,366368543,366434825
6060,366368543,366453914
6061,366453914,366368543
6062,366453914,5778236307
6063,5778236307,366453914
6064,5778236307,366464985
6065,366464985,5778236307
6066,366464985,5778236296
6067,5778236296,366464985
6068,5778236296,366421729
6069,366421729,5778236296
6070,366421729,5778236289
6071,5778236289,366421729
6072,5778236289,5110358419
6073,5110358419,5778236289
6074,5110358419,366367285
6075,366367285,5110358419
6076,366367285,366435146
6077,366435146,366367285
6078,366435146,366457096
6079,366457096,366435146
6080,366457096,366416151
6081,366416151,366457096
6082,366416151,366386258
6083,366386258,366416151
6084,366386258,366431796
6085,366431796,366386258
6086,366431796,5778236281
6087,5778236281,366431796
6088,5778236281,366423832
6089,366423832,5778236281
6090,366423832,366433880
6091,366433880,366423832
6092,366433880,366433763
6093,366433763,366433880
6094,366433763,3631274357
6095,3631274357,366433763
6096,3631274357,366421019
6097,366421019,3631274357
6098,366421019,366412536
6099,366412536,366421019
6100,366412536,728705748
6101,728705748,366412536
6102,728705748,728690586
6103,728690586,728705748
6104,5765003840,366401623
6105,366401623,5765003840
6106,366401623,5001123681
6107,5001123681,366401623
6108,5001123681,5001123675
6109,5001123675,5001123681
6110,5001123675,4583058079
6111,4583058079,5001123675
6112,4583058079,4582930270
6113,4582930270,4583058079
6114,4095,2137
726,2137,2138
727,2138,1136
728,1136,10691
729,10691,10690
730,10690,8122
731,8122,4883
732,4883,374
733,374,8570
6123,8570,8121
734,8121,10850
735,10850,10626
736,10626,10849
737,10849,7740
738,7740,10627
739,10627,10848
6130,10848,8562
740,8562,10847
741,10847,2142
742,2142,7047
743,7047,7041
744,7041,7742
6136,7742,3167044466
6137,3167044466,4903025801
6138,4903025801,4903025793
6139,4903025793,3806430108
6140,3806430108,701670583
745,6897,2964
6142,2964,6897
6143,2964,2078950549
6144,2078950549,2964
6145,2078950549,366403199
6146,366403199,2078950549
6147,366403199,366381886
6148,366381886,366403199
6149,366381886,2078950893
6150,2078950893,366381886
6151,2078950893,366445720
6152,366445720,2078950893
6153,366445720,694
6154,694,366445720
6155,5772202806,1276
6156,1276,5772202806
746,1276,6386
6158,6386,1276
747,6386,1160
6160,1160,6386
6161,1160,3168358148
6162,3168358148,1160
6163,3168358148,4932651959
6164,4932651959,3168358148
6165,4932651959,3168358149
6166,3168358149,4932651959
6167,3168358149,366368699
6168,366368699,3168358149
6169,366368699,4932651966
6170,4932651966,366368699
6171,4932651966,366464554
6172,366464554,4932651966
6173,366464554,2620587183
6174,2620587183,366464554
6175,2620587183,5769482794
6176,5769482794,2620587183
6177,5769482794,366382672
6178,366382672,5769482794
6179,366382672,366478021
6180,366478021,366382672
6181,366478021,366393293
6182,366393293,366478021
6183,366393293,3168358150
6184,3168358150,366393293
6185,3168358150,2620587155
6186,2620587155,3168358150
6187,2620587155,2620587147
6188,2620587147,2620587155
6189,4547949542,5772015294
6190,5772015294,4547949542
6191,5772015294,5772015293
6192,5772015293,5772015294
6193,5772015293,4547949544
6194,4547949544,5772015293
6195,4547949544,5552685865
6196,5552685865,4547949544
6197,5552685865,366411151
6198,366411151,5552685865
6199,366411151,366375525
6200,366375525,366411151
6201,366375525,366471784
6202,366471784,366375525
6203,366471784,366445200
6204,366445200,366471784
6205,366445200,366404110
6206,366404110,366445200
6207,366404110,2500257353
6208,2500257353,366404110
6209,2500257353,4547949546
6210,4547949546,2500257353
6211,4547949546,4547949551
6212,4547949551,4547949546
6213,4547949551,4547949547
6214,4547949547,4547949551
6215,4547949547,4547949548
6216,4547949548,4547949547
6217,4547949548,5772040046
6218,5772040046,4547949548
6219,5772040046,4547949549
6220,4547949549,5772040046
6221,4547949549,5778236987
6222,5778236987,4547949549
6223,5755090040,5755365524
6224,5755365524,5755090040
6225,5755365524,5755365530
6226,5755365530,5755365524
6227,5755365530,5755365527
6228,5755365527,5755365530
6229,5755365527,366448955
6230,366448955,5755365527
6231,366448955,5755363316
6232,5755363316,366448955
6233,5755363316,366383259
6234,366383259,5755363316
6235,366383259,366397226
6236,366397226,366383259
6237,366397226,5755365526
6238,5755365526,366397226
6239,5755365526,5755090041
6240,5755090041,5755365526
6241,5755090041,2871648002
6242,2871648002,5755090041
6243,2871648002,366453595
6244,366453595,2871648002
6245,366453595,5757778404
6246,5757778404,366453595
6247,5757778404,5757778778
6248,5757778778,5757778404
6249,5757778778,5757778747
6250,5757778747,5757778778
6251,5757778747,366445345
6252,366445345,5757778747
6253,366445345,3344037267
6254,3344037267,366445345
6255,3344037267,3344037260
6256,3344037260,3344037267
6257,3344037260,366455124
6258,366455124,3344037260
6259,366455124,366476166
6260,366476166,366455124
6261,366476166,366445872
6262,366445872,366476166
6263,366445872,3344037196
6264,3344037196,366445872
6265,3344037196,3344037071
6266,3344037071,3344037196
6267,3344037071,5762778439
6268,5762778439,3344037071
6269,5762778439,3344037012
6270,3344037012,5762778439
6271,3344037012,366419606
6272,366419606,3344037012
6273,366419606,3344036998
6274,3344036998,366419606
6275,3344036998,3344036882
6276,3344036882,3344036998
6277,3344036882,2247607511
6278,2247607511,3344036882
6279,2247607511,366384679
6280,366384679,2247607511
6281,366384679,3344036843
6282,3344036843,366384679
6283,3344036843,5763205549
6284,5763205549,3344036843
6285,5763205549,5762778441
6286,5762778441,5763205549
6287,5762778441,5763207355
6288,5763207355,5762778441
6289,5763207355,3344036544
6290,3344036544,5763207355
6291,3344036544,366432685
6292,366432685,3344036544
6293,366432685,5765425795
6294,5765425795,366432685
6295,5765425795,5765425843
6296,5765425843,5765425795
6297,5765425843,5765425813
6298,5765425813,5765425843
6299,5765425813,3344035646
6300,3344035646,5765425813
6301,3344035646,5765425825
6302,5765425825,3344035646
6303,5765425825,5765428389
6304,5765428389,5765425825
6305,366435584,5763222964
6306,5763222964,366435584
6307,5763222964,5663188206
6308,5663188206,5763222964
6309,5663188206,3664135245
6310,3664135245,5663188206
6311,3664135245,5763222980
6312,5763222980,3664135245
6313,5763222980,366376872
6314,366376872,5763222980
6315,366376872,5763223041
6316,5763223041,366376872
6317,5763223041,5763223044
6318,5763223044,5763223041
6319,5763223044,366474522
6320,366474522,5763223044
6321,366474522,366402221
6322,366402221,366474522
6323,138,4659
748,4659,1045
749,1045,3866
750,586,9500
6327,9500,586
6328,9500,366464678
6329,366464678,9500
6330,366464678,4905853977
6331,4905853977,366464678
6332,4905853977,4958074311
6333,4958074311,4905853977
6334,4958074311,2115199006
6335,2115199006,4958074311
6336,2115199006,7299
6337,7299,2115199006
6338,7299,44
751,44,7299
6340,44,1145
6341,1145,44
6342,1145,4260
752,4260,1145
6344,4260,3463112625
6345,3463112625,4260
6346,3463112625,3463112632
6347,3463112632,3463112625
6348,3463112632,3610
6349,3610,3463112632
6350,3610,245
753,245,3610
6352,245,366398005
6353,366398005,245
6354,366398005,2332691248
6355,2332691248,366398005
6356,2332691248,2258
6357,2258,2332691248
6358,2258,3611
754,3611,2258
6360,3611,366367996
6361,366367996,3611
6362,867,5765073764
6363,5765073764,867
6364,5765073764,366444983
6365,366444983,5765073764
6366,366444983,2822144478
6367,2822144478,366444983
6368,2822144478,366370636
6369,366370636,2822144478
6370,366370636,2358
6371,2358,366370636
755,2358,1054
6373,1054,2358
6374,1054,4261
756,4261,1054
6376,4261,745
6377,745,4261
757,745,1040
6379,1040,745
6380,1040,586
758,586,1040
6382,366449884,2620587172
6383,2620587172,366449884
6384,2620587172,366440029
6385,366440029,2620587172
6386,366440029,2620587157
6387,2620587157,366440029
6388,2620587157,366427536
6389,366427536,2620587157
6390,366427536,2620587166
6391,2620587166,366427536
6392,2620587166,366443305
6393,366443305,2620587166
6394,366443305,2620587185
6395,2620587185,366443305
6396,2620587185,366392302
6397,366392302,2620587185
6398,366392302,4551336810
6399,4551336810,366392302
6400,4551336810,366446691
6401,366446691,4551336810
6402,366446691,4551319873
6403,4551319873,366446691
6404,4551319873,366369122
6405,366369122,4551319873
6406,366369122,231
6407,231,366369122
6408,366425086,10798
6409,10798,1237
759,1237,142
6411,142,366398290
6412,366398290,366368092
6413,366368092,5794865391
6414,5794865391,4582788098
6415,4582788098,5762752517
6416,5762752517,5795159624
6417,5795159624,366477091
6418,366477091,1802527538
6419,1802527538,4582788099
6420,4582788099,4850908499
6421,4850908499,366414397
6422,366414397,3178358961
6423,3178358961,366419375
6424,366419375,5762752509
6425,5762752509,366433798
6426,366433798,4550471206
6427,4550471206,4582794486
6428,4582794486,1802527677
6429,1802527677,1802527501
6430,1802527501,1802527897
6431,1802527897,1802527807
6432,1802527807,4582794487
6433,4582794487,366448948
6434,366448948,1802527693
6435,1802527693,3234380968
6436,3234380968,3234380967
6437,3234380967,1802527480
6438,1802527480,366443320
6439,366443320,1802527681
6440,1802527681,3178358962
6441,3178358962,1802527812
6442,1802527812,1802527504
6443,1802527504,366380404
6444,366380404,366406191
6445,366406191,1802527492
6446,1802527492,4537244586
6447,4537244586,4537244581
6448,4537244581,366403507
6449,366375998,5767600917
6450,5767600917,366375998
6451,5767600917,366403523
6452,366403523,5767600917
6453,366403523,366373918
6454,366373918,366403523
6455,366449322,366400256
6456,366400256,366449322
6457,366400256,366472916
6458,366472916,366400256
6459,366472916,5751093045
6460,5751093045,366472916
6461,5751093045,383516709
6462,383516709,5751093045
6463,4035,5864
6464,5864,4035
6465,5802711057,2042473420
6466,2042473420,5802711057
6467,2042473420,5802711058
6468,5802711058,2042473420
6469,5802711058,5802590354
6470,5802590354,5802711058
6471,5802590354,5802590353
6472,5802590353,5802590354
6473,1996655358,366406323
6474,366406323,1996655358
6475,366406323,5813971176
6476,5813971176,366406323
6477,5813971176,1997154685
6478,1997154685,5813971176
6479,1997154685,366463240
6480,366463240,1997154685
6481,366463240,5813971167
6482,5813971167,366463240
6483,5813971167,5674570739
6484,5674570739,5813971167
6485,5674570739,1997154568
6486,1997154568,5674570739
6487,1997154568,5674570742
6488,5674570742,1997154568
6489,5674570742,2364075317
6490,2364075317,5674570742
6491,418,2943
760,2943,2955
761,7365,589
6494,589,366427033
6495,366427033,366404920
6496,366404920,3164038607
6497,3164038607,3339874471
6498,3339874471,3339874486
6499,3339874486,366399367
6500,366399367,366460019
6501,366460019,4607612149
6502,4607612149,3339874640
6503,3339874640,4607612150
6504,4607612150,5765003838
6505,5765003838,366432368
6506,366432368,4607612108
6507,4607612108,4607612151
6508,4607612151,4607612152
6509,4607612152,3339715629
6510,3339715629,4607612153
6511,4607612153,3339715660
6512,3339715660,4607616532
6513,4607616532,366423391
6514,366423391,366401338
6515,366401338,4607616533
6516,4607616533,5001123470
6517,5001123470,366409530
6518,366409530,366403698
6519,366403698,366458750
6520,366458750,4195198468
6521,4195198468,3186149639
6522,3186149639,4943487558
6523,4943487558,3339195245
6524,3339195245,406
6525,10649,10648
762,10648,10649
763,10648,10647
764,10647,10648
765,10647,7356
766,7356,10647
767,7356,7357
768,7357,7356
769,7357,7358
770,7358,7357
771,7358,7359
772,7359,7358
773,7359,4946
774,4946,7359
775,4946,1070
776,1070,4946
777,1070,10370
778,10370,1070
779,10370,11256
780,11256,10370
781,11256,11297
782,11297,11256
783,11297,2054
784,2054,11297
785,2054,7107
786,7107,2054
787,7107,10909
788,10909,7107
789,174,6207
6554,6207,174
6555,6207,366421835
6556,366421835,6207
6557,366421835,3338165621
6558,3338165621,366421835
6559,3338165621,366428066
6560,366428066,3338165621
6561,366428066,5765234476
6562,5765234476,366428066
6563,5765234476,5765234472
6564,5765234472,5765234476
6565,5765234472,5765234471
6566,5765234471,5765234472
6567,5765234471,366390757
6568,366390757,5765234471
6569,366390757,366413194
6570,366413194,366390757
6571,366413194,366437191
6572,366437191,366413194
6573,366437191,3144008599
6574,3144008599,366437191
6575,3144008599,3144008602
6576,3144008602,3144008599
6577,3144008602,3144008587
6578,3144008587,3144008602
6579,3144008587,366468642
6580,366468642,3144008587
6581,366468642,5765286193
6582,5765286193,366468642
6583,5765286193,3339874613
6584,3339874613,5765286193
6585,3339874613,3339712070
6586,3339712070,3339874613
6587,3339712070,3186138782
6588,3186138782,3339712070
6589,3186138782,366451684
6590,366451684,3186138782
6591,366451684,3339712065
6592,3339712065,366451684
6593,3339712065,5755784309
6594,5755784309,3339712065
6595,5755784309,366456148
6596,366456148,5755784309
6597,366456148,366378413
6598,366378413,366456148
6599,366378413,366418687
6600,366418687,366378413
6601,366418687,5755548669
6602,5755548669,366418687
6603,5755548669,366477814
6604,366477814,5755548669
6605,366477814,5755548667
6606,5755548667,366477814
6607,5755548667,5755548665
6608,5755548665,5755548667
6609,5755548665,366429914
6610,366429914,5755548665
6611,366429914,1929546632
6612,1929546632,366429914
6613,1929546632,366478804
6614,366478804,1929546632
6615,366478804,5755786421
6616,5755786421,366478804
6617,5755786421,5755548633
6618,5755548633,5755786421
6619,5755548633,1929546341
6620,1929546341,5755548633
6621,1929546341,4193312382
6622,4193312382,1929546341
6623,4193312382,1929544946
6624,1929544946,4193312382
6625,1929544946,1929546819
6626,1929546819,1929544946
6627,1929546819,5755183100
6628,5755183100,1929546819
6629,5755183100,5755784319
6630,5755784319,5755183100
6631,5755784319,1929546644
6632,1929546644,5755784319
6633,1929546644,3186138783
6634,3186138783,1929546644
6635,3186138783,1929545004
6636,1929545004,3186138783
6637,1929545004,5755784303
6638,5755784303,1929545004
6639,5755784303,4275282788
6640,4275282788,5755784303
6641,4275282788,5416576534
6642,5416576534,4275282788
6643,5416576534,1929546339
6644,1929546339,5416576534
6645,5764989564,5764989565
6646,5764989565,5764989564
6647,5764989565,4594381221
6648,4594381221,5764989565
6649,4594381221,366405166
6650,366405166,4594381221
6651,366405166,4202267655
6652,4202267655,366405166
6653,4202267655,5502531482
6654,5502531482,4202267655
6655,5502531482,5800215558
6656,5800215558,5502531482
6657,5800215558,4618066515
6658,4618066515,5800215558
6659,9528,9558
790,9558,9528
791,9558,4300
792,4300,9558
793,4300,4720
794,4720,4300
795,4720,6398
796,6398,4720
797,6398,4085
798,4085,6398
799,4085,4301
800,4301,4085
801,4301,4582
802,4582,4301
803,4582,805
804,805,4582
805,805,6395
806,6395,805
807,6395,9536
808,9536,6395
809,9536,6393
810,6393,9536
811,6393,6392
812,6392,6393
813,6392,6394
814,6394,6392
815,6394,6396
816,6396,6394
817,6396,7434
818,7434,6396
819,7434,1222
820,1222,7434
821,1222,7706
822,7706,1222
823,7706,4581
824,4581,7706
825,4581,4719
826,4719,4581
827,4719,7435
828,7435,4719
829,7435,747
830,747,7435
831,747,6894
832,6894,747
833,1201,647
6704,647,1201
6705,647,366383416
6706,366383416,647
6707,366383416,366414114
6708,366414114,366383416
6709,366414114,366457500
6710,366457500,366414114
6711,366457500,5039369087
6712,5039369087,366457500
6713,5039369087,366450428
6714,366450428,5039369087
6715,366450428,366433719
6716,366433719,366450428
6717,366433719,366407216
6718,366407216,366433719
6719,366407216,366374202
6720,366374202,366407216
6721,366374202,5028987710
6722,5028987710,366374202
6723,5028987710,366451807
6724,366451807,5028987710
6725,1169,3689
6726,3689,1169
6727,3689,696860098
6728,696860098,3689
6729,696860098,5767300527
6730,5767300527,696860098
6731,5767300527,5767300488
6732,5767300488,5767300527
6733,5767300488,5763234088
6734,5763234088,5767300488
6735,5763234088,366384667
6736,366384667,5763234088
6737,366384667,5767300423
6738,5767300423,366384667
6739,5767300423,5767300536
6740,5767300536,5767300423
6741,5767300536,5763234116
6742,5763234116,5767300536
6743,5763234116,5767300446
6744,5767300446,5763234116
6745,5767300446,5763234122
6746,5763234122,5767300446
6747,5763234122,5763234062
6748,5763234062,5763234122
6749,5763234062,5767300435
6750,5767300435,5763234062
6751,5767300435,6116136600
6752,6116136600,5767300435
6753,6116136600,6116136594
6754,6116136594,6116136600
6755,6116136594,5721574843
6756,5721574843,6116136594
6757,5721574843,5767300454
6758,5767300454,5721574843
6759,5767300454,5767300408
6760,5767300408,5767300454
6761,5767300408,5767300456
6762,5767300456,5767300408
6763,5767300456,366452282
6764,366452282,5767300456
6765,366452282,5767300406
6766,5767300406,366452282
6767,5767300406,5767300449
6768,5767300449,5767300406
6769,5767300449,5350664438
6770,5350664438,5767300449
6771,5350664438,2231279244
6772,2231279244,5350664438
6773,2231279244,366456465
6774,366456465,2231279244
6775,366456465,2177090328
6776,2177090328,366456465
6777,2177090328,2408534558
6778,2408534558,2177090328
6779,2408534558,366421962
6780,366421962,2408534558
6781,366421962,735998202
6782,735998202,366421962
6783,735998202,3717158274
6784,3717158274,735998202
6785,3717158274,735998187
6786,735998187,3717158274
6787,735998187,3717158276
6788,3717158276,735998187
6789,3717158276,366471364
6790,366471364,3717158276
6791,97,1648965050
6792,1648965050,97
6793,1648965050,5752816777
6794,5752816777,1648965050
6795,5752816777,366463771
6796,366463771,5752816777
6797,366463771,4275399307
6798,4275399307,366463771
6799,4275399307,4275371751
6800,4275371751,4275399307
6801,4275371751,4275401505
6802,4275401505,4275371751
6803,4275401505,5752816773
6804,5752816773,4275401505
6805,5752816773,4275371750
6806,4275371750,5752816773
6807,4275371750,4276234546
6808,4276234546,4275371750
6809,4276234546,4275371753
6810,4275371753,4276234546
6811,4275371753,4275371752
6812,4275371752,4275371753
6813,4275371752,5752799766
6814,5752799766,4275371752
6815,5752799766,4275371754
6816,4275371754,5752799766
6817,4275371754,5009095739
6818,5009095739,4275371754
6819,5009095739,4275407175
6820,4275407175,5009095739
6821,4275407175,366469170
6822,366469170,4275407175
6823,366469170,5009095741
6824,5009095741,366469170
6825,5009095741,4988383972
6826,4988383972,5009095741
6827,4988383972,5009095743
6828,5009095743,4988383972
6829,5009095743,366478333
6830,366478333,5009095743
6831,366478333,4275371755
6832,4275371755,366478333
6833,4275371755,4275411908
6834,4275411908,4275371755
6835,4275411908,3191485721
6836,3191485721,4275411908
6837,3191485721,366424914
6838,366424914,3191485721
6839,366424914,4292120346
6840,4292120346,366424914
6841,4292120346,4292120343
6842,4292120343,4292120346
6843,4292120343,4275371757
6844,4275371757,4292120343
6845,4275371757,4275371756
6846,4275371756,4275371757
6847,4275371756,4275371758
6848,4275371758,4275371756
6849,4275371758,366421131
6850,366421131,4275371758
6851,366421131,4275371759
6852,4275371759,366421131
6853,4275371759,4292130991
6854,4292130991,4275371759
6855,4292130991,4275371760
6856,4275371760,4292130991
6857,4275371760,366439330
6858,366439330,4275371760
6859,366439330,4275371761
6860,4275371761,366439330
6861,4275371761,366449227
6862,366449227,4275371761
6863,366449227,1929546787
6864,1929546787,366449227
6865,518,4178488086
6866,4178488086,518
6867,4178488086,366436217
6868,366436217,4178488086
6869,366426413,752218079
6870,752218079,366426413
6871,752218079,1694204607
6872,1694204607,752218079
6873,1694204607,1694204605
6874,1694204605,1694204607
6875,1694204605,1396608613
6876,1396608613,1694204605
6877,1396608613,2154
6878,2154,1396608613
6879,2154,407
834,407,2154
6881,2631999264,5752950432
6882,5752950432,2631999879
6883,2631999879,5753180964
6884,5753180964,5753180965
6885,5753180965,2631999884
6886,2631999884,5753180984
6887,5753180984,5753306327
6888,5753306327,366380390
6889,366380390,2631999892
6890,2631999892,3220146160
6891,3220146160,5753180966
6892,5753180966,366379073
6893,366379073,3220146129
6894,3220146129,5753180942
6895,5753180942,5753355532
6896,5753355532,5753355530
6897,5753355530,366414255
6898,366414255,5753381973
6899,5753381973,5753355573
6900,5753355573,366471301
6901,366471301,5753381926
6902,5753381926,366370978
6903,366370978,5753382005
6904,5753382005,366382390
6905,366382390,5753381938
6906,5753381938,366372535
6907,366372535,3220145937
6908,3220145937,5752827298
6909,366456260,2719064742
6910,2719064742,366456260
6911,2719064742,366436212
6912,366436212,2719064742
6913,366436212,366400382
6914,366400382,366436212
6915,366400382,366469367
6916,366469367,366400382
6917,366469367,366456287
6918,366456287,366469367
6919,366456287,366398177
6920,366398177,366456287
6921,366398177,3771499618
6922,3771499618,366398177
6923,3771499618,366400281
6924,366400281,3771499618
6925,366400281,366454656
6926,366454656,366400281
6927,366454656,2620586965
6928,2620586965,366454656
6929,2620586965,5762584822
6930,5762584822,2620586965
6931,5762584822,366377683
6932,366377683,5762584822
6933,366377683,366477170
6934,366477170,366377683
6935,366477170,4746150205
6936,4746150205,366477170
6937,4746150205,366372877
6938,366372877,4746150205
6939,366386312,4178488568
6940,4178488568,366386312
6941,4178488568,366419129
6942,366419129,4178488568
6943,366419129,4178488028
6944,4178488028,366419129
6945,4178488028,366375167
6946,366375167,4178488028
6947,366375167,5753017369
6948,5753017369,366375167
6949,5753017369,5753017381
6950,5753017381,5753017369
6951,5753017381,5753017379
6952,5753017379,5753017381
6953,5753017379,366421050
6954,366421050,5753017379
6955,366421050,366415909
6956,366415909,366421050
6957,366415909,366438934
6958,366438934,366415909
6959,366438934,366401441
6960,366401441,366438934
6961,366401441,366453401
6962,366453401,366401441
6963,366453401,366388668
6964,366388668,366453401
6965,366388668,366391935
6966,366391935,366388668
6967,366391935,366410687
6968,366410687,366391935
6969,366410687,5752950515
6970,5752950515,366410687
6971,5752950515,5752950465
6972,5752950465,5752950515
6973,5752950465,5752950467
6974,5752950467,5752950465
6975,5752950467,5752950516
6976,5752950516,5752950467
6977,5752950516,5752950510
6978,5752950510,5752950516
6979,5752950510,366439358
6980,366439358,5752950510
6981,366439358,5752950501
6982,5752950501,366439358
6983,5752950501,5752950517
6984,5752950517,5752950501
6985,10714,10713
835,10713,10714
836,10713,10715
837,10715,10713
838,10715,10764
839,10764,10715
840,10764,10760
841,10760,10764
842,10760,10763
843,10763,10760
844,10763,10716
845,10716,10763
846,10716,10717
847,10717,10716
848,10717,7475
849,7475,10717
850,7475,10719
851,10719,7475
852,10719,7482
853,7482,10719
854,7482,10718
855,10718,7482
856,10718,7476
857,7476,10718
858,7476,10720
859,10720,7476
860,10720,7472
861,7472,10720
862,7472,7483
863,7483,7472
864,7483,7470
865,7470,7483
866,7470,7478
867,7478,7470
868,7478,7469
869,7469,7478
870,7469,7481
871,7481,7469
872,7481,7479
873,7479,7481
874,7479,7466
875,7466,7479
876,7466,7480
877,7480,7466
878,7480,10721
879,10721,7480
880,10721,10722
881,10722,10721
882,10722,889
883,889,10722
884,889,7487
885,7487,889
886,7487,7488
887,7488,7487
888,7488,276
889,276,7488
890,991,6473
7042,6473,2370077638
7043,2370077638,366402497
7044,366402497,2370077637
7045,2370077637,2343994265
7046,2343994265,2370077648
7047,2370077648,3168949057
7048,3168949057,366434313
7049,366434313,5772599065
7050,5772599065,366404353
7051,366404353,3168949059
7052,3168949059,5778148575
7053,5778148575,2366592582
7054,2366592582,5772598972
7055,5772598972,5772599007
7056,5772599007,2295490637
7057,2295490637,5778148710
7058,5778148710,2295490652
7059,2295490652,5778148580
7060,5778148580,1769456910
7061,1769456910,5778148655
7062,5778148655,5772633621
7063,5772633621,366383749
7064,366383749,2211350097
7065,5753408335,5750490215
7066,5750490215,5753408335
7067,5750490215,366382612
7068,366382612,5750490215
7069,366382612,366466425
7070,366466425,366382612
7071,366466425,4200187212
7072,4200187212,366466425
7073,4200187212,5753408309
7074,5753408309,4200187212
7075,5753408309,2685998037
7076,2685998037,5753408309
7077,2685998037,5753408306
7078,5753408306,2685998037
7079,5753408306,1756975681
7080,1756975681,5753408306
7081,1756975681,4661300184
7082,4661300184,1756975681
7083,4661300184,366475160
7084,366475160,4661300184
7085,366475160,366391051
7086,366391051,366475160
7087,366391051,5753408325
7088,5753408325,366391051
7089,5753408325,5753408334
7090,5753408334,5753408325
7091,5753408334,366459272
7092,366459272,5753408334
7093,366459272,5753408261
7094,5753408261,366459272
7095,5753408261,366423541
7096,366423541,5753408261
7097,366423541,366422719
7098,366422719,366423541
7099,366422719,2685998070
7100,2685998070,366422719
7101,2685998070,2685998080
7102,2685998080,2685998070
7103,2685998080,2685998102
7104,2685998102,2685998080
7105,2685998102,2685998115
7106,2685998115,2685998102
7107,2685998115,2685998129
7108,2685998129,2685998115
7109,2685998129,2685998168
7110,2685998168,2685998129
7111,2685998168,2685998182
7112,2685998182,2685998168
7113,2685998182,5763168321
7114,5763168321,2685998182
7115,5763168321,5763168325
7116,5763168325,5763168321
7117,5763168325,2685998253
7118,2685998253,5763168325
7119,3277,4118
891,4118,4734
892,4734,7407
893,7407,7569
894,7569,4117
895,4117,4115
896,4115,4732
897,4732,4119
898,4119,3459
899,3459,6781
900,4425,4424
7130,4424,4425
7131,4424,4423
7132,4423,4424
901,4423,9995
7134,9995,4423
7135,9995,366431406
7136,366431406,9995
7137,366431406,5772165230
7138,5772165230,366431406
7139,5772165230,366418167
7140,366418167,5772165230
7141,366418167,5772165245
7142,5772165245,366418167
7143,5772165245,5772165247
7144,5772165247,5772165245
7145,5772165247,9996
7146,9996,5772165247
902,9996,951
7148,951,9996
7149,951,365
7150,365,951
903,365,263
7152,263,365
7153,263,10003
7154,10003,263
904,10003,140
7156,140,10003
905,1676,4973
7158,4973,1676
7159,4973,2231244282
7160,2231244282,4973
7161,2231244282,822
7162,822,2231244282
7163,822,1302
7164,1302,822
906,9036,386
7166,386,9036
7167,386,366453170
7168,366453170,386
7169,366453170,366412329
7170,366412329,366453170
7171,366412329,366384749
7172,366384749,366412329
7173,366384749,366474320
7174,366474320,366384749
7175,366474320,366438488
7176,366438488,366474320
7177,366438488,3066269091
7178,3066269091,366438488
7179,3066269091,3066269088
7180,3066269088,3066269091
7181,3066269088,366435154
7182,366435154,3066269088
7183,366435154,366452461
7184,366452461,366435154
7185,366452461,366441944
7186,366441944,366452461
7187,366408655,5154367623
7188,5154367623,366408655
7189,5154367623,5755237822
7190,5755237822,5154367623
7191,5755237822,366407553
7192,366407553,5755237822
7193,366407553,366427095
7194,366427095,366407553
7195,366427095,5755237691
7196,5755237691,366427095
7197,5755237691,3301857998
7198,3301857998,5755237691
7199,3301857998,5764935668
7200,5764935668,3301857998
7201,5764935668,5764935581
7202,5764935581,5764935668
7203,5764935581,5764935610
7204,5764935610,5764935581
7205,5764935610,5764935666
7206,5764935666,5764935610
7207,5764935666,5764935652
7208,5764935652,5764935666
7209,5764935652,5154367654
7210,5154367654,5764935652
7211,5154367654,366455588
7212,366455588,5154367654
7213,366455588,366476935
7214,366476935,366455588
7215,366476935,5764935659
7216,5764935659,366476935
7217,5764935659,5764935590
7218,5764935590,5764935659
7219,5764935590,5764935582
7220,5764935582,5764935590
7221,5764935582,5764935588
7222,5764935588,5764935582
7223,5764935588,5764935586
7224,5764935586,5764935588
7225,5764935586,5764934331
7226,5764934331,5764935586
7227,5764934331,366434540
7228,366434540,5764934331
7229,366434540,366416943
7230,366416943,366434540
7231,366416943,5154367642
7232,5154367642,366416943
7233,5154367642,366463980
7234,366463980,5154367642
7235,366463980,5765405941
7236,5765405941,366463980
7237,5765405941,366423753
7238,366423753,5765405941
7239,366423753,5765405892
7240,5765405892,366423753
7241,5765405892,366382294
7242,366382294,5765405892
7243,366382294,366406321
7244,366406321,366382294
7245,366406321,5154367725
7246,5154367725,366406321
7247,5154367725,366451547
7248,366451547,5154367725
7249,366451547,5772029987
7250,5772029987,366451547
7251,5772029987,5772263683
7252,5772263683,5772029987
7253,5772263683,366478341
7254,366478341,5772263683
7255,366478341,5772030275
7256,5772030275,366478341
7257,5772030275,2951381903
7258,2951381903,5772030275
7259,2951381903,5778414950
7260,5778414950,2951381903
7261,5778414950,5778414409
7262,5778414409,5778414950
7263,5778414409,366458530
7264,366458530,5778414409
7265,366458530,5778414911
7266,5778414911,366458530
7267,5778414911,5778414915
7268,5778414915,5778414911
7269,5778414915,366413546
7270,366413546,5778414915
7271,366413546,366408431
7272,366408431,366413546
7273,366408431,5778414406
7274,5778414406,366408431
7275,5778414406,366404764
7276,366404764,5778414406
7277,366404764,366397376
7278,366397376,366404764
7279,366397376,5764897033
7280,5764897033,366397376
7281,5764897033,5764864374
7282,5764864374,5764897033
7283,5764864374,5764864384
7284,5764864384,5764864374
7285,5764864384,5764864368
7286,5764864368,5764864384
7287,5764864368,5764897369
7288,5764897369,5764864368
7289,5764897369,366465401
7290,366465401,5764897369
7291,366465401,4923839447
7292,4923839447,366465401
7293,4923839447,5764864403
7294,5764864403,4923839447
7295,5764864403,366408917
7296,366408917,5764864403
7297,366408917,5764897032
7298,5764897032,366408917
7299,5764897032,5764864205
7300,5764864205,5764897032
7301,5764864205,5764897374
7302,5764897374,5764864205
7303,5764897374,5765076393
7304,5765076393,5764897374
7305,5765076393,366403661
7306,366403661,5765076393
7307,366403661,5154367830
7308,5154367830,366403661
7309,5154367830,366388775
7310,366388775,5154367830
7311,366388775,5763203734
7312,5763203734,366388775
7313,5763203734,5763203747
7314,5763203747,5763203734
7315,5763203747,5763203745
7316,5763203745,5763203747
7317,5763203745,5763203872
7318,5763203872,5763203745
7319,5763203872,366421429
7320,366421429,5763203872
7321,366421429,366416091
7322,366416091,366421429
7323,366416091,366447180
7324,366447180,366416091
7325,366447180,366429856
7326,366429856,366447180
7327,366404766,366458360
7328,366458360,366404766
7329,366458360,5757826378
7330,5757826378,366458360
7331,5757826378,366466133
7332,366466133,5757826378
7333,366466133,5757826409
7334,5757826409,366466133
7335,5757826409,366402732
7336,366402732,5757826409
7337,366402732,366462952
7338,366462952,366402732
7339,366462952,556
7340,556,366462952
7341,556,1064
907,1064,556
7343,1064,45
908,45,1064
7345,45,622
909,622,45
7347,622,336
910,336,622
7349,336,366411451
7350,366411451,336
7351,366411451,4936959396
7352,4936959396,366411451
7353,4936959396,4936959397
7354,4936959397,4936959396
7355,4936959397,5757826358
7356,5757826358,4936959397
7357,5757826358,366475092
7358,366475092,5757826358
7359,366475092,366459387
7360,366459387,366475092
7361,366459387,366398456
7362,366398456,366459387
7363,366398456,5757826399
7364,5757826399,366398456
7365,5757826399,366415973
7366,366415973,5757826399
7367,366415973,366411683
7368,366411683,366415973
7369,366411683,5757826401
7370,5757826401,366411683
7371,5757826401,5757885338
7372,5757885338,5757826401
7373,5757885338,366368515
7374,366368515,5757885338
7375,366368515,5757757123
7376,5757757123,366368515
7377,5757757123,366424098
7378,366424098,5757757123
7379,366424098,5757756783
7380,5757756783,366424098
7381,5757756783,5757756785
7382,5757756785,5757756783
7383,5757756785,366464646
7384,366464646,5757756785
7385,366464646,5757763475
7386,5757763475,366464646
7387,5757763475,5757756811
7388,5757756811,5757763475
7389,5757756811,5757757151
7390,5757757151,5757756811
7391,5757757151,5757756784
7392,5757756784,5757757151
7393,5757756784,5757756772
7394,5757756772,5757756784
7395,5757756772,5757757147
7396,5757757147,5757756772
7397,5757757147,5757756819
7398,5757756819,5757757147
7399,5757756819,5755432451
7400,5755432451,5757756819
7401,5755432451,366465275
7402,366465275,5755432451
7403,366465275,5757756812
7404,5757756812,366465275
7405,5757756812,5755432453
7406,5755432453,5757756812
7407,5755432453,366465955
7408,366465955,5755432453
7409,366465955,4936959384
7410,4936959384,366465955
7411,4936959384,5755432514
7412,5755432514,4936959384
7413,5755432514,366449798
7414,366449798,5755432514
7415,366449798,4936959385
7416,4936959385,366449798
7417,4936959385,5755432519
7418,5755432519,4936959385
7419,5755432519,5755433522
7420,5755433522,5755432519
7421,5755433522,5755433558
7422,5755433558,5755433522
7423,5755433558,5748255066
7424,5748255066,5755433558
7425,5748255066,3656167777
7426,3656167777,5748255066
7427,3656167777,4936959426
7428,4936959426,3656167777
7429,4936959426,5755433523
7430,5755433523,4936959426
7431,5755433523,366424814
7432,366424814,5755433523
7433,366424814,5755432501
7434,5755432501,366424814
7435,5755432501,3744096192
7436,3744096192,5755432501
7437,3744096192,366385861
7438,366385861,3744096192
7439,366385861,4936959445
7440,4936959445,366385861
7441,366404766,366461039
7442,366461039,366404766
7443,366461039,366384197
7444,366384197,366461039
7445,366384197,5757885335
7446,5757885335,366384197
7447,5757885335,5757885634
7448,5757885634,5757885335
7449,5757885634,5757826352
7450,5757826352,5757885634
7451,5757826352,366402599
7452,366402599,5757826352
7453,366402599,366423181
7454,366423181,366402599
7455,5762890454,5762890473
7456,5762890473,5762890454
7457,5762890473,4834867050
7458,4834867050,5762890473
7459,4834867050,3342113696
7460,3342113696,4834867050
911,197,7262
912,7262,197
913,7262,9731
914,9731,7262
915,9731,7263
916,7263,9731
917,7263,11277
918,11277,7263
919,11277,770
920,770,11277
921,770,1195
922,1195,770
923,1195,9079
924,9079,1195
925,9079,6244
926,6244,9079
927,6244,4569
928,4569,6244
929,9782,1013
7480,1013,9782
7481,1013,6175904584
7482,6175904584,1013
7483,6175904584,4931113072
7484,4931113072,6175904584
7485,4931113072,5769345434
7486,5769345434,4931113072
7487,5769345434,5769345569
7488,5769345569,5769345434
7489,5769345569,5769345568
7490,5769345568,5769345569
7491,5769345568,5769345567
7492,5769345567,5769345568
7493,5769345567,3771444835
7494,3771444835,5769345567
7495,3771444835,5674570418
7496,5674570418,3771444835
7497,5674570418,6175905304
7498,6175905304,5674570418
7499,6175905304,5674570420
7500,5674570420,6175905304
7501,5674570420,3771444836
7502,3771444836,5674570420
7503,3771444836,5674570622
7504,5674570622,3771444836
7505,5674570622,5674570626
7506,5674570626,5674570622
7507,5674570626,3718634727
7508,3718634727,5674570626
7509,3718634727,5674570628
7510,5674570628,3718634727
7511,5674570628,3718634728
7512,3718634728,5674570628
7513,3718634728,6175905305
7514,6175905305,3718634728
7515,6175905305,5674570630
7516,5674570630,6175905305
7517,5674570630,3771444830
7518,3771444830,5674570630
7519,3771444830,5674570632
7520,5674570632,3771444830
7521,5674570632,6036632845
7522,6036632845,5674570632
7523,6036632845,5674570634
7524,5674570634,6036632845
7525,5674570634,5769328354
7526,5769328354,5674570634
7527,5769328354,6116136047
7528,6116136047,5769328354
7529,6116136047,6116136049
7530,6116136049,6116136047
7531,6116136049,6116136045
7532,6116136045,6116136049
7533,6116136045,5769328353
7534,5769328353,6116136045
7535,5769328353,6116136043
7536,6116136043,5769328353
7537,6116136043,5769327052
7538,5769327052,6116136043
7539,5769327052,9789
7540,9789,5769327052
7541,9789,197
930,197,9789
931,241,11193
7544,11193,241
7545,11193,5939201343
7546,5939201343,11193
7547,5939201343,5755183872
7548,5755183872,5939201343
7549,5755183872,5939201348
7550,5939201348,5755183872
7551,5939201348,5755049015
7552,5755049015,5939201348
7553,5755049015,2247671552
7554,2247671552,5755049015
7555,2247671552,5755049147
7556,5755049147,2247671552
7557,5755049147,3129476121
7558,3129476121,5755049147
7559,3129476121,366458218
7560,366458218,3129476121
7561,366458218,11194
7562,11194,366458218
7563,11194,11195
932,11195,11194
7565,11195,2247671553
7566,2247671553,11195
7567,2247671553,4950373163
7568,4950373163,2247671553
7569,4950373163,5753314605
7570,5753314605,4950373163
7571,5753314605,5753314603
7572,5753314603,5753314605
7573,5755090041,3344100743
7574,3344100743,5755090041
7575,3344100743,3344037326
7576,3344037326,3344100743
7577,3344037326,366372671
7578,366372671,3344037326
7579,366372671,366452400
7580,366452400,366372671
7581,366452400,366377746
7582,366377746,366452400
7583,366377746,3344037331
7584,3344037331,366377746
7585,3344037331,366409963
7586,366409963,3344037331
7587,366409963,2191957231
7588,2191957231,366409963
7589,2191957231,366448847
7590,366448847,2191957231
7591,366448847,5755050321
7592,5755050321,366448847
7593,5755050321,5755050325
7594,5755050325,5755050321
7595,5755050325,5755048118
7596,5755048118,5755050325
7597,5755048118,366413970
7598,366413970,5755048118
7599,366413970,5755050326
7600,5755050326,366413970
7601,5755050326,2191963747
7602,2191963747,5755050326
7603,2191963747,366413778
7604,366413778,2191963747
7605,366413778,366464065
7606,366464065,366413778
7607,366464065,366453479
7608,366453479,366464065
7609,366453479,366391065
7610,366391065,366453479
7611,366391065,366400361
7612,366400361,366391065
7613,366400361,366388136
7614,366388136,366400361
7615,366388136,5752788338
7616,5752788338,366388136
7617,5752788338,366369288
7618,366369288,5752788338
7619,366410121,5467333099
7620,5467333099,366410121
7621,5467333099,4415628751
7622,4415628751,5467333099
7623,4415628751,3771486776
7624,3771486776,4415628751
7625,3771486776,366409073
7626,366409073,3771486776
7627,366409073,366447499
7628,366447499,366409073
7629,366447499,3771499605
7630,3771499605,366447499
7631,3771499605,2438307029
7632,2438307029,3771499605
7633,2438307029,5767074382
7634,5767074382,2438307029
7635,5767074382,366406725
7636,366406725,5767074382
7637,366406725,5767088687
7638,5767088687,366406725
7639,5767088687,3771499623
7640,3771499623,5767088687
7641,3771499623,5767088688
7642,5767088688,3771499623
7643,5767088688,5767088689
7644,5767088689,5767088688
7645,5767088689,5767088691
7646,5767088691,5767088689
7647,5767088691,5767088690
7648,5767088690,5767088691
7649,5767088690,5778872967
7650,5778872967,5767088690
7651,366413704,366434693
7652,366434693,366413704
7653,366434693,366432909
7654,366432909,366434693
7655,366432909,366468437
7656,366468437,366432909
7657,366468437,366448887
7658,366448887,366468437
7659,366448887,366467903
7660,366467903,366448887
7661,366467903,366434341
7662,366434341,366467903
7663,366434341,366404558
7664,366404558,366434341
7665,366404558,366427654
7666,366427654,366404558
7667,366427654,3057506126
7668,3057506126,366427654
7669,3057506126,366430269
7670,366430269,3057506126
7671,366430269,4953829928
7672,4953829928,366430269
7673,4953829928,4952435135
7674,4952435135,4953829928
7675,4952435135,366462080
7676,366462080,4952435135
7677,366462080,366404036
7678,366404036,366462080
7679,366404036,3440299463
7680,3440299463,366404036
7681,3440299463,366385164
7682,366385164,3440299463
7683,366385164,3289255996
7684,3289255996,366385164
7685,3289255996,4298780871
7686,4298780871,3289255996
7687,4298780871,2275243810
7688,2275243810,4298780871
7689,2275243810,366371894
7690,366371894,2275243810
7691,5778222785,366440601
7692,366440601,5778222785
7693,366440601,2026783656
7694,2026783656,366440601
7695,2026783656,2026784201
7696,2026784201,2026783656
7697,2026784201,2026783516
7698,2026783516,2026784201
7699,2026783516,2026784054
7700,2026784054,2026783516
7701,2026784054,2026783784
7702,2026783784,2026784054
7703,2026783784,2026783644
7704,2026783644,2026783784
7705,2026783644,2026784385
7706,2026784385,2026783644
7707,2026784385,366383451
7708,366383451,2026784385
7709,366383451,366414310
7710,366414310,366383451
7711,366414310,5778362224
7712,5778362224,366414310
7713,5778362224,2027772635
7714,2027772635,5778362224
7715,2027772635,2027773513
7716,2027773513,2027772635
7717,2027773513,2026784309
7718,2026784309,2027773513
7719,2026784309,366411937
7720,366411937,2026784309
7721,366411937,2027772912
7722,2027772912,366411937
7723,2027772912,2027773100
7724,2027773100,2027772912
7725,2027773100,2027773479
7726,2027773479,2027773100
7727,2027773479,2027772809
7728,2027772809,2027773479
7729,2027772809,2026783844
7730,2026783844,2027772809
7731,2026783844,5772598965
7732,5772598965,2026783844
7733,5772598965,366422023
7734,366422023,5772598965
7735,366422023,2294456909
7736,2294456909,366422023
7737,2294456909,1997244038
7738,1997244038,2294456909
7739,1997244038,1769173989
7740,1769173989,1997244038
7741,1769173989,366462118
7742,366462118,1769173989
7743,366462118,5772599061
7744,5772599061,366462118
7745,5772599061,366370651
7746,366370651,5772599061
7747,366370651,5778148608
7748,5778148608,366370651
7749,5778148608,3100319755
7750,3100319755,5778148608
7751,3100319755,3100319748
7752,3100319748,3100319755
7753,3100319748,366434313
7754,366434313,3100319748
7755,366434313,1769173984
7756,1769173984,366434313
7757,366380829,5748495594
7758,5748495594,366380829
7759,5748495594,366401474
7760,366401474,5748495594
7761,366401474,5748495499
7762,5748495499,366401474
7763,5748495499,366378352
7764,366378352,5748495499
7765,366378352,5751066669
7766,5751066669,366378352
7767,5751066669,5751067340
7768,5751067340,5751066669
7769,5751067340,366451572
7770,366451572,5751067340
7771,366451572,5751066686
7772,5751066686,366451572
7773,5751066686,4069505893
7774,4069505893,5751066686
7775,4069505893,5751066658
7776,5751066658,4069505893
7777,5751066658,366388397
7778,366388397,5751066658
7779,366388397,366465118
7780,366465118,366388397
7781,366465118,366426583
7782,366426583,366465118
7783,366426583,5751067124
7784,5751067124,366426583
7785,5751067124,366403939
7786,366403939,5751067124
7787,366403939,5751067159
7788,5751067159,366403939
7789,5751067159,5751066635
7790,5751066635,5751067159
7791,5751066635,3246715974
7792,3246715974,5751066635
7793,3246715974,5751066632
7794,5751066632,3246715974
7795,5751066632,3246715973
7796,3246715973,5751066632
7797,3246715973,1198
7798,1198,3246715973
7799,1198,366452444
7800,366452444,1198
7801,366452444,5755023739
7802,5755023739,366452444
7803,5755023739,5753309472
7804,5753309472,5755023739
7805,5753309472,366459738
7806,366459738,5753309472
7807,366459738,5753309468
7808,5753309468,366459738
7809,5753309468,5755023746
7810,5755023746,5753309468
7811,5755023746,5753335426
7812,5753335426,5755023746
7813,5753335426,366424344
7814,366424344,5753335426
7815,366424344,366375097
7816,366375097,366424344
7817,366375097,5757462935
7818,5757462935,366375097
7819,5757462935,5755581743
7820,5755581743,5757462935
7821,5755581743,5755581797
7822,5755581797,5755581743
7823,5755581797,366475080
7824,366475080,5755581797
7825,366475080,5755581807
7826,5755581807,366475080
7827,5755581807,366453541
7828,366453541,5755581807
7829,366429045,366415841
7830,366415841,366429045
7831,8499,9019
7832,9019,8499
7833,9019,5740175015
7834,5740175015,9019
7835,5740175015,5740180433
7836,5740180433,5740175015
7837,5740180433,5740180432
7838,5740180432,5740180433
7839,5740180432,5740180431
7840,5740180431,5740180432
7841,5740180431,366436353
7842,366436353,5740180431
7843,366436353,2663390849
7844,2663390849,366436353
7845,2663390849,5740180453
7846,5740180453,2663390849
7847,5740180453,5740175011
7848,5740175011,5740180453
7849,5740175011,366435617
7850,366435617,5740175011
7851,366435617,5740174996
7852,5740174996,366435617
7853,5740174996,5740175001
7854,5740175001,5740174996
7855,5740175001,366449255
7856,366449255,5740175001
7857,366449255,5740180429
7858,5740180429,366449255
7859,5740180429,5738377385
7860,5738377385,5740180429
7861,5738377385,4087891541
7862,4087891541,5738377385
7863,4087891541,366477815
7864,366477815,4087891541
7865,366477815,4087891540
7866,4087891540,366477815
7867,4087891540,366437377
7868,366437377,4087891540
7869,366437377,5738377409
7870,5738377409,366437377
7871,5738377409,366473122
7872,366473122,5738377409
7873,366473122,366416726
7874,366416726,366473122
7875,366416726,4087891539
7876,4087891539,366416726
7877,4087891539,3220146410
7878,3220146410,4087891539
7879,3220146410,366445193
7880,366445193,3220146410
7881,366445193,4087891538
7882,4087891538,366445193
7883,4087891538,366431587
7884,366431587,4087891538
7885,366431587,3700589757
7886,3700589757,366431587
7887,3700589757,3700589759
7888,3700589759,3700589757
7889,3700589759,366451478
7890,366451478,3700589759
7891,366451478,366441158
7892,366441158,366451478
7893,366441158,3700589763
7894,3700589763,366441158
7895,3700589763,3700589766
7896,3700589766,3700589763
7897,3700589766,3700589771
7898,3700589771,3700589766
7899,3700589771,3700589782
7900,3700589782,3700589771
7901,3700589782,3700589792
7902,3700589792,3700589782
7903,3700589792,3700589795
7904,3700589795,3700589792
7905,3700589795,3700589798
7906,3700589798,3700589795
7907,3700589798,3700589801
7908,3700589801,3700589798
7909,3700589801,3700589816
7910,3700589816,3700589801
7911,3700589816,3700589830
7912,3700589830,3700589816
7913,3700589830,3700589839
7914,3700589839,3700589830
7915,3700589839,366398556
7916,366398556,3700589839
7917,2049210179,4988329145
7918,4988329145,2049210179
7919,4988329145,5109568368
7920,5109568368,4988329145
7921,5109568368,5767261276
7922,5767261276,5109568368
7923,5767261276,366405750
7924,366405750,5767261276
7925,366405750,5109568353
7926,5109568353,366405750
7927,5109568353,5109568350
7928,5109568350,5109568353
7929,5109568350,2049210171
7930,2049210171,5109568350
7931,2049210171,4988329124
7932,4988329124,2049210171
7933,4988329124,366460202
7934,366460202,4988329124
7935,366415984,5767600931
7936,5767600931,366415984
7937,5767600931,366462364
7938,366462364,5767600931
7939,366462364,5767601216
7940,5767601216,366462364
7941,5767601216,5767600933
7942,5767600933,5767601216
7943,5767600933,5767601322
7944,5767601322,5767600933
7945,5767601322,5767601222
7946,5767601222,5767601322
7947,5767601222,5767601318
7948,5767601318,5767601222
7949,5767601318,366449018
7950,366449018,5767601318
7951,366449018,5767601228
7952,5767601228,366449018
7953,5767601228,366440525
7954,366440525,5767601228
7955,366440525,5767600855
7956,5767600855,366440525
7957,5767600855,366403106
7958,366403106,5767600855
7959,366403106,366422559
7960,366422559,366403106
7961,366422559,5772027857
7962,5772027857,366422559
7963,5772027857,5772027776
7964,5772027776,5772027857
7965,5772027776,366453032
7966,366453032,5772027776
7967,366453032,5772027859
7968,5772027859,366453032
7969,5772027859,366458637
7970,366458637,5772027859
7971,366458637,5772027909
7972,5772027909,366458637
7973,5772027909,5772027856
7974,5772027856,5772027909
7975,5772027856,366405624
7976,366405624,5772027856
7977,366405624,366460570
7978,366460570,366405624
7979,366460570,366370929
7980,366370929,366460570
7981,366370929,366479167
7982,366479167,366370929
7983,366479167,366475002
7984,366475002,366479167
7985,366475002,366371627
7986,366371627,366475002
7987,366371627,366436711
7988,366436711,366371627
7989,366436711,5772027770
7990,5772027770,366436711
7991,5772027770,366462125
7992,366462125,5772027770
7993,366462125,5772027868
7994,5772027868,366462125
7995,5772027868,366437821
7996,366437821,5772027868
7997,366437821,3601
7998,3601,366437821
933,3601,5144
8000,5144,3601
8001,5144,5772027869
8002,5772027869,5144
8003,366413546,5778414907
8004,5778414907,366413546
8005,5778414907,5778414451
8006,5778414451,5778414907
8007,5778414451,366454087
8008,366454087,5778414451
8009,366454087,5772030040
8010,5772030040,366454087
8011,5772030040,5772030039
8012,5772030039,5772030040
8013,5772030039,366379684
8014,366379684,5772030039
8015,366379684,3388927516
8016,3388927516,366379684
8017,3388927516,366426533
8018,366426533,3388927516
8019,366426533,3388927362
8020,3388927362,366426533
8021,3388927362,366412466
8022,366412466,3388927362
8023,366412466,3388927356
8024,3388927356,366412466
8025,3388927356,3388927354
8026,3388927354,3388927356
8027,3388927354,366384755
8028,366384755,3388927354
8029,366384755,3388927344
8030,3388927344,366384755
8031,3388927344,5778414447
8032,5778414447,3388927344
8033,5778414447,3388927341
8034,3388927341,5778414447
8035,3388927341,366424420
8036,366424420,3388927341
8037,366404764,5764864378
8038,5764864378,366404764
8039,5764864378,5764864358
8040,5764864358,5764864378
8041,5764864358,5764864194
8042,5764864194,5764864358
8043,5764864194,5764864201
8044,5764864201,5764864194
8045,5764864201,5764864241
8046,5764864241,5764864201
8047,5764864241,5764897359
8048,5764897359,5764864241
8049,5764897359,5764897354
8050,5764897354,5764897359
8051,5764897354,5764864353
8052,5764864353,5764897354
8053,5764864353,366441009
8054,366441009,5764864353
8055,366441009,5764864192
8056,5764864192,366441009
8057,5764864192,5764864251
8058,5764864251,5764864192
8059,5764864251,5764915789
8060,5764915789,5764864251
8061,5764915789,3388927937
8062,3388927937,5764915789
8063,3388927937,3388927941
8064,3388927941,3388927937
8065,3388927941,3388927942
8066,3388927942,3388927941
8067,3388927942,3388927944
8068,3388927944,3388927942
8069,3388927944,3388927945
8070,3388927945,3388927944
8071,3388927945,3388927943
8072,3388927943,3388927945
8073,3388927943,3388927940
8074,3388927940,3388927943
8075,3388927940,3388927939
8076,3388927939,3388927940
8077,3388927939,3388927938
8078,3388927938,3388927939
8079,3388927938,3388927936
8080,3388927936,3388927938
8081,4813033931,2413295788
8082,2413295788,4813033931
8083,2413295788,5735304933
8084,5735304933,2413295788
8085,5735304933,5735304934
8086,5735304934,5735304933
8087,5735304934,2413295781
8088,2413295781,5735304934
8089,366444984,3057506122
8090,3057506122,366444984
8091,3057506122,5735452047
8092,5735452047,3057506122
8093,5735452047,5735452046
8094,5735452046,5735452047
8095,5735452046,3057506123
8096,3057506123,5735452046
8097,3057506123,3057506124
8098,3057506124,3057506123
8099,3057506124,366408316
8100,366408316,3057506124
8101,366408316,5735452043
8102,5735452043,366408316
8103,5735452043,5735452056
8104,5735452056,5735452043
8105,5735452056,3057506125
8106,3057506125,5735452056
8107,1802527519,5797643317
8108,5797643317,1802527880
8109,1802527880,5794808718
8110,5794808718,1802527746
8111,1802527746,1802527513
8112,1802527513,1802527751
8113,1802527751,1802527521
8114,1802527521,1802527475
8115,1802527475,366417026
8116,5074,5733622118
8117,5733622118,5074
8118,366433865,5156683415
8119,5156683415,366433865
8120,5156683415,5156683416
8121,5156683416,5156683415
8122,5156683416,366388007
8123,366388007,5156683416
8124,366388007,366371445
8125,366371445,366388007
8126,366371445,5748280741
8127,5748280741,366371445
8128,5748280741,366388527
8129,366388527,5748280741
8130,366388527,5748280799
8131,5748280799,366388527
8132,5748280799,5748370512
8133,5748370512,5748280799
8134,5748370512,366436268
8135,366436268,5748370512
8136,366449500,5870005731
8137,5870005731,366449500
8138,5870005731,5870005735
8139,5870005735,5870005731
8140,5870005735,366413485
8141,366413485,5870005735
8142,366413485,5870005736
8143,5870005736,366413485
8144,5870005736,366467426
8145,366467426,5870005736
8146,366467426,366370341
8147,366370341,366467426
8148,366370341,366414074
8149,366414074,366370341
8150,366414074,366368035
8151,366368035,366414074
8152,366368035,366474295
8153,366474295,366368035
8154,366474295,366474470
8155,366474470,366474295
8156,366474470,366379923
8157,366379923,366474470
8158,366379923,366432864
8159,366432864,366379923
8160,366432864,366385202
8161,366385202,366432864
8162,366385202,366438003
8163,366438003,366385202
8164,366438003,366383849
8165,366383849,366438003
8166,366383849,366474827
8167,366474827,366383849
8168,366474827,366367736
8169,366367736,366474827
8170,16,543
8171,543,16
8172,543,201
934,201,543
8174,328,4945
935,4945,328
8176,4945,522
936,522,4945
8178,522,420
8179,420,522
8180,420,1068
937,1068,420
8182,1068,4495
938,4495,1068
8184,366426183,5773399945
8185,5773399945,366426183
8186,5773399945,366448187
8187,366448187,5773399945
8188,366448187,5773399938
8189,5773399938,366448187
8190,5773399938,5755149890
8191,5755149890,5773399938
8192,5755149890,5755149891
8193,5755149891,5755149890
8194,2812,4557
939,4557,5766
8196,5766,5764
940,5764,5771
8198,5771,366448616
941,103,11172
8200,11172,103
8201,11172,366445362
8202,366445362,11172
8203,366445362,3342343843
8204,3342343843,366445362
8205,3342343843,3169702457
8206,3169702457,3342343843
8207,3169702457,4423136078
8208,4423136078,3169702457
8209,4423136078,366378871
8210,366378871,4423136078
8211,366378871,5894559837
8212,5894559837,366378871
8213,5894559837,5894559811
8214,5894559811,5894559837
8215,5894559811,366460541
8216,366460541,5894559811
8217,366460541,5894559838
8218,5894559838,366460541
8219,5894559838,5894559813
8220,5894559813,5894559838
8221,5894559813,5894559820
8222,5894559820,5894559813
8223,5894559820,5894559540
8224,5894559540,5894559820
8225,5894559540,5894559582
8226,5894559582,5894559540
8227,5894559582,5735781187
8228,5735781187,5894559582
8229,5735781187,3342343820
8230,3342343820,5735781187
8231,3342343820,5735781199
8232,5735781199,3342343820
8233,5735781199,3169702456
8234,3169702456,5735781199
8235,3169702456,8333
8236,8333,3169702456
8237,8333,11181
942,11181,8333
943,11181,5218
944,5218,11181
8241,5218,3342343770
8242,3342343770,5218
8243,3342343770,5894559525
8244,5894559525,3342343770
8245,5894559525,366371730
8246,366371730,5894559525
8247,366371730,5735624046
8248,5735624046,366371730
8249,5735624046,366407154
8250,366407154,5735624046
8251,366407154,5894559521
8252,5894559521,366407154
8253,5894559521,366390881
8254,366390881,5894559521
8255,366390881,366390486
8256,366390486,366390881
8257,366390486,3342343752
8258,3342343752,366390486
8259,3342343752,366418494
8260,366418494,3342343752
8261,366418494,5735624042
8262,5735624042,366418494
8263,5735624042,5735605651
8264,5735605651,5735624042
8265,5735605651,5736013584
8266,5736013584,5735605651
8267,5736013584,4632272910
8268,4632272910,5736013584
8269,4632272910,4632223993
8270,4632223993,4632272910
8271,4632223993,5736013567
8272,5736013567,4632223993
8273,5736013567,5902183233
8274,5902183233,5736013567
8275,5902183233,5902183230
8276,5902183230,5902183233
8277,5902183230,5763224861
8278,5763224861,5902183230
8279,5763224861,4962943024
8280,4962943024,5763224861
8281,4962943024,5736013568
8282,5736013568,4962943024
8283,5736013568,5902183219
8284,5902183219,5736013568
8285,5902183219,5735456614
8286,5735456614,5902183219
8287,5735456614,4423129687
8288,4423129687,5735456614
8289,4423129687,366408371
8290,366408371,4423129687
8291,366408371,5740105164
8292,5740105164,366408371
8293,5740105164,5740105179
8294,5740105179,5740105164
8295,5740105179,3169702453
8296,3169702453,5740105179
8297,3169702453,366469708
8298,366469708,3169702453
8299,366469708,5736013570
8300,5736013570,366469708
8301,5736013570,4962942809
8302,4962942809,5736013570
8303,4962942809,366475527
8304,366475527,4962942809
8305,366475527,5740105175
8306,5740105175,366475527
8307,5740105175,4962942802
8308,4962942802,5740105175
8309,4962942802,366430701
8310,366430701,4962942802
8311,366430701,5740061210
8312,5740061210,366430701
8313,5740061210,5740105208
8314,5740105208,5740061210
8315,5740105208,5740105199
8316,5740105199,5740105208
8317,5740105199,5740061215
8318,5740061215,5740105199
8319,5740061215,5758101435
8320,5758101435,5740061215
8321,5758101435,5902182541
8322,5902182541,5758101435
8323,5902182541,2871641652
8324,2871641652,5902182541
8325,2871641652,5740061182
8326,5740061182,2871641652
8327,5740061182,5740105159
8328,5740105159,5740061182
8329,5740105159,4962942789
8330,4962942789,5740105159
8331,4962942789,5740061209
8332,5740061209,4962942789
8333,5740061209,5902077677
8334,5902077677,5740061209
8335,5902077677,5740105182
8336,5740105182,5902077677
8337,5740105182,5740105157
8338,5740105157,5740105182
8339,5740105157,5902077675
8340,5902077675,5740105157
8341,5902077675,5740105153
8342,5740105153,5902077675
8343,5740105153,5740169684
8344,5740169684,5740105153
8345,5740169684,5740246831
8346,5740246831,5740169684
8347,5740246831,5740246826
8348,5740246826,5740246831
8349,5740246826,5740169671
8350,5740169671,5740246826
8351,5740169671,5740105191
8352,5740105191,5740169671
8353,5740105191,366385231
8354,366385231,5740105191
8355,366385231,5750493406
8356,5750493406,366385231
8357,5750493406,4978544565
8358,4978544565,5750493406
8359,4978544565,5750493411
8360,5750493411,4978544565
8361,5750493411,5750492699
8362,5750492699,5750493411
8363,5750492699,5740246821
8364,5740246821,5750492699
8365,5740246821,5740246825
8366,5740246825,5740246821
8367,5740246825,366388479
8368,366388479,5740246825
8369,366388479,5740246520
8370,5740246520,366388479
8371,5740246520,5750493414
8372,5750493414,5740246520
8373,5750493414,4978544566
8374,4978544566,5750493414
8375,4978544566,6814
8376,6814,4978544566
8377,6814,2871641655
8378,2871641655,6814
8379,2871641655,5750493428
8380,5750493428,2871641655
8381,5750493428,5758101434
8382,5758101434,5750493428
8383,5758101434,5750432694
8384,5750432694,5758101434
8385,5750432694,5818202675
8386,5818202675,5750432694
8387,5818202675,5750493349
8388,5750493349,5818202675
8389,5750493349,5902077604
8390,5902077604,5750493349
8391,5902077604,5750493353
8392,5750493353,5902077604
8393,5750493353,5748699828
8394,5748699828,5750493353
8395,5748699828,3169702452
8396,3169702452,5748699828
8397,3169702452,366472342
8398,366472342,3169702452
8399,366472342,5898691930
8400,5898691930,366472342
8401,5898691930,5898691925
8402,5898691925,5898691930
8403,5898691925,5898691934
8404,5898691934,5898691925
8405,5898691934,9204
8406,9204,5898691934
8407,9204,5758101432
8408,5758101432,9204
8409,5758101432,9223
8410,9223,5758101432
8411,9223,9203
8412,9203,9223
8413,366434838,366427014
8414,366427014,366434838
8415,366427014,366377951
8416,366377951,366427014
8417,366377951,366477490
8418,366477490,366377951
8419,366477490,366404213
8420,366404213,366477490
8421,366404213,5750431096
8422,5750431096,366404213
8423,5750431096,5750464746
8424,5750464746,5750431096
8425,5750464746,5750431095
8426,5750431095,5750464746
8427,5750431095,5750448584
8428,5750448584,5750431095
8429,5750448584,5750431032
8430,5750431032,5750448584
8431,5750431032,5750431031
8432,5750431031,5750431032
8433,5750431031,366398900
8434,366398900,5750431031
8435,366398900,5750430710
8436,5750430710,366398900
8437,5750430710,5750430718
8438,5750430718,5750430710
8439,5750430718,5750448938
8440,5750448938,5750430718
8441,5750448938,5750431027
8442,5750431027,5750448938
8443,5750431027,366438904
8444,366438904,5750431027
8445,366438904,5751128769
8446,5751128769,366438904
8447,5751128769,5751128535
8448,5751128535,5751128769
8449,5751128535,5751128573
8450,5751128573,5751128535
8451,5751128573,5751128549
8452,5751128549,5751128573
8453,5751128549,5751128732
8454,5751128732,5751128549
8455,5751128732,5751128531
8456,5751128531,5751128732
8457,5751128531,5751128580
8458,5751128580,5751128531
8459,5751128580,5751128524
8460,5751128524,5751128580
8461,5751128524,5751204806
8462,5751204806,5751128524
8463,5751204806,5751128521
8464,5751128521,5751204806
8465,5751128521,5751128584
8466,5751128584,5751128521
8467,5751128584,366467317
8468,366467317,5751128584
8469,366467317,5753349952
8470,5753349952,366467317
8471,5753349952,5753385154
8472,5753385154,5753349952
8473,5753385154,5753385141
8474,5753385141,5753385154
8475,5753385141,5751205691
8476,5751205691,5753385141
8477,5751205691,366383792
8478,366383792,5751205691
8479,366383792,5753385139
8480,5753385139,366383792
8481,5753385139,5753385135
8482,5753385135,5753385139
8483,5753385135,366443216
8484,366443216,5753385135
8485,366443216,5753349909
8486,5753349909,366443216
8487,5753349909,5753385123
8488,5753385123,5753349909
8489,5753385123,5753385130
8490,5753385130,5753385123
8491,5753385130,2276933061
8492,2276933061,5753385130
8493,2276933061,5753382895
8494,5753382895,2276933061
8495,5753382895,5753382898
8496,5753382898,5753382895
8497,5753382898,5753349715
8498,5753349715,5753382898
8499,5753349715,5753382891
8500,5753382891,5753349715
8501,5753382891,5755362955
8502,5755362955,5753382891
8503,5755362955,3202471996
8504,3202471996,5755362955
8505,3202471996,5755294485
8506,5755294485,3202471996
8507,5755294485,5755362957
8508,5755362957,5755294485
8509,5755362957,5755362945
8510,5755362945,5755362957
8511,5755362945,5755362954
8512,5755362954,5755362945
8513,5755362954,366413362
8514,366413362,5755362954
8515,366413362,5755294483
8516,5755294483,366413362
8517,5755294483,5755362940
8518,5755362940,5755294483
8519,5755362940,5755362800
8520,5755362800,5755362940
8521,5755362800,366383216
8522,366383216,5755362800
8523,366383216,2276933073
8524,2276933073,366383216
8525,2276933073,5755361706
8526,5755361706,2276933073
8527,5755361706,366426330
8528,366426330,5755361706
8529,366426330,3202471982
8530,3202471982,366426330
8531,3202471982,5755361701
8532,5755361701,3202471982
8533,5755361701,5755294421
8534,5755294421,5755361701
8535,5755294421,2276933083
8536,2276933083,5755294421
8537,2276933083,5757674145
8538,5757674145,2276933083
8539,5757674145,5757674140
8540,5757674140,5757674145
8541,5757674140,5757674161
8542,5757674161,5757674140
8543,5757674161,5757674164
8544,5757674164,5757674161
8545,5757674164,5757674169
8546,5757674169,5757674164
8547,5757674169,5757673412
8548,5757673412,5757674169
8549,5757673412,5757674284
8550,5757674284,5757673412
8551,5757674284,366393055
8552,366393055,5757674284
8553,366393055,5762610696
8554,5762610696,366393055
8555,5762610696,5762610669
8556,5762610669,5762610696
8557,5762610669,5762610700
8558,5762610700,5762610669
8559,5762610700,5762589945
8560,5762589945,5762610700
8561,5762589945,2276933081
8562,2276933081,5762589945
8563,2276933081,5762589931
8564,5762589931,2276933081
8565,5762589931,5762610672
8566,5762610672,5762589931
8567,5762610672,5762610533
8568,5762610533,5762610672
8569,5736013570,5735402015
8570,5735402015,5736013570
8571,5735402015,5902183197
8572,5902183197,5735402015
8573,5902183197,5735457542
8574,5735457542,5902183197
8575,5735457542,5902182564
8576,5902182564,5735457542
8577,5902182564,366400625
8578,366400625,5902182564
8579,366400625,5735402630
8580,5735402630,366400625
8581,5735402630,366446178
8582,366446178,5735402630
8583,366446178,5735402642
8584,5735402642,366446178
8585,5735402642,5902183205
8586,5902183205,5735402642
8587,5902183205,3342361140
8588,3342361140,5902183205
8589,3342361140,3342361152
8590,3342361152,3342361140
8591,366432892,2685998298
8592,2685998298,366432892
8593,2685998298,366460040
8594,366460040,2685998298
8595,366460040,2685998297
8596,2685998297,366460040
8597,2685998297,366368978
8598,366368978,2685998297
8599,366368978,366463192
8600,366463192,366368978
8601,366463192,366451142
8602,366451142,366463192
8603,366451142,5658155992
8604,5658155992,366451142
8605,5658155992,1757023833
8606,1757023833,5658155992
8607,1757023833,5762919213
8608,5762919213,1757023833
8609,5762919213,5762919210
8610,5762919210,5762919213
8611,5762919210,2685998206
8612,2685998206,5762919210
8613,2685998206,2685998185
8614,2685998185,2685998206
8615,2685998185,1756985835
8616,1756985835,2685998185
8617,1756985835,1757002985
8618,1757002985,1756985835
8619,1757002985,5762919192
8620,5762919192,1757002985
8621,5762919192,1757002977
8622,1757002977,5762919192
8623,1757002977,1757008359
8624,1757008359,1757002977
8625,1757008359,5753333686
8626,5753333686,1757008359
8627,5753333686,1757008361
8628,1757008361,5753333686
8629,1757008361,5753333684
8630,5753333684,1757008361
8631,5753333684,2937562939
8632,2937562939,5753333684
8633,2937562939,2937562957
8634,2937562957,2937562939
8635,2937562957,5753333671
8636,5753333671,2937562957
8637,5753333671,5753333674
8638,5753333674,5753333671
8639,5753333674,366469975
8640,366469975,5753333674
8641,366469975,2937562930
8642,2937562930,366469975
8643,2937562930,2685998049
8644,2685998049,2937562930
8645,2685998049,5658156002
8646,5658156002,2685998049
8647,5658156002,2685998047
8648,2685998047,5658156002
8649,2685998047,366451512
8650,366451512,2685998047
8651,10233,6577
945,6577,10233
946,6577,7608
947,7608,6577
948,7608,7607
949,7607,7608
950,7607,7596
951,7596,7607
952,7596,7609
953,7609,7596
954,7609,7610
955,7610,7609
956,7610,5556
957,5556,7610
958,5556,7595
959,7595,5556
960,7595,247
961,247,7595
962,247,7594
963,7594,247
964,7594,346
965,346,7594
966,346,7604
967,7604,346
968,7604,7603
8676,7603,7604
8677,7603,5063701248
8678,5063701248,7603
8679,5063701248,366401737
8680,366401737,5063701248
8681,366401737,5059499574
8682,5059499574,366401737
8683,5059499574,5063701241
8684,5063701241,5059499574
8685,5063701241,7602
8686,7602,5063701241
969,7602,10248
8688,10248,7602
8689,10248,5059499568
8690,5059499568,10248
8691,5059499568,7590
8692,7590,5059499568
970,7590,7593
8694,7593,7590
8695,7593,5063700712
8696,5063700712,7593
8697,5063700712,5063700709
8698,5063700709,5063700712
8699,5063700709,7601
8700,7601,5063700709
971,7601,7592
8702,7592,7601
8703,7592,5063701544
8704,5063701544,7592
8705,5063701544,5063701541
8706,5063701541,5063701544
8707,5063701541,10264
8708,10264,5063701541
8709,2620586761,5757818749
8710,5757818749,2620586761
8711,5757818749,366413268
8712,366413268,5757818749
8713,366413268,5767261286
8714,5767261286,366413268
8715,5767261286,5722292373
8716,5722292373,5767261286
8717,5722292373,366371809
8718,366371809,5722292373
8719,9876,9879
8720,9879,9876
8721,9879,9875
8722,9875,9879
972,9875,9874
8724,9874,9875
973,9874,6276
8726,6276,9874
8727,6276,5769575447
8728,5769575447,6276
8729,5769575447,5769575438
8730,5769575438,5769575447
8731,5769575438,4381855475
8732,4381855475,5769575438
8733,4381855475,4381855630
8734,4381855630,4381855475
8735,4381855630,5006804367
8736,5006804367,4381855630
8737,5006804367,5772015300
8738,5772015300,5006804367
8739,5772015300,5769482809
8740,5769482809,5772015300
8741,5769482809,5769482828
8742,5769482828,5769482809
8743,5769482828,366466571
8744,366466571,5769482828
8745,366466571,5769482818
8746,5769482818,366466571
8747,5769482818,5769482799
8748,5769482799,5769482818
8749,5769482799,5772015298
8750,5772015298,5769482799
8751,5772015298,5769482798
8752,5769482798,5772015298
8753,5769482798,366400448
8754,366400448,5769482798
8755,366400448,4988383950
8756,4988383950,366400448
8757,4988383950,5772015296
8758,5772015296,4988383950
8759,5772015296,4988383956
8760,4988383956,5772015296
8761,4988383956,4988383958
8762,4988383958,4988383956
8763,4988383958,2620587146
8764,2620587146,4988383958
8765,2620587146,366398748
8766,366398748,2620587146
8767,366398748,366401354
8768,366401354,366398748
8769,366401354,366474089
8770,366474089,366401354
8771,366474089,366460841
8772,366460841,366474089
8773,366460841,5552685861
8774,5552685861,366460841
8775,5552685861,4932652047
8776,4932652047,5552685861
8777,4932652047,4988383931
8778,4988383931,4932652047
8779,4988383931,4988383720
8780,4988383720,4988383931
8781,4988383720,5772040034
8782,5772040034,4988383720
8783,5772040034,7383
8784,7383,5772040034
974,7383,434
8786,434,7383
975,434,270
8788,270,434
976,270,7077
8790,7077,270
977,7077,7384
8792,7384,7077
8793,7384,4988383929
8794,4988383929,7384
8795,4988383929,979
8796,979,4988383929
978,979,9921
8798,9921,979
8799,9921,3830454323
8800,3830454323,9921
8801,3830454323,5641
8802,5641,3830454323
979,5641,9952
8804,9952,5641
8805,9952,5772107329
8806,5772107329,9952
8807,5772107329,7159
8808,7159,5772107329
980,7159,10249
8810,10249,7159
981,10249,7678
8812,7678,10249
982,7678,7667
8814,7667,7678
983,7667,7668
8816,7668,7667
984,7668,10253
8818,10253,7668
985,10253,6900
8820,6900,10253
986,6900,9955
8822,9955,6900
987,9955,10254
988,10254,9955
989,10254,10251
8826,10251,10254
990,10251,220
8828,220,10251
991,220,7115
8830,7115,220
992,7115,875
8832,875,7115
993,875,1162
8834,1162,875
994,1162,10257
8836,10257,1162
995,10257,10250
8838,10250,10257
996,10250,6216
8840,6216,10250
997,6216,395
8842,395,6216
998,395,10260
8844,10260,395
999,10260,6217
8846,6217,10260
1000,6217,396
8848,396,6217
1001,396,6218
8850,6218,396
1002,6218,7675
8852,7675,6218
1003,7675,1004
8854,1004,7675
1004,1004,10246
8856,10246,1004
8857,10246,7342
8858,7342,10246
1005,7342,7676
8860,7676,7342
1006,7676,4571
8862,4571,7676
1007,4571,10245
8864,10245,4571
8865,10245,6168
8866,6168,10245
1008,6168,9732
8868,9732,6168
1009,10567,3922
1010,3922,10567
1011,6814,11127
8872,11127,6814
8873,11127,5750493431
8874,5750493431,11127
8875,5750493431,2470745108
8876,2470745108,5750493431
8877,2470745108,5818202696
8878,5818202696,2470745108
8879,5818202696,5750493363
8880,5750493363,5818202696
8881,5750493363,2470745114
8882,2470745114,5750493363
8883,2470745114,5818202700
8884,5818202700,2470745114
8885,5818202700,5750493346
8886,5750493346,5818202700
8887,5750493346,2471791320
8888,2471791320,5750493346
8889,2471791320,2470745112
8890,2470745112,2471791320
8891,2470745112,5750492705
8892,5750492705,2470745112
8893,5750492705,2471791317
8894,2471791317,5750492705
8895,2471791317,5818202702
8896,5818202702,2471791317
8897,5818202702,366465474
8898,366465474,5818202702
8899,366465474,5763943803
8900,5763943803,366465474
8901,5763943803,2470745111
8902,2470745111,5763943803
8903,2470745111,4792986986
8904,4792986986,2470745111
8905,4792986986,6986
8906,6986,4792986986
1012,6986,9411
8908,9411,6986
8909,9411,4002
8910,4002,9411
1013,4002,8738
8912,8738,4002
1014,8738,8735
8914,8735,8738
1015,8735,5130
8916,5130,8735
1016,5130,8734
8918,8734,5130
8919,8734,2470745109
8920,2470745109,8734
8921,2470745109,5131
8922,5131,2470745109
1017,5131,612
8924,612,5131
8925,612,5763943830
8926,5763943830,612
8927,5763943830,6985
8928,6985,5763943830
1018,6985,8736
8930,8736,6985
8931,8736,5844253813
8932,5844253813,8736
8933,5844253813,6984
8934,6984,5844253813
1019,6984,4004
8936,4004,6984
8937,4004,870
8938,870,4004
1020,870,11131
8940,11131,870
8941,11131,4000
8942,4000,11131
1021,4000,8842
1022,8842,4000
1023,8842,4005
8946,4005,8842
8947,4005,4001
8948,4001,4005
1024,4001,11132
1025,11132,4001
1026,11132,4006
8952,4006,11132
8953,4006,2470745110
8954,2470745110,4006
8955,2470745110,8964
8956,8964,2470745110
1027,8964,4003
8958,4003,8964
8959,4003,5753557996
8960,5753557996,4003
8961,5753557996,5755079618
8962,5755079618,5753557996
8963,5755079618,5755079616
8964,5755079616,5755079618
8965,5755079616,574
8966,574,5755079616
1028,574,9266
8968,9266,574
8969,9266,5755079601
8970,5755079601,9266
8971,5755079601,2686060549
8972,2686060549,5755079601
8973,2686060549,2686060545
8974,2686060545,2686060549
8975,2686060545,366478075
8976,366478075,2686060545
8977,366478075,6813
8978,6813,366478075
1029,6813,707
8980,707,6813
1030,841,518
8982,518,841
8983,3771499610,3830454076
8984,3830454076,3771499610
8985,3830454076,366479009
8986,366479009,3830454076
8987,366479009,5767226259
8988,5767226259,366479009
8989,5767226259,3830454078
8990,3830454078,5767226259
8991,3830454078,4415665573
8992,4415665573,3830454078
8993,4415665573,366467490
8994,366467490,4415665573
8995,366467490,4462382426
8996,4462382426,366467490
8997,4462382426,3771499612
8998,3771499612,4462382426
8999,3771499612,3771499634
9000,3771499634,3771499612
9001,3771499634,3830454108
9002,3830454108,3771499634
9003,3830454108,3830454109
9004,3830454109,3830454108
9005,3830454109,366424330
9006,366424330,3830454109
9007,366424330,5767088687
9008,5767088687,366424330
9009,366464652,4178488531
9010,4178488531,366464652
9011,4178488531,366416476
9012,366416476,4178488531
9013,366416476,2663390818
9014,2663390818,366416476
9015,2663390818,366429629
9016,366429629,2663390818
9017,366429629,366418625
9018,366418625,366429629
9019,366418625,5752950492
9020,5752950492,366418625
9021,5752950492,366476684
9022,366476684,5752950492
9023,366476684,4178488051
9024,4178488051,366476684
9025,4178488051,5752950458
9026,5752950458,4178488051
9027,5752950458,5755254337
9028,5755254337,5752950458
9029,366420081,5751092196
9030,5751092196,366420081
9031,5751092196,5751092197
9032,5751092197,5751092196
9033,5751092197,5752789374
9034,5752789374,5751092197
9035,5752789374,366431465
9036,366431465,5752789374
9037,366431465,5752789372
9038,5752789372,366431465
9039,5752789372,5751092198
9040,5751092198,5752789372
9041,5751092198,366453039
9042,366453039,5751092198
9043,366453039,5752789331
9044,5752789331,366453039
9045,5752789331,5751092199
9046,5751092199,5752789331
9047,5751092199,5751092200
9048,5751092200,5751092199
9049,5751092200,5752789370
9050,5752789370,5751092200
9051,5752789370,366465433
9052,366465433,5752789370
9053,366465433,366434022
9054,366434022,366465433
9055,366434022,366449705
9056,366449705,366434022
9057,366449705,5752789368
9058,5752789368,366449705
9059,5752789368,3376518695
9060,3376518695,5752789368
9061,3376518695,366400848
9062,366400848,3376518695
9063,366400848,5751092201
9064,5751092201,366400848
9065,5751092201,366479076
9066,366479076,5751092201
9067,366479076,5750656283
9068,5750656283,366479076
9069,5750656283,366416747
9070,366416747,5750656283
9071,366416747,366478590
9072,366478590,366416747
9073,366478590,5750635937
9074,5750635937,366478590
9075,5750635937,366383366
9076,366383366,5750635937
9077,366383366,5750635939
9078,5750635939,366383366
9079,5750635939,366459366
9080,366459366,5750635939
9081,366459366,366442190
9082,366442190,366459366
9083,366442190,5750635943
9084,5750635943,366442190
9085,5750635943,366446582
9086,366446582,5750635943
9087,366446582,366375760
9088,366375760,366446582
9089,366375760,5748078149
9090,5748078149,366375760
9091,5748078149,5748680905
9092,5748680905,5748078149
9093,5748680905,366466160
9094,366466160,5748680905
9095,3178235965,5772101041
9096,5772101041,3178235965
9097,5772101041,3734437564
9098,3734437564,5772101041
9099,3734437564,6154
9100,6154,3734437564
9101,6154,3734437567
9102,3734437567,6154
9103,944,5767087883
9104,5767087883,944
9105,5767087883,5755083697
9106,5755083697,5767087883
9107,5755083697,5755083696
9108,5755083696,5755083697
9109,5755083696,5755083694
9110,5755083694,5755083696
9111,5755083694,4815676623
9112,4815676623,5755083694
9113,4815676623,366392463
9114,366392463,4815676623
9115,366392463,2228506654
9116,2228506654,366392463
9117,2228506654,2216910407
9118,2216910407,2228506654
9119,2216910407,2216910399
9120,2216910399,2216910407
9121,2216910399,2228517452
9122,2228517452,2216910399
9123,2228517452,5755396521
9124,5755396521,2228517452
9125,5755396521,366384886
9126,366384886,5755396521
9127,366384886,366478598
9128,366478598,366384886
9129,366478598,5764930213
9130,5764930213,366478598
9131,5764930213,5764930212
9132,5764930212,5764930213
9133,5764930212,5765004368
9134,5765004368,5764930212
9135,5765004368,366385135
9136,366385135,5765004368
9137,366385135,366425309
9138,366425309,366385135
9139,366425309,5764930222
9140,5764930222,366425309
9141,5764930222,5764930203
9142,5764930203,5764930222
9143,5764930203,5764930231
9144,5764930231,5764930203
9145,5764930231,5765004483
9146,5765004483,5764930231
9147,5765004483,5765004376
9148,5765004376,5765004483
9149,5817112636,5753013032
9150,5753013032,5817112636
9151,5753013032,5753013094
9152,5753013094,5753013032
9153,5753013094,366373457
9154,366373457,5753013094
9155,366373457,5039369016
9156,5039369016,366373457
9157,5039369016,366374491
9158,366374491,5039369016
9159,366374491,5748452727
9160,5748452727,366374491
9161,5748452727,5748452721
9162,5748452721,5748452727
9163,5748452721,5748452724
9164,5748452724,5748452721
9165,5748452724,5748452725
9166,5748452725,5748452724
9167,5748452725,366368453
9168,366368453,5748452725
9169,366368453,5740056076
9170,5740056076,366368453
9171,5740056076,366414939
9172,366414939,5740056076
9173,366414939,5740056086
9174,5740056086,366414939
9175,5740056086,5740056082
9176,5740056082,5740056086
9177,5740056082,5740056074
9178,5740056074,5740056082
9179,5740056074,5740056084
9180,5740056084,5740056074
9181,5740056084,5890133033
9182,5890133033,5740056084
9183,5890133033,366460052
9184,366460052,5890133033
9185,366460052,5748360147
9186,5748360147,366460052
9187,5748360147,366479299
9188,366479299,5748360147
9189,366479299,5748253199
9190,5748253199,366479299
9191,5748253199,5748253860
9192,5748253860,5748253199
9193,5748253860,1852795964
9194,1852795964,5748253860
9195,1852795964,366469314
9196,366469314,1852795964
9197,366469314,366397404
9198,366397404,366469314
9199,366397404,5748253848
9200,5748253848,366397404
9201,5748253848,5748253197
9202,5748253197,5748253848
9203,5748253197,5750512199
9204,5750512199,5748253197
9205,5750512199,5750512189
9206,5750512189,5750512199
9207,5750512189,5750512187
9208,5750512187,5750512189
9209,5750512187,366379896
9210,366379896,5750512187
9211,366379896,5750668688
9212,5750668688,366379896
9213,5750668688,5750668693
9214,5750668693,5750668688
9215,5750668693,366418676
9216,366418676,5750668693
9217,366418676,366461664
9218,366461664,366418676
9219,366461664,366374803
9220,366374803,366461664
9221,366374803,5750514822
9222,5750514822,366374803
9223,5750514822,366419639
9224,366419639,5750514822
9225,366419639,5750514825
9226,5750514825,366419639
9227,5750514825,366474331
9228,366474331,5750514825
9229,366474331,5750512215
9230,5750512215,366474331
9231,5750512215,366456952
9232,366456952,5750512215
9233,366456952,366378744
9234,366378744,366456952
9235,366378744,366467788
9236,366467788,366378744
9237,366467788,5750512211
9238,5750512211,366467788
9239,5750512211,366430879
9240,366430879,5750512211
9241,366430879,5750514826
9242,5750514826,366430879
9243,5750514826,366387735
9244,366387735,5750514826
9245,366387735,366459800
9246,366459800,366387735
9247,366459800,5750512207
9248,5750512207,366459800
9249,5750512207,366409621
9250,366409621,5750512207
9251,366409621,366369558
9252,366369558,366409621
9253,366369558,366441634
9254,366441634,366369558
9255,366441634,366427348
9256,366427348,366441634
9257,366427348,366426649
9258,366426649,366427348
9259,366426649,366444474
9260,366444474,366426649
9261,366444474,5870006068
9262,5870006068,366444474
9263,5870006068,366381024
9264,366381024,5870006068
9265,366381024,5028986715
9266,5028986715,366381024
9267,5762600144,366436746
9268,366436746,5762600144
9269,366436746,5762600146
9270,5762600146,366436746
9271,5762600146,5762600145
9272,5762600145,5762600146
9273,5762600145,5762600143
9274,5762600143,5762600145
9275,366368737,366428650
9276,366428650,366368737
1031,589,7364
9278,7364,589
9279,7364,366429259
9280,366429259,7364
9281,366429259,5755548644
9282,5755548644,366429259
9283,5755548644,366435732
9284,366435732,5755548644
9285,366435732,5755548642
9286,5755548642,366435732
9287,5755548642,366477466
9288,366477466,5755548642
9289,366477466,5001123698
9290,5001123698,366477466
9291,5001123698,366399118
9292,366399118,5001123698
9293,366399118,3164038606
9294,3164038606,366399118
9295,3164038606,5755548648
9296,5755548648,3164038606
9297,5755548648,3339874409
9298,3339874409,5755548648
9299,3339874409,3339712050
9300,3339712050,3339874409
9301,3339712050,5755548657
9302,5755548657,3339712050
9303,5755548657,366466741
9304,366466741,5755548657
9305,366466741,366437709
9306,366437709,366466741
9307,366437709,366444241
9308,366444241,366437709
9309,366444241,366378413
9310,366378413,366444241
9311,366405568,5755784318
9312,5755784318,366405568
9313,5755784318,366397218
9314,366397218,5755784318
9315,366397218,2559981486
9316,2559981486,366397218
9317,2559981486,366404255
9318,366404255,2559981486
9319,366404255,2559981488
9320,2559981488,366404255
9321,2559981488,3339874603
9322,3339874603,2559981488
9323,3339874603,366428206
9324,366428206,3339874603
9325,366428206,366456589
9326,366456589,366428206
9327,366456589,366466610
9328,366466610,366456589
9329,366466610,3164038605
9330,3164038605,366466610
9331,3164038605,5755784313
9332,5755784313,3164038605
9333,5755784313,3339874473
9334,3339874473,5755784313
9335,3339874473,366378413
9336,366378413,3339874473
9337,8229,5732964407
9338,5732964407,8229
9339,5732964407,5732964406
9340,5732964406,5732964407
9341,5732964406,366404821
9342,366404821,5732964406
9343,366404821,5732950407
9344,5732950407,366404821
9345,5732950407,366465192
9346,366465192,5732950407
9347,366465192,5732950406
9348,5732950406,366465192
9349,5732950406,366443993
9350,366443993,5732950406
9351,366443993,5732964537
9352,5732964537,366443993
9353,5732964537,366464867
9354,366464867,5732964537
9355,366464867,366477539
9356,366477539,366464867
9357,366477539,366479077
9358,366479077,366477539
9359,366479077,366440706
9360,366440706,366479077
9361,366440706,366463722
9362,366463722,366440706
9363,366463722,366388334
9364,366388334,366463722
9365,366388334,3378126608
9366,3378126608,366388334
9367,3378126608,3378126609
9368,3378126609,3378126608
9369,3378126609,3378126611
9370,3378126611,3378126609
9371,3378126611,366450852
9372,366450852,3378126611
9373,366450852,3378126610
9374,3378126610,366450852
9375,3378126610,366399637
9376,366399637,3378126610
9377,366399637,366446249
9378,366446249,366399637
9379,366446249,366454118
9380,366454118,366446249
9381,366454118,5733131232
9382,5733131232,366454118
9383,5733131232,5738010051
9384,5738010051,5733131232
9385,5738010051,366402183
9386,366402183,5738010051
9387,366402183,366435737
9388,366435737,366402183
9389,366435737,5735419232
9390,5735419232,366435737
9391,5735419232,366475996
9392,366475996,5735419232
9393,366475996,366379372
9394,366379372,366475996
9395,366379372,5735418516
9396,5735418516,366379372
9397,5735418516,366433221
9398,366433221,5735418516
9399,366433221,5735419240
9400,5735419240,366433221
9401,5735419240,5735418463
9402,5735418463,5735419240
9403,5735418463,366397031
9404,366397031,5735418463
9405,366397031,5735461600
9406,5735461600,366397031
9407,5735461600,366408461
9408,366408461,5735461600
9409,366408461,5735461698
9410,5735461698,366408461
9411,5735461698,366434911
9412,366434911,5735461698
9413,366434911,5738009614
9414,5738009614,366434911
9415,5738009614,5735461689
9416,5735461689,5738009614
9417,5735461689,366437810
9418,366437810,5735461689
9419,366437810,5735461635
9420,5735461635,366437810
9421,5735461635,5735461671
9422,5735461671,5735461635
9423,5735461671,366432032
9424,366432032,5735461671
9425,366432032,5735465193
9426,5735465193,366432032
9427,5735465193,366369082
9428,366369082,5735465193
9429,366369082,5735461661
9430,5735461661,366369082
9431,5735461661,5735461672
9432,5735461672,5735461661
9433,5735461672,366456617
9434,366456617,5735461672
9435,366456617,5735461649
9436,5735461649,366456617
9437,5735461649,4865522325
9438,4865522325,5735461649
9439,4865522325,366399877
9440,366399877,4865522325
9441,366399877,366387577
9442,366387577,366399877
9443,366387577,5735461639
9444,5735461639,366387577
9445,5735461639,5733078611
9446,5733078611,5735461639
9447,5733078611,366463013
9448,366463013,5733078611
9449,366463013,5735461607
9450,5735461607,366463013
9451,5735461607,366382249
9452,366382249,5735461607
9453,366382249,366380866
9454,366380866,366382249
9455,366380866,5735505410
9456,5735505410,366380866
9457,5735505410,5735505405
9458,5735505405,5735505410
9459,5735505405,5735505365
9460,5735505365,5735505405
9461,5735505365,5735505337
9462,5735505337,5735505365
9463,5735505337,5735505401
9464,5735505401,5735505337
9465,5735505401,5735501014
9466,5735501014,5735505401
9467,5735501014,5735505384
9468,5735505384,5735501014
9469,5735505384,366439227
9470,366439227,5735505384
9471,366439227,5735505387
9472,5735505387,366439227
9473,5735505387,366419058
9474,366419058,5735505387
9475,366419058,366373106
9476,366373106,366419058
9477,366373106,366374997
9478,366374997,366373106
9479,366374997,366372663
9480,366372663,366374997
9481,366372663,4865522462
9482,4865522462,366372663
9483,4865522462,5735505333
9484,5735505333,4865522462
9485,5735505333,366474580
9486,366474580,5735505333
9487,366474580,4865522458
9488,4865522458,366474580
9489,4865522458,5735500999
9490,5735500999,4865522458
9491,5735500999,366403440
9492,366403440,5735500999
9493,366403440,3378947173
9494,3378947173,366403440
9495,3378947173,366377129
9496,366377129,3378947173
9497,366377129,366377385
9498,366377385,366377129
9499,366377385,366442821
9500,366442821,366377385
9501,366442821,4865522423
9502,4865522423,366442821
9503,4865522423,366412670
9504,366412670,4865522423
9505,366412670,3378947172
9506,3378947172,366412670
9507,3378947172,3378081372
9508,3378081372,3378947172
9509,3378081372,4865522468
9510,4865522468,3378081372
9511,4865522468,3378081373
9512,3378081373,4865522468
9513,3378081373,366479053
9514,366479053,3378081373
9515,366417947,366368185
9516,366368185,366417947
9517,366368185,5802734305
9518,5802734305,366368185
9519,5802734305,366468858
9520,366468858,5802734305
9521,366468858,366419238
9522,366419238,366468858
9523,366419238,5802726103
9524,5802726103,366419238
9525,5802726103,3149179815
9526,3149179815,5802726103
9527,3149179815,5802726091
9528,5802726091,3149179815
9529,5802726091,366461521
9530,366461521,5802726091
9531,366461521,5802726085
9532,5802726085,366461521
9533,5802726085,366397383
9534,366397383,5802726085
9535,366397383,3378126260
9536,3378126260,366397383
9537,3378126260,5742463605
9538,5742463605,3378126260
9539,5742463605,366475873
9540,366475873,5742463605
9541,366475873,5748108322
9542,5748108322,366475873
9543,5748108322,5742463614
9544,5742463614,5748108322
9545,5742463614,5742463610
9546,5742463610,5742463614
9547,5742463610,5742577287
9548,5742577287,5742463610
9549,5742577287,5748108311
9550,5748108311,5742577287
9551,5748108311,5742463617
9552,5742463617,5748108311
9553,5742463617,366461213
9554,366461213,5742463617
9555,366461213,5742470022
9556,5742470022,366461213
9557,5742470022,5742470123
9558,5742470123,5742470022
9559,5742470123,5742470070
9560,5742470070,5742470123
9561,2500252799,366425619
9562,366425619,2500252799
9563,366425619,366472831
9564,366472831,366425619
9565,366472831,5767702967
9566,5767702967,366472831
9567,5767702967,366447670
9568,366447670,5767702967
9569,366447670,366478176
9570,366478176,366447670
9571,366478176,366382914
9572,366382914,366478176
9573,366382914,366438555
9574,366438555,366382914
9575,366438555,366415246
9576,366415246,366438555
9577,366415246,4676724674
9578,4676724674,366415246
9579,4676724674,5778303425
9580,5778303425,4676724674
9581,5778303425,366400591
9582,366400591,5778303425
9583,366400591,366370193
9584,366370193,366400591
9585,366370193,2500257357
9586,2500257357,366370193
9587,2500257357,366407277
9588,366407277,2500257357
9589,366407277,5778457500
9590,5778457500,366407277
9591,5778457500,366436331
9592,366436331,5778457500
9593,366436331,366391334
9594,366391334,366436331
9595,366391334,366404767
9596,366404767,366391334
9597,366404767,366400988
9598,366400988,366404767
9599,366400988,366427932
9600,366427932,366400988
9601,366427932,4560085059
9602,4560085059,366427932
9603,4560085059,4560085056
9604,4560085056,4560085059
9605,366446289,366424902
9606,366424902,366446289
9607,366424902,5750820412
9608,5750820412,366424902
9609,5750820412,366409507
9610,366409507,5750820412
9611,366409507,366386510
9612,366386510,366409507
9613,366386510,5753422051
9614,5753422051,366386510
9615,5753422051,366402102
9616,366402102,5753422051
9617,366402102,366400371
9618,366400371,366402102
9619,366400371,2159861309
9620,2159861309,366400371
9621,370818192,370818187
9622,366445476,366373630
9623,366373630,366445476
9624,366373630,5767567228
9625,5767567228,366373630
9626,5767567228,5003306333
9627,5003306333,5767567228
9628,5003306333,5003306330
9629,5003306330,5003306333
9630,5003306330,366435614
9631,366435614,5003306330
9632,366435614,5003306327
9633,5003306327,366435614
9634,5003306327,5003306328
9635,5003306328,5003306327
9636,5003306328,5003306325
9637,5003306325,5003306328
9638,5003306325,5003306323
9639,5003306323,5003306325
9640,5003306323,366405261
9641,366405261,5003306323
9642,366405261,5003306321
9643,5003306321,366405261
9644,5003306321,3158936120
9645,3158936120,5003306321
9646,3158936120,2620587033
9647,2620587033,3158936120
9648,2620587033,366466351
9649,366466351,2620587033
9650,366466351,4616376150
9651,4616376150,366466351
9652,4616376150,366402197
9653,366402197,4616376150
9654,366402197,366417329
9655,366417329,366402197
9656,366417329,5767567205
9657,5767567205,366417329
9658,5767567205,3771486808
9659,3771486808,5767567205
9660,3771486808,366421226
9661,366421226,3771486808
9662,366421226,5112594875
9663,5112594875,366421226
9664,5112594875,5767567195
9665,5767567195,5112594875
9666,5767567195,5767567194
9667,5767567194,5767567195
9668,5767567194,3771486813
9669,3771486813,5767567194
9670,3771486813,5767567193
9671,5767567193,3771486813
9672,5767567193,3158936121
9673,3158936121,5767567193
9674,3158936121,7345
9675,7345,3158936121
1032,7345,143
9677,143,7345
9678,143,9717
9679,9717,143
1033,9717,9716
9681,9716,9717
1034,9716,9718
9683,9718,9716
9684,9718,5767645842
9685,5767645842,9718
9686,5767645842,4769
9687,4769,5767645842
1035,4769,9715
9689,9715,4769
9690,9715,60
9691,60,9715
1036,60,717
9693,717,60
9694,717,5639
9695,5639,717
1037,5639,9729
9697,9729,5639
9698,9729,3158936123
9699,3158936123,9729
9700,3158936123,9730
9701,9730,3158936123
1038,9730,1193
9703,1193,9730
9704,1193,5769301528
9705,5769301528,1193
9706,5769301528,5769301529
9707,5769301529,5769301528
9708,8559,1503295387
9709,1503295387,8559
9710,1503295387,5742588428
9711,5742588428,1503295387
9712,5742588428,5742588432
9713,5742588432,5742588428
9714,5742588432,5742588430
9715,5742588430,5742588432
9716,5742588430,5742588388
9717,5742588388,5742588430
9718,5742588388,4936958277
9719,4936958277,5742588388
9720,4936958277,5742588151
9721,5742588151,4936958277
9722,5742588151,5742588149
9723,5742588149,5742588151
9724,5742588149,5742588147
9725,5742588147,5742588149
9726,5742588147,1503295330
9727,1503295330,5742588147
9728,1503295330,5742588142
9729,5742588142,1503295330
9730,5742588142,5748308413
9731,5748308413,5742588142
9732,5748308413,5748308388
9733,5748308388,5748308413
9734,5748308388,5748308387
9735,5748308387,5748308388
9736,5748308387,5748311443
9737,5748311443,5748308387
9738,5748311443,5748308412
9739,5748308412,5748311443
9740,5748308412,5748308407
9741,5748308407,5748308412
9742,5748308407,1503295320
9743,1503295320,5748308407
9744,1503295320,4936958286
9745,4936958286,1503295320
9746,4936958286,5748311428
9747,5748311428,4936958286
9748,5748311428,5748311409
9749,5748311409,5748311428
9750,5748311409,5748311422
9751,5748311422,5748311409
9752,5748311422,1504297312
9753,1504297312,5748311422
9754,1504297312,5748311417
9755,5748311417,1504297312
9756,5748311417,5748339498
9757,5748339498,5748311417
9758,5748339498,5755192500
9759,5755192500,5748339498
9760,5755192500,5755193436
9761,5755193436,5755192500
9762,5755193436,5755193438
9763,5755193438,5755193436
9764,5755193438,366372653
9765,366372653,5755193438
9766,366372653,1504297293
9767,1504297293,366372653
9768,1504297293,5755092034
9769,5755092034,1504297293
9770,5755092034,5755092052
9771,5755092052,5755092034
9772,5755092052,5755092036
9773,5755092036,5755092052
9774,5755092036,366391983
9775,366391983,5755092036
9776,366391983,5755092038
9777,5755092038,366391983
9778,5755092038,366432771
9779,366432771,5755092038
9780,366432771,5762600144
9781,5762600144,366432771
9782,366465187,6024
1039,6024,1059
1040,1307,372
9785,372,3108021421
9786,3108021421,366423950
9787,366423950,2418512689
9788,2418512689,5762703172
9789,5762703172,1797562620
9790,1797562620,366455657
9791,366455657,366425765
9792,366425765,3137352085
9793,3137352085,3137352091
9794,3137352091,366406433
9795,366406433,3164006421
9796,3164006421,366445472
9797,366445472,3217666018
9798,3217666018,2418512683
9799,2418512683,3137352096
9800,3137352096,366374860
9801,366374860,3137352097
9802,3137352097,366418897
9803,366418897,5769305524
9804,5769305524,366428762
9805,366428762,366418059
9806,366418059,5769895769
9807,5769895769,3164006419
9808,3164006419,366413518
9809,366413518,3217666031
9810,3217666031,1797562621
9811,1797562621,2418512686
9812,2418512686,4068481160
9813,4068481160,366445885
9814,366445885,3217666039
9815,3217666039,366438757
9816,366438757,366448837
9817,366448837,2418512688
9818,2418512688,4068481161
9819,4068481161,4068481162
9820,4068481162,5769614207
9821,5769614207,366451711
9822,366451711,5769614224
9823,5769614224,2418512680
9824,2418512680,5769614211
9825,5769614211,4068481164
9826,366385921,366457400
9827,366457400,366385921
9828,366473487,366448298
9829,366448298,366473487
9830,366448298,366478673
9831,366478673,366448298
9832,366478673,366403660
9833,366403660,366478673
9834,366403660,366427972
9835,366427972,366403660
9836,366427972,366402233
9837,366402233,366427972
9838,366402233,366401258
9839,366401258,366402233
9840,366401258,5733201330
9841,5733201330,366401258
9842,5733201330,5733201326
9843,5733201326,5733201330
9844,5733201326,366371610
9845,366371610,5733201326
9846,366371610,366443602
9847,366443602,366371610
9848,366443602,366463531
9849,366463531,366443602
9850,366463531,5733201284
9851,5733201284,366463531
9852,5733201284,5881087206
9853,5881087206,5733201284
9854,5881087206,366468805
9855,366468805,5881087206
9856,366468805,5082918367
9857,5082918367,366468805
9858,5082918367,366440333
9859,366440333,5082918367
9860,366440333,366412996
9861,366412996,366440333
9862,366412996,5733571323
9863,5733571323,366412996
9864,5733571323,366456280
9865,366456280,5733571323
9866,366456280,855
9867,855,366456280
9868,366452061,366467766
9869,366467766,366452061
9870,366467766,366474220
9871,366474220,366467766
9872,366474220,366432237
9873,366432237,366474220
9874,366432237,366392940
9875,366392940,366432237
9876,366392940,5802608617
9877,5802608617,366392940
9878,5802608617,366403669
9879,366403669,5802608617
9880,366403669,5802608603
9881,5802608603,366403669
9882,5802608603,5802608600
9883,5802608600,5802608603
9884,5802608600,366416956
9885,366416956,5802608600
9886,366416956,366377399
9887,366377399,366416956
9888,366377399,5802608596
9889,5802608596,366377399
9890,5802608596,5802608588
9891,5802608588,5802608596
9892,5802608588,366390170
9893,366390170,5802608588
9894,366390170,366448674
9895,366448674,366390170
9896,11004,566
1041,566,11004
9898,566,5806324061
9899,5806324061,566
9900,5806324061,366379764
9901,366379764,5806324061
9902,366379764,5806323042
9903,5806323042,366379764
9904,5806323042,366428415
9905,366428415,5806323042
9906,366428415,366446744
9907,366446744,366428415
9908,366446744,366417697
9909,366417697,366446744
9910,366417697,366436102
9911,366436102,366417697
9912,366436102,5806378066
9913,5806378066,366436102
9914,5806378066,366457604
9915,366457604,5806378066
9916,366457604,5811473912
9917,5811473912,366457604
9918,5811473912,366445176
9919,366445176,5811473912
9920,366445176,5806324083
9921,5806324083,366445176
9922,5806324083,2609809420
9923,2609809420,5806324083
9924,2609809420,3149148217
9925,3149148217,2609809420
9926,3149148217,366478112
9927,366478112,3149148217
9928,366478112,5806324094
9929,5806324094,366478112
9930,5806324094,5806324088
9931,5806324088,5806324094
9932,5806324088,3149148218
9933,3149148218,5806324088
9934,3149148218,366436292
9935,366436292,3149148218
9936,366436292,5811473935
9937,5811473935,366436292
9938,5811473935,366399956
9939,366399956,5811473935
9940,366399956,5806324096
9941,5806324096,366399956
9942,5806324096,5806229328
9943,5806229328,5806324096
9944,5806229328,366457323
9945,366457323,5806229328
9946,366457323,366421464
9947,366421464,366457323
9948,366421464,5806229334
9949,5806229334,366421464
9950,5806229334,366463976
9951,366463976,5806229334
9952,366463976,366472415
9953,366472415,366463976
9954,366472415,5811615663
9955,5811615663,366472415
9956,5811615663,2609818004
9957,2609818004,5811615663
9958,2609818004,366389115
9959,366389115,2609818004
9960,366389115,5811615708
9961,5811615708,366389115
9962,5811615708,366439973
9963,366439973,5811615708
9964,366439973,2609818024
9965,2609818024,366439973
9966,2609818024,5811615682
9967,5811615682,2609818024
9968,5811615682,366418970
9969,366418970,5811615682
9970,366418970,5811615658
9971,5811615658,366418970
9972,5811615658,5811649267
9973,5811649267,5811615658
9974,5811649267,366384601
9975,366384601,5811649267
9976,366384601,2609818032
9977,2609818032,366384601
9978,2609818032,366446519
9979,366446519,2609818032
9980,366446519,366372968
9981,366372968,366446519
9982,366372968,366430301
9983,366430301,366372968
9984,366430301,5166975836
9985,5166975836,366430301
9986,5166975836,366467460
9987,366467460,5166975836
9988,366467460,366444837
9989,366444837,366467460
9990,366444837,5811863980
9991,5811863980,366444837
9992,5811863980,366465162
9993,366465162,5811863980
9994,366465162,366442600
9995,366442600,366465162
9996,366442600,366430547
9997,366430547,366442600
9998,366430547,5811960485
9999,5811960485,366430547
10000,5811960485,366389424
10001,366389424,5811960485
10002,366389424,366457073
10003,366457073,366389424
10004,366457073,2609809647
10005,2609809647,366457073
10006,2609809647,366445809
10007,366445809,2609809647
10008,366445809,5811960480
10009,5811960480,366445809
10010,5811960480,366440284
10011,366440284,5811960480
10012,366440284,2609809701
10013,2609809701,366440284
10014,2609809701,366405222
10015,366405222,2609809701
10016,366405222,366387280
10017,366387280,366405222
10018,366387280,5813791230
10019,5813791230,366387280
10020,5813791230,5813791166
10021,5813791166,5813791230
10022,5813791166,366471145
10023,366471145,5813791166
10024,366471145,366429455
10025,366429455,366471145
10026,366429455,5813822214
1042,8851,3630
1043,8927,8916
1044,3631,8927
1045,8090,8918
1046,8917,3626
1047,8905,8917
1048,8091,8905
1049,3627,8091
1050,8898,4192
1051,3629,8903
1052,8897,3629
1053,8907,8902
1054,8906,8904
1055,8908,8904
1056,3625,8908
1057,7323,8899
1058,1219,7322
1059,162,780
1060,1221,605
1061,605,8480
1062,2455,2453
1063,2447,216
1064,1197,4768
1065,7282,7281
1066,495,7280
1067,7279,84
1068,84,7278
1069,9332,7288
1070,7288,260
1071,7289,9331
1072,9331,7275
1073,7275,7274
1074,7411,7286
1075,7286,7285
1076,7287,7276
1077,6988,6989
1078,3615,9178
1079,9178,3615
1080,9179,9178
1081,9179,9175
1082,9176,9171
1083,9180,9172
1084,7711,9181
1085,9177,9174
1086,9174,4611
1087,4611,9173
1088,242,1036
1089,2963,113
1090,113,19
1091,760,243
1092,772,914
1093,914,883
1094,883,2967
1095,2967,883
1096,2961,2962
1097,2960,998
1098,887,9276
1099,1081,2959
1100,2959,304
1101,304,11240
1102,858,10109
1103,2669,2616
1104,936,2669
1105,187,11029
1106,3155,187
1107,10050,483
1108,6058,3600
1109,461,7147
1110,7147,37
1111,37,7146
1112,7146,620
1113,620,4966
1114,4966,7088
1115,7088,953
1116,953,7104
1117,7104,929
1118,929,92
1119,92,7156
1120,7156,1223
1121,1223,10643
1122,10643,792
1123,792,917
1124,917,61
1125,61,7453
1126,7453,9600
1127,9600,10641
1128,10641,4967
1129,4967,4
1130,4,7120
1131,7120,7118
1132,7118,892
1133,892,10401
1134,10,8055
1135,186,2914
1136,1253,8238
1137,455,1063
1138,455,6476
1139,6476,455
1140,6476,100
1141,100,6476
1142,100,6517
1143,6517,100
1144,6517,4314
1145,4314,6517
1146,4314,7768
1147,7768,4314
1148,7768,10056
1149,10056,7768
1150,10056,557
1151,557,10056
1152,557,7767
1153,7767,557
1154,7767,6518
1155,6518,7767
1156,6518,6519
1157,6519,6518
1158,6519,931
1159,931,6519
1160,931,817
1161,817,931
1162,817,1216
1163,1216,817
1164,1216,1172
1165,1172,1216
1166,1172,596
1167,596,1172
1168,596,1077
1169,1077,596
1170,1077,519
1171,519,1077
1172,519,943
1173,943,519
1174,943,7057
1175,7057,943
1176,7057,7058
1177,7058,7057
1178,7058,7059
1179,7059,7058
1180,7256,8352
1181,8567,6938
1182,6938,590
1183,590,4013
1184,4013,6937
1185,6937,3733
1186,3733,4976
1187,4976,4012
1188,4012,1033
1189,1033,6285
1190,6285,5417
1191,5417,3216
1192,3216,754
1193,754,8124
1194,8124,3732
1195,3732,8123
1196,8123,4014
1197,8585,38
1198,9,6300
1199,6300,4933
1200,4933,1091
1201,1091,5419
1202,5419,8584
1203,8584,8191
1204,5420,271
1205,271,11151
1206,11151,6302
1207,6302,537
1208,537,8120
1209,2074,725
1210,725,11145
1211,11145,332
1212,332,7872
1213,7872,7843
1214,7843,984
1215,984,11146
1216,11146,7061
1217,7061,740
1218,7873,5421
1219,5421,1119
1220,1119,7875
1221,6347,949
1222,6315,7874
1223,7874,33
1224,33,8816
1225,8816,4934
1226,4934,3215
1227,3215,3734
1228,3734,8815
1229,8815,3391
1230,3391,297
1231,297,5118
1232,5118,3735
1233,3735,8812
1234,8812,5119
1235,5119,11160
1236,11160,409
1237,409,3736
1238,3736,8801
1239,8801,3740
1240,3740,3738
1241,3877,9546
1242,5586,401
1243,5586,9548
1244,9741,9742
1245,9737,9741
1246,9740,5585
1247,6220,9188
1248,6220,6222
1249,6222,6220
1250,6222,6223
1251,6223,6222
1252,6223,827
1253,827,6223
1254,827,6226
1255,6226,827
1256,6226,6231
1257,6231,6226
1258,6231,6232
1259,6232,6231
1260,6232,1177
1261,1177,6232
1262,1177,6237
1263,6237,1177
1264,6237,6238
1265,6238,6237
1266,6238,515
1267,515,6238
1268,515,1009
1269,1009,515
1270,1009,11311
1271,11311,1009
1272,11311,11249
1273,11249,11311
1274,11249,812
1275,812,11249
1276,812,1079
1277,1079,812
1278,1079,6242
1279,6242,1079
1280,6242,11312
1281,11312,6242
1282,11312,9566
1283,9566,11312
1284,9566,9565
1285,9565,9566
1286,9565,9564
1287,9564,9565
1288,4561,4562
1289,188,7436
1290,188,5647
1291,7422,1212
1292,7421,9637
1293,9621,3489
1294,3489,7257
1295,7257,5115
1296,9638,9639
1297,660,8980
1298,8980,8981
1299,944,8977
1300,8977,8978
1301,8979,8982
1302,9640,368
1303,60,5640
1304,4102,9692
1305,423,1090
1306,342,9666
1307,9665,9664
1308,741,281
1309,741,9683
1310,962,1100
1311,10329,6402
1312,10328,345
1313,10327,4919
1314,10300,10302
1315,4226,10157
1316,4226,4783
1317,4783,4226
1318,4783,5503
1319,5503,4783
1320,5503,1890
1321,1890,5503
1322,1890,7981
1323,7981,1890
1324,7981,4784
1325,4784,7981
1326,4784,672
1327,672,4784
1328,672,9470
1329,9470,672
1330,9470,210
1331,210,9470
1332,210,9472
1333,9472,210
1334,9472,9471
1335,9471,9472
1336,9471,1005
1337,1005,9471
1338,1005,5637
1339,5637,1005
1340,5637,7599
1341,7599,5637
1342,7599,5638
1343,5638,7599
1344,5638,1107
1345,1107,5638
1346,1107,4227
1347,4227,1107
1348,4227,2272
1349,2272,4227
1350,2272,2274
1351,2274,2272
1352,2274,6896
1353,6896,2274
1354,6896,2275
1355,2275,6896
1356,2275,2273
1357,2273,2275
1358,2273,4785
1359,4785,2273
1360,4785,2271
1361,2271,4785
1362,2271,2360
1363,2360,2271
1364,2360,7598
1365,7598,2360
1366,7598,7597
1367,7597,7598
1368,7597,4786
1369,4786,7597
1370,4786,2276
1371,2276,4786
1372,2276,5143
1373,5143,2276
1374,8172,563
1375,563,771
1376,2973,310
1377,2986,2966
1378,2966,2986
1379,2966,2998
1380,967,8837
1381,2470,10687
1382,10687,7812
1383,4331,2380
1384,2380,4333
1385,6647,6653
1386,6653,2579
1387,2579,1176
1388,1176,4742
1389,4742,5678
1390,5678,10679
1391,52,5507
1392,5579,459
1393,5579,10002
1394,10002,5579
1395,10002,616
1396,616,10002
1397,616,10001
1398,10001,616
1399,10001,5580
1400,5580,10001
1401,5580,1140
1402,1140,5580
1403,1140,9999
1404,9999,1140
1405,9999,10000
1406,10000,9999
1407,10000,330
1408,330,10000
1409,330,5508
1410,5508,330
1411,5508,448
1412,448,5508
1413,448,7657
1414,7657,448
1415,7657,288
1416,288,7657
1417,288,691
1418,691,288
1419,691,4059
1420,4059,691
1421,4059,10014
1422,10014,4059
1423,7712,7713
1424,7713,7712
1425,510,7713
1426,8814,752
1427,1084,7714
1428,8107,1084
1429,26,11161
1430,492,11159
1431,11159,492
1432,879,7304
1433,7304,879
1434,7304,8984
1435,8984,8983
1436,1180,553
1437,11158,8985
1438,10332,6365
1439,7389,7390
1440,2365,3998
1441,2366,3999
1442,4064,806
1443,4061,1230
1444,8606,886
1445,913,4058
1446,913,3591
1447,3591,913
1448,3591,3592
1449,3592,3591
1450,3592,3593
1451,3593,3592
1452,3593,10115
1453,10115,3593
1454,5516,5962
1455,4590,5984
1456,202,4129
1457,2344,10994
1458,799,308
1459,820,799
1460,132,5070
1461,70,132
1462,775,70
1463,2187,775
1464,8410,2187
1465,1131,8410
1466,9012,1131
1467,626,971
1468,1029,6606
1469,1029,7463
1470,7463,1029
1471,7463,7468
1472,7468,7463
1473,7468,4620
1474,4620,7468
1475,4620,757
1476,757,4620
1477,757,7467
1478,7467,757
1479,7467,7477
1480,7477,7467
1481,7477,7464
1482,7464,7477
1483,7464,900
1484,900,7464
1485,900,7471
1486,7471,900
1487,7471,7465
1488,7465,7471
1489,7465,7473
1490,7473,7465
1491,7473,6874
1492,6874,7473
1493,6874,7474
1494,7474,6874
1495,7474,901
1496,901,7474
1497,235,8428
1498,134,5071
1499,5071,1148
1500,546,8457
1501,6898,10869
1502,6898,6427
1503,6427,6898
1504,10745,2700
1505,7388,7387
1506,7387,7385
1507,7385,7790
1508,9416,7386
1509,7386,9413
1510,9413,10514
1511,10514,1020
1512,1020,1169
1513,1169,749
1514,172,6623
1515,1312,10873
1516,6996,4096
1517,8382,8383
1518,8383,935
1519,935,1122
1520,1122,6995
1521,6995,882
1522,882,8127
1523,8127,8126
1524,8125,3804
1525,3804,7040
1526,3805,5665
1527,5665,1150
1528,1150,8364
1529,8364,190
1530,6293,7223
1531,7223,598
1532,598,6292
1533,6292,50
1534,50,3
1535,3,6294
1536,6294,608
1537,608,4932
1538,4932,2041
1539,2897,2898
1540,843,41
1541,41,439
1542,439,5481
1543,5480,865
1544,865,3886
1545,5074,511
1546,511,1173
1547,1173,511
1548,1173,5073
1549,4873,1916
1550,1926,1925
1551,5044,1923
1552,4874,9042
1553,9042,9041
1554,2143,452
1555,452,8163
1556,7755,6894
1557,7755,3544
1558,3544,7755
1559,3544,4675
1560,4675,3544
1561,4675,9141
1562,9141,4675
1563,9141,6915
1564,6915,9141
1565,6915,169
1566,169,6915
1567,169,7757
1568,7757,169
1569,7757,4580
1570,4580,7757
1571,4580,4579
1572,4579,4580
1573,4579,4676
1574,4676,4579
1575,4676,6901
1576,6901,4676
1577,6901,11241
1578,11241,6901
1579,11241,7625
1580,7625,11241
1581,7625,1167
1582,1167,7625
1583,1167,2280
1584,2280,1167
1585,2280,9484
1586,9484,2280
1587,9484,9224
1588,9224,9484
1589,9224,4677
1590,4677,9224
1591,4677,10161
1592,10161,4677
1593,10161,10160
1594,10160,10161
1595,10160,10162
1596,10162,10160
1597,10162,787
1598,787,10162
1599,787,10163
1600,10163,787
1601,10163,53
1602,53,10163
1603,53,558
1604,558,53
1605,558,10158
1606,10158,558
1607,10158,4224
1608,4224,10158
1609,4224,7089
1610,7089,4224
1611,7089,4225
1612,4225,7089
1613,4225,10157
1614,10157,4225
1615,10157,7623
1616,7623,10157
1617,7623,7807
1618,7807,7623
1619,7807,4223
1620,4223,7807
1621,4223,207
1622,207,4223
1623,207,5501
1624,5501,207
1625,5501,5502
1626,5502,5501
1627,5502,112
1628,112,5502
1629,112,4313
1630,4313,112
1631,4313,7637
1632,7637,4313
1633,7637,7622
1634,7622,7637
1635,7622,6184
1636,6184,7622
1637,6184,381
1638,381,6184
1639,381,1118
1640,1118,381
1641,1118,739
1642,739,1118
1643,739,5498
1644,5498,739
1645,5498,7618
1646,7618,5498
1647,7618,5500
1648,5500,7616
1649,7616,7617
1650,7617,5499
1651,5499,7615
1652,7642,7615
1653,7642,7614
1654,530,2828
1655,4965,10391
1656,4965,7377
1657,7377,4965
1658,7377,11292
1659,11292,7377
1660,11292,11293
1661,11293,11292
1662,11293,42
1663,42,11293
1664,42,11295
1665,11295,42
1666,11295,11253
1667,11253,11295
1668,11253,10375
1669,10375,11253
1670,10375,7990
1671,7990,10375
1672,7990,10374
1673,10374,7990
1674,10374,10373
1675,10373,10374
1676,10373,10372
1677,10372,10373
1678,10372,10904
1679,10904,10372
1680,10904,424
1681,424,10904
1682,424,7151
1683,7151,424
1684,7151,7152
1685,7152,7151
1686,7152,10371
1687,10371,7152
1688,10371,10370
1689,10370,10371
1690,10370,10369
1691,10369,10370
1692,10369,10368
1693,10368,10369
1694,10368,10367
1695,10367,10368
1696,10367,10898
1697,10898,10367
1698,10898,11298
1699,11298,10898
1700,11298,11299
1701,11299,11298
1702,11299,10897
1703,10897,11299
1704,203,897
1705,1161,571
1706,1161,4789
1707,4789,1161
1708,4789,57
1709,57,4789
1710,57,11
1711,11,57
1712,193,8932
1713,7729,8500
1714,10573,10572
1715,10572,10571
1716,10570,10569
1717,10568,901
1718,2923,597
1719,10279,6868
1720,1541,4780
1721,4221,10261
1722,4222,4221
1723,4219,4222
1724,1658,4220
1725,9672,641
1726,10053,10165
1727,10053,10052
1728,10052,10053
1729,10052,10051
1730,10051,10052
1731,10051,10050
1732,10050,10051
1733,116,1017
1734,7671,5643
1735,5643,5642
1736,5642,7400
1737,7400,5645
1738,7399,496
1739,496,5644
1740,5644,6215
1741,6215,6214
1742,6214,9968
1743,560,361
1744,1125,966
1745,7763,1125
1746,942,7763
1747,7766,942
1748,587,7766
1749,9809,587
1750,634,758
1751,2073,5261
1752,5261,5260
1753,5260,675
1754,9267,9268
1755,9268,9267
1756,7723,7721
1757,8821,6298
1758,8820,4996
1759,6092,6124
1760,10422,2510
1761,2510,743
1762,743,237
1763,237,621
1764,797,10024
1765,10025,4670
1766,4427,10026
1767,10324,10027
1768,10323,309
1769,9062,733
1770,551,331
1771,1281,426
1772,426,5717
1773,5715,539
1774,1028,934
1775,934,7857
1776,7857,896
1777,199,10459
1778,5806,2752
1779,997,9314
1780,9748,4605
1781,4606,72
1782,6122,3209
1783,4433,594
1784,8875,8877
1785,8877,5050
1786,8876,8878
1787,8878,5051
1788,88,9185
1789,9222,9220
1790,1163,990
1791,990,9183
1792,9183,4434
1793,1285,1284
1794,6070,6068
1795,6069,1286
1796,1287,8348
1797,8348,8347
1798,8347,8348
1799,8345,9584
1800,9584,8351
1801,8351,4943
1802,4943,8351
1803,4943,5224
1804,5224,4943
1805,5224,11168
1806,11168,5223
1807,5223,11168
1808,5223,11169
1809,11169,5223
1810,11169,5222
1811,5222,11169
1812,5222,5221
1813,5221,5222
1814,5221,5220
1815,5220,5221
1816,5220,5219
1817,5219,5220
1818,8333,5219
1819,11182,5217
1820,11170,11182
1821,5078,11170
1822,11171,5078
1823,5216,11171
1824,5216,5215
1825,5215,5216
1826,5215,11173
1827,11173,5214
1828,5214,11173
1829,6824,6280
1830,6280,6824
1831,6280,11177
1832,11177,6280
1833,11177,8425
1834,8425,11177
1835,8425,11178
1836,11178,11184
1837,11184,8426
1838,8426,11184
1839,11185,6174
1840,6174,8427
1841,8427,5079
1842,5079,11186
1843,11186,6277
1844,6277,6173
1845,6173,11179
1846,11179,5082
1847,5082,8436
1848,8436,8424
1849,8424,5095
1850,5095,11187
1851,11187,11188
1852,11188,5077
1853,5077,11188
1854,8423,8435
1855,8435,5094
1856,5094,8435
1857,5094,5086
1858,5086,5094
1859,5086,8412
1860,8412,5086
1861,8412,8413
1862,8413,8412
1863,8413,8856
1864,8856,8413
1865,8856,8864
1866,8864,8863
1867,8863,11189
1868,11189,8849
1869,8849,8848
1870,8848,8866
1871,8866,5083
1872,5083,8847
1873,5085,11180
1874,11180,6823
1875,6823,11180
1876,6823,5075
1877,5075,6823
1878,5075,8855
1879,8855,5075
1880,8855,5080
1881,5080,5087
1882,5087,8860
1883,8860,5076
1884,5076,8846
1885,5093,8867
1886,5081,241
1887,241,8862
1888,8862,5084
1889,5084,11192
1890,11192,6340
1891,6340,6354
1892,6354,6811
1893,6811,6354
1894,9590,9591
1895,9852,9826
1896,2083,3970
1897,9897,4895
1898,9898,789
1899,3980,8360
1900,8360,375
1901,4894,8362
1902,8361,8359
1903,8359,1288
1904,1290,584
1905,6267,8551
1906,8551,306
1907,306,5437
1908,3534,1292
1909,1116,6421
1910,6421,212
1911,9956,9954
1912,1297,1296
1913,4699,6916
1914,542,791
1915,10358,2424
1916,10357,1272
1917,10356,81
1918,1299,1298
1919,1300,1301
1920,7425,230
1921,447,9002
1922,9195,447
1923,9199,9195
1924,182,1251
1925,941,9200
1926,1226,941
1927,1226,48
1928,48,1226
1929,9198,9201
1930,773,9272
1931,9197,773
1932,9196,9403
1933,737,9402
1934,8042,9404
1935,1302,3605
1936,2737,3605
1937,2737,9435
1938,9435,9477
1939,9436,4629
1940,5400,5399
1941,581,313
1942,9203,1191
1943,1306,3802
1944,3802,3801
1945,3801,1305
1946,333,9223
1947,8666,8934
1948,311,5405
1949,11166,759
1950,759,8941
1951,8110,1170
1952,4940,876
1953,181,1246
1954,3363,3149
1955,3147,3148
1956,404,4955
1957,3156,3146
1958,3142,10576
1959,3565,10581
1960,10602,3565
1961,1309,2901
1962,2901,2903
1963,2903,5470
1964,5470,1310
1965,1310,2904
1966,1311,373
1967,2666,2665
1968,3128,632
1969,632,9390
1970,11039,2311
1971,2311,1139
1972,1139,11034
1973,2910,2912
1974,172,2018
1975,2768,2769
1976,2715,2372
1977,1149,2215
1978,391,4183
1979,4183,4285
1980,4285,835
1981,1999,2216
1982,10217,10219
1983,10218,402
1984,4953,10601
1985,4341,1326
1986,2023,2362
1987,9517,1891
1988,1983,1213
1989,1213,1095
1990,1095,385
1991,3609,7021
1992,3607,7033
1993,1035,161
1994,161,1035
1995,9495,161
1996,9496,976
1997,3526,9496
1998,9485,3526
1999,9497,9485
2000,9498,9497
2001,9498,9499
2002,9499,9498
2003,4982,9499
2004,9500,4982
2005,9501,9500
2006,9502,9501
2007,572,9502
2008,3123,572
2009,9506,3123
2010,1205,9506
2011,1235,1205
2012,4262,1235
2013,4263,4262
2014,1244,4263
2015,9505,56
2016,4983,9505
2017,168,4983
2018,975,168
2019,3051,3046
2020,3043,3051
2021,9323,3043
2022,1099,9323
2023,2476,1099
2024,821,5
2025,5,2244
2026,2244,824
2027,9466,5560
2028,5560,9466
2029,1631,9890
2030,9890,1506
2031,1506,1330
2032,3751,2683
2033,1700,5164
2034,10786,5164
2035,10786,10787
2036,4230,4231
2037,9360,9361
2038,9360,1699
2039,501,2133
2040,2133,4865
2041,4865,2061
2042,2061,11281
2043,11281,1056
2044,1056,3469
2045,3469,1919
2046,1919,3481
2047,3481,4866
2048,4866,1906
2049,1920,4256
2050,540,4255
2051,6134,6133
2052,6133,4867
2053,4867,27
2054,27,9489
2055,9489,3731
2056,750,4868
2057,4868,3486
2058,3486,3589
2059,3589,1202
2060,1202,3063
2061,8335,4850
2062,1802,1768
2063,1758,1802
2064,1758,9362
2065,2422,4804
2066,4804,1663
2067,1663,9240
2068,1722,9241
2069,1611,1603
2070,10517,10518
2071,4923,10517
2072,10516,10515
2073,1698,1734
2074,1734,1780
2075,1780,9372
2076,9372,1781
2077,1781,1483
2078,1483,9371
2079,9371,1738
2080,1738,9370
2081,9370,1796
2082,1796,1456
2083,1991,1993
2084,5483,1442
2085,2390,2391
2086,2396,2390
2087,2889,1446
2088,1446,1346
2089,1346,1912
2090,1912,1344
2091,1344,1775
2092,1775,1340
2093,1340,1911
2094,1360,2842
2095,6506,1360
2096,6492,6506
2097,1658,10518
2098,10518,1335
2099,1336,1598
2100,1598,1336
2101,1598,5555
2102,5555,1598
2103,5555,9945
2104,7062,7806
2105,7806,9964
2106,7804,1417
2107,10591,6903
2108,6903,10591
2109,6488,6903
2110,6488,10592
2111,6512,10593
2112,10589,6512
2113,6497,10589
2114,6496,6497
2115,9282,9283
2116,9283,9284
2117,9284,9283
2118,6495,9284
2119,6495,6527
2120,6527,6495
2121,4171,6527
2122,1665,9869
2123,9869,1665
2124,1372,9869
2125,5569,5565
2126,5565,5569
2127,5570,5565
2128,1642,5570
2129,1442,2725
2130,1445,1444
2131,1441,1445
2132,1661,1662
2133,9908,1661
2134,1587,9908
2135,1586,1587
2136,1586,1467
2137,1467,1586
2138,1732,1467
2139,1717,1718
2140,1719,1720
2141,1720,1521
2142,1521,1441
2143,2595,1608
2144,1729,1556
2145,1623,6505
2146,1624,1520
2147,6490,6491
2148,1746,4901
2149,4901,1473
2150,1436,1437
2151,3830,3506
2152,3506,3508
2153,3508,3506
2154,3507,3508
2155,1682,3507
2156,7842,6520
2157,1314,2851
2158,2868,108
2159,1440,2000
2160,1443,1438
2161,1670,11130
2162,10351,1671
2163,10349,1713
2164,4296,1415
2165,1424,2844
2166,4920,1704
2167,10286,1744
2168,1744,10277
2169,10285,10278
2170,10278,3529
2171,3529,9944
2172,9944,1716
2173,1797,1475
2174,1475,1753
2175,1764,3815
2176,3815,1764
2177,10288,10303
2178,1705,4990
2179,4990,1689
2180,1689,1524
2181,1524,1689
2182,1524,3257
2183,3257,4861
2184,4861,2078
2185,2078,1435
2186,1684,1440
2187,3273,1684
2188,3274,3273
2189,3274,822
2190,822,3274
2191,1416,2874
2192,1735,1675
2193,1885,3278
2194,3278,1478
2195,1478,4163
2196,4163,4162
2197,4162,4161
2198,4161,3277
2199,3277,1884
2200,1884,1482
2201,1482,4158
2202,4158,3276
2203,3276,1481
2204,1481,3275
2205,3275,6607
2206,6607,708
2207,708,4157
2208,4157,6608
2209,6608,1883
2210,1883,1479
2211,1479,1886
2212,1886,4159
2213,4159,4160
2214,4160,7908
2215,7908,1375
2216,1375,1885
2217,1982,7034
2218,1454,3050
2219,1451,9821
2220,5604,1980
2221,5605,1452
2222,1489,1490
2223,1492,1491
2224,6863,1444
2225,1484,2888
2226,6154,9951
2227,9951,1651
2228,1651,1650
2229,1650,4981
2230,4981,1600
2231,1600,1589
2232,1654,1547
2233,1547,1640
2234,1640,9870
2235,9870,9871
2236,1472,6866
2237,10304,6867
2238,1897,6869
2239,1896,1894
2240,1468,1895
2241,1895,1472
2242,1723,1669
2243,1669,1723
2244,9868,1669
2245,9867,9868
2246,4304,9867
2247,9866,4304
2248,1510,9866
2249,1528,1510
2250,1601,1528
2251,7800,1601
2252,7801,4921
2253,1509,7801
2254,1554,1509
2255,1552,1554
2256,1538,1552
2257,1503,1538
2258,9870,1503
2259,1371,4172
2260,1371,4836
2261,1410,4836
2262,1785,1410
2263,1578,1785
2264,1578,1610
2265,1610,1578
2266,1561,1610
2267,1606,1561
2268,1558,1512
2269,1618,1648
2270,1656,9336
2271,4813,1535
2272,1535,1534
2273,1691,1338
2274,1678,2063
2275,2063,1498
2276,4814,1582
2277,9926,1731
2278,1731,1406
2279,1406,1358
2280,1358,1474
2281,1613,1592
2282,1803,8519
2283,3767,10820
2284,10822,11118
2285,10818,430
2286,10824,10735
2287,10732,10829
2288,9696,5150
2289,5150,9415
2290,9415,9126
2291,2197,9126
2292,1494,1619
2293,1619,4737
2294,4737,1617
2295,1620,4123
2296,4123,1507
2297,9214,4122
2298,1604,1621
2299,1621,1593
2300,1593,1576
2301,1576,1508
2302,1508,4735
2303,4735,1595
2304,1595,1594
2305,1594,1886
2306,6826,3932
2307,3932,10411
2308,10411,10413
2309,10413,10412
2310,10412,3957
2311,3957,82
2312,82,3956
2313,3956,149
2314,149,10414
2315,10414,4722
2316,4722,888
2317,888,6383
2318,6383,9128
2319,9128,429
2320,429,6382
2321,6382,701
2322,701,4723
2323,4723,9129
2324,9129,3929
2325,3929,59
2326,1426,1680
2327,1680,1574
2328,1403,8385
2329,8385,1402
2330,1402,2907
2331,2907,1682
2332,970,1806
2333,1806,7369
2334,7369,4284
2335,4284,9626
2336,3427,1094
2337,1094,9627
2338,9627,4380
2339,9628,101
2340,101,4379
2341,9629,1807
2342,9000,9001
2343,229,623
2344,1303,1293
2345,768,5821
2346,5821,11115
2347,6045,2483
2348,2483,6041
2349,2485,2488
2350,2488,2493
2351,6044,2496
2352,2496,2500
2353,2500,2505
2354,2506,6043
2355,6043,2508
2356,2260,6056
2357,1819,6049
2358,2513,2514
2359,2516,6050
2360,1817,1818
2361,2801,5716
2362,1840,1837
2363,1837,1835
2364,1835,1836
2365,1836,2465
2366,2465,2813
2367,3769,7817
2368,7817,5122
2369,5122,2741
2370,2741,2748
2371,2206,5786
2372,2009,8257
2373,2827,2826
2374,6946,2705
2375,5783,1864
2376,1864,3280
2377,3280,5782
2378,5782,1865
2379,1865,1866
2380,1870,5813
2381,2833,6020
2382,6020,6021
2383,4531,10530
2384,8355,2040
2385,4564,8365
2386,8365,4563
2387,4565,1880
2388,1879,1878
2389,1878,1274
2390,1274,1877
2391,899,359
2392,359,4810
2393,699,8232
2394,8232,814
2395,814,2127
2396,2127,4811
2397,4811,282
2398,282,3888
2399,8231,10529
2400,2059,1295
2401,1882,6023
2402,6023,6022
2403,6022,1881
2404,5849,4089
2405,1899,1901
2406,6346,6939
2407,1301,2200
2408,2013,2245
2409,4232,4233
2410,7933,7782
2411,7782,6935
2412,7224,7811
2413,2141,10628
2414,10628,2158
2415,2140,10629
2416,10629,2157
2417,10630,2139
2418,2139,2162
2419,8492,10631
2420,10631,446
2421,1012,8142
2422,2161,2160
2423,2160,10622
2424,6925,10632
2425,10632,6967
2426,6967,8144
2427,8144,7931
2428,7931,7932
2429,2135,3806
2430,3806,8375
2431,8375,4884
2432,4884,6924
2433,6924,2134
2434,2134,6934
2435,6934,3993
2436,3993,6970
2437,9255,4856
2438,4856,9242
2439,3447,1914
2440,2251,5816
2441,2144,703
2442,2349,1917
2443,2351,2349
2444,2352,2351
2445,3166,2352
2446,1985,1918
2447,6278,1985
2448,1987,6278
2449,1986,2357
2450,3479,1930
2451,1930,7747
2452,7747,1931
2453,4254,1932
2454,99,5568
2455,322,7802
2456,9480,4896
2457,5125,5126
2458,5126,5123
2459,5123,4187
2460,4187,1933
2461,1949,4188
2462,5128,5127
2463,5127,5124
2464,2373,3720
2465,1940,2474
2466,2474,3719
2467,3719,3670
2468,1951,2473
2469,2473,1937
2470,1953,1948
2471,2472,1946
2472,2471,3669
2473,2374,5129
2474,3604,10623
2475,11006,11005
2476,9910,1259
2477,681,1231
2478,1327,3898
2479,10790,2382
2480,10790,2381
2481,10305,9091
2482,10305,9086
2483,9086,10305
2484,9086,730
2485,730,9086
2486,730,9077
2487,9077,730
2488,9077,4915
2489,4915,9077
2490,4915,9084
2491,9084,4915
2492,9084,7105
2493,7105,9084
2494,7105,9083
2495,9083,7105
2496,9083,6219
2497,6219,9083
2498,6219,6440
2499,6440,6219
2500,6440,11313
2501,11313,6440
2502,11313,10316
2503,10316,11313
2504,10316,9188
2505,9188,10316
2506,9188,961
2507,961,9188
2508,961,9189
2509,9189,961
2510,9189,10366
2511,10366,9189
2512,10366,9190
2513,9190,10366
2514,9190,9191
2515,9191,9190
2516,9191,9192
2517,9192,9191
2518,9102,9111
2519,9111,9102
2520,9111,9110
2521,9110,9111
2522,9110,10265
2523,10265,9110
2524,10265,10266
2525,10266,10265
2526,10266,9170
2527,9170,10266
2528,9170,9169
2529,9169,9170
2530,9169,9168
2531,9168,9169
2532,9168,7124
2533,7124,9168
2534,7124,679
2535,679,7124
2536,679,948
2537,948,679
2538,948,10319
2539,10319,948
2540,10319,10318
2541,10318,10319
2542,10318,7157
2543,7157,10318
2544,7157,4773
2545,4773,7157
2546,4773,10317
2547,10317,4773
2548,10317,10313
2549,10313,10317
2550,10313,10151
2551,10151,10313
2552,10151,7091
2553,7091,10151
2554,7091,7119
2555,7119,7091
2556,7119,7122
2557,7122,7119
2558,7122,7810
2559,7810,7122
2560,7810,4774
2561,4774,7810
2562,4774,7121
2563,7121,4774
2564,7121,7123
2565,7123,7121
2566,7123,10150
2567,10150,7123
2568,10150,10149
2569,10149,10150
2570,10149,10148
2571,10148,10149
2572,10148,10147
2573,10147,10148
2574,10147,10146
2575,10146,7158
2576,6224,1957
2577,1957,4482
2578,4482,4483
2579,4483,9103
2580,9103,4485
2581,4485,9115
2582,9115,9116
2583,9116,1958
2584,1958,1959
2585,1959,4479
2586,4479,4484
2587,4484,9114
2588,9114,1960
2589,1960,1961
2590,1961,1962
2591,1962,4480
2592,4480,1963
2593,1963,1964
2594,1964,1965
2595,1965,1966
2596,1966,4481
2597,4481,1968
2598,1968,1967
2599,1970,3064
2600,3064,3058
2601,1972,1973
2602,3525,9492
2603,9492,643
2604,1128,2730
2605,2891,2114
2606,1990,2857
2607,2872,2865
2608,2877,1994
2609,1449,2873
2610,2736,1989
2611,1455,1280
2612,1995,1996
2613,1585,1777
2614,1777,1659
2615,1659,4992
2616,4992,6157
2617,6157,1431
2618,9912,4993
2619,4993,3255
2620,3255,3272
2621,1432,1761
2622,1761,9916
2623,9916,1756
2624,1756,1774
2625,1774,4852
2626,4852,1765
2627,1765,1710
2628,2000,4295
2629,4295,2708
2630,3157,1324
2631,1324,3368
2632,3368,2020
2633,2020,3365
2634,3365,10574
2635,10605,10604
2636,10604,10607
2637,6702,10685
2638,10685,6699
2639,6699,6700
2640,6700,6597
2641,6597,6704
2642,6704,6648
2643,6648,6651
2644,6651,10679
2645,10679,2019
2646,2019,6599
2647,6599,2015
2648,2015,2014
2649,2014,2016
2650,2016,6598
2651,6598,10678
2652,10678,6604
2653,6604,6701
2654,6701,6605
2655,6605,6600
2656,6600,6718
2657,6718,4323
2658,4323,6721
2659,6721,4322
2660,4322,3283
2661,3283,6601
2662,2025,10575
2663,10536,957
2664,10536,5007
2665,5007,10536
2666,5007,7516
2667,7516,5007
2668,7516,7517
2669,7517,7516
2670,7517,7518
2671,7518,7517
2672,7518,10946
2673,10946,7518
2674,10946,1228
2675,1228,10946
2676,1228,652
2677,652,1228
2678,652,985
2679,985,652
2680,985,5006
2681,5006,985
2682,5006,7519
2683,7519,5006
2684,7519,7520
2685,7520,7519
2686,7520,3555
2687,3555,7520
2688,3555,6739
2689,6739,3555
2690,6739,614
2691,614,6739
2692,614,5496
2693,5496,614
2694,5496,10953
2695,10953,5496
2696,10953,11258
2697,11258,10953
2698,11258,11257
2699,11257,11258
2700,11257,403
2701,403,11257
2702,403,10954
2703,10954,403
2704,10954,6397
2705,6397,10954
2706,6397,4744
2707,4744,6397
2708,4744,145
2709,145,4744
2710,3588,4373
2711,2916,2564
2712,1502,1523
2713,1523,1502
2714,1555,1523
2715,67,610
2716,4924,2418
2717,923,851
2718,3675,3686
2719,3686,1291
2720,2031,2028
2721,9896,3976
2722,6071,3982
2723,8041,4825
2724,5057,5137
2725,5137,5213
2726,5211,5058
2727,1284,8813
2728,6902,2839
2729,3717,2734
2730,2050,2222
2731,8885,466
2732,8887,468
2733,7850,11239
2734,11239,669
2735,599,11236
2736,2064,1805
2737,7992,8236
2738,7992,8240
2739,8240,2307
2740,2307,5024
2741,5024,2307
2742,5024,5025
2743,5025,2306
2744,8228,2305
2745,2305,8227
2746,8227,2304
2747,2304,4199
2748,2303,2302
2749,4200,4201
2750,4201,2309
2751,2301,5030
2752,4202,2300
2753,4203,2300
2754,4203,2299
2755,2299,2298
2756,2298,2297
2757,2297,2296
2758,2296,2295
2759,2295,2294
2760,2294,2295
2761,2294,5029
2762,2293,2292
2763,2292,4204
2764,4205,2291
2765,2290,4206
2766,4206,2289
2767,2289,5027
2768,5027,2288
2769,4211,5028
2770,5028,5023
2771,5023,2069
2772,2069,2048
2773,4305,2072
2774,7619,739
2775,7619,7620
2776,7620,7619
2777,7620,709
2778,709,7620
2779,709,7621
2780,7621,709
2781,2081,2024
2782,2024,2081
2783,2027,2026
2784,2021,2026
2785,2021,2022
2786,2022,2021
2787,2022,3845
2788,1282,836
2789,2080,1525
2790,4294,2080
2791,2719,2081
2792,2682,2685
2793,4634,1141
2794,3472,8162
2795,8162,8161
2796,3480,8166
2797,9365,8167
2798,11016,11015
2799,11015,2038
2800,2039,10335
2801,2894,8287
2802,8303,4195
2803,4195,4196
2804,4602,7045
2805,7045,6308
2806,8580,8586
2807,8586,7005
2808,7005,7004
2809,7006,10838
2810,10838,7003
2811,7003,6311
2812,6311,6307
2813,6309,196
2814,6310,832
2815,832,8136
2816,8136,795
2817,795,648
2818,648,4994
2819,4994,7046
2820,7046,20
2821,226,5611
2822,6342,3433
2823,6284,8100
2824,8100,8098
2825,224,8099
2826,6412,6283
2827,6283,6291
2828,6291,6290
2829,11143,5414
2830,5414,6299
2831,6299,593
2832,593,8194
2833,910,171
2834,11144,940
2835,800,7060
2836,7060,8106
2837,4995,7234
2838,928,354
2839,8160,3841
2840,1928,1874
2841,1874,578
2842,578,9449
2843,1796,8583
2844,4686,7050
2845,2899,5159
2846,5159,5158
2847,2166,2994
2848,414,493
2849,2165,2185
2850,8559,4419
2851,10861,10855
2852,2204,2203
2853,2238,2237
2854,2237,7784
2855,6268,2236
2856,2235,2232
2857,2229,2228
2858,2228,2226
2859,2226,2225
2860,2223,2221
2861,10298,2224
2862,5790,2240
2863,1323,2230
2864,2214,2213
2865,2219,5763
2866,5763,2220
2867,2231,2234
2868,9153,10214
2869,8414,7759
2870,6845,7759
2871,6403,6404
2872,10864,972
2873,972,10853
2874,10860,2189
2875,2189,2188
2876,10862,9544
2877,2246,4378
2878,2254,5814
2879,5819,2250
2880,1821,10426
2881,10426,4376
2882,6372,2751
2883,2480,2482
2884,1820,6048
2885,2112,3716
2886,2266,2267
2887,2265,2266
2888,3876,5574
2889,5574,3295
2890,9520,3070
2891,3070,5627
2892,5627,9538
2893,9538,138
2894,2278,10625
2895,5026,2309
2896,10566,10567
2897,10566,10565
2898,10565,10566
2899,10565,10564
2900,10564,10565
2901,10564,10563
2902,10563,10564
2903,10563,10562
2904,10562,10563
2905,10562,10561
2906,10561,10562
2907,10561,10560
2908,10560,10561
2909,10560,10559
2910,10559,10560
2911,10559,10558
2912,10558,10559
2913,10558,10557
2914,10557,10558
2915,10557,10556
2916,10556,10557
2917,10556,10555
2918,10555,10556
2919,10555,10554
2920,10554,10555
2921,10554,10553
2922,10553,10554
2923,10553,10552
2924,10552,10553
2925,10552,10551
2926,10551,10552
2927,10551,10550
2928,10550,10551
2929,10550,10549
2930,10549,10550
2931,10549,10548
2932,10548,10549
2933,10548,10547
2934,10547,10548
2935,10547,10546
2936,10546,10547
2937,10546,10545
2938,10545,10546
2939,10545,10544
2940,10544,10545
2941,10544,10543
2942,10543,10544
2943,10543,10542
2944,10542,10543
2945,10542,10541
2946,10541,10542
2947,10541,10540
2948,10540,10541
2949,10540,10539
2950,10539,10540
2951,10539,10538
2952,10538,10539
2953,10538,10686
2954,10686,10538
2955,2310,357
2956,6055,6054
2957,2323,3514
2958,2323,2324
2959,2324,2323
2960,2324,7663
2961,7663,2324
2962,7663,10055
2963,10055,7663
2964,10055,2325
2965,2325,10055
2966,2325,1063
2967,1063,2325
2968,3151,2327
2969,3885,748
2970,1182,3885
2971,1182,5072
2972,5072,300
2973,300,811
2974,811,383
2975,383,729
2976,729,8330
2977,8330,2032
2978,321,8307
2979,8307,8440
2980,8440,735
2981,735,8439
2982,2033,8452
2983,8461,7730
2984,8458,1166
2985,8456,8459
2986,8460,8455
2987,8451,974
2988,8476,8475
2989,208,5479
2990,1204,9231
2991,601,9237
2992,8600,2330
2993,2342,3725
2994,3724,3722
2995,2341,2340
2996,4925,5827
2997,5825,5826
2998,5826,3429
2999,213,524
3000,3329,5820
3001,5822,8300
3002,8300,252
3003,252,11114
3004,3330,3328
3005,3328,4928
3006,2257,5815
3007,5817,1871
3008,5818,2250
3009,8804,7017
3010,8810,2249
3011,564,7018
3012,7018,4927
3013,8805,8806
3014,8806,8083
3015,8901,678
3016,678,5828
3017,5828,8900
3018,8900,1093
3019,1517,9206
3020,1501,1517
3021,1499,1501
3022,4840,1516
3023,9439,1622
3024,6798,3796
3025,1921,1723
3026,1545,9871
3027,1362,1545
3028,1638,1514
3029,1569,1638
3030,5564,1569
3031,1553,5564
3032,1529,1553
3033,1543,1529
3034,1543,1550
3035,1550,1543
3036,1571,1550
3037,9836,1571
3038,9837,9836
3039,1384,9838
3040,1570,1384
3041,1636,1570
3042,9839,1636
3043,1505,9839
3044,2348,1597
3045,9840,2348
3046,9841,9840
3047,3161,9841
3048,3162,3161
3049,2077,3164
3050,3163,2077
3051,3165,3163
3052,9842,3165
3053,1074,9842
3054,1723,7803
3055,7803,1723
3056,414,9004
3057,9004,414
3058,9721,9004
3059,2354,9721
3060,782,2193
3061,9003,782
3062,617,2180
3063,9005,617
3064,1158,9005
3065,4298,1158
3066,9006,4298
3067,4297,9006
3068,486,2346
3069,9722,8248
3070,8247,9722
3071,1250,8247
3072,7923,1250
3073,2356,7923
3074,1108,2356
3075,2190,2355
3076,6183,324
3077,9727,6183
3078,9710,9727
3079,414,9710
3080,77,908
3081,2969,2968
3082,727,2965
3083,217,742
3084,742,29
3085,29,852
3086,852,3036
3087,640,3039
3088,640,440
3089,440,872
3090,296,3133
3091,3535,3184
3092,7922,3219
3093,3501,2361
3094,10645,10646
3095,2363,3137
3096,10684,10685
3097,10684,10683
3098,10683,10684
3099,10683,10682
3100,10682,10683
3101,10682,10940
3102,10940,10682
3103,10940,10681
3104,10681,10940
3105,10681,10680
3106,10680,10681
3107,10680,957
3108,957,10680
3109,2368,8334
3110,2369,2371
3111,3446,2370
3112,11037,1103
3113,2475,3721
3114,3574,3575
3115,2383,10359
3116,2402,2407
3117,2404,2807
3118,2405,8518
3119,1997,2403
3120,5832,5831
3121,5831,2409
3122,2409,2408
3123,2410,2129
3124,5830,5833
3125,5833,2209
3126,2210,5829
3127,5829,1998
3128,2406,1313
3129,3138,3139
3130,3139,3140
3131,3140,2702
3132,2702,3582
3133,7920,11033
3134,4958,3152
3135,3153,4242
3136,4242,79
3137,4243,786
3138,700,4957
3139,11031,164
3140,164,644
3141,10467,3586
3142,4956,1114
3143,3158,10466
3144,3159,4954
3145,3160,244
3146,2420,2419
3147,3682,3681
3148,8555,4509
3149,8560,433
3150,10955,6414
3151,8260,8034
3152,8034,8035
3153,8035,4512
3154,4512,7974
3155,2427,8262
3156,2430,2429
3157,2428,4186
3158,4186,1955
3159,1955,1938
3160,1934,1949
3161,1978,5797
3162,5797,5798
3163,2454,2456
3164,2457,4559
3165,2458,4560
3166,2445,2446
3167,3270,3606
3168,1485,2718
3169,2718,2720
3170,2720,5363
3171,1486,6947
3172,6948,1488
3173,1488,1487
3174,6188,6185
3175,1430,1429
3176,1427,1428
3177,1426,1583
3178,4984,467
3179,283,4984
3180,3040,283
3181,3445,3040
3182,2541,2540
3183,10082,4822
3184,4822,2539
3185,2539,126
3186,10066,753
3187,6038,4487
3188,2532,2530
3189,2530,909
3190,2554,2553
3191,2259,9218
3192,858,10057
3193,658,494
3194,2556,9219
3195,2557,9265
3196,2559,2560
3197,2561,10188
3198,10273,2518
3199,2507,6046
3200,2499,6047
3201,2502,7171
3202,2504,6039
3203,6040,2503
3204,2503,2501
3205,2501,2498
3206,2495,2494
3207,2494,2492
3208,2492,6042
3209,6042,2491
3210,2487,2486
3211,2548,2546
3212,6029,2547
3213,1783,1712
3214,1712,2468
3215,3839,1464
3216,1464,1463
3217,1463,1477
3218,1477,10408
3219,10408,1795
3220,173,2567
3221,2612,6690
3222,6690,2568
3223,2601,6666
3224,1868,6667
3225,6667,6668
3226,6668,1000
3227,1000,6670
3228,6670,6669
3229,6669,939
3230,939,425
3231,425,2655
3232,2655,6582
3233,6582,6580
3234,6580,6731
3235,6731,6581
3236,6581,2568
3237,2568,2689
3238,2689,2572
3239,2572,473
3240,6203,2580
3241,6203,2649
3242,2649,6203
3243,6583,6582
3244,6582,11074
3245,2577,4194
3246,5164,5163
3247,11007,2681
3248,2681,5162
3249,2635,2592
3250,6437,5161
3251,11008,11009
3252,5160,2578
3253,11087,656
3254,656,738
3255,738,8075
3256,8075,2574
3257,2574,2573
3258,2573,2608
3259,4802,6735
3260,6735,3350
3261,3350,75
3262,75,6734
3263,6734,2649
3264,2649,6733
3265,6733,2664
3266,2664,144
3267,144,2638
3268,2589,6545
3269,6545,2687
3270,2687,6737
3271,6737,2646
3272,2582,6419
3273,6419,2582
3274,6419,676
3275,676,6419
3276,676,4790
3277,4790,676
3278,4790,996
3279,996,4790
3280,996,2626
3281,2626,996
3282,6797,6796
3283,6796,6791
3284,6816,11090
3285,11090,11099
3286,11099,11089
3287,11089,488
3288,488,6271
3289,6271,11088
3290,11088,6272
3291,6272,11109
3292,11109,987
3293,987,7361
3294,7361,4796
3295,4796,2693
3296,2693,8074
3297,8074,719
3298,719,4795
3299,4795,965
3300,965,1062
3301,1062,2698
3302,2698,2697
3303,2697,11093
3304,11093,4794
3305,4794,1015
3306,1015,11064
3307,11064,11063
3308,11063,11086
3309,11086,11066
3310,11066,11065
3311,11065,11067
3312,11067,11068
3313,11068,6618
3314,3808,2647
3315,744,4792
3316,4792,6431
3317,6431,413
3318,413,476
3319,476,11156
3320,11156,11154
3321,11154,11152
3322,11152,11155
3323,11155,2610
3324,2610,6643
3325,6643,8073
3326,8073,10932
3327,10932,6594
3328,6594,6681
3329,6681,6593
3330,6593,51
3331,51,11106
3332,11106,11105
3333,11105,4743
3334,4743,11108
3335,11108,6
3336,6,10945
3337,10945,6646
3338,11061,6671
3339,2590,6578
3340,2599,6528
3341,6528,6616
3342,6616,2638
3343,2638,2602
3344,2602,2619
3345,2619,6736
3346,6736,2606
3347,2606,6529
3348,6529,2656
3349,2656,2652
3350,2652,2624
3351,2624,2604
3352,2604,2607
3353,2607,2621
3354,2621,2620
3355,2620,2603
3356,2603,6620
3357,6620,2637
3358,2637,6621
3359,6621,2639
3360,2639,6622
3361,6622,6615
3362,6615,6609
3363,6555,2600
3364,6689,6580
3365,2650,2617
3366,6541,6581
3367,6581,2581
3368,2658,2648
3369,6540,11071
3370,2586,2594
3371,6640,2618
3372,2618,6628
3373,6628,2680
3374,2680,2625
3375,2625,6591
3376,6591,6629
3377,6629,2633
3378,2633,6588
3379,6588,6638
3380,6638,6637
3381,6637,6592
3382,6592,6639
3383,6639,2672
3384,2672,2596
3385,2596,6589
3386,6589,2582
3387,2582,2591
3388,2591,2634
3389,2634,6590
3390,6590,2644
3391,2644,2645
3392,2645,2636
3393,2636,2622
3394,2896,6794
3395,6795,2902
3396,5014,2905
3397,2905,11112
3398,11112,238
3399,2386,2629
3400,3950,7354
3401,3950,7343
3402,7343,3950
3403,7343,7374
3404,7374,7343
3405,7374,7350
3406,7350,7374
3407,7350,7351
3408,7351,7350
3409,7351,7375
3410,7375,7351
3411,7375,7352
3412,7352,7375
3413,7352,7376
3414,7376,7352
3415,7376,10375
3416,10375,7376
3417,10375,7108
3418,7108,10375
3419,7108,11294
3420,11294,7108
3421,11294,10903
3422,10903,11294
3423,10903,3578
3424,3578,10903
3425,3578,11296
3426,11296,3578
3427,11296,7360
3428,7360,11296
3429,7360,10376
3430,10376,7360
3431,10867,10868
3432,6210,4963
3433,4963,6211
3434,6211,11042
3435,11042,2677
3436,2671,2686
3437,11060,2690
3438,2690,6611
3439,6611,11157
3440,284,4086
3441,4086,284
3442,4086,2051
3443,2051,4086
3444,2051,7106
3445,7106,2051
3446,7106,145
3447,145,7106
3448,145,8069
3449,8069,145
3450,8069,25
3451,25,8069
3452,25,4964
3453,4964,25
3454,4964,723
3455,723,4964
3456,723,11060
3457,11060,723
3458,10533,10957
3459,10957,11124
3460,11124,10924
3461,2377,2657
3462,1375,7565
3463,7565,7409
3464,7409,1522
3465,1522,1374
3466,1374,1434
3467,1434,6279
3468,6279,1888
3469,1888,9437
3470,9437,9438
3471,9438,9439
3472,6865,7560
3473,7560,6865
3474,7560,7558
3475,7558,7560
3476,7558,7585
3477,7585,7558
3478,7585,7557
3479,7557,7585
3480,7557,1434
3481,1434,7557
3482,2722,5646
3483,1745,5670
3484,1681,5784
3485,5784,1863
3486,2724,1857
3487,6186,5785
3488,5785,2712
3489,2712,9932
3490,9932,4545
3491,2721,9913
3492,1992,915
3493,3750,3810
3494,3266,2118
3495,2726,2116
3496,2732,3060
3497,3060,2117
3498,2117,3487
3499,3131,2729
3500,2729,4257
3501,4257,6202
3502,11278,2728
3503,2119,9481
3504,4698,5048
3505,2060,8252
3506,10220,2734
3507,10220,2735
3508,4525,9063
3509,2742,6317
3510,2747,2754
3511,1298,2748
3512,8618,8619
3513,8620,8621
3514,8622,8623
3515,8623,3397
3516,3397,3402
3517,3402,4609
3518,4609,5553
3519,3400,8657
3520,8657,8645
3521,8645,3396
3522,3396,3237
3523,6372,10428
3524,10428,7173
3525,7173,2750
3526,2749,5801
3527,2739,2760
3528,2804,2802
3529,2820,2771
3530,2771,4846
3531,3965,2818
3532,2777,2805
3533,8506,1833
3534,8525,8524
3535,2809,2823
3536,2823,5450
3537,5450,8292
3538,8292,8293
3539,8293,5451
3540,2797,8328
3541,139,3962
3542,2782,8304
3543,8304,2799
3544,2128,2808
3545,2111,2794
3546,2794,2822
3547,2803,2113
3548,2113,2796
3549,5707,5704
3550,5704,5708
3551,5708,5705
3552,5705,5710
3553,5767,5768
3554,5706,2790
3555,2790,8302
3556,8302,2815
3557,8305,2779
3558,2791,8030
3559,4197,2793
3560,2793,2798
3561,8624,8623
3562,8623,8523
3563,8523,8527
3564,369,3963
3565,2772,2816
3566,2816,2775
3567,2775,2774
3568,4845,8430
3569,8430,2783
3570,2789,2781
3571,2786,2814
3572,2814,7858
3573,7164,2773
3574,2773,2792
3575,8522,8526
3576,8526,1834
3577,1834,4819
3578,4819,5720
3579,5720,8624
3580,2813,2795
3581,8291,2466
3582,189,1830
3583,1831,1832
3584,1832,2811
3585,8371,2835
3586,10203,2834
3587,796,503
3588,2239,689
3589,2003,801
3590,1224,343
3591,343,774
3592,774,1902
3593,2825,10206
3594,2001,10205
3595,10207,10208
3596,2002,4818
3597,4818,3503
3598,3503,3504
3599,8242,10210
3600,2004,2005
3601,2005,8243
3602,2198,10211
3603,2242,8264
3604,5788,2006
3605,2007,8415
3606,10296,2045
3607,2831,3679
3608,2829,8354
3609,10212,2008
3610,2058,5658
3611,10223,8416
3612,3709,1121
3613,10215,2110
3614,2012,2243
3615,10216,2011
3616,2837,2199
3617,2008,2830
3618,2830,3491
3619,5773,2201
3620,10209,818
3621,9309,9310
3622,9943,9942
3623,2869,2871
3624,2858,2853
3625,1314,2861
3626,2855,2849
3627,2864,2863
3628,4844,2850
3629,2850,2876
3630,2876,1448
3631,2867,2859
3632,2875,6481
3633,2088,4843
3634,2856,2852
3635,1759,1754
3636,1754,9917
3637,9917,1755
3638,2879,1759
3639,2880,2887
3640,2884,2878
3641,6662,849
3642,11070,2586
3643,1759,4907
3644,3129,4253
3645,2924,9519
3646,4661,5571
3647,6400,277
3648,277,4662
3649,4662,9301
3650,9301,3038
3651,3038,3042
3652,4664,3034
3653,251,2939
3654,2930,7994
3655,7994,2940
3656,2931,2935
3657,8486,2937
3658,2937,5210
3659,5210,2941
3660,8488,8275
3661,4931,8278
3662,8278,394
3663,394,8150
3664,2954,8405
3665,8405,1152
3666,2929,2936
3667,6918,2057
3668,2939,2942
3669,2949,2952
3670,4929,1867
3671,1867,5677
3672,2977,2992
3673,6471,3084
3674,3084,3012
3675,3012,3002
3676,3002,3102
3677,3102,3086
3678,3086,3353
3679,3353,3354
3680,3354,3006
3681,3006,3362
3682,3362,5467
3683,5467,3361
3684,3352,3019
3685,2981,3108
3686,2985,8117
3687,3089,3015
3688,3355,3110
3689,3110,3005
3690,3855,4756
3691,2971,7809
3692,2971,4141
3693,4141,3066
3694,2979,4900
3695,4900,2993
3696,2993,1969
3697,1969,3856
3698,3856,2972
3699,2972,704
3700,4139,2990
3701,2990,3032
3702,3032,4899
3703,2982,3024
3704,3024,3029
3705,3029,7808
3706,7808,3021
3707,3022,9269
3708,1049,5621
3709,5621,3069
3710,3069,4658
3711,4658,5622
3712,5622,3068
3713,3055,5778
3714,3061,3062
3715,3065,3067
3716,3067,3066
3717,7809,2997
3718,2997,3085
3719,3085,4757
3720,4757,3076
3721,3076,2970
3722,3090,3103
3723,3111,3091
3724,3106,2123
3725,3095,3105
3726,3105,8505
3727,8505,4764
3728,8872,8871
3729,3100,1022
3730,2989,3008
3731,3008,2971
3732,3080,3082
3733,5332,6663
3734,3109,3089
3735,3089,3113
3736,2970,3077
3737,3083,3097
3738,3081,3113
3739,3092,3099
3740,3423,11275
3741,11275,2121
3742,2121,8609
3743,8609,8118
3744,3079,8116
3745,8116,8608
3746,8608,4759
3747,4759,3096
3748,3096,3098
3749,7771,3072
3750,8117,3081
3751,8273,9009
3752,3116,5069
3753,3122,3119
3754,2904,3127
3755,3127,6209
3756,3126,8971
3757,11027,11026
3758,3677,3137
3759,3136,3677
3760,3135,3136
3761,3172,9299
3762,9298,9296
3763,9298,3171
3764,3171,9298
3765,3170,9297
3766,9117,3170
3767,9277,9117
3768,3169,9277
3769,3169,9118
3770,9118,3169
3771,9118,3167
3772,3167,9118
3773,9278,3167
3774,3168,9278
3775,5232,3168
3776,5233,5232
3777,4307,5233
3778,7430,4307
3779,5234,7430
3780,4309,5234
3781,6864,4309
3782,8951,6864
3783,4310,8951
3784,4312,4310
3785,4312,9072
3786,9072,4312
3787,9071,9072
3788,8970,9071
3789,9073,8969
3790,8967,9073
3791,4308,8967
3792,10948,4613
3793,4613,6645
3794,6645,6626
3795,6626,6627
3796,6627,6644
3797,6644,10933
3798,10933,6429
3799,6429,6642
3800,6642,4614
3801,4614,6641
3802,6641,6624
3803,6624,11157
3804,11157,6655
3805,6655,10906
3806,10906,2668
3807,2668,6636
3808,6636,7986
3809,7986,2618
3810,2207,3173
3811,3175,3174
3812,6091,3177
3813,3177,8269
3814,6116,3178
3815,3178,7964
3816,3358,3357
3817,6115,4828
3818,4828,7965
3819,3179,5403
3820,5403,8255
3821,8255,8254
3822,5388,5394
3823,5394,3181
3824,3182,8225
3825,3186,3185
3826,3185,3183
3827,3684,3187
3828,3222,3344
3829,3344,3188
3830,3432,3192
3831,3193,3536
3832,3194,3195
3833,3198,3849
3834,3849,5401
3835,3199,5402
3836,8256,5389
3837,5389,3207
3838,6080,6079
3839,6077,6078
3840,6078,3212
3841,3212,6076
3842,9653,6075
3843,4827,6126
3844,8661,3746
3845,3746,8659
3846,8659,11176
3847,11176,3214
3848,3214,4011
3849,4011,1306
3850,3213,4010
3851,3745,11174
3852,4942,333
3853,8331,8332
3854,2711,264
3855,1856,5780
3856,5780,2196
3857,1855,5779
3858,1227,6508
3859,742,3037
3860,3037,3041
3861,3442,6400
3862,6400,3442
3863,954,5572
3864,5572,954
3865,3049,3054
3866,3054,3045
3867,3045,428
3868,428,7693
3869,7694,5573
3870,5573,9541
3871,8207,2186
3872,2186,2988
3873,2184,7879
3874,7879,2183
3875,2183,7880
3876,2900,2181
3877,2181,2182
3878,2182,7878
3879,7878,2164
3880,8179,8178
3881,704,2122
3882,129,3004
3883,8206,2095
3884,2095,695
3885,695,3026
3886,3026,262
3887,694,999
3888,6103,6104
3889,6104,8267
3890,8267,3224
3891,5397,6105
3892,6105,5390
3893,5390,6106
3894,6106,5395
3895,5393,8253
3896,2247,2248
3897,8464,5359
3898,6862,6501
3899,6501,6954
3900,6954,1439
3901,1439,6502
3902,6502,6955
3903,6955,1641
3904,1641,1666
3905,1666,10352
3906,10352,1632
3907,1632,10353
3908,1787,5667
3909,1657,1368
3910,1368,10340
3911,10340,10345
3912,3524,10341
3913,10341,1778
3914,1778,1784
3915,2443,2450
3916,3232,4374
3917,3230,5807
3918,2752,3231
3919,565,1112
3920,1115,2753
3921,784,135
3922,1829,1826
3923,1826,5810
3924,5810,5812
3925,5812,5811
3926,3238,1827
3927,10498,10499
3928,7853,7854
3929,9358,3241
3930,3246,5206
3931,5206,4377
3932,3251,5207
3933,5207,4440
3934,4440,3248
3935,4442,4453
3936,4453,3249
3937,3245,6990
3938,6990,3247
3939,3252,8912
3940,3253,8911
3941,1159,4452
3942,6360,6361
3943,2024,5365
3944,4105,3309
3945,3309,4543
3946,4543,3518
3947,3286,3512
3948,6841,6840
3949,2926,6841
3950,3290,2926
3951,6842,6837
3952,3289,6850
3953,3291,6832
3954,6832,6836
3955,3288,2925
3956,2925,6854
3957,9805,6852
3958,6848,4656
3959,7938,7940
3960,7940,5618
3961,5619,5620
3962,5620,3301
3963,3301,3298
3964,3298,3299
3965,3299,3302
3966,3305,3304
3967,7939,3294
3968,3295,3300
3969,3300,3296
3970,3296,3297
3971,3297,3303
3972,9802,9792
3973,9792,9802
3974,9792,16
3975,9800,9801
3976,9804,9800
3977,9799,9804
3978,9798,9799
3979,9796,9797
3980,10124,9796
3981,9795,10124
3982,9794,9795
3983,9793,9794
3984,9757,9793
3985,10123,9757
3986,10122,10123
3987,10121,10122
3988,10120,10121
3989,10120,10119
3990,10119,10120
3991,10119,10118
3992,10118,10119
3993,10118,10117
3994,10117,10118
3995,10117,10114
3996,10114,10117
3997,10114,10113
3998,10113,10114
3999,10113,10115
4000,10115,10113
4001,10115,10116
4002,10116,10115
4003,10116,4770
4004,4770,10116
4005,4770,2322
4006,2322,4770
4007,2322,10013
4008,10013,2322
4009,10013,2321
4010,2321,10013
4011,2321,10005
4012,10005,2321
4013,10005,175
4014,175,10005
4015,175,2320
4016,2320,175
4017,2320,10014
4018,10014,2320
4019,10014,10015
4020,10015,10014
4021,10015,4771
4022,4771,10015
4023,4771,580
4024,580,4771
4025,580,10028
4026,10028,580
4027,10028,9998
4028,9998,10028
4029,9998,10012
4030,10012,9998
4031,10012,10011
4032,10011,10012
4033,10011,10010
4034,10010,10011
4035,10010,4772
4036,4772,10010
4037,4772,10009
4038,10009,4772
4039,10009,10008
4040,10008,10009
4041,10008,10007
4042,10007,10008
4043,10007,10006
4044,10006,10007
4045,10006,9567
4046,9567,10006
4047,9567,9568
4048,9568,9567
4049,6831,6839
4050,6839,6838
4051,1797,7798
4052,7798,1797
4053,1798,7798
4054,1405,1798
4055,1405,1794
4056,1794,1405
4057,1793,1791
4058,1791,1793
4059,1792,1790
4060,4980,1792
4061,9947,4980
4062,3315,3319
4063,674,6063
4064,3326,3323
4065,3310,3313
4066,3620,3324
4067,3314,3312
4068,6073,3317
4069,3317,4826
4070,3597,3596
4071,6072,4217
4072,4217,9669
4073,3327,6120
4074,11115,11114
4075,340,755
4076,755,603
4077,603,1018
4078,1018,1023
4079,1023,1168
4080,1168,148
4081,148,9744
4082,9744,265
4083,265,9228
4084,2256,2255
4085,3334,3345
4086,3336,4960
4087,4960,3337
4088,3338,10660
4089,10660,10661
4090,4535,10668
4091,3343,3347
4092,3674,11010
4093,3339,3342
4094,3341,3340
4095,3340,10782
4096,9850,1267
4097,9850,234
4098,234,4944
4099,4944,5231
4100,5231,9857
4101,9857,5231
4102,9857,9856
4103,9856,1266
4104,1266,9847
4105,9847,5230
4106,5230,9847
4107,5230,11167
4108,11167,5230
4109,11167,9854
4110,9854,9846
4111,9846,9854
4112,9846,9855
4113,9855,9851
4114,5229,5228
4115,5228,5229
4116,5228,5227
4117,5227,5228
4118,5227,5226
4119,5226,5227
4120,5226,5225
4121,5225,9858
4122,9858,5225
4123,9858,1287
4124,1287,9858
4125,8050,6127
4126,6127,9601
4127,6088,9585
4128,3210,3225
4129,6081,3211
4130,9595,9594
4131,6086,6082
4132,6082,6087
4133,3197,6125
4134,1782,6467
4135,6467,1579
4136,9308,6585
4137,2389,2387
4138,3676,2416
4139,2416,2413
4140,1325,3573
4141,8222,3369
4142,2056,3571
4143,1715,2726
4144,2918,6424
4145,2922,2918
4146,4174,2922
4147,4175,3373
4148,4175,7382
4149,7382,2921
4150,2921,3372
4151,3372,2921
4152,5409,3383
4153,3383,3382
4154,3382,4939
4155,4939,8940
4156,8936,11133
4157,11133,8937
4158,8937,3378
4159,3378,3744
4160,3743,3386
4161,4937,3390
4162,3390,8800
4163,3737,3784
4164,3374,8193
4165,3377,11162
4166,4935,3385
4167,3385,5117
4168,5117,5116
4169,8104,3380
4170,3380,8105
4171,8105,11148
4172,11148,6413
4173,6413,3381
4174,3381,11147
4175,11147,3389
4176,3389,5413
4177,5413,3388
4178,3388,11149
4179,11149,3387
4180,11150,6316
4181,3744,3379
4182,3379,5410
4183,5410,8939
4184,8939,8935
4185,8935,8709
4186,8709,5404
4187,5404,8711
4188,8711,8710
4189,8710,3376
4190,3376,8667
4191,8667,3375
4192,3375,11126
4193,11126,5406
4194,5406,4941
4195,4941,3384
4196,3384,9204
4197,3393,3395
4198,5808,8628
4199,3403,11227
4200,3416,3409
4201,5792,5794
4202,3417,3413
4203,3412,3414
4204,3414,3406
4205,3411,3667
4206,3407,3418
4207,2435,2434
4208,3420,3405
4209,2132,4292
4210,3419,3408
4211,3408,8520
4212,8520,3420
4213,2440,5791
4214,1976,3410
4215,3410,3421
4216,3421,2438
4217,2438,2439
4218,2439,5796
4219,5795,1977
4220,2046,1941
4221,3428,3426
4222,3438,3439
4223,3439,4665
4224,4665,3437
4225,3437,3444
4226,3444,3440
4227,3440,4663
4228,4663,3434
4229,3434,3442
4230,3442,3435
4231,9539,3443
4232,3443,4660
4233,4660,9540
4234,9540,3441
4235,3441,3436
4236,3436,7739
4237,7739,9520
4238,9520,9518
4239,8208,2900
4240,3984,2917
4241,2917,2911
4242,2911,4969
4243,4969,200
4244,3446,3449
4245,11002,6561
4246,3448,5380
4247,3796,5368
4248,3457,6574
4249,3450,3453
4250,6575,3456
4251,6573,1602
4252,1602,3455
4253,3455,6576
4254,6576,1366
4255,1366,3452
4256,3452,3451
4257,718,4748
4258,547,4060
4259,7702,7941
4260,3465,3464
4261,3468,3467
4262,3800,10295
4263,10295,10294
4264,10294,2383
4265,1469,1542
4266,1542,1470
4267,1470,1471
4268,4897,1566
4269,1906,3900
4270,3901,1910
4271,27,9486
4272,9486,1011
4273,9366,432
4274,432,9366
4275,432,526
4276,2882,2885
4277,2887,9929
4278,9929,1714
4279,2728,1056
4280,3268,2726
4281,3264,3267
4282,3263,3264
4283,7797,7796
4284,7797,1354
4285,1354,7797
4286,3265,1354
4287,1408,3265
4288,2565,10407
4289,4926,3351
4290,3490,6093
4291,6093,6113
4292,568,2976
4293,3493,3491
4294,3495,3494
4295,6172,3496
4296,3496,3497
4297,3581,3499
4298,3498,4218
4299,4218,10606
4300,10606,3572
4301,11235,11234
4302,3683,3502
4303,3502,3500
4304,3665,3622
4305,3622,3621
4306,3518,6843
4307,6843,4648
4308,4648,6835
4309,880,9808
4310,9808,880
4311,9808,6859
4312,3520,3516
4313,3520,3511
4314,3511,3520
4315,3511,4103
4316,4103,3511
4317,4103,1057
4318,1057,6744
4319,6744,470
4320,470,4646
4321,4646,6762
4322,6762,6743
4323,6743,9512
4324,9512,7138
4325,7138,554
4326,554,7137
4327,7137,6399
4328,6399,7136
4329,7136,3542
4330,3542,6741
4331,6741,3539
4332,3539,6740
4333,6740,4645
4334,4645,6894
4335,6894,4643
4336,4643,2071
4337,2071,5357
4338,5357,9140
4339,9140,3551
4340,3551,9139
4341,9139,6760
4342,6760,4642
4343,4642,7433
4344,7433,7633
4345,7633,6742
4346,6742,6821
4347,6821,1047
4348,1047,654
4349,654,613
4350,613,534
4351,534,4640
4352,4640,222
4353,222,10663
4354,10663,185
4355,185,4638
4356,4638,10935
4357,10935,8065
4358,8065,302
4359,302,8064
4360,8064,614
4361,614,325
4362,325,891
4363,891,4635
4364,4635,3548
4365,6584,6547
4366,6487,6548
4367,4831,7751
4368,7751,9391
4369,9391,9392
4370,9392,1412
4371,867,8165
4372,8165,9490
4373,9490,2731
4374,3729,1011
4375,1011,3729
4376,1011,124
4377,124,9491
4378,9491,124
4379,8169,8168
4380,8168,7745
4381,671,7745
4382,671,246
4383,246,315
4384,5563,9482
4385,9482,1922
4386,1922,1187
4387,5671,3226
4388,3226,988
4389,988,5566
4390,5566,8188
4391,8188,5566
4392,9949,3527
4393,3527,1591
4394,1591,1365
4395,1365,1407
4396,1407,9946
4397,9946,1443
4398,63,10959
4399,10959,4740
4400,1143,7998
4401,7998,10771
4402,10772,10978
4403,10773,10776
4404,2421,10781
4405,10781,2279
4406,2279,7995
4407,7995,2364
4408,10785,1098
4409,6657,3530
4410,6657,6692
4411,6692,6657
4412,6692,6693
4413,6693,6692
4414,6693,6694
4415,6694,6693
4416,6694,6768
4417,6768,6694
4418,6768,3531
4419,3531,6768
4420,3531,6658
4421,6658,3531
4422,6658,6770
4423,6770,6658
4424,6770,6659
4425,6659,6770
4426,6659,3532
4427,3532,6659
4428,3532,6656
4429,6656,3532
4430,6656,6691
4431,6691,6656
4432,6691,3533
4433,6766,6769
4434,3537,3566
4435,10931,6644
4436,6644,3550
4437,3539,3552
4438,3552,3539
4439,3564,3563
4440,3562,1329
4441,10624,577
4442,3577,3576
4443,9159,7924
4444,3580,3583
4445,3584,3585
4446,3587,4258
4447,4258,8163
4448,1943,1939
4449,1939,1935
4450,1935,4189
4451,4189,7978
4452,1954,1950
4453,1950,6730
4454,1328,3561
4455,1573,1767
4456,1767,1751
4457,1751,1687
4458,5616,3590
4459,9667,9668
4460,3599,3598
4461,8044,6074
4462,3318,8043
4463,3595,3594
4464,8051,9670
4465,9671,3595
4466,10239,10240
4467,2520,2517
4468,3614,7063
4469,1038,846
4470,846,209
4471,3025,3028
4472,10949,9205
4473,4529,1102
4474,1102,3602
4475,3602,3613
4476,9685,9675
4477,9688,9689
4478,9686,9682
4479,9687,9683
4480,5306,5308
4481,5309,46
4482,9658,6028
4483,6028,9661
4484,9661,1151
4485,1151,65
4486,9662,65
4487,6027,9659
4488,9663,2534
4489,651,2534
4490,651,412
4491,412,651
4492,412,2535
4493,2535,412
4494,2535,4478
4495,4478,120
4496,9654,215
4497,5325,9655
4498,9655,1258
4499,1828,5802
4500,1822,2467
4501,2467,1823
4502,1823,1824
4503,1824,1825
4504,1825,1829
4505,804,1135
4506,3236,294
4507,294,639
4508,639,3234
4509,3235,54
4510,54,5809
4511,5809,443
4512,443,437
4513,437,2778
4514,7095,7013
4515,7094,7765
4516,9807,7764
4517,7093,9807
4518,7092,7093
4519,3624,3623
4520,1493,1588
4521,1493,4781
4522,4781,1493
4523,4781,1643
4524,1643,4781
4525,1337,1643
4526,1337,7591
4527,10263,7591
4528,7020,10263
4529,10264,10262
4530,7600,10264
4531,1614,7600
4532,3633,3632
4533,3637,3633
4534,3650,3639
4535,3640,3651
4536,3644,3647
4537,3643,3641
4538,7321,3649
4539,7320,3642
4540,3648,8479
4541,3646,3645
4542,8852,3661
4543,3658,3657
4544,3656,8850
4545,8087,3656
4546,3652,3660
4547,8086,8882
4548,3655,3654
4549,3662,8579
4550,3664,8085
4551,1688,1731
4552,1688,4859
4553,4859,1639
4554,1639,1533
4555,1533,1639
4556,1533,1732
4557,1732,1627
4558,1627,1732
4559,1331,1627
4560,1331,1420
4561,1420,1421
4562,1599,1421
4563,1599,9889
4564,9889,1599
4565,9889,1531
4566,1531,1341
4567,1341,1531
4568,1741,1341
4569,1741,4860
4570,4860,1741
4571,1730,1629
4572,1730,1677
4573,1677,1730
4574,1677,1339
4575,1339,1677
4576,1339,1635
4577,1635,1339
4578,1635,9462
4579,9462,1635
4580,3671,10669
4581,477,11207
4582,3687,458
4583,923,3196
4584,11030,11032
4585,6406,352
4586,3679,3680
4587,3703,8258
4588,8258,10221
4589,10221,2107
4590,10222,3709
4591,724,3706
4592,3701,7387
4593,3705,10232
4594,10232,3712
4595,3712,3713
4596,3713,10198
4597,10198,10199
4598,10199,2105
4599,2105,3708
4600,3708,3710
4601,3710,2104
4602,2104,10197
4603,10197,3711
4604,3718,2784
4605,3569,3749
4606,3749,3567
4607,3567,3570
4608,10603,3568
4609,8874,3726
4610,3731,3730
4611,3367,3366
4612,10644,3364
4613,1085,28
4614,690,1085
4615,9905,861
4616,794,9905
4617,303,731
4618,6443,6444
4619,6445,3762
4620,6449,3759
4621,6448,3760
4622,6447,6446
4623,6442,3758
4624,3757,3761
4625,3768,3770
4626,4959,3348
4627,3349,3335
4628,3332,3688
4629,3775,3776
4630,3776,4877
4631,3774,3772
4632,6368,8574
4633,8574,3668
4634,3668,10839
4635,10839,7049
4636,7049,4922
4637,4922,8134
4638,8134,1030
4639,1030,10840
4640,10840,7048
4641,7048,528
4642,528,6332
4643,6332,8569
4644,8569,3779
4645,3780,10842
4646,10842,4882
4647,4882,10843
4648,10843,3781
4649,3777,10692
4650,10692,8133
4651,8133,8483
4652,8483,10693
4653,10693,10694
4654,10694,8482
4655,8482,3778
4656,3778,10689
4657,10689,8481
4658,3782,3783
4659,6977,7161
4660,7162,7224
4661,7587,9443
4662,7588,7587
4663,5376,7588
4664,7589,5376
4665,4842,7589
4666,5374,4842
4667,7586,5374
4668,3798,6561
4669,6270,10600
4670,10524,9308
4671,3819,10280
4672,10281,3817
4673,3815,6514
4674,3793,1559
4675,1560,3788
4676,3786,3787
4677,3791,3794
4678,4832,1764
4679,842,3821
4680,7417,3821
4681,713,4166
4682,4166,4167
4683,4167,4977
4684,4977,232
4685,2393,3827
4686,3826,4303
4687,10204,2836
4688,2836,5787
4689,3828,10213
4690,3829,3831
4691,3837,4807
4692,4807,4520
4693,4520,6156
4694,6156,3832
4695,3259,4971
4696,4971,3258
4697,1800,3260
4698,3260,1460
4699,1460,1801
4700,3838,3903
4701,3840,3842
4702,3842,3843
4703,3843,3844
4704,3844,3846
4705,6169,3850
4706,3850,3851
4707,3851,3853
4708,3878,3879
4709,4682,5049
4710,3892,3893
4711,7261,7259
4712,4823,3891
4713,3894,5469
4714,3898,3899
4715,9641,9642
4716,9642,5387
4717,9643,156
4718,9644,520
4719,520,9645
4720,9645,9646
4721,9647,1075
4722,1075,751
4723,751,9620
4724,91,779
4725,779,9619
4726,9619,9615
4727,722,8
4728,9618,307
4729,9648,1088
4730,1088,9649
4731,167,9617
4732,937,9650
4733,9650,280
4734,9651,9652
4735,9652,9616
4736,7785,1206
4737,981,8617
4738,8528,137
4739,137,1025
4740,499,1229
4741,3966,3906
4742,3906,5673
4743,5673,3904
4744,3904,7882
4745,3905,3907
4746,3913,7344
4747,7344,6870
4748,3911,3914
4749,3914,9469
4750,9469,3910
4751,3910,6871
4752,6871,3915
4753,3915,6872
4754,3930,7139
4755,7139,3927
4756,3927,7140
4757,7140,3928
4758,3928,7141
4759,7141,7142
4760,7142,6384
4761,6384,4724
4762,4724,3925
4763,3925,6385
4764,6385,6410
4765,6410,3935
4766,3935,9127
4767,9127,6411
4768,6411,3933
4769,3933,3931
4770,3931,4725
4771,4725,7078
4772,7078,3934
4773,3934,6825
4774,3925,701
4775,701,3925
4776,3928,3929
4777,3929,3928
4778,3926,6755
4779,6755,4587
4780,4587,6747
4781,6747,4586
4782,4586,6748
4783,6748,3944
4784,3944,6756
4785,6756,3940
4786,3940,9130
4787,9130,3943
4788,3943,6754
4789,6754,3936
4790,3936,6753
4791,6753,3939
4792,3939,6757
4793,6757,9524
4794,9524,3937
4795,3937,6749
4796,6749,3938
4797,3938,9599
4798,9599,6750
4799,6750,3942
4800,3942,6758
4801,6758,6751
4802,6751,3930
4803,3930,3941
4804,3941,3945
4805,3945,6752
4806,6752,59
4807,59,6746
4808,6746,3926
4809,7355,3950
4810,6818,3932
4811,6461,6462
4812,6435,11291
4813,11291,7404
4814,7404,7406
4815,7406,11290
4816,11290,9865
4817,9865,6430
4818,6430,11288
4819,11288,7090
4820,7090,6459
4821,6466,6465
4822,4568,10917
4823,93,5719
4824,5719,625
4825,625,5718
4826,3959,3961
4827,874,8209
4828,8209,5510
4829,5510,2184
4830,6062,3895
4831,3320,3896
4832,3896,6064
4833,6065,3316
4834,3311,8038
4835,6067,6066
4836,6066,8039
4837,8039,3321
4838,3321,9977
4839,9690,3968
4840,3973,3977
4841,3979,3972
4842,8358,3974
4843,8045,3981
4844,3984,3987
4845,2400,2913
4846,2915,4970
4847,4970,1261
4848,1261,3984
4849,3988,3983
4850,3985,8054
4851,8054,3987
4852,5369,3988
4853,6970,6931
4854,6931,3990
4855,3990,6926
4856,6926,6927
4857,6927,5628
4858,5628,6930
4859,3991,5423
4860,5425,5899
4861,5899,5424
4862,5424,3995
4863,3995,5897
4864,5898,3992
4865,3992,6928
4866,6928,10639
4867,10639,6932
4868,8148,5895
4869,5895,3994
4870,3994,6933
4871,6933,5896
4872,5896,7225
4873,7225,6929
4874,1170,3379
4875,4008,4007
4876,4009,11175
4877,8712,8723
4878,4504,5851
4879,4030,4505
4880,4505,4600
4881,4600,5037
4882,5037,4591
4883,4057,4037
4884,5694,4508
4885,4051,5846
4886,5848,4021
4887,4048,4051
4888,4047,4046
4889,4046,4052
4890,8147,5428
4891,5428,5427
4892,5427,4039
4893,4039,5835
4894,5835,4044
4895,4044,4042
4896,4042,4045
4897,4045,5915
4898,5836,5914
4899,5914,8397
4900,6002,4031
4901,4018,6002
4902,8725,4018
4903,3852,4754
4904,3854,4755
4905,9802,6850
4906,1069,201
4907,673,4063
4908,6225,6229
4909,6229,9085
4910,9085,6234
4911,6234,6240
4912,6240,6241
4913,6241,6243
4914,6243,6245
4915,6245,6247
4916,6247,11309
4917,11309,11310
4918,11310,6251
4919,6251,6253
4920,6253,11274
4921,11274,6255
4922,6255,6257
4923,6257,6260
4924,6260,9562
4925,9562,6263
4926,6263,6265
4927,6265,4080
4928,4080,4081
4929,4081,4078
4930,4078,4066
4931,4066,9569
4932,9569,4074
4933,4074,9568
4934,4081,4076
4935,6169,4752
4936,6168,6171
4937,11270,6177
4938,6167,6177
4939,9967,11269
4940,9966,10171
4941,52,11268
4942,10016,6166
4943,10016,9969
4944,9969,10016
4945,9969,7650
4946,7650,9969
4947,7650,1042
4948,1042,7650
4949,1042,7651
4950,7651,1042
4951,7651,6165
4952,6165,7651
4953,6165,7652
4954,7652,6165
4955,7652,10004
4956,10004,7652
4957,10004,7653
4958,7653,10004
4959,7653,7654
4960,7654,7653
4961,7654,7655
4962,7655,7654
4963,7655,7656
4964,7656,7655
4965,7656,11265
4966,11265,7656
4967,11265,6164
4968,6164,11265
4969,6164,9571
4970,9571,6164
4971,9571,11264
4972,11264,9571
4973,11264,9582
4974,9582,11264
4975,9582,6163
4976,6163,9582
4977,6163,11304
4978,11304,6163
4979,11304,6895
4980,6895,11304
4981,6895,4067
4982,4067,6895
4983,4067,582
4984,582,4067
4985,582,4078
4986,4078,582
4987,4078,4076
4988,4076,4078
4989,4076,4073
4990,4073,4076
4991,4073,6162
4992,6162,4073
4993,6162,7701
4994,7701,6162
4995,7701,7265
4996,7265,7701
4997,7265,6170
4998,6170,7265
4999,6170,9570
5000,9570,6170
5001,9570,7346
5002,7346,9570
5003,7346,1053
5004,1053,7346
5005,1053,9560
5006,9560,1053
5007,9560,680
5008,680,9560
5009,680,6161
5010,6161,680
5011,6161,7264
5012,7264,6161
5013,7264,5504
5014,5504,7264
5015,5504,6160
5016,6160,5504
5017,6160,7347
5018,7347,6160
5019,7347,6159
5020,6159,7347
5021,6159,11273
5022,11273,6159
5023,11273,9133
5024,9133,11273
5025,4067,11305
5026,11305,4077
5027,4077,4068
5028,4068,4070
5029,9568,4075
5030,4075,4065
5031,4065,4193
5032,4193,582
5033,582,4070
5034,4070,11306
5035,11306,4072
5036,4072,11303
5037,11303,11302
5038,11302,6264
5039,6264,6262
5040,6262,11301
5041,11301,6261
5042,6261,9561
5043,9561,6259
5044,6259,6258
5045,6258,6256
5046,6256,6254
5047,6254,6252
5048,6252,6248
5049,6248,6244
5050,6244,9080
5051,9080,9081
5052,9081,6239
5053,6239,9078
5054,9078,6236
5055,6236,6235
5056,6235,6233
5057,6233,9167
5058,9167,6230
5059,6230,6228
5060,6228,6227
5061,6227,6224
5062,4065,4069
5063,4069,4071
5064,4071,4079
5065,4079,6895
5066,956,4087
5067,2217,387
5068,387,8286
5069,8286,314
5070,314,5120
5071,5120,1124
5072,5021,89
5073,89,4234
5074,8434,34
5075,34,4237
5076,4237,5022
5077,5022,4236
5078,4236,8438
5079,8438,769
5080,769,4235
5081,4235,1155
5082,1155,3173
5083,3173,4238
5084,4238,4241
5085,4241,4240
5086,4240,326
5087,326,4239
5088,4239,5020
5089,5020,655
5090,655,8521
5091,4088,5438
5092,5894,4096
5093,2159,7226
5094,7226,6922
5095,6922,8378
5096,8378,8377
5097,8377,4100
5098,4100,4099
5099,4099,4097
5100,4097,4098
5101,4098,6296
5102,6296,4881
5103,4881,6297
5104,6297,10621
5105,10621,4095
5106,2566,2385
5107,3554,6744
5108,10162,4106
5109,4106,4110
5110,4110,4109
5111,4109,4112
5112,4112,10128
5113,10128,4108
5114,4108,10142
5115,10159,4678
5116,4678,10159
5117,4678,5657
5118,5657,4678
5119,5657,5648
5120,5648,5657
5121,5648,123
5122,123,5648
5123,123,5656
5124,5656,123
5125,5656,5655
5126,5655,5656
5127,5655,5650
5128,5650,5655
5129,5650,5649
5130,5649,5650
5131,5649,10500
5132,10500,5649
5133,10500,5651
5134,5651,10500
5135,5651,5654
5136,5654,5651
5137,5654,5652
5138,5652,5654
5139,5652,4679
5140,4679,5652
5141,4679,7624
5142,7624,4679
5143,7624,5653
5144,5653,7624
5145,5653,10501
5146,10501,5653
5147,10501,10502
5148,10502,10501
5149,10502,10503
5150,10503,10502
5151,10503,10504
5152,10504,10503
5153,10504,10505
5154,10505,10504
5155,10505,10506
5156,10506,10505
5157,10506,1048
5158,1048,10506
5159,1048,9483
5160,9483,1048
5161,9483,10507
5162,10507,9483
5163,10507,10508
5164,10508,10507
5165,10508,10509
5166,10509,10508
5167,10509,9164
5168,9164,10509
5169,9164,10510
5170,10510,9164
5171,10510,10511
5172,10511,10510
5173,10511,10512
5174,10512,10511
5175,10512,11164
5176,11164,10512
5177,11164,11165
5178,11165,11164
5179,3282,4110
5180,4110,3282
5181,1883,4124
5182,4124,5180
5183,5180,269
5184,269,4736
5185,4736,4121
5186,4121,9216
5187,9216,9215
5188,1304,9707
5189,4130,10326
5190,9311,4134
5191,11013,11014
5192,10667,4138
5193,4334,4135
5194,4140,1453
5195,9543,9542
5196,6470,2975
5197,2975,2987
5198,2987,2090
5199,2090,2991
5200,2991,2980
5201,2980,3003
5202,3003,3013
5203,3013,9300
5204,9300,3030
5205,3030,2094
5206,2094,2996
5207,2996,3001
5208,3001,9306
5209,9306,9307
5210,9307,3011
5211,3011,2978
5212,2978,2093
5213,2093,3016
5214,3016,7881
5215,7881,3908
5216,3838,3902
5217,3017,2109
5218,2109,2999
5219,2999,3022
5220,3022,3018
5221,3205,8529
5222,8531,8530
5223,8530,192
5224,11223,4168
5225,5101,4185
5226,4169,4170
5227,8185,4176
5228,4176,7778
5229,7779,8140
5230,8140,4177
5231,4252,4985
5232,9878,9877
5233,9879,9878
5234,9872,9879
5235,5004,6425
5236,7368,7366
5237,9883,6426
5238,4179,7367
5239,9880,4179
5240,9881,9882
5241,3678,9881
5242,9884,9885
5243,0,9894
5244,952,9893
5245,9895,7645
5246,7646,1086
5247,180,7646
5248,7284,4178
5249,7647,7284
5250,7283,7647
5251,5005,7283
5252,1073,7277
5253,4182,4181
5254,2335,6197
5255,6197,2332
5256,6196,2337
5257,2337,2043
5258,2043,2336
5259,7708,11283
5260,11283,11282
5261,11282,2044
5262,2044,11284
5263,11284,2469
5264,2469,2049
5265,2287,8017
5266,8016,8018
5267,5494,5495
5268,3370,4336
5269,4190,4191
5270,5351,7960
5271,8103,8183
5272,8183,538
5273,5002,10789
5274,10789,5002
5275,8839,10789
5276,8839,11201
5277,11201,8838
5278,4687,895
5279,912,6810
5280,6810,912
5281,98,6286
5282,855,214
5283,5155,2368
5284,2367,3809
5285,3809,2376
5286,5154,2765
5287,2233,628
5288,147,7816
5289,7816,1072
5290,2227,7829
5291,7829,1190
5292,2333,2338
5293,2331,2333
5294,2334,2331
5295,6194,2334
5296,6195,6194
5297,2314,2315
5298,4142,2314
5299,1804,4142
5300,2312,4144
5301,2313,2312
5302,6193,2313
5303,2286,6193
5304,2286,6192
5305,6191,6192
5306,7709,2068
5307,7710,6190
5308,6199,7710
5309,6199,2339
5310,4184,6198
5311,4184,1805
5312,4208,2049
5313,4143,4208
5314,2042,4143
5315,4145,4207
5316,2067,8013
5317,2308,2067
5318,711,2197
5319,9414,711
5320,2195,9414
5321,96,2195
5322,2194,96
5323,155,2194
5324,236,155
5325,236,2708
5326,3820,6158
5327,4833,3816
5328,5468,5467
5329,5467,5466
5330,3360,4764
5331,4764,267
5332,267,1214
5333,1214,4763
5334,545,4249
5335,4249,8338
5336,8338,653
5337,653,8341
5338,8337,399
5339,399,618
5340,618,469
5341,469,8141
5342,5043,871
5343,871,5045
5344,9039,4887
5345,131,9037
5346,9037,2147
5347,6087,6085
5348,6083,6084
5349,6084,4269
5350,4278,4277
5351,5355,9029
5352,6498,6550
5353,1376,6499
5354,6493,6494
5355,9303,6493
5356,9285,9303
5357,3191,3190
5358,3190,3221
5359,3221,3189
5360,3189,3223
5361,1253,1175
5362,205,4809
5363,9728,2347
5364,9728,8433
5365,9843,506
5366,8432,9845
5367,9844,8432
5368,9844,8431
5369,8422,8421
5370,710,10195
5371,10195,710
5372,10195,10196
5373,10194,8060
5374,472,8987
5375,1052,233
5376,3711,606
5377,8249,8250
5378,1495,3789
5379,7814,1495
5380,5370,7813
5381,9206,4839
5382,4806,3790
5383,9241,1565
5384,11084,513
5385,11084,6799
5386,6799,11084
5387,6799,6765
5388,6765,6799
5389,6765,1215
5390,1215,6765
5391,1215,1142
5392,1142,1215
5393,4318,4317
5394,4323,4321
5395,4321,4327
5396,4327,7498
5397,7498,7497
5398,7497,7502
5399,7502,4330
5400,4330,6714
5401,6714,4713
5402,4713,7503
5403,7503,6715
5404,6715,7504
5405,7504,7505
5406,7505,7506
5407,7506,9163
5408,9163,6716
5409,6716,4326
5410,4326,4324
5411,4324,4320
5412,4320,4328
5413,4328,4319
5414,4319,4325
5415,10780,2379
5416,4137,225
5417,4339,4340
5418,938,881
5419,862,938
5420,1238,862
5421,1021,1238
5422,5205,1021
5423,980,4441
5424,2704,10871
5425,10871,10872
5426,10872,10871
5427,10872,2703
5428,2703,10577
5429,10577,10579
5430,10579,3145
5431,10580,10578
5432,3144,10465
5433,4347,4353
5434,4353,8913
5435,4346,8914
5436,4359,4351
5437,4370,8794
5438,8794,8795
5439,4368,4369
5440,509,344
5441,344,415
5442,415,10292
5443,10292,1117
5444,1117,2512
5445,2512,10419
5446,10419,114
5447,2511,10425
5448,2375,1328
5449,4389,8544
5450,4413,4415
5451,4416,4414
5452,4444,3250
5453,4443,4451
5454,4451,4450
5455,4449,4448
5456,4448,4447
5457,4446,4445
5458,4344,3881
5459,3881,3880
5460,3880,2262
5461,8515,8514
5462,4462,4461
5463,4460,4459
5464,9367,4458
5465,4458,4457
5466,4457,4456
5467,4456,4455
5468,4455,4454
5469,4454,9349
5470,4469,9941
5471,4470,4477
5472,9940,4471
5473,10044,4472
5474,10043,10044
5475,9783,4473
5476,9786,4474
5477,9785,9784
5478,4475,9785
5479,6405,6417
5480,6417,6405
5481,6417,6418
5482,6418,6417
5483,6418,6416
5484,6416,6418
5485,6416,6415
5486,6415,6416
5487,6415,11248
5488,11248,6415
5489,11248,6233
5490,6233,11248
5491,4493,4489
5492,4489,4490
5493,4490,4491
5494,9295,9289
5495,4492,8961
5496,4055,4293
5497,3890,4507
5498,7750,6370
5499,7068,7290
5500,10701,657
5501,2030,8182
5502,4685,2030
5503,11231,11233
5504,4556,4150
5505,4150,4151
5506,4151,4152
5507,4152,11228
5508,11228,4153
5509,4153,5088
5510,5088,5089
5511,5089,5096
5512,5096,5097
5513,5097,5098
5514,4521,8342
5515,4147,4148
5516,4148,11230
5517,11230,4149
5518,5661,4146
5519,4146,4522
5520,4325,3921
5521,11165,4537
5522,4538,4539
5523,4539,4536
5524,4536,11164
5525,10512,4540
5526,4540,6784
5527,6784,6785
5528,4136,10688
5529,9545,3035
5530,4545,4547
5531,4548,4546
5532,2722,2723
5533,3262,5121
5534,2710,3262
5535,1,9697
5536,1257,5364
5537,5366,1257
5538,5386,398
5539,1164,6953
5540,6953,366
5541,5385,1273
5542,1273,687
5543,970,845
5544,5793,1947
5545,2437,1944
5546,2436,1936
5547,3415,5090
5548,2253,2252
5549,436,2770
5550,11183,4552
5551,4185,5362
5552,4553,4554
5553,2766,2412
5554,7825,4180
5555,2451,2448
5556,1359,1343
5557,2882,2886
5558,4568,7993
5559,5614,9775
5560,1540,1609
5561,1649,9398
5562,9398,1373
5563,4854,6880
5564,6880,1411
5565,6732,9401
5566,9401,1500
5567,9400,9397
5568,9397,9396
5569,9396,1562
5570,6516,9425
5571,9425,7044
5572,7044,1539
5573,1539,4855
5574,4855,1580
5575,1580,1607
5576,1607,1603
5577,1603,1577
5578,1575,1564
5579,1564,9424
5580,9424,1605
5581,9423,1379
5582,1596,1496
5583,1496,9422
5584,1414,9421
5585,9421,9420
5586,1664,1728
5587,1728,1664
5588,1728,1655
5589,1724,1655
5590,6143,3552
5591,6143,6140
5592,6140,6143
5593,6140,6151
5594,6151,6140
5595,6151,6142
5596,6142,6151
5597,6142,6150
5598,6150,6142
5599,6150,4501
5600,4501,6150
5601,4501,4502
5602,4502,4501
5603,4502,6982
5604,6982,4502
5605,6982,6146
5606,6146,6982
5607,6146,6147
5608,6147,6146
5609,6147,4578
5610,4578,6147
5611,4578,6148
5612,6148,4578
5613,6148,4579
5614,4579,6148
5615,9525,4583
5616,4583,4584
5617,4584,4585
5618,4585,4586
5619,9525,9526
5620,9526,9525
5621,9526,4721
5622,4721,9526
5623,4721,9527
5624,9527,4721
5625,9527,9559
5626,9559,9527
5627,9559,9528
5628,9528,9559
5629,9528,9557
5630,9557,9528
5631,9557,9529
5632,9529,9557
5633,9529,9530
5634,9530,9529
5635,9530,9531
5636,9531,9530
5637,9531,9532
5638,9532,9531
5639,9532,9533
5640,9533,9532
5641,9533,9534
5642,9534,9533
5643,9534,9535
5644,9535,9534
5645,9535,9537
5646,9537,9535
5647,103,107
5648,1123,1016
5649,1016,4019
5650,405,21
5651,21,4524
5652,4524,227
5653,227,40
5654,204,43
5655,705,289
5656,5990,1111
5657,508,5991
5658,576,5989
5659,1111,1031
5660,5749,5765
5661,5765,5740
5662,5741,5742
5663,5743,4558
5664,4558,3769
5665,5748,5744
5666,5746,5745
5667,5745,5747
5668,5747,2810
5669,1747,1756
5670,4857,1653
5671,1367,4857
5672,1391,3256
5673,1749,1391
5674,3975,8865
5675,8861,3971
5676,3971,6354
5677,6354,6341
5678,8931,11206
5679,4510,4511
5680,4511,8552
5681,4683,4684
5682,9324,9597
5683,4420,9515
5684,4711,4710
5685,4710,4709
5686,4708,4707
5687,4706,4705
5688,4705,6991
5689,4704,4703
5690,5845,6349
5691,6349,4025
5692,4025,8128
5693,4948,5841
5694,5841,4949
5695,4949,5842
5696,5842,5843
5697,5843,5844
5698,5844,4043
5699,4043,4952
5700,5446,8447
5701,8447,8448
5702,4154,11229
5703,4155,4555
5704,4555,11232
5705,1461,1462
5706,5603,1988
5707,1450,7291
5708,6956,1981
5709,734,9812
5710,670,7787
5711,3053,3044
5712,3052,7788
5713,1984,11286
5714,5055,9810
5715,5212,9034
5716,5064,5063
5717,8578,8577
5718,8577,8576
5719,8576,5059
5720,8827,5060
5721,5060,8826
5722,5062,8824
5723,682,9035
5724,9035,1262
5725,5065,5066
5726,1956,2268
5727,1364,1336
5728,1336,1703
5729,1703,1387
5730,1387,1703
5731,1387,1704
5732,1704,1387
5733,1704,1696
5734,1696,1711
5735,1711,1696
5736,1711,7129
5737,7129,10284
5738,10284,4572
5739,5106,4572
5740,5106,1693
5741,1693,5107
5742,5107,1693
5743,5107,1694
5744,1694,4133
5745,4133,5558
5746,5558,1447
5747,7906,7905
5748,7905,7906
5749,7905,5108
5750,5108,7905
5751,5108,9161
5752,9161,5108
5753,9161,9162
5754,9162,9161
5755,125,3612
5756,1762,1760
5757,5111,11218
5758,11212,11211
5759,6713,5113
5760,5114,5109
5761,5109,11209
5762,2763,5739
5763,2776,2120
5764,2120,1851
5765,1851,2806
5766,2806,1850
5767,1850,5700
5768,5700,5701
5769,5701,1848
5770,5703,2070
5771,2070,5709
5772,5711,5758
5773,6713,4550
5774,5110,6713
5775,11224,5660
5776,9305,6504
5777,9305,1544
5778,1544,9305
5779,9288,1544
5780,1526,9288
5781,6522,1526
5782,1702,6522
5783,6523,1702
5784,6521,9287
5785,6521,4244
5786,6587,6586
5787,6586,6560
5788,2847,3747
5789,2388,6480
5790,3812,3814
5791,4486,3813
5792,3813,1458
5793,1458,9369
5794,9368,1456
5795,1766,1536
5796,1536,1615
5797,1615,1537
5798,1537,1709
5799,2545,5350
5800,5350,2544
5801,2544,2542
5802,5151,2551
5803,4671,2524
5804,4820,2527
5805,4422,4672
5806,4672,2528
5807,2529,10192
5808,9550,2531
5809,2531,2533
5810,9549,102
5811,102,9552
5812,9552,9553
5813,9553,4821
5814,9551,10064
5815,10064,9555
5816,9555,9554
5817,10059,826
5818,826,6037
5819,6037,6036
5820,6036,78
5821,78,9606
5822,9606,9612
5823,9612,9614
5824,9614,2536
5825,2536,9613
5826,2537,2538
5827,4673,10107
5828,10107,9607
5829,9607,619
5830,9610,6033
5831,6034,2543
5832,4421,9596
5833,9596,10089
5834,209,460
5835,10202,1905
5836,1904,10201
5837,10200,8245
5838,2241,8246
5839,1903,8244
5840,8241,4567
5841,4817,8384
5842,1383,1682
5843,3261,1383
5844,1637,3261
5845,1378,1637
5846,1690,1378
5847,1752,10355
5848,10355,10354
5849,1668,1686
5850,1686,3666
5851,1787,4853
5852,4853,1779
5853,1334,3130
5854,2397,2398
5855,11156,2651
5856,2651,2660
5857,2660,6664
5858,6664,6612
5859,2854,6949
5860,1773,1799
5861,1466,1465
5862,1245,2927
5863,2927,8072
5864,8072,11055
5865,11055,388
5866,388,4615
5867,4615,11056
5868,11056,2928
5869,2928,6595
5870,6595,6680
5871,6680,6432
5872,6432,11104
5873,11104,4616
5874,4616,11103
5875,11103,1147
5876,1147,815
5877,815,11110
5878,11110,7363
5879,7363,2701
5880,2701,2696
5881,2696,6204
5882,6204,4617
5883,4617,350
5884,350,11100
5885,11100,400
5886,5153,2384
5887,5156,5153
5888,1786,1361
5889,5157,2932
5890,1630,4862
5891,1715,2881
5892,2881,1395
5893,1395,1750
5894,1750,1532
5895,1532,4863
5896,1626,1727
5897,1727,1567
5898,4864,1584
5899,1671,10350
5900,4905,1765
5901,1765,1396
5902,1396,4906
5903,4906,1633
5904,1390,1766
5905,2942,8485
5906,2883,6472
5907,6472,1721
5908,4815,2883
5909,2053,3150
5910,1398,9394
5911,9394,1767
5912,1767,3818
5913,3799,3798
5914,1766,9930
5915,9930,4626
5916,4626,1740
5917,1740,1695
5918,1695,1749
5919,6455,6456
5920,6456,2017
5921,11078,11038
5922,9252,9251
5923,3790,9252
5924,10733,10734
5925,6351,696
5926,10813,950
5927,97,4830
5928,4830,8079
5929,559,650
5930,650,7419
5931,8601,8603
5932,8602,523
5933,523,8387
5934,8387,8386
5935,8386,8389
5936,8388,4829
5937,3789,4125
5938,4125,9243
5939,406,5173
5940,6525,6526
5941,6526,6910
5942,7928,6911
5943,6911,5166
5944,5166,6524
5945,6524,6907
5946,6907,6908
5947,6908,5167
5948,5167,7926
5949,5170,6912
5950,6912,5169
5951,6602,6909
5952,1563,9450
5953,4621,1548
5954,9440,9441
5955,9442,1645
5956,5375,9443
5957,9444,9445
5958,9446,9447
5959,9447,9448
5960,9426,9427
5961,9427,9428
5962,9428,9429
5963,9430,9431
5964,9432,9433
5965,1515,9434
5966,5171,3790
5967,9258,5172
5968,9258,6513
5969,6513,9258
5970,6513,9254
5971,9254,6513
5972,9254,9257
5973,9257,1748
5974,1748,9257
5975,9256,1616
5976,1616,9256
5977,1557,9253
5978,9253,1557
5979,9255,9253
5980,1504,9255
5981,1397,1504
5982,1612,1397
5983,9412,1380
5984,1380,9412
5985,6500,5168
5986,9304,6500
5987,9281,9304
5988,9280,9281
5989,9302,9280
5990,6515,9302
5991,9279,6515
5992,9279,4228
5993,4228,9279
5994,6489,4228
5995,9251,6489
5996,9207,9208
5997,9208,9209
5998,9209,9210
5999,9210,4837
6000,9211,9212
6001,9212,9213
6002,9213,9214
6003,9451,6511
6004,6511,4838
6005,10523,6510
6006,6510,9206
6007,3790,3795
6008,3795,4805
6009,4805,3792
6010,5202,5200
6011,5195,5193
6012,5192,5190
6013,5190,5186
6014,5183,5182
6015,5185,5189
6016,5189,5191
6017,5196,9348
6018,5197,5198
6019,5204,5203
6020,5194,5188
6021,5188,5187
6022,5181,5184
6023,5199,5201
6024,9274,668
6025,9275,9274
6026,6025,9275
6027,6025,6026
6028,6026,6025
6029,348,6026
6030,5152,348
6031,5326,5324
6032,5323,5322
6033,5321,5319
6034,5318,5317
6035,5316,5315
6036,5314,5313
6037,5313,5312
6038,5311,5307
6039,5307,9687
6040,9687,5305
6041,5132,275
6042,9033,517
6043,517,8920
6044,5133,1220
6045,1220,5134
6046,122,844
6047,630,327
6048,327,902
6049,902,5135
6050,788,250
6051,250,1041
6052,1078,292
6053,292,8817
6054,8817,504
6055,8818,378
6056,6660,1783
6057,1692,1763
6058,1763,1692
6059,1763,6478
6060,6884,6478
6061,6884,1413
6062,1413,4848
6063,4848,1770
6064,1770,6155
6065,5379,6155
6066,1769,5379
6067,4851,1769
6068,4847,1773
6069,4847,1783
6070,1783,4847
6071,5602,228
6072,5473,3478
6073,3478,8190
6074,1456,1733
6075,1733,4989
6076,4989,2906
6077,2906,1773
6078,1773,1527
6079,1527,1673
6080,1459,4909
6081,2908,4902
6082,2909,1463
6083,1463,4903
6084,4903,6509
6085,6509,1423
6086,1423,6477
6087,4342,6479
6088,6479,1425
6089,1425,4904
6090,4904,1776
6091,1473,2388
6092,8172,5669
6093,629,3059
6094,3059,5606
6095,5606,360
6096,360,1071
6097,1071,1892
6098,1110,7876
6099,7876,9054
6100,9054,2948
6101,3112,8873
6102,8542,8541
6103,8541,3728
6104,3728,994
6105,994,2172
6106,854,8590
6107,8590,2173
6108,2173,2174
6109,607,500
6110,500,8896
6111,8896,1096
6112,1096,8923
6113,8923,22
6114,291,8925
6115,8924,8879
6116,8879,2175
6117,2175,10494
6118,10494,110
6119,110,8881
6120,8881,8880
6121,8880,8868
6122,8868,8869
6123,8869,2176
6124,2176,8648
6125,8648,450
6126,450,8649
6127,8649,8646
6128,8646,7731
6129,7731,884
6130,884,833
6131,833,837
6132,837,3887
6133,3887,8589
6134,8589,55
6135,55,8588
6136,8588,8501
6137,8501,8494
6138,8494,8499
6139,8499,218
6140,8493,698
6141,698,8407
6142,8407,7
6143,8408,8406
6144,8406,74
6145,8409,785
6146,785,633
6147,633,249
6148,3117,4282
6149,4280,7967
6150,4281,4181
6151,3727,8599
6152,6121,3118
6153,9319,154
6154,154,9341
6155,9341,1970
6156,1970,9344
6157,9344,1087
6158,1087,2733
6159,8658,3101
6160,1971,6100
6161,3104,7885
6162,5347,5346
6163,5345,5344
6164,5343,5342
6165,5342,5341
6166,5341,5340
6167,5340,5339
6168,5339,5338
6169,5338,3360
6170,5337,5336
6171,5335,5334
6172,5333,5332
6173,4388,5597
6174,7958,6031
6175,6031,7959
6176,5302,5303
6177,5310,9660
6178,5320,9694
6179,5353,5328
6180,5328,9691
6181,5304,6373
6182,5301,9680
6183,9680,5300
6184,5300,5297
6185,5297,9963
6186,9963,5295
6187,5295,5294
6188,5294,5292
6189,5292,5290
6190,5290,5288
6191,5288,5286
6192,5286,6319
6193,6319,507
6194,507,5284
6195,5284,6320
6196,6320,9936
6197,9936,5282
6198,5282,6321
6199,6321,5281
6200,5281,5280
6201,5280,5277
6202,5277,5276
6203,5276,10125
6204,10125,7232
6205,7232,10127
6206,10127,5275
6207,5275,10126
6208,10126,6322
6209,6322,7233
6210,7233,5274
6211,5274,5273
6212,5273,5272
6213,5272,5271
6214,5271,6324
6215,6324,6323
6216,6323,5270
6217,5270,5268
6218,5268,6325
6219,6325,5267
6220,5267,6326
6221,6326,5266
6222,6327,5264
6223,5264,5262
6224,5262,5261
6225,5261,5259
6226,5259,746
6227,746,5258
6228,5258,5257
6229,5257,5256
6230,5256,5255
6231,5255,5254
6232,5254,5253
6233,5253,5251
6234,5251,5250
6235,5250,5248
6236,5248,5246
6237,5246,8743
6238,8743,5245
6239,6328,5550
6240,5550,6329
6241,6329,5243
6242,5243,5242
6243,5242,8853
6244,8853,5240
6245,5240,649
6246,649,8751
6247,8751,8704
6248,5351,5352
6249,4619,10759
6250,10759,10778
6251,338,10778
6252,338,1143
6253,2673,2688
6254,2688,1026
6255,1026,5354
6256,1268,4630
6257,4630,10531
6258,10531,830
6259,8366,963
6260,8372,2841
6261,4631,549
6262,8370,2824
6263,8367,529
6264,8357,8356
6265,8353,1975
6266,3889,878
6267,6605,7501
6268,7501,6605
6269,7501,7491
6270,7491,7501
6271,7491,7500
6272,7500,7491
6273,7500,7499
6274,7499,7500
6275,7499,7490
6276,7490,7499
6277,7490,6698
6278,6698,7490
6279,6698,7496
6280,7496,6698
6281,7496,7495
6282,7495,7496
6283,7495,7494
6284,7494,7495
6285,7494,7511
6286,7511,7494
6287,7511,7510
6288,7510,7511
6289,7510,7493
6290,7493,7510
6291,7493,7492
6292,7492,7493
6293,7492,946
6294,946,7492
6295,145,8067
6296,8067,145
6297,8067,8068
6298,8068,8067
6299,8068,10908
6300,10908,8068
6301,10908,10909
6302,10909,10908
6303,3325,6059
6304,6059,3322
6305,10758,10958
6306,10983,338
6307,338,10779
6308,10779,10775
6309,10774,10777
6310,10777,548
6311,5009,1808
6312,2552,10193
6313,10748,10747
6314,10747,10749
6315,10749,10761
6316,10761,10717
6317,10717,10670
6318,10670,10753
6319,10753,10765
6320,10765,5011
6321,5011,1003
6322,1003,2691
6323,2691,2692
6324,2692,1277
6325,1277,5012
6326,5012,10950
6327,10950,6703
6328,6703,6687
6329,6687,6688
6330,2626,457
6331,457,2626
6332,457,10899
6333,10899,457
6334,10899,10900
6335,10900,10899
6336,10900,2663
6337,2663,10900
6338,2663,1161
6339,1161,2663
6340,1161,6428
6341,6428,1161
6342,1667,5559
6343,9405,9399
6344,2558,9230
6345,9264,2562
6346,2562,4466
6347,4466,2563
6348,716,666
6349,2066,10297
6350,10297,2103
6351,2010,2832
6352,2832,2838
6353,285,924
6354,924,118
6355,118,1300
6356,2838,5772
6357,2778,8660
6358,2785,5757
6359,2755,1849
6360,1849,5756
6361,2441,5755
6362,5755,1847
6363,2449,2452
6364,2452,1841
6365,1841,5712
6366,1842,5713
6367,5713,2459
6368,2459,2461
6369,1322,7861
6370,1321,7862
6371,7862,7863
6372,7863,1320
6373,1319,2460
6374,1318,4497
6375,1317,1846
6376,293,2240
6377,2240,2812
6378,2047,5449
6379,1838,1839
6380,2787,5725
6381,5702,419
6382,419,5698
6383,5698,636
6384,636,5699
6385,5699,898
6386,898,2895
6387,2895,136
6388,8301,5726
6389,2092,128
6390,128,4513
6391,4513,2762
6392,11,11041
6393,11041,6631
6394,6631,6634
6395,6634,198
6396,198,2667
6397,2667,2672
6398,6688,6684
6399,6684,5013
6400,5013,4332
6401,4332,2609
6402,2609,6875
6403,6875,10929
6404,10929,6652
6405,2738,2746
6406,2746,2738
6407,2519,2521
6408,2521,2522
6409,2522,9493
6410,9493,2523
6411,2525,6053
6412,10021,10022
6413,6803,10967
6414,10967,4612
6415,4612,6683
6416,6683,6687
6417,6687,6686
6418,6686,6685
6419,6685,4717
6420,4717,2015
6421,1098,1551
6422,1551,4961
6423,4961,1153
6424,3454,4962
6425,3451,10783
6426,10783,4739
6427,4739,3996
6428,3996,3997
6429,3997,4337
6430,4337,10583
6431,10583,4738
6432,4738,10584
6433,10584,10582
6434,10582,1810
6435,9065,9064
6436,9064,9065
6437,4530,921
6438,921,7301
6439,7301,4528
6440,9227,4528
6441,9227,552
6442,6336,9226
6443,7302,7303
6444,7303,3616
6445,115,4668
6446,4668,379
6447,4603,9273
6448,9273,4527
6449,9263,9271
6450,4610,9260
6451,945,9262
6452,9262,9259
6453,9261,505
6454,9225,1156
6455,4428,4429
6456,4245,983
6457,416,5800
6458,465,5799
6459,1816,2764
6460,2764,1815
6461,10291,111
6462,111,10330
6463,10330,2481
6464,2481,10460
6465,10460,6318
6466,1854,2202
6467,2124,3399
6468,3399,3398
6469,3398,3401
6470,3401,8625
6471,4820,10088
6472,3680,2205
6473,3832,5235
6474,5235,3835
6475,3835,3833
6476,3833,3836
6477,3836,4910
6478,4910,3834
6479,3834,2892
6480,2892,2893
6481,2037,2378
6482,5099,5100
6483,5362,11219
6484,136,5789
6485,5789,2800
6486,10916,5381
6487,5408,5407
6488,5407,8791
6489,5608,5609
6490,4417,5607
6491,4248,4247
6492,7296,7732
6493,5418,7297
6494,7298,8598
6495,7134,5471
6496,7133,7135
6497,7293,5416
6498,969,2343
6499,1120,7815
6500,7815,894
6501,4268,4267
6502,6993,127
6503,8575,5148
6504,823,10697
6505,10697,6333
6506,6333,8135
6507,8212,6992
6508,6992,10837
6509,10837,353
6510,7946,873
6511,4514,5445
6512,10845,8569
6513,10844,10841
6514,15,5149
6515,7051,11125
6516,10846,885
6517,8213,5422
6518,1900,8213
6519,8403,8404
6520,5916,4028
6521,4028,5834
6522,5834,5426
6523,5426,4038
6524,4038,4091
6525,5839,5840
6526,5840,5431
6527,5431,4949
6528,4041,7947
6529,4041,5430
6530,5430,4041
6531,8467,5430
6532,8472,8467
6533,1032,4974
6534,8418,1032
6535,8154,8418
6536,4092,8154
6537,4094,4092
6538,10620,4094
6539,8417,90
6540,10611,259
6541,978,10611
6542,10612,341
6543,341,10612
6544,10617,10616
6545,631,10617
6546,8596,8597
6547,8192,624
6548,5415,8119
6549,5412,3359
6550,5610,5472
6551,8057,8056
6552,8056,8058
6553,8058,10224
6554,2100,3715
6555,3715,8059
6556,8059,10225
6557,10225,10226
6558,10226,3704
6559,3704,10228
6560,10228,10227
6561,10227,8226
6562,8226,10229
6563,10229,2106
6564,2106,10230
6565,10230,3700
6566,3700,10231
6567,10231,3702
6568,5477,5476
6569,3476,5474
6570,2091,3479
6571,3479,3485
6572,3485,3483
6573,3483,5458
6574,5458,7746
6575,7746,3488
6576,5465,5462
6577,5462,4697
6578,4697,3474
6579,8190,5475
6580,3690,3694
6581,9387,3692
6582,2101,3698
6583,3695,2102
6584,3699,3693
6585,3714,3691
6586,3691,8159
6587,3689,3696
6588,3696,525
6589,3528,1351
6590,10287,1788
6591,1788,1789
6592,10336,1333
6593,1333,1332
6594,10346,10347
6595,10347,1707
6596,1706,1779
6597,5482,5483
6598,6250,6251
6599,6250,6249
6600,6249,6250
6601,6249,11308
6602,11308,6249
6603,11308,6246
6604,6246,11308
6605,6246,11307
6606,11307,6246
6607,11307,11242
6608,11242,11307
6609,11242,9563
6610,9563,11242
6611,9563,9564
6612,9564,9563
6613,6763,5509
6614,5509,6763
6615,5509,2281
6616,2281,5509
6617,2281,9508
6618,9508,2281
6619,9508,2282
6620,2282,9508
6621,2282,9507
6622,9507,2282
6623,9507,9509
6624,9509,9507
6625,9509,6358
6626,6358,9509
6627,6358,2283
6628,2283,6358
6629,2283,10130
6630,10130,2283
6631,10130,10131
6632,10131,10130
6633,10131,2284
6634,2284,10131
6635,2284,10132
6636,10132,2284
6637,10132,4114
6638,4114,10132
6639,4114,10133
6640,10133,4114
6641,10133,2285
6642,2285,10133
6643,6337,10320
6644,10320,7214
6645,7210,7218
6646,7218,7216
6647,7216,9406
6648,9406,7212
6649,7212,5512
6650,7856,9383
6651,7219,5513
6652,5513,5511
6653,7211,7215
6654,7215,7217
6655,7209,7213
6656,7213,7855
6657,5239,4594
6658,4594,5241
6659,4592,5244
6660,5244,5549
6661,5549,8755
6662,4597,8858
6663,8858,5247
6664,5247,9166
6665,5249,9221
6666,9221,5252
6667,9187,9186
6668,9182,5145
6669,5145,3603
6670,3603,5260
6671,5260,4596
6672,4596,5263
6673,5263,9813
6674,5265,9347
6675,9814,5269
6676,5269,4669
6677,5278,5279
6678,4518,9935
6679,5283,5285
6680,5285,5287
6681,5289,5291
6682,5291,5293
6683,5296,5298
6684,5298,5299
6685,5299,9681
6686,5514,5515
6687,8770,8788
6688,8788,5858
6689,5858,5857
6690,5857,5859
6691,8730,5517
6692,5517,5523
6693,5522,5518
6694,5518,8708
6695,8708,5969
6696,5969,5970
6697,5970,8669
6698,2477,5974
6699,5971,5519
6700,5519,5973
6701,5973,5520
6702,5520,6019
6703,6019,5972
6704,5972,5521
6705,5521,5988
6706,5988,5856
6707,5856,8768
6708,4947,5525
6709,5525,5443
6710,5443,5838
6711,5524,5444
6712,4033,5529
6713,5529,8491
6714,8491,5528
6715,5527,5526
6716,5526,4950
6717,4951,5533
6718,5533,5532
6719,5531,5530
6720,5530,4048
6721,5547,5534
6722,5534,8729
6723,8729,8789
6724,8789,8769
6725,8550,5535
6726,8549,5689
6727,5689,5536
6728,5536,5038
6729,5038,5537
6730,4601,5548
6731,5538,5852
6732,5539,5853
6733,5853,5540
6734,3600,6057
6735,2076,766
6736,2076,161
6737,7132,7292
6738,5617,5618
6739,5617,3293
6740,3293,3292
6741,3292,4657
6742,4657,6847
6743,6847,6846
6744,6846,3306
6745,3306,9803
6746,9803,6851
6747,6851,3307
6748,3307,6849
6749,6849,6853
6750,6853,4541
6751,4541,6855
6752,6855,2926
6753,5623,5624
6754,5624,5625
6755,5625,5626
6756,5015,6401
6757,9738,5015
6758,9735,9738
6759,5578,9739
6760,2860,7758
6761,3763,3176
6762,10143,4104
6763,10143,6672
6764,6672,10143
6765,6672,10141
6766,10141,6672
6767,10141,10136
6768,10136,10141
6769,10136,10140
6770,10140,10136
6771,10140,10135
6772,10135,10140
6773,10135,2131
6774,2131,10135
6775,2131,10142
6776,10142,2131
6777,10142,7026
6778,7026,10142
6779,7026,7025
6780,7025,7026
6781,7025,5668
6782,5668,7025
6783,1305,1130
6784,1130,8535
6785,3220,8534
6786,9320,9319
6787,9322,9320
6788,3470,2401
6789,6282,3470
6790,6282,595
6791,595,6282
6792,595,6381
6793,6381,595
6794,1927,6381
6795,1927,9467
6796,9467,9465
6797,9465,9467
6798,9466,9465
6799,5497,9466
6800,8186,5497
6801,5567,8186
6802,5567,8188
6803,8188,5567
6804,9468,8188
6805,8187,9468
6806,8187,8189
6807,8189,8187
6808,4101,925
6809,531,925
6810,9939,290
6811,9937,9938
6812,5676,5677
6813,5681,8553
6814,5686,8554
6815,8554,5684
6816,5680,5864
6817,5683,5685
6818,5685,5850
6819,5850,5688
6820,5696,8539
6821,8539,5693
6822,6334,4055
6823,4053,8554
6824,5750,5751
6825,5751,5752
6826,5753,5754
6827,5759,5760
6828,5760,5761
6829,5761,5762
6830,5721,5722
6831,5722,5723
6832,5723,5724
6833,5724,2762
6834,5733,5734
6835,5735,5736
6836,5736,5737
6837,5738,5727
6838,1853,2065
6839,5769,2817
6840,2817,3132
6841,5770,2218
6842,824,5774
6843,5799,7188
6844,10441,10440
6845,2757,5803
6846,1275,2745
6847,2745,449
6848,2479,4375
6849,5824,5823
6850,4049,5837
6851,4090,4050
6852,4050,5441
6853,5441,7948
6854,8568,5854
6855,5854,5541
6856,5541,5542
6857,5542,8573
6858,8573,5543
6859,5543,6011
6860,6011,5544
6861,5544,5041
6862,5041,5545
6863,5545,5039
6864,8731,8733
6865,8733,5546
6866,5546,8732
6867,8732,4599
6868,5864,5847
6869,5847,4032
6870,4032,5432
6871,5432,4034
6872,5865,4040
6873,5435,4054
6874,4054,8556
6875,8556,5434
6876,8441,5869
6877,5870,5871
6878,5871,6350
6879,5872,5873
6880,5874,5845
6881,8128,5875
6882,5875,10609
6883,5876,8474
6884,8474,8468
6885,7949,5877
6886,5877,5878
6887,5878,8470
6888,10615,5879
6889,8146,5860
6890,5918,5912
6891,5912,8471
6892,8471,5913
6893,5913,8156
6894,5885,10696
6895,8402,5886
6896,5886,5887
6897,5887,5888
6898,5888,8390
6899,10637,5917
6900,5889,5032
6901,5032,5890
6902,5891,5892
6903,10634,8381
6904,5893,8149
6905,5861,10640
6906,10640,8143
6907,5862,8400
6908,8400,5863
6909,8401,5900
6910,5900,5901
6911,5901,5902
6912,5902,5903
6913,5903,8399
6914,8399,5904
6915,5904,5905
6916,5905,8398
6917,8398,5906
6918,5880,8473
6919,8473,5881
6920,5881,10614
6921,10614,5035
6922,4952,5924
6923,9859,5925
6924,5925,5926
6925,5926,9860
6926,8445,9861
6927,9861,5927
6928,5927,9862
6929,9863,5928
6930,5928,5929
6931,5929,5930
6932,5931,5932
6933,8718,10527
6934,5949,5950
6935,4020,5951
6936,5951,5952
6937,5952,5953
6938,5953,5954
6939,5954,5955
6940,5955,5956
6941,5957,5958
6942,5958,5959
6943,5960,5961
6944,8707,5975
6945,5975,5976
6946,5976,5977
6947,5977,5978
6948,5978,5979
6949,5979,5980
6950,5980,5981
6951,5981,5982
6952,5982,6012
6953,6012,5983
6954,5983,8787
6955,8787,8786
6956,5985,5992
6957,5992,5993
6958,5993,5994
6959,5994,5995
6960,5996,5997
6961,5997,8793
6962,8793,5998
6963,5998,5999
6964,5999,6000
6965,6001,8713
6966,8713,10526
6967,2497,6051
6968,2526,10023
6969,9693,5010
6970,9657,9656
6971,9656,5327
6972,5348,5152
6973,6060,6061
6974,490,911
6975,5329,490
6976,5329,94
6977,94,5329
6978,5330,94
6979,312,5331
6980,481,9419
6981,8332,6107
6982,6111,6112
6983,6112,8607
6984,6119,7428
6985,6117,6118
6986,6114,8605
6987,6123,8604
6988,3218,3217
6989,3217,4279
6990,4279,5391
6991,5392,5396
6992,6089,3206
6993,3202,3200
6994,3200,3201
6995,3201,8537
6996,8537,3204
6997,3204,8536
6998,8536,3203
6999,3203,6090
7000,9605,9604
7001,6108,6109
7002,6110,8538
7003,6149,6136
7004,6149,6137
7005,6137,6149
7006,6137,6145
7007,6145,6137
7008,6145,6141
7009,6141,6145
7010,6141,6144
7011,6144,6141
7012,6144,6138
7013,6138,6144
7014,6138,6139
7015,6139,6138
7016,6139,6140
7017,6140,6139
7018,6141,6153
7019,6153,6141
7020,6153,6142
7021,6142,6153
7022,6140,6144
7023,6144,6140
7024,6144,6152
7025,6152,6144
7026,6152,6153
7027,6153,6152
7028,2866,1672
7029,4627,8037
7030,1422,3271
7031,3271,1771
7032,1771,3785
7033,3785,1385
7034,1385,1549
7035,1679,4628
7036,4628,3505
7037,1749,4858
7038,4858,1749
7039,4858,1731
7040,1731,4858
7041,1099,3047
7042,2417,1380
7043,1646,4841
7044,1647,1646
7045,1519,1647
7046,1518,1519
7047,1399,1518
7048,1382,1399
7049,1404,1382
7050,9443,1404
7051,9787,4476
7052,176,4588
7053,3233,1239
7054,3233,158
7055,158,7163
7056,1876,68
7057,1742,5105
7058,5105,4834
7059,4834,4131
7060,4131,1743
7061,1743,1737
7062,1737,4835
7063,4835,7030
7064,7030,1457
7065,7644,7035
7066,7035,7643
7067,7272,8180
7068,9160,4767
7069,2089,3014
7070,3014,3007
7071,3007,3356
7072,3356,8053
7073,8053,3009
7074,3009,2983
7075,2983,3000
7076,3000,2995
7077,2995,3010
7078,3010,3027
7079,3027,4898
7080,4898,2974
7081,3550,6625
7082,6625,4636
7083,4636,3549
7084,3549,3540
7085,3540,3556
7086,3556,3538
7087,3538,3555
7088,3555,3557
7089,3557,4637
7090,4637,3547
7091,3547,3545
7092,3545,4639
7093,4639,7522
7094,7522,7432
7095,7432,7521
7096,7521,7431
7097,7431,3543
7098,3543,4276
7099,4276,3546
7100,3546,3558
7101,3558,3553
7102,3553,3918
7103,3918,7632
7104,7632,4641
7105,4641,7508
7106,7508,7629
7107,7629,7509
7108,7509,7628
7109,7628,7627
7110,7627,6899
7111,6899,9138
7112,9138,6759
7113,6759,3541
7114,3541,7507
7115,7507,7626
7116,7626,4644
7117,4644,9142
7118,9142,3544
7119,3544,3552
7120,3552,7756
7121,7756,7753
7122,7753,7752
7123,7752,7754
7124,7754,9510
7125,9510,9511
7126,9511,6763
7127,6763,9514
7128,9514,1134
7129,1134,6761
7130,6761,9513
7131,9513,4647
7132,4647,3554
7133,3554,10139
7134,10139,4104
7135,7717,8974
7136,3617,4430
7137,667,4533
7138,4533,964
7139,964,421
7140,8884,1065
7141,7677,9736
7142,9736,6401
7143,6401,9734
7144,9734,5672
7145,5672,9733
7146,9733,9770
7147,9770,5577
7148,370,9756
7149,9771,9772
7150,9772,9773
7151,9773,720
7152,9752,9751
7153,9751,9774
7154,10537,10686
7155,10537,10536
7156,10536,10537
7157,10536,10939
7158,10939,10536
7159,10939,10947
7160,10947,10939
7161,10947,10942
7162,10942,10947
7163,10942,10937
7164,10937,10942
7165,10937,10941
7166,10941,10937
7167,10941,10943
7168,10943,10941
7169,10943,10535
7170,10535,10943
7171,7011,7012
7172,2707,2423
7173,2423,6187
7174,3279,5781
7175,5781,1858
7176,1859,1860
7177,1860,2709
7178,2709,1861
7179,1862,1863
7180,320,10585
7181,5668,7028
7182,7028,5668
7183,7028,7027
7184,7027,7028
7185,7027,7059
7186,7059,7027
7187,7059,6673
7188,6673,7059
7189,6673,71
7190,71,6673
7191,71,195
7192,195,71
7193,195,7023
7194,7023,195
7195,1497,3817
7196,3817,1743
7197,4132,4622
7198,4622,1401
7199,1401,1697
7200,5106,4623
7201,4623,10275
7202,1333,10339
7203,10339,1778
7204,1778,4624
7205,4624,1739
7206,1739,9924
7207,9924,9925
7208,9925,1736
7209,1736,9918
7210,9918,4625
7211,4625,1759
7212,1433,9913
7213,9913,1801
7214,1660,4972
7215,4972,1685
7216,1685,1757
7217,1757,1676
7218,7389,9417
7219,926,8263
7220,421,4526
7221,4526,4498
7222,4498,4526
7223,1278,930
7224,930,1278
7225,4532,9060
7226,9060,2743
7227,5674,2326
7228,2326,5674
7229,2326,7661
7230,7661,2326
7231,7661,351
7232,351,7661
7233,351,5551
7234,5551,351
7235,5551,7662
7236,7662,5551
7237,7662,10111
7238,10111,7662
7239,10111,2277
7240,2277,10111
7241,310,4306
7242,130,4685
7243,130,4975
7244,4975,130
7245,10699,121
7246,10700,10699
7247,10698,932
7248,9327,10698
7249,877,9327
7250,6331,877
7251,153,2163
7252,6312,153
7253,648,6312
7254,6824,6281
7255,1377,1674
7256,2395,9915
7257,9915,1770
7258,1770,9914
7259,9914,2890
7260,2870,2864
7261,2862,2848
7262,10376,1209
7263,9602,9603
7264,10378,10377
7265,10378,10915
7266,10915,10378
7267,10915,10379
7268,10379,10915
7269,10379,10913
7270,10913,10379
7271,10913,10914
7272,10914,10913
7273,10914,10380
7274,10380,10914
7275,10380,10383
7276,10383,10380
7277,9775,4917
7278,4917,9750
7279,642,9068
7280,9068,1043
7281,1043,1171
7282,1171,6420
7283,6420,1010
7284,1010,5493
7285,4916,5492
7286,5492,9107
7287,9107,295
7288,7126,9082
7289,7126,968
7290,968,7126
7291,968,11247
7292,11247,968
7293,11247,1027
7294,1027,11247
7295,1027,9108
7296,9108,1027
7297,9108,9109
7298,9109,9108
7299,9109,5491
7300,5491,9109
7301,5491,5490
7302,5490,5491
7303,5490,7127
7304,7127,5490
7305,7127,9106
7306,9106,7127
7307,9775,4574
7308,4574,9781
7309,9781,9780
7310,9780,9779
7311,5017,7700
7312,7700,9778
7313,9777,9902
7314,9902,11272
7315,9903,9776
7316,7394,9901
7317,5016,7395
7318,7395,7674
7319,318,9953
7320,318,7396
7321,7397,7398
7322,7398,11271
7323,7673,7672
7324,7401,9775
7325,9067,7401
7326,10519,9067
7327,10519,10520
7328,7125,7128
7329,7114,6200
7330,9806,721
7331,9806,6175
7332,11276,6175
7333,5615,11276
7334,863,5615
7335,6387,6388
7336,6408,6387
7337,9817,6408
7338,231,9817
7339,692,6407
7340,9818,6375
7341,9819,9820
7342,6409,9819
7343,9815,9816
7344,9873,9815
7345,9873,9877
7346,9877,9873
7347,11260,10897
7348,11260,8063
7349,8063,11260
7350,8063,764
7351,764,8063
7352,764,11259
7353,11259,764
7354,11259,185
7355,185,11259
7356,185,3547
7357,3547,185
7358,3547,10662
7359,10662,3547
7360,10662,10665
7361,10665,10662
7362,10665,10469
7363,10469,10665
7364,3772,7783
7365,1913,993
7366,993,4878
7367,4878,9043
7368,9043,83
7369,83,9044
7370,9044,3773
7371,3773,453
7372,3474,9364
7373,9364,3473
7374,3473,4667
7375,4667,3475
7376,3475,7227
7377,8218,8219
7378,8219,3477
7379,3477,4666
7380,4666,7228
7381,7228,3471
7382,3471,3484
7383,3484,3482
7384,3482,7230
7385,7230,9342
7386,10388,10389
7387,10388,10387
7388,10387,10388
7389,10387,10386
7390,10386,10387
7391,10386,10385
7392,10385,10386
7393,10385,10384
7394,10384,10385
7395,10384,10383
7396,10383,10384
7397,10383,10382
7398,10382,10383
7399,10382,11300
7400,11300,10382
7401,11300,7379
7402,7379,11300
7403,7379,7378
7404,7378,7379
7405,7378,17
7406,17,7378
7407,17,10391
7408,10391,17
7409,10391,10392
7410,10392,10391
7411,10392,10390
7412,10390,10392
7413,10390,10393
7414,10393,10390
7415,2633,6635
7416,6635,11053
7417,11053,2676
7418,2676,6633
7419,6633,6630
7420,6630,10389
7421,6177,6176
7422,6176,6177
7423,4084,10172
7424,4978,9965
7425,1144,10170
7426,7649,1144
7427,4577,7649
7428,10173,4577
7429,1240,10173
7430,527,697
7431,272,527
7432,1234,272
7433,2345,2098
7434,2098,1875
7435,1875,337
7436,337,2170
7437,2170,9720
7438,9720,9719
7439,9719,382
7440,382,2097
7441,2097,1101
7442,1101,486
7443,486,1873
7444,1873,2096
7445,2096,2192
7446,525,10513
7447,1001,8190
7448,8189,8190
7449,3098,8210
7450,8210,7886
7451,10909,10910
7452,10910,10909
7453,10910,8066
7454,8066,10910
7455,8066,10911
7456,10911,8066
7457,10911,10907
7458,10907,10911
7459,10907,10912
7460,10912,10907
7461,10912,4745
7462,4745,10912
7463,4745,1209
7464,1209,4745
7465,317,8647
7466,6764,6768
7467,10753,10716
7468,10376,2679
7469,2679,10376
7470,2679,4746
7471,4746,2679
7472,4746,11052
7473,11052,4746
7474,11052,2654
7475,2654,11052
7476,2654,11051
7477,11051,2654
7478,11051,11050
7479,11050,11051
7480,11050,2680
7481,2680,11050
7482,10376,10377
7483,10377,10376
7484,8299,2846
7485,6189,6187
7486,4210,4209
7487,3466,4229
7488,6861,1708
7489,1708,9363
7490,10598,6828
7491,6661,10598
7492,6661,10590
7493,10590,6661
7494,6269,1568
7495,1568,6490
7496,6490,2843
7497,2843,1772
7498,9247,9246
7499,9246,9245
7500,9244,1810
7501,1811,1812
7502,1812,9243
7503,9250,9249
7504,9249,9248
7505,6722,1808
7506,1808,1809
7507,1476,6566
7508,6567,1979
7509,1979,6565
7510,10918,400
7511,10918,4618
7512,4618,10918
7513,4618,10976
7514,10976,4618
7515,10976,10738
7516,10738,10976
7517,10738,10977
7518,10977,10738
7519,10977,1142
7520,1142,10977
7521,1142,10746
7522,10746,1142
7523,10746,10972
7524,10972,10746
7525,10972,10745
7526,10745,10744
7527,10743,10970
7528,10742,10741
7529,10740,10739
7530,10752,7996
7531,7996,10982
7532,10991,8003
7533,5018,11003
7534,11003,2695
7535,7999,10989
7536,10980,10990
7537,10987,10737
7538,10986,10736
7539,10736,5019
7540,5019,10979
7541,10979,11000
7542,11001,10999
7543,10999,11001
7544,10999,10998
7545,10784,10998
7546,10784,1153
7547,6275,6052
7548,10423,6355
7549,11113,11112
7550,1127,6287
7551,5001,1127
7552,5001,2163
7553,2163,5001
7554,6288,6289
7555,6303,6353
7556,6306,6304
7557,6305,6313
7558,6357,8132
7559,8469,8130
7560,6334,5683
7561,5682,5680
7562,5439,5440
7563,5440,4029
7564,4052,4055
7565,5690,8540
7566,6335,5687
7567,5687,5686
7568,6338,6337
7569,5300,5299
7570,5299,6339
7571,6339,9676
7572,8921,4696
7573,4696,11196
7574,11196,4696
7575,11196,31
7576,31,4695
7577,4695,31
7578,4695,4694
7579,4694,4695
7580,4694,4693
7581,4693,4692
7582,4692,4693
7583,4692,4691
7584,4691,4692
7585,4691,11197
7586,4690,11197
7587,4690,11198
7588,11198,4690
7589,5003,11198
7590,8922,5003
7591,11199,8922
7592,4689,11199
7593,4688,4689
7594,4688,10788
7595,10788,8102
7596,8102,8103
7597,8103,8102
7598,3969,8883
7599,8478,3978
7600,6343,6344
7601,10610,6348
7602,6352,5679
7603,6362,10322
7604,6364,10418
7605,10418,10321
7606,10321,6363
7607,6365,10290
7608,10290,6367
7609,6367,7770
7610,7770,6366
7611,6366,6369
7612,8052,11024
7613,986,6376
7614,11025,6377
7615,6377,6378
7616,6378,10144
7617,298,10155
7618,422,3685
7619,1039,10936
7620,2780,2797
7621,7413,6423
7622,7413,9155
7623,4803,319
7624,319,2580
7625,2580,904
7626,904,4808
7627,4808,2593
7628,2593,2640
7629,1252,6674
7630,6898,4802
7631,6213,2677
7632,2677,6213
7633,3548,6429
7634,299,10901
7635,2699,6432
7636,2699,6596
7637,6596,2699
7638,6596,51
7639,51,6596
7640,6822,7984
7641,7984,6458
7642,6458,6460
7643,6460,10902
7644,10902,6438
7645,6438,3953
7646,6820,6825
7647,6825,10655
7648,10655,6827
7649,6827,4779
7650,4779,5175
7651,5175,3951
7652,3951,5174
7653,5174,7110
7654,7110,3954
7655,3954,4777
7656,4777,7373
7657,7373,7353
7658,7353,10905
7659,10905,7086
7660,7086,7096
7661,7096,7083
7662,7083,10889
7663,10889,3946
7664,3946,10395
7665,10395,6380
7666,6380,4778
7667,4778,10890
7668,10890,3947
7669,3947,10879
7670,10879,3952
7671,9194,6436
7672,10876,10874
7673,10874,10875
7674,6459,3955
7675,10389,11047
7676,11047,6213
7677,6213,7380
7678,7380,11046
7679,11046,11045
7680,11045,6632
7681,6632,11048
7682,11048,11245
7683,11245,7985
7684,7985,2675
7685,6507,6482
7686,6475,6474
7687,6904,6481
7688,6481,8510
7689,2399,7921
7690,1712,6486
7691,7909,6534
7692,6534,736
7693,736,6538
7694,6538,2588
7695,2588,6535
7696,6535,6530
7697,6530,6536
7698,6536,479
7699,479,6537
7700,6537,2646
7701,2646,2630
7702,2630,2611
7703,2611,907
7704,907,6559
7705,6559,2585
7706,2585,329
7707,329,2684
7708,2684,2597
7709,2597,268
7710,268,2632
7711,2632,6542
7712,6542,11072
7713,11072,6556
7714,6543,2570
7715,2570,2662
7716,2662,2587
7717,2587,2641
7718,2641,2653
7719,2653,6434
7720,6434,2584
7721,2584,6533
7722,6533,2659
7723,2659,6558
7724,6558,2614
7725,2614,2661
7726,2661,2623
7727,2623,6531
7728,6531,2642
7729,2642,2628
7730,2628,6539
7731,6539,6532
7732,6532,2643
7733,2643,2678
7734,2678,8071
7735,8071,7914
7736,7914,2621
7737,6556,6543
7738,736,6546
7739,6546,960
7740,6549,6551
7741,3752,3754
7742,3751,3753
7743,2631,471
7744,6457,6822
7745,6557,6552
7746,6881,6877
7747,6876,6883
7748,6883,9337
7749,10596,10597
7750,6882,10599
7751,6491,6441
7752,6441,1409
7753,10594,10595
7754,10595,2845
7755,6562,6563
7756,10587,6564
7757,10588,10587
7758,6906,7841
7759,6572,6568
7760,6905,6570
7761,7840,9393
7762,9393,6571
7763,6569,7980
7764,4172,6905
7765,11092,2087
7766,2087,5000
7767,5000,1872
7768,1872,2086
7769,2086,6553
7770,6553,3764
7771,2683,4997
7772,6208,9475
7773,6913,6603
7774,11059,11154
7775,6614,11095
7776,11095,6615
7777,6618,6619
7778,6619,6618
7779,6619,6613
7780,6613,6619
7781,6613,6614
7782,6614,6613
7783,6614,6612
7784,6612,6614
7785,6618,6617
7786,6617,562
7787,562,6610
7788,6610,11155
7789,6613,11058
7790,11058,6613
7791,11058,11057
7792,11057,11058
7793,11057,11153
7794,11153,11057
7795,6664,11058
7796,11058,6617
7797,10389,10381
7798,10381,10389
7799,10381,11
7800,11,10381
7801,6645,6205
7802,6205,6645
7803,6205,6593
7804,6593,6205
7805,10928,10920
7806,10920,10928
7807,10920,10919
7808,10919,10920
7809,10919,11110
7810,11110,10919
7811,11110,11102
7812,11102,11110
7813,11102,11109
7814,11109,11102
7815,11109,11096
7816,11096,11109
7817,11096,11097
7818,11097,11096
7819,10928,10533
7820,10533,6652
7821,6652,11119
7822,11119,10535
7823,10535,10534
7824,10534,6646
7825,6646,10928
7826,6646,10533
7827,6652,10534
7828,11119,10930
7829,10930,11119
7830,10930,6647
7831,6647,10930
7832,6647,6654
7833,6654,6647
7834,6654,6648
7835,6648,6654
7836,6700,6650
7837,6650,10944
7838,10944,10938
7839,10938,6649
7840,6649,10930
7841,11041,2670
7842,2670,2674
7843,2674,676
7844,676,808
7845,808,4791
7846,4791,3579
7847,3579,8077
7848,8077,8076
7849,8076,1007
7850,1007,514
7851,514,11049
7852,11049,6664
7853,3755,3756
7854,6677,6676
7855,6676,6675
7856,6675,793
7857,793,6675
7858,793,8197
7859,8197,6679
7860,6679,4870
7861,4870,9053
7862,9053,3227
7863,3227,1194
7864,1194,3227
7865,1194,8195
7866,8196,2957
7867,2957,9052
7868,9052,2957
7869,9052,8175
7870,8175,8217
7871,8217,8216
7872,8215,645
7873,645,2168
7874,2168,8174
7875,8174,184
7876,184,4871
7877,4871,2169
7878,2169,9051
7879,9051,3228
7880,3228,411
7881,411,8214
7882,8214,393
7883,393,3229
7884,3229,9046
7885,9046,9045
7886,9045,9050
7887,9050,1929
7888,1929,1006
7889,1006,2146
7890,2146,1006
7891,2145,11141
7892,1907,4872
7893,1907,1908
7894,1908,3771
7895,3771,7229
7896,7229,1909
7897,1909,11129
7898,7231,1104
7899,1104,453
7900,6731,11091
7901,11091,11073
7902,6695,6807
7903,6807,6696
7904,6696,10974
7905,10974,6860
7906,6860,4741
7907,4741,3532
7908,6942,6707
7909,6709,6708
7910,7064,6709
7911,6917,6710
7912,6711,6712
7913,10981,2421
7914,6723,6726
7915,6274,6727
7916,6273,6274
7917,6724,10985
7918,6728,10985
7919,6725,10736
7920,6878,6829
7921,1945,1942
7922,1952,2430
7923,3404,6729
7924,6774,10490
7925,10490,6774
7926,10490,6738
7927,6738,10490
7928,3548,10934
7929,10934,10933
7930,10933,10932
7931,6761,6762
7932,6762,6761
7933,1142,10975
7934,10975,1142
7935,10975,10971
7936,10971,10975
7937,10971,10973
7938,10973,10971
7939,10973,6767
7940,946,7529
7941,7529,946
7942,7529,4787
7943,4787,7529
7944,4787,7538
7945,7538,4787
7946,7538,7530
7947,7530,7538
7948,7530,7534
7949,7534,7530
7950,7534,7531
7951,7531,7534
7952,7531,7535
7953,7535,7531
7954,7535,80
7955,80,7535
7956,80,7539
7957,7539,80
7958,7539,7543
7959,7543,7539
7960,7543,7544
7961,7544,7543
7962,7544,474
7963,474,7544
7964,946,7537
7965,7537,946
7966,7537,7536
7967,7536,7537
7968,7536,7485
7969,7485,7536
7970,7485,7533
7971,7533,7485
7972,7533,7486
7973,7486,7533
7974,7486,7532
7975,7532,7486
7976,7532,276
7977,276,7532
7978,276,7489
7979,7489,276
7980,7489,371
7981,371,7489
7982,371,1481
7983,1481,371
7984,6764,10960
7985,10960,6764
7986,10960,4788
7987,4788,10960
7988,4788,10961
7989,10961,4788
7990,10961,10962
7991,10962,10961
7992,10962,10963
7993,10963,10962
7994,10963,10964
7995,10964,10963
7996,10964,10762
7997,10762,10964
7998,10762,1003
7999,1003,10762
8000,1003,10671
8001,10671,1003
8002,10671,10723
8003,10723,10671
8004,10723,10711
8005,10711,10723
8006,10711,10724
8007,10724,10711
8008,10724,10725
8009,10725,10724
8010,10725,10726
8011,10726,10725
8012,10726,10727
8013,10727,10726
8014,10727,10728
8015,10728,10727
8016,10728,10729
8017,10729,10728
8018,10729,10730
8019,10730,10729
8020,10730,10731
8021,10731,10730
8022,10731,7484
8023,7484,10731
8024,7484,946
8025,946,7484
8026,3909,6771
8027,6771,3909
8028,4117,9202
8029,9202,4117
8030,9202,7579
8031,7579,9202
8032,7579,7578
8033,7578,7579
8034,7578,7573
8035,7573,7578
8036,7573,8012
8037,8012,7573
8038,8012,7575
8039,7575,8012
8040,7575,7574
8041,7574,7575
8042,7574,7577
8043,7577,7574
8044,7577,7576
8045,7576,7577
8046,474,4117
8047,4117,474
8048,6776,4272
8049,4272,6780
8050,6779,6772
8051,6780,4325
8052,4325,7556
8053,7556,7555
8054,7555,3458
8055,3458,3919
8056,3919,6719
8057,6719,3460
8058,3460,7554
8059,7554,7553
8060,7553,7552
8061,7552,4731
8062,4731,7551
8063,7551,4120
8064,4120,7550
8065,7550,191
8066,191,7549
8067,7549,7548
8068,7548,7427
8069,7427,7545
8070,7545,7547
8071,7547,7546
8072,7546,474
8073,474,7541
8074,7541,7542
8075,7542,7540
8076,7540,4733
8077,4733,1482
8078,6787,6786
8079,6786,7904
8080,7904,3912
8081,3912,6779
8082,6788,3909
8083,3909,7572
8084,7572,7571
8085,7571,7570
8086,7570,451
8087,451,6873
8088,6804,8078
8089,8078,11101
8090,11101,400
8091,400,11098
8092,11098,11111
8093,11111,4318
8094,513,4318
8095,4318,513
8096,4317,10918
8097,10918,4316
8098,4316,6805
8099,6796,6793
8100,4797,11085
8101,714,6801
8102,10995,4801
8103,10997,10996
8104,6817,4800
8105,4800,10988
8106,4798,11082
8107,11083,6800
8108,4799,781
8109,11081,922
8110,11080,11079
8111,10750,11080
8112,10751,10992
8113,10993,10752
8114,8004,10752
8115,7997,8002
8116,10712,63
8117,6695,6809
8118,10924,10923
8119,10923,10927
8120,10927,6695
8121,3531,4127
8122,4127,4126
8123,4126,6697
8124,6697,10966
8125,10966,10965
8126,10965,10968
8127,10968,6806
8128,6806,6790
8129,6790,6808
8130,6808,10925
8131,10925,10924
8132,6809,6790
8133,10926,10923
8134,10923,6804
8135,6815,6816
8136,3797,3798
8137,11077,11075
8138,12,11076
8139,10394,10393
8140,10394,3946
8141,3946,10394
8142,10659,10655
8143,6742,7634
8144,7634,10493
8145,10493,4726
8146,4726,10409
8147,10409,10410
8148,10410,6818
8149,6818,6826
8150,6826,6820
8151,6821,3553
8152,3553,7526
8153,7526,7525
8154,7525,3559
8155,3559,7760
8156,7760,7524
8157,7524,7523
8158,7523,4728
8159,4728,6774
8160,6774,7761
8161,7761,4275
8162,4275,1083
8163,1083,583
8164,583,1271
8165,1271,859
8166,859,7515
8167,7515,4730
8168,4730,133
8169,3922,3923
8170,3923,4274
8171,4274,7635
8172,7635,4729
8173,4729,6738
8174,6738,3924
8175,3924,10491
8176,10491,10492
8177,10492,7630
8178,7630,7631
8179,7631,3918
8180,3918,6742
8181,133,10567
8182,10567,1217
8183,6819,10657
8184,10657,10651
8185,10651,4727
8186,4727,3920
8187,3920,6821
8188,3953,3952
8189,3953,11244
8190,11244,10884
8191,10884,10882
8192,10882,1263
8193,1263,7988
8194,7988,7987
8195,7987,916
8196,916,10393
8197,10393,7989
8198,7989,3949
8199,3949,7355
8200,7355,3948
8201,3948,7354
8202,7354,11255
8203,11255,7349
8204,7349,11254
8205,11254,11261
8206,11261,10659
8207,10659,10649
8208,10649,10658
8209,10658,6819
8210,10880,7983
8211,7983,10880
8212,7983,10883
8213,10883,7983
8214,10883,10886
8215,10886,10883
8216,10886,10885
8217,10885,10886
8218,10885,17
8219,17,10885
8220,6825,10658
8221,10657,6826
8222,10399,7075
8223,7075,10399
8224,7075,7071
8225,7071,7075
8226,7071,7087
8227,7087,7071
8228,7087,7084
8229,7084,7087
8230,7084,367
8231,367,7084
8232,367,7079
8233,7079,367
8234,7079,7080
8235,7080,7079
8236,7080,7081
8237,7081,7080
8238,7081,7082
8239,7082,7081
8240,7082,1192
8241,1192,7082
8242,1192,10654
8243,10654,1192
8244,10654,10656
8245,10656,10654
8246,6834,6844
8247,6844,3308
8248,3308,2318
8249,2318,6745
8250,6745,4103
8251,6835,10138
8252,10138,10137
8253,10137,5596
8254,5596,3514
8255,3514,7007
8256,7007,7010
8257,7010,4649
8258,4649,3509
8259,3509,4651
8260,4651,3517
8261,3517,3523
8262,3523,3515
8263,3515,3521
8264,3521,3512
8265,3512,4653
8266,4653,4542
8267,4542,4265
8268,4265,6356
8269,6356,4655
8270,4655,3510
8271,3510,6830
8272,6838,4654
8273,4654,3513
8274,3513,3287
8275,3287,4544
8276,4544,4652
8277,4652,3285
8278,3285,790
8279,790,2270
8280,2270,3461
8281,3461,3284
8282,3284,2277
8283,2277,10112
8284,10112,10110
8285,10110,4650
8286,4650,7009
8287,7009,7008
8288,7008,6833
8289,6833,10040
8290,10040,535
8291,535,6834
8292,6845,9152
8293,9151,1315
8294,1315,9151
8295,903,4542
8296,903,4266
8297,4266,1044
8298,3512,3285
8299,683,3509
8300,683,1008
8301,1008,683
8302,1008,10164
8303,10164,1008
8304,10164,6858
8305,6858,10164
8306,6858,10165
8307,10165,6858
8308,10165,10054
8309,10054,10165
8310,10054,10049
8311,10049,10054
8312,10049,380
8313,380,10049
8314,380,10048
8315,10048,380
8316,10048,10047
8317,10047,10048
8318,10047,10046
8319,10046,10047
8320,10046,10045
8321,6720,287
8322,6720,4327
8323,4327,6720
8324,2627,6792
8325,4165,6873
8326,4165,7562
8327,7562,4165
8328,7562,7561
8329,7561,7562
8330,7561,7559
8331,7559,7561
8332,7559,7408
8333,7408,7559
8334,7408,4164
8335,4164,7408
8336,4164,7568
8337,7568,4164
8338,7568,4116
8339,4116,7568
8340,4116,7567
8341,7567,4116
8342,7567,7563
8343,7563,7567
8344,7563,7566
8345,7566,7563
8346,7566,7564
8347,7564,7566
8348,7564,1478
8349,1478,7564
8350,6865,3915
8351,3915,6865
8352,6873,1183
8353,1183,6865
8354,6865,1887
8355,1887,5372
8356,5372,5373
8357,5373,5371
8358,5371,1889
8359,1889,3916
8360,3916,7580
8361,7580,7581
8362,7581,7582
8363,7582,7583
8364,7583,7584
8365,7584,3917
8366,5142,4849
8367,4849,6771
8368,6771,5143
8369,5143,6787
8370,6872,6873
8371,6873,6872
8372,2640,11062
8373,11062,6998
8374,6998,6999
8375,6999,2673
8376,6469,7636
8377,10259,10258
8378,7665,7679
8379,6885,6900
8380,7670,7669
8381,7669,6886
8382,6886,6887
8383,6888,6175
8384,6175,7664
8385,6952,7680
8386,7680,10299
8387,10299,7681
8388,7681,6890
8389,6890,7682
8390,7682,7683
8391,7683,6891
8392,6891,6892
8393,6892,7689
8394,6893,10301
8395,10301,7684
8396,7684,6943
8397,7688,7686
8398,7686,7687
8399,7687,6950
8400,6950,7685
8401,7685,7690
8402,7690,7691
8403,7691,7692
8404,7692,6951
8405,6911,5165
8406,5165,6911
8407,4171,7926
8408,9285,7927
8409,6909,9286
8410,6503,6914
8411,6968,6969
8412,6969,6966
8413,6966,7781
8414,6936,6345
8415,6940,7160
8416,6941,7067
8417,7066,7065
8418,6705,6706
8419,6945,6944
8420,6957,6960
8421,3492,5777
8422,6958,6959
8423,5775,3056
8424,5776,3057
8425,2840,6961
8426,7836,6919
8427,6919,7267
8428,6963,8205
8429,8205,8204
8430,6920,6964
8431,6964,6965
8432,6975,992
8433,9724,6974
8434,7258,9886
8435,9887,9888
8436,550,9909
8437,9726,392
8438,7835,6994
8439,6999,2626
8440,6999,6427
8441,6427,6999
8442,7002,7001
8443,3864,3875
8444,3875,3862
8445,3862,4751
8446,4751,3858
8447,3858,3861
8448,3861,3859
8449,3859,9239
8450,3857,4753
8451,7014,358
8452,7698,7043
8453,7055,7056
8454,966,7762
8455,1248,966
8456,4264,1248
8457,1174,7697
8458,7696,1174
8459,7015,7696
8460,1511,6665
8461,1511,7054
8462,7054,1511
8463,6206,7039
8464,7699,7038
8465,7613,1370
8466,1370,7613
8467,1370,7612
8468,7612,4782
8469,7022,7023
8470,7022,7024
8471,6798,2055
8472,2055,6798
8473,2055,6816
8474,6816,2055
8475,7029,7036
8476,3608,7037
8477,1644,7640
8478,1357,7639
8479,1381,7641
8480,7641,1572
8481,7982,7016
8482,7069,10247
8483,7031,7032
8484,1581,7638
8485,170,7042
8486,4015,4891
8487,6301,109
8488,7041,7743
8489,7743,170
8490,7052,7053
8491,13,7069
8492,1369,13
8493,7605,1369
8494,732,7605
8495,1726,732
8496,7611,1726
8497,1189,7611
8498,4782,1189
8499,7131,7130
8500,30,4128
8501,4128,5411
8502,5411,715
8503,5613,5612
8504,7208,364
8505,7207,7206
8506,7205,7204
8507,7204,7203
8508,7203,7202
8509,7202,7201
8510,7201,8643
8511,8643,7200
8512,7200,8642
8513,7199,8611
8514,8611,8610
8515,7165,3766
8516,3766,3765
8517,7197,7198
8518,7197,7166
8519,7166,7196
8520,7196,7167
8521,7195,7194
8522,7194,7195
8523,7194,8910
8524,8910,7169
8525,7169,7168
8526,7168,8909
8527,7193,9598
8528,7192,7070
8529,7191,7190
8530,7190,7191
8531,7190,7189
8532,7189,7190
8533,7189,7187
8534,7187,7189
8535,7220,7221
8536,8089,8841
8537,8841,7240
8538,7240,7241
8539,7241,7242
8540,7242,7243
8541,7243,7242
8542,7244,7245
8543,7245,7244
8544,7245,7246
8545,7246,8088
8546,8088,7246
8547,7248,7247
8548,8095,8094
8549,9326,8093
8550,8092,8093
8551,475,10189
8552,8986,8972
8553,7250,8336
8554,7254,7666
8555,7666,7253
8556,7253,7255
8557,7255,7252
8558,7252,7251
8559,7251,8463
8560,8462,8449
8561,7294,7295
8562,7306,7305
8563,7308,7307
8564,7309,7308
8565,7310,4215
8566,7311,7310
8567,7312,4216
8568,7313,7314
8569,7314,8477
8570,7315,7316
8571,7316,7317
8572,7318,4214
8573,397,7324
8574,7326,7325
8575,7328,7327
8576,7329,7328
8577,8532,3748
8578,8533,7330
8579,7332,7331
8580,7334,7333
8581,7336,7335
8582,7338,7337
8583,7341,3371
8584,4173,3371
8585,4173,4551
8586,7098,11246
8587,11246,4912
8588,4912,5176
8589,5176,7372
8590,7372,7111
8591,7111,106
8592,106,7109
8593,7109,839
8594,839,10656
8595,10984,5382
8596,11040,8082
8597,8082,8081
8598,8081,6371
8599,6371,8080
8600,8080,6212
8601,6212,11043
8602,11043,2677
8603,2677,11044
8604,11044,11
8605,7370,7371
8606,7410,6178
8607,6178,8420
8608,6179,6180
8609,6180,6181
8610,6181,6182
8611,1294,7381
8612,6997,6972
8613,6972,6971
8614,3430,3431
8615,7449,7452
8616,7452,7448
8617,7448,7447
8618,7447,7446
8619,7446,10642
8620,10642,7454
8621,7454,7445
8622,7445,7444
8623,7444,7443
8624,7443,7442
8625,7442,7695
8626,7695,7441
8627,7441,7440
8628,7440,7439
8629,7439,7438
8630,7438,7437
8631,7437,11287
8632,11036,10145
8633,7454,7453
8634,7456,10956
8635,10233,7606
8636,10152,7270
8637,7149,7150
8638,7149,7148
8639,7148,7149
8640,7148,4775
8641,4775,7148
8642,4775,7439
8643,7439,4775
8644,7439,620
8645,620,7439
8646,620,7099
8647,7099,620
8648,7099,7100
8649,7100,7099
8650,7100,7101
8651,7101,7100
8652,7101,7145
8653,7145,7101
8654,7145,7102
8655,7102,7145
8656,7102,7103
8657,7103,7102
8658,7103,6422
8659,6422,7103
8660,6422,10891
8661,10891,6422
8662,10891,47
8663,47,10891
8664,47,9864
8665,9864,47
8666,9864,4776
8667,4776,9864
8668,4776,11289
8669,11289,4776
8670,11289,7144
8671,7144,11289
8672,7144,10878
8673,10878,7144
8674,10878,7405
8675,7405,10878
8676,7405,7403
8677,7403,7405
8678,7403,838
8679,838,7403
8680,838,10888
8681,10888,838
8682,6374,10020
8683,9389,3124
8684,3125,9389
8685,569,221
8686,221,569
8687,221,8971
8688,8096,7722
8689,11200,8101
8690,8101,8928
8691,8928,8930
8692,8930,8108
8693,8108,8109
8694,7728,7727
8695,7727,8929
8696,8929,7718
8697,7718,7716
8698,7716,7715
8699,8973,8965
8700,7271,8097
8701,7719,5092
8702,7725,8975
8703,7720,8988
8704,11190,7724
8705,8465,8466
8706,7734,11023
8707,7734,7735
8708,7736,7737
8709,7737,7736
8710,7738,8548
8711,6976,8563
8712,8563,7744
8713,6923,7782
8714,8157,7789
8715,7791,7794
8716,7794,7792
8717,7792,7795
8718,7793,9478
8719,9478,9476
8720,9476,9435
8721,9933,1405
8722,7798,9934
8723,7818,7819
8724,7820,7826
8725,7828,8282
8726,1188,686
8727,2126,2125
8728,2125,1034
8729,7830,7831
8730,7831,7832
8731,7832,7833
8732,7833,7834
8733,7834,2057
8734,3120,2329
8735,3208,2329
8736,6094,7839
8737,7844,7845
8738,7848,7849
8739,2738,9062
8740,10289,10348
8741,10348,10331
8742,10331,6365
8743,2744,2739
8744,7859,7860
8745,8020,8021
8746,8022,8023
8747,8023,7418
8748,3958,4286
8749,8369,7861
8750,2461,7865
8751,7865,7866
8752,7866,7867
8753,7867,7864
8754,1843,1844
8755,1844,1845
8756,1845,5732
8757,5732,216
8758,685,958
8759,958,778
8760,778,146
8761,5728,5729
8762,335,5714
8763,7861,7868
8764,7869,7870
8765,7870,7871
8766,7871,335
8767,9055,2958
8768,2958,1105
8769,1105,2944
8770,2944,2946
8771,2946,2956
8772,5676,8173
8773,8173,2
8774,2947,23
8775,4930,2130
8776,2130,418
8777,2939,2938
8778,2938,8198
8779,7876,2953
8780,2951,2950
8781,2950,2945
8782,2945,7877
8783,2167,771
8784,2955,955
8785,2984,7883
8786,7882,3023
8787,7884,64
8788,64,579
8789,579,8344
8790,8344,8343
8791,8343,1210
8792,1210,8349
8793,8349,8350
8794,7705,211
8795,4758,3115
8796,3115,8546
8797,8546,3088
8798,3088,6099
8799,6099,3114
8800,3422,3424
8801,7777,7776
8802,3462,4762
8803,3078,3075
8804,3075,6102
8805,6102,6101
8806,6101,8547
8807,8547,3093
8808,3093,6098
8809,6098,3087
8810,3087,3073
8811,3073,6097
8812,6097,3094
8813,3094,6096
8814,6096,6095
8815,6095,7837
8816,7837,3112
8817,7885,581
8818,6782,7903
8819,7903,9165
8820,9165,6788
8821,6773,4538
8822,4538,3921
8823,3921,4537
8824,4537,6785
8825,6785,6783
8826,6783,6778
8827,6778,6789
8828,6789,9150
8829,9150,9149
8830,9149,6777
8831,6773,7887
8832,7887,7888
8833,7888,7889
8834,7889,7890
8835,7890,7891
8836,7891,3919
8837,7576,3909
8838,3909,7576
8839,9162,6788
8840,6787,9162
8841,6777,4273
8842,7906,4273
8843,1217,7907
8844,7907,7906
8845,7907,6776
8846,4273,3922
8847,7914,7913
8848,7913,7912
8849,7912,7911
8850,7911,7910
8851,7910,7909
8852,7915,7916
8853,7917,7918
8854,7918,7919
8855,10870,2704
8856,10870,7925
8857,7925,10870
8858,3986,141
8859,6478,8581
8860,7929,6879
8861,4096,87
8862,87,10633
8863,10633,4879
8864,4879,8380
8865,8380,6971
8866,10635,2159
8867,2159,8379
8868,8379,8376
8869,10636,2075
8870,2075,8391
8871,8391,10638
8872,10638,2136
8873,8484,1898
8874,4880,10695
8875,7935,7936
8876,7934,7937
8877,6463,6464
8878,3860,3872
8879,3872,3865
8880,3865,4747
8881,4747,4017
8882,4017,3873
8883,5587,9547
8884,9547,3869
8885,3869,3868
8886,3868,4749
8887,4749,3877
8888,3877,3863
8889,3871,3867
8890,3867,4750
8891,3870,3874
8892,3866,2269
8893,7942,7943
8894,8155,7951
8895,7945,7950
8896,7950,7946
8897,7946,7949
8898,7949,7944
8899,7955,7956
8900,4506,7953
8901,7954,7952
8902,5691,5695
8903,5695,4056
8904,5692,6335
8905,5436,5433
8906,4022,4035
8907,5864,4021
8908,4021,5864
8909,5434,4047
8910,7959,6032
8911,6030,2549
8912,2549,2550
8913,4385,1200
8914,8651,6359
8915,4384,4383
8916,4383,8650
8917,4382,7962
8918,4435,4381
8919,4393,4400
8920,4391,4674
8921,4674,4405
8922,4394,5600
8923,5600,5599
8924,4464,4465
8925,4411,4403
8926,4403,4389
8927,4390,8543
8928,8543,4399
8929,8545,7963
8930,7963,4406
8931,4410,4412
8932,4412,4402
8933,1066,4397
8934,4408,8652
8935,8652,8653
8936,8653,362
8937,8654,1203
8938,1203,8663
8939,8663,4398
8940,8655,4392
8941,4392,7961
8942,1060,4407
8943,4407,7249
8944,7249,8926
8945,8926,4409
8946,4409,8933
8947,8962,377
8948,377,4404
8949,5141,8040
8950,7966,7838
8951,7838,7967
8952,7968,8036
8953,7969,7970
8954,10019,8261
8955,8033,8031
8956,8032,8233
8957,7971,7972
8958,7973,7974
8959,7975,7976
8960,7976,7977
8961,3370,7979
8962,2462,2431
8963,2431,2463
8964,2464,384
8965,384,4987
8966,4987,2432
8967,2432,2433
8968,2433,637
8969,637,10018
8970,10018,4988
8971,4988,223
8972,223,8272
8973,8272,5447
8974,5447,5448
8975,1265,8001
8976,1143,8000
8977,11122,7457
8978,7457,7458
8979,7458,7459
8980,7459,7461
8981,7461,7460
8982,7460,5008
8983,5008,7462
8984,7462,5179
8985,5179,708
8986,6607,8006
8987,8006,8005
8988,8005,8007
8989,8007,11120
8990,11120,11121
8991,11121,6606
8992,10678,10952
8993,10952,10951
8994,10951,10677
8995,10677,10676
8996,10676,10757
8997,10757,10675
8998,10675,10674
8999,10674,10673
9000,10673,10672
9001,10672,10671
9002,10671,10769
9003,10769,10791
9004,10791,10755
9005,10755,10754
9006,10754,10756
9007,10756,10770
9008,10770,8008
9009,8008,8009
9010,8009,8010
9011,8010,8011
9012,8011,10711
9013,8235,8234
9014,8015,8014
9015,8019,11215
9016,8024,8025
9017,8025,8026
9018,8026,8027
9019,8028,8029
9020,8049,9698
9021,9701,9709
9022,8047,9705
9023,9900,8046
9024,8062,8061
9025,767,1255
9026,9325,8079
9027,7786,8176
9028,3463,1270
9029,1270,4335
9030,4335,9340
9031,9340,4335
9032,9340,9339
9033,9339,9504
9034,9503,9346
9035,8177,9345
9036,9345,8177
9037,9345,867
9038,9321,9556
9039,3048,975
9040,4991,1690
9041,1386,4991
9042,1628,1389
9043,1389,1628
9044,1389,1865
9045,1865,1389
9046,62,8662
9047,3738,8799
9048,8799,3392
9049,4936,8802
9050,8802,3739
9051,3739,8803
9052,8803,3741
9053,3741,3742
9054,3742,76
9055,76,8796
9056,8796,11139
9057,11139,8797
9058,8797,11140
9059,11140,3394
9060,3394,816
9061,816,11138
9062,11138,8798
9063,8798,8111
9064,8111,11137
9065,11137,684
9066,684,11136
9067,11136,11135
9068,11135,11134
9069,11134,8963
9070,8963,8113
9071,8113,4938
9072,4938,8112
9073,8112,995
9074,995,8957
9075,8957,3393
9076,3393,1046
9077,1046,8958
9078,8958,8938
9079,8938,1082
9080,3738,6812
9081,7648,9876
9082,7792,491
9083,8115,8114
9084,5919,5920
9085,5920,8446
9086,8446,5921
9087,5921,8442
9088,8442,8152
9089,8152,10608
9090,5922,5923
9091,5923,5844
9092,8129,8131
9093,8184,8148
9094,749,3707
9095,1001,5477
9096,8203,8202
9097,8201,8200
9098,8199,8198
9099,2934,2933
9100,8221,3803
9101,3803,8221
9102,5554,3803
9103,5554,2401
9104,2401,5554
9105,5939,829
9106,829,5938
9107,1236,316
9108,8223,8224
9109,1634,9891
9110,9891,1677
9111,8230,8229
9112,8268,5398
9113,5629,5628
9114,8270,8271
9115,6962,8276
9116,8276,8277
9117,1152,6295
9118,6295,4198
9119,4198,5636
9120,5636,5635
9121,5635,5634
9122,5633,5632
9123,5632,5631
9124,5631,5630
9125,5630,8220
9126,2041,8363
9127,8363,5663
9128,5663,8274
9129,8274,8151
9130,8151,5664
9131,5664,8279
9132,5662,8487
9133,8487,7222
9134,7222,5666
9135,8281,8280
9136,7821,7822
9137,7823,7824
9138,7827,1154
9139,1852,2821
9140,2821,2788
9141,8290,2819
9142,2819,2797
9143,8295,8139
9144,2920,4766
9145,7780,4177
9146,4177,4291
9147,4250,8137
9148,8138,5147
9149,5147,8297
9150,1848,2796
9151,2796,8298
9152,5730,8301
9153,4496,1316
9154,5731,5727
9155,8327,8326
9156,8325,8324
9157,8324,8323
9158,8323,8322
9159,8322,8321
9160,8321,8320
9161,8319,8318
9162,8318,8317
9163,8316,8315
9164,8315,8314
9165,8313,8312
9166,8312,8311
9167,2442,2444
9168,8340,8339
9169,2713,2717
9170,2717,2716
9171,2714,2706
9172,5884,8393
9173,5882,5883
9174,5883,10613
9175,8394,4023
9176,5442,4024
9177,4024,5429
9178,5429,4026
9179,4026,8395
9180,8395,8394
9181,8397,8396
9182,5906,8392
9183,8392,5907
9184,5907,5908
9185,5908,10618
9186,5909,10619
9187,10619,5033
9188,5033,8153
9189,5910,8419
9190,8419,5911
9191,5911,4093
9192,3331,5356
9193,4968,389
9194,254,478
9195,2062,1253
9196,4357,4363
9197,8411,5933
9198,5933,8557
9199,8557,5934
9200,8490,5036
9201,5036,5935
9202,5935,5034
9203,5936,5937
9204,5937,5865
9205,5866,5867
9206,5867,10528
9207,5868,8558
9208,8444,8443
9209,8450,8489
9210,661,8450
9211,8835,1198
9212,417,8835
9213,258,417
9214,8836,258
9215,8836,982
9216,982,8836
9217,239,982
9218,431,239
9219,85,431
9220,8829,85
9221,761,8829
9222,8831,761
9223,6131,8831
9224,8834,6131
9225,8830,8834
9226,533,8830
9227,8832,533
9228,570,8832
9229,8833,570
9230,8453,8833
9231,347,8453
9232,8489,347
9233,8509,8513
9234,4413,2263
9235,2264,8507
9236,8508,4364
9237,4366,8894
9238,8894,3882
9239,3882,4365
9240,4365,4367
9241,4367,8891
9242,8891,3243
9243,8890,3240
9244,3240,4355
9245,8517,8516
9246,4349,4356
9247,4361,4345
9248,4345,4359
9249,825,4418
9250,5377,1394
9251,8251,8259
9252,5987,5986
9253,5986,4598
9254,4598,5040
9255,5040,5042
9256,5042,8792
9257,8792,4701
9258,4701,4027
9259,4027,4036
9260,4036,5855
9261,7741,8566
9262,8565,8564
9263,8564,8561
9264,3635,3634
9265,8587,3635
9266,3636,8587
9267,8084,3636
9268,8211,3638
9269,3663,3653
9270,3653,3663
9271,3659,3653
9272,8595,8594
9273,8594,8593
9274,8237,8592
9275,8591,9032
9276,9031,9030
9277,9008,9028
9278,9028,9007
9279,9007,9027
9280,9026,9025
9281,9024,9023
9282,9022,9021
9283,9020,9019
9284,9018,9017
9285,9016,9015
9286,9014,9013
9287,9011,9010
9288,8919,3121
9289,5804,5805
9290,5805,804
9291,8612,8613
9292,8613,8614
9293,8614,8615
9294,8616,8617
9295,8626,8627
9296,8629,8630
9297,8630,8631
9298,8631,8632
9299,8633,8634
9300,8635,8636
9301,8637,8638
9302,8639,8640
9303,8640,8641
9304,4712,9123
9305,4604,8644
9306,3107,8870
9307,4761,4566
9308,3107,1208
9309,4283,7772
9310,7772,7773
9311,7774,7775
9312,7775,3074
9313,3074,4760
9314,4760,3425
9315,3425,3423
9316,5068,5067
9317,8765,4632
9318,4632,4432
9319,4432,4431
9320,4431,850
9321,850,1178
9322,1178,4633
9323,4633,8857
9324,8857,4633
9325,8857,4433
9326,8741,301
9327,301,8843
9328,8843,6018
9329,6018,152
9330,810,6015
9331,521,1283
9332,8669,8670
9333,8677,8676
9334,8675,8674
9335,8673,8672
9336,8672,8668
9337,8668,8671
9338,8703,8702
9339,8701,8700
9340,8700,8699
9341,8698,8697
9342,8697,8696
9343,8695,8694
9344,8693,8692
9345,8691,8690
9346,8690,5238
9347,5238,8689
9348,8689,8688
9349,8688,8687
9350,8687,8686
9351,8686,8685
9352,8685,8684
9353,8684,8683
9354,8683,8682
9355,8680,8679
9356,6330,5237
9357,5237,8706
9358,8706,5514
9359,3967,8705
9360,8705,5146
9361,5146,5236
9362,5236,4595
9363,4595,4593
9364,4593,8671
9365,8722,5948
9366,5948,8721
9367,8720,8719
9368,8719,8718
9369,8717,8724
9370,8724,8716
9371,8716,8715
9372,8715,8726
9373,8726,8714
9374,4056,5940
9375,5940,5941
9376,5941,8572
9377,5942,5943
9378,5943,5944
9379,5945,5946
9380,5946,5947
9381,8726,8712
9382,6003,6004
9383,6004,6005
9384,6005,6006
9385,6006,6007
9386,6008,8571
9387,6009,6010
9388,6010,5697
9389,8728,8727
9390,8495,2759
9391,2759,8496
9392,890,3883
9393,3254,1184
9394,8737,8790
9395,8790,3884
9396,541,157
9397,8497,8498
9398,456,4680
9399,8744,8745
9400,8746,8747
9401,8748,8859
9402,8859,8749
9403,8750,5240
9404,8752,8740
9405,8754,8753
9406,8740,8762
9407,8761,8760
9408,8760,8759
9409,8854,8758
9410,8758,8757
9411,8757,8756
9412,8764,8763
9413,8763,8678
9414,8681,8766
9415,8766,8739
9416,2478,2477
9417,8785,8784
9418,8783,8782
9419,8781,8780
9420,8779,8778
9421,8777,8776
9422,8775,8774
9423,8774,8773
9424,8772,8771
9425,8770,5963
9426,5963,6013
9427,6013,5964
9428,5964,6014
9429,6014,5965
9430,5965,5966
9431,5966,5967
9432,5967,5968
9433,8767,5985
9434,177,334
9435,8811,7019
9436,8809,8808
9437,8808,8807
9438,8823,8828
9439,8822,8825
9440,819,1207
9441,848,8844
9442,8840,848
9443,5103,1198
9444,5104,8845
9445,8893,8892
9446,8895,8915
9447,4359,4348
9448,4348,4362
9449,4439,4437
9450,3244,2261
9451,2261,6979
9452,6979,6978
9453,3239,3245
9454,4358,6981
9455,6981,4360
9456,6980,4354
9457,4350,4436
9458,4436,4438
9459,2328,3807
9460,9609,4493
9461,6035,9609
9462,989,9291
9463,809,9292
9464,4387,4386
9465,8966,8960
9466,4401,5598
9467,5598,4396
9468,4395,5349
9469,5349,7957
9470,445,9630
9471,9631,8995
9472,8995,9632
9473,8994,1199
9474,8996,8997
9475,8991,8989
9476,8998,8999
9477,9633,8990
9478,8992,1061
9479,9634,9635
9480,8993,1109
9481,1109,9636
9482,9636,9056
9483,9056,229
9484,9236,9234
9485,117,9058
9486,9058,9229
9487,9229,9057
9488,9057,9235
9489,9235,9456
9490,9232,9460
9491,9460,9232
9492,9460,9233
9493,9233,9460
9494,9233,73
9495,73,9233
9496,73,9452
9497,9452,73
9498,9461,9452
9499,9461,9473
9500,9473,9461
9501,9459,9473
9502,2035,9459
9503,2035,9474
9504,9474,2035
9505,9458,9474
9506,9458,7429
9507,7429,9458
9508,7429,3180
9509,3180,7429
9510,480,3180
9511,480,9457
9512,9457,9723
9513,9723,9457
9514,9723,2034
9515,2034,9723
9516,9455,6201
9517,6201,9454
9518,278,9453
9519,9453,1146
9520,9061,10464
9521,3618,5061
9522,9066,5140
9523,9097,9091
9524,9091,9090
9525,9090,9089
9526,9089,9088
9527,9088,9087
9528,9087,1965
9529,9092,9093
9530,9093,9094
9531,9094,9095
9532,9095,9096
9533,9096,9097
9534,9102,9092
9535,9092,9112
9536,9112,9113
9537,9113,1961
9538,4479,9098
9539,9098,9099
9540,9099,9100
9541,9100,9101
9542,9101,9102
9543,9106,5489
9544,5489,9116
9545,9103,9104
9546,9104,9105
9547,9105,9106
9548,9122,9121
9549,9130,9131
9550,9131,9132
9551,9132,9133
9552,5139,5138
9553,4499,9749
9554,3921,11165
9555,4537,6780
9556,6781,7893
9557,7893,7894
9558,7894,7895
9559,7895,7896
9560,7896,7897
9561,7897,6772
9562,3919,7898
9563,7898,7899
9564,7899,7900
9565,7900,7892
9566,7892,6781
9567,6772,7901
9568,7901,7902
9569,7902,6773
9570,9120,10800
9571,4434,9184
9572,9238,664
9573,3020,3031
9574,3031,3033
9575,7236,9328
9576,9330,9329
9577,7237,7238
9578,7239,7238
9579,7338,7236
9580,706,4463
9581,706,6987
9582,6987,706
9583,8889,8886
9584,8888,8889
9585,9355,9354
9586,9353,9352
9587,9356,9351
9588,9359,9350
9589,1710,4908
9590,9811,5136
9591,8221,9462
9592,5384,9464
9593,9487,9488
9594,9488,9489
9595,9494,9516
9596,2350,1986
9597,9558,9559
9598,9558,9557
9599,9557,9558
9600,9562,9561
9601,9561,9562
9602,8347,8346
9603,8346,8347
9604,8346,9583
9605,9583,8346
9606,8345,9583
9607,9586,256
9608,9587,9588
9609,9588,9589
9610,9589,11204
9611,11204,9592
9612,9592,11205
9613,9824,9590
9614,3242,4352
9615,7416,7273
9616,9075,9076
9617,9074,7415
9618,7414,9074
9619,9158,9157
9620,9157,1113
9621,6423,1113
9622,9156,7412
9623,9333,1138
9624,1138,9334
9625,9338,9059
9626,9622,9625
9627,9624,9623
9628,9679,9678
9629,9678,9677
9630,9674,9681
9631,9699,9700
9632,9137,9136
9633,9136,9904
9634,9135,9134
9635,8048,9702
9636,9703,9704
9637,9907,9906
9638,9911,484
9639,9708,4824
9640,4569,6243
9641,9790,9791
9642,9825,9853
9643,9827,9828
9644,9828,9829
9645,9829,9831
9646,9830,9832
9647,9832,9833
9648,9833,9823
9649,9823,11202
9650,11202,11203
9651,11203,9593
9652,9848,9849
9653,7319,4212
9654,4212,4213
9655,9899,611
9656,9673,9962
9657,9961,9957
9658,9994,9993
9659,9997,9960
9660,9959,9958
9661,9986,9985
9662,9991,9990
9663,9989,9988
9664,9987,9974
9665,9976,9973
9666,9992,9975
9667,9984,9983
9668,9982,9972
9669,9981,9971
9670,9980,9970
9671,9979,9978
9672,4494,10077
9673,9608,4494
9674,9611,9608
9675,328,4426
9676,3825,3822
9677,3823,3824
9678,69,2489
9679,10017,544
9680,10058,2526
9681,10178,10184
9682,10185,10186
9683,10081,10080
9684,10080,10079
9685,10079,10078
9686,10078,10071
9687,10071,10070
9688,10070,10069
9689,10069,10068
9690,10176,10077
9691,10177,10067
9692,10098,10099
9693,10099,10100
9694,10101,10102
9695,10102,10103
9696,10104,10105
9697,10106,10187
9698,10187,10183
9699,10182,10181
9700,10181,10180
9701,10180,10179
9702,10076,10063
9703,10075,10074
9704,10073,10072
9705,10084,10243
9706,10243,10085
9707,10241,10083
9708,10086,10242
9709,10087,10244
9710,10244,10088
9711,10088,10089
9712,10089,10090
9713,10090,10091
9714,10091,10092
9715,10092,10093
9716,10093,10174
9717,10174,10094
9718,10095,10096
9719,10097,10065
9720,10065,10062
9721,10061,10060
9722,10175,10177
9723,10108,662
9724,10191,10190
9725,10159,10162
9726,9892,6973
9727,7621,7606
9728,10253,10252
9729,10255,10256
9730,10268,10269
9731,10268,10267
9732,10293,10271
9733,10271,10293
9734,10310,10311
9735,10311,10312
9736,10312,10313
9737,7855,9062
9738,10334,10333
9739,1751,9395
9740,7186,10463
9741,10462,7185
9742,7184,7183
9743,7182,7181
9744,9382,9048
9745,9048,7180
9746,7180,9047
9747,9047,9049
9748,9049,7179
9749,9124,9407
9750,7178,7177
9751,7177,7176
9752,9418,7175
9753,7175,7170
9754,7170,7174
9755,7174,10461
9756,10417,2761
9757,10420,10421
9758,10442,2509
9759,10443,10444
9760,10424,10427
9761,10427,4523
9762,2484,2490
9763,10439,10438
9764,10437,10436
9765,10436,10435
9766,10435,10434
9767,10434,10433
9768,10433,10432
9769,10431,10430
9770,10430,10429
9771,10429,10428
9772,10445,10446
9773,10447,10448
9774,10449,10450
9775,10451,10452
9776,10453,10454
9777,10454,10455
9778,10455,10456
9779,10457,10458
9780,7173,7172
9781,6983,2746
9782,880,7769
9783,10495,7769
9784,575,10495
9785,10497,10496
9786,3519,1269
9787,10525,7260
9788,3560,3154
9789,10658,10650
9790,3346,3333
9791,1024,3336
9792,10706,10702
9793,10702,10707
9794,10707,10703
9795,10703,10708
9796,10708,10704
9797,10704,10709
9798,10709,10705
9799,10705,10710
9800,10710,6701
9801,10754,10753
9802,10753,10754
9803,10769,10768
9804,10768,10767
9805,10767,10766
9806,10766,10921
9807,10921,10922
9808,10922,10765
9809,2425,2426
9810,10800,10801
9811,10794,10808
9812,10809,10807
9813,10810,10806
9814,10811,10805
9815,10805,10812
9816,10815,10814
9817,10817,10816
9818,10819,10821
9819,10803,10823
9820,10826,10827
9821,10825,10828
9822,10804,10830
9823,10832,10833
9824,10833,10831
9825,10802,10797
9826,10796,10795
9827,10834,10835
9828,10798,10799
9829,11019,11018
9830,11017,11020
9831,11020,10865
9832,10866,10852
9833,10854,10863
9834,10855,10851
9835,10856,10857
9836,10857,10858
9837,10858,10859
9838,11035,6483
9839,10884,10880
9840,10880,10881
9841,10881,10882
9842,3952,10888
9843,10888,10887
9844,10887,6435
9845,8512,7235
9846,11012,11011
9847,11021,11022
9848,11028,3723
9849,7733,11028
9850,2575,178
9851,178,11060
9852,7426,7425
9853,11069,2608
9854,11069,8070
9855,8070,11069
9856,8070,2640
9857,2640,8070
9858,2569,2598
9859,2598,6544
9860,6544,2571
9861,2571,2613
9862,2613,2605
9863,2605,2589
9864,960,2650
9865,6556,6731
9866,6580,11074
9867,11074,11071
9868,11071,6543
9869,11094,6618
9870,6612,11095
9871,11116,11117
9872,1908,1907
9873,1907,2145
9874,2145,11142
9875,11142,11128
9876,2146,1006
9877,2192,893
9878,893,1133
9879,1133,2191
9880,765,8158
9881,8158,1893
9882,151,2099
9883,2099,9386
9884,9386,1211
9885,1211,4338
9886,9388,5457
9887,5457,2108
9888,2108,8164
9889,8164,1974
9890,1974,3697
9891,3697,5478
9892,3619,8582
9893,497,9409
9894,4372,497
9895,4372,9410
9896,9410,4372
9897,9357,9410
9898,9357,9352
9899,9352,9357
9900,5575,5576
9901,9217,2555
9902,1701,1700
9903,4998,1625
9904,1625,1725
9905,471,6554
9906,2615,2085
9907,2085,2583
9908,2583,1869
9909,1869,2576
9910,2576,6583
9911,6583,6689
9912,6689,11091
9913,11091,2581
9914,2581,4999
9915,4999,6579
9916,6624,11152
9917,11152,11153
9918,8820,8819
9919,1186,6314
9920,9835,9822
9921,9822,9834
9922,7300,8504
9923,3673,3672
9924,5659,11226
9925,11213,4290
9926,4290,4287
9927,4287,5112
9928,11214,4289
9929,4289,11213
9930,11216,11217
9931,4288,11222
9932,11220,11221
9933,11208,11225
9934,5378,11210
9935,5383,4549
9936,11236,4343
9937,1813,7852
9938,7852,444
9939,444,516
9940,516,7847
9941,7847,160
9942,9479,5209
9943,5209,1051
9944,1051,2740
9945,2740,2758
9946,2758,5208
9947,5208,847
9948,847,1165
9949,1165,7846
9950,2756,4371
9951,1132,4702
9952,4702,659
9953,10270,10274
9954,10274,273
9955,273,10272
9956,10272,2515
9957,11237,11238
9958,7851,1814
9959,8511,6484
9960,6485,6884
9961,6884,9931
9962,9931,11163
9963,7930,6879
9964,6482,2394
9965,2394,4519
9966,2392,4302
9967,11279,11280
9968,2148,9038
9969,9038,4886
9970,4886,2149
9971,2149,4299
9972,4299,2150
9973,2150,2151
9974,2151,6921
9975,6921,2152
9976,2152,2153
9977,2153,8265
9978,8265,8266
9979,8266,4885
9980,4885,3995
9981,1714,9928
9982,9928,4816
9983,4816,1797
9984,1797,7799
9985,9927,3269
9986,10283,1696
9987,1696,4812
9988,9948,9947
9989,1716,1418
9990,1418,1419
9991,1419,7805
9992,7805,1417
9993,1784,10338
9994,1789,10338
9995,10282,1789
9996,1711,10282
9997,10276,1711
9998,1400,10276
9999,1737,1400
10000,1590,9947
10001,1590,3281
10002,3281,1590
10003,1352,1350
10004,1350,9950
10005,1353,1530
10006,1349,1345
10007,1345,1652
10008,1652,1342
10009,1342,1347
10010,1546,1348
10011,1348,1513
10012,1513,1355
10013,1355,1356
10014,1356,2727
10015,1480,10343
10016,10343,4986
10017,4986,1739
10018,1739,10337
10019,10337,1393
10020,1393,10344
10021,10344,1363
10022,10342,1753
10023,1392,2115
10024,6468,1388
10025,1388,1683
10026,7707,11285
