id,tags.oneway,segment_id
0,no,0
1,no,1
1,no,2
2,yes,3
3,no,4
4,yes,5
5,no,6
5,no,7
5,no,8
5,no,9
5,no,10
5,no,11
6,no,12
6,no,13
7,no,14
8,no,15
8,no,16
9,yes,17
10,no,18
10,no,19
11,no,20
11,no,21
11,no,22
11,no,23
11,no,24
11,no,25
11,no,26
11,no,27
11,no,28
12,yes,29
13,no,30
14,no,31
14,no,32
15,yes,33
15,yes,34
15,yes,35
16,no,36
16,no,37
16,no,38
16,no,39
16,no,40
16,no,41
17,yes,42
18,no,43
18,no,44
19,yes,45
19,yes,46
19,yes,47
19,yes,48
19,yes,49
19,yes,50
19,yes,51
20,no,52
20,no,53
20,no,54
20,no,55
20,no,56
20,no,57
20,no,58
20,no,59
20,no,60
20,no,61
20,no,62
20,no,63
20,no,64
21,no,65
22,no,66
22,no,67
22,no,68
22,no,69
22,no,70
22,no,71
22,no,72
22,no,73
22,no,74
22,no,75
22,no,76
23,no,77
24,no,78
24,no,79
24,no,80
24,no,81
24,no,82
24,no,83
24,no,84
24,no,85
24,no,86
24,no,87
24,no,88
24,no,89
24,no,90
24,no,91
24,no,92
24,no,93
24,no,94
24,no,95
24,no,96
24,no,97
24,no,98
24,no,99
24,no,100
24,no,101
24,no,102
24,no,103
24,no,104
24,no,105
24,no,106
24,no,107
24,no,108
24,no,109
24,no,110
24,no,111
24,no,112
24,no,113
24,no,114
24,no,115
24,no,116
24,no,117
24,no,118
24,no,119
24,no,120
24,no,121
24,no,122
24,no,123
24,no,124
24,no,125
24,no,126
24,no,127
24,no,128
24,no,129
24,no,130
24,no,131
24,no,132
24,no,133
24,no,134
24,no,135
24,no,136
24,no,137
24,no,138
24,no,139
24,no,140
24,no,141
24,no,142
24,no,143
24,no,144
24,no,145
24,no,146
24,no,147
24,no,148
24,no,149
24,no,150
24,no,151
24,no,152
24,no,153
24,no,154
25,yes,155
26,yes,156
26,yes,157
26,yes,158
26,yes,159
26,yes,160
27,no,161
27,no,162
27,no,163
27,no,164
27,no,165
27,no,166
27,no,167
27,no,168
27,no,169
27,no,170
27,no,171
27,no,172
27,no,173
27,no,174
27,no,175
27,no,176
27,no,177
27,no,178
27,no,179
27,no,180
27,no,181
27,no,182
27,no,183
27,no,184
27,no,185
27,no,186
27,no,187
27,no,188
27,no,189
27,no,190
27,no,191
27,no,192
27,no,193
27,no,194
27,no,195
27,no,196
27,no,197
27,no,198
27,no,199
27,no,200
27,no,201
27,no,202
27,no,203
28,no,204
28,no,205
28,no,206
28,no,207
28,no,208
29,no,209
29,no,210
30,no,211
31,no,212
31,no,213
31,no,214
31,no,215
31,no,216
31,no,217
31,no,218
31,no,219
31,no,220
31,no,221
31,no,222
32,no,223
32,no,224
32,no,225
32,no,226
32,no,227
32,no,228
32,no,229
33,no,230
34,no,231
35,no,232
36,yes,233
36,yes,234
36,yes,235
36,yes,236
36,yes,237
36,yes,238
36,yes,239
36,yes,240
37,yes,241
37,yes,242
37,yes,243
37,yes,244
37,yes,245
37,yes,246
37,yes,247
37,yes,248
37,yes,249
37,yes,250
37,yes,251
37,yes,252
37,yes,253
37,yes,254
37,yes,255
37,yes,256
37,yes,257
37,yes,258
37,yes,259
37,yes,260
37,yes,261
38,yes,262
38,yes,263
38,yes,264
38,yes,265
38,yes,266
38,yes,267
38,yes,268
38,yes,269
38,yes,270
38,yes,271
39,yes,272
40,no,273
40,no,274
40,no,275
40,no,276
40,no,277
40,no,278
40,no,279
40,no,280
40,no,281
40,no,282
40,no,283
40,no,284
40,no,285
40,no,286
40,no,287
40,no,288
40,no,289
40,no,290
40,no,291
40,no,292
40,no,293
40,no,294
40,no,295
40,no,296
40,no,297
40,no,298
40,no,299
40,no,300
40,no,301
40,no,302
40,no,303
40,no,304
40,no,305
40,no,306
40,no,307
40,no,308
40,no,309
40,no,310
40,no,311
40,no,312
40,no,313
40,no,314
40,no,315
40,no,316
40,no,317
40,no,318
40,no,319
40,no,320
40,no,321
40,no,322
40,no,323
40,no,324
40,no,325
40,no,326
41,no,327
42,no,328
43,no,329
44,yes,330
44,yes,331
44,yes,332
44,yes,333
44,yes,334
44,yes,335
44,yes,336
44,yes,337
44,yes,338
44,yes,339
44,yes,340
44,yes,341
44,yes,342
44,yes,343
44,yes,344
44,yes,345
44,yes,346
44,yes,347
44,yes,348
44,yes,349
44,yes,350
44,yes,351
45,yes,352
45,yes,353
45,yes,354
45,yes,355
45,yes,356
46,no,357
46,no,358
47,no,359
48,no,360
48,no,361
49,no,362
49,no,363
49,no,364
49,no,365
49,no,366
49,no,367
49,no,368
49,no,369
49,no,370
49,no,371
49,no,372
49,no,373
49,no,374
49,no,375
49,no,376
49,no,377
49,no,378
49,no,379
49,no,380
49,no,381
49,no,382
49,no,383
49,no,384
49,no,385
49,no,386
49,no,387
49,no,388
49,no,389
49,no,390
49,no,391
49,no,392
50,no,393
50,no,394
50,no,395
50,no,396
50,no,397
50,no,398
50,no,399
50,no,400
50,no,401
50,no,402
50,no,403
50,no,404
50,no,405
50,no,406
50,no,407
50,no,408
50,no,409
50,no,410
50,no,411
50,no,412
50,no,413
50,no,414
51,yes,415
51,yes,416
51,yes,417
51,yes,418
51,yes,419
51,yes,420
51,yes,421
52,no,422
53,no,423
53,no,424
54,no,425
54,no,426
54,no,427
54,no,428
54,no,429
54,no,430
54,no,431
54,no,432
54,no,433
54,no,434
54,no,435
54,no,436
54,no,437
54,no,438
54,no,439
54,no,440
54,no,441
54,no,442
55,yes,443
55,yes,444
55,yes,445
55,yes,446
55,yes,447
55,yes,448
56,no,449
56,no,450
57,no,451
57,no,452
57,no,453
57,no,454
57,no,455
57,no,456
57,no,457
57,no,458
57,no,459
57,no,460
57,no,461
57,no,462
57,no,463
57,no,464
57,no,465
57,no,466
57,no,467
57,no,468
57,no,469
57,no,470
57,no,471
57,no,472
57,no,473
57,no,474
57,no,475
57,no,476
57,no,477
57,no,478
57,no,479
57,no,480
57,no,481
57,no,482
57,no,483
57,no,484
58,no,485
59,no,486
59,no,487
59,no,488
60,no,489
60,no,490
60,no,491
60,no,492
60,no,493
60,no,494
60,no,495
60,no,496
60,no,497
60,no,498
60,no,499
60,no,500
60,no,501
60,no,502
60,no,503
60,no,504
60,no,505
60,no,506
60,no,507
60,no,508
60,no,509
60,no,510
60,no,511
61,no,512
61,no,513
61,no,514
61,no,515
62,no,516
62,no,517
62,no,518
62,no,519
62,no,520
62,no,521
62,no,522
62,no,523
62,no,524
62,no,525
62,no,526
62,no,527
62,no,528
62,no,529
62,no,530
62,no,531
62,no,532
62,no,533
62,no,534
62,no,535
62,no,536
62,no,537
62,no,538
62,no,539
62,no,540
62,no,541
62,no,542
62,no,543
62,no,544
62,no,545
62,no,546
62,no,547
62,no,548
62,no,549
62,no,550
62,no,551
62,no,552
62,no,553
62,no,554
62,no,555
62,no,556
62,no,557
62,no,558
62,no,559
62,no,560
62,no,561
62,no,562
62,no,563
62,no,564
62,no,565
62,no,566
63,no,567
64,no,568
64,no,569
64,no,570
64,no,571
64,no,572
64,no,573
64,no,574
64,no,575
65,no,576
66,no,577
67,no,578
67,no,579
67,no,580
67,no,581
67,no,582
67,no,583
67,no,584
67,no,585
67,no,586
67,no,587
67,no,588
67,no,589
67,no,590
67,no,591
67,no,592
67,no,593
67,no,594
67,no,595
67,no,596
67,no,597
67,no,598
67,no,599
67,no,600
67,no,601
67,no,602
67,no,603
67,no,604
67,no,605
67,no,606
67,no,607
67,no,608
67,no,609
67,no,610
67,no,611
67,no,612
67,no,613
67,no,614
67,no,615
67,no,616
67,no,617
67,no,618
67,no,619
67,no,620
67,no,621
67,no,622
67,no,623
67,no,624
67,no,625
67,no,626
67,no,627
67,no,628
67,no,629
67,no,630
67,no,631
67,no,632
67,no,633
67,no,634
67,no,635
67,no,636
67,no,637
67,no,638
67,no,639
67,no,640
67,no,641
67,no,642
67,no,643
67,no,644
67,no,645
67,no,646
67,no,647
67,no,648
67,no,649
67,no,650
67,no,651
67,no,652
67,no,653
67,no,654
67,no,655
67,no,656
67,no,657
67,no,658
67,no,659
67,no,660
67,no,661
67,no,662
67,no,663
67,no,664
67,no,665
67,no,666
67,no,667
67,no,668
67,no,669
67,no,670
67,no,671
67,no,672
67,no,673
67,no,674
67,no,675
67,no,676
67,no,677
67,no,678
68,yes,679
68,yes,680
69,yes,681
69,yes,682
69,yes,683
69,yes,684
69,yes,685
70,yes,686
70,yes,687
70,yes,688
70,yes,689
71,no,690
72,yes,691
72,yes,692
72,yes,693
72,yes,694
72,yes,695
72,yes,696
72,yes,697
72,yes,698
72,yes,699
72,yes,700
72,yes,701
72,yes,702
72,yes,703
73,no,704
74,no,705
74,no,706
74,no,707
75,yes,708
75,yes,709
75,yes,710
75,yes,711
75,yes,712
75,yes,713
75,yes,714
75,yes,715
75,yes,716
75,yes,717
75,yes,718
75,yes,719
75,yes,720
75,yes,721
76,no,722
76,no,723
76,no,724
77,no,725
78,yes,726
78,yes,727
78,yes,728
78,yes,729
78,yes,730
78,yes,731
78,yes,732
78,yes,733
78,yes,734
78,yes,735
78,yes,736
78,yes,737
78,yes,738
78,yes,739
78,yes,740
78,yes,741
78,yes,742
78,yes,743
78,yes,744
79,no,745
80,no,746
80,no,747
81,yes,748
81,yes,749
82,no,750
82,no,751
82,no,752
82,no,753
82,no,754
83,no,755
83,no,756
83,no,757
83,no,758
84,yes,759
85,yes,760
86,yes,761
87,no,762
87,no,763
87,no,764
87,no,765
87,no,766
87,no,767
87,no,768
87,no,769
87,no,770
87,no,771
87,no,772
87,no,773
87,no,774
87,no,775
87,no,776
87,no,777
87,no,778
87,no,779
87,no,780
87,no,781
87,no,782
87,no,783
87,no,784
87,no,785
87,no,786
87,no,787
87,no,788
88,no,789
89,no,790
89,no,791
89,no,792
89,no,793
89,no,794
89,no,795
89,no,796
89,no,797
89,no,798
89,no,799
89,no,800
89,no,801
89,no,802
89,no,803
89,no,804
89,no,805
89,no,806
89,no,807
89,no,808
89,no,809
89,no,810
89,no,811
89,no,812
89,no,813
89,no,814
89,no,815
89,no,816
89,no,817
89,no,818
89,no,819
89,no,820
89,no,821
89,no,822
89,no,823
89,no,824
89,no,825
89,no,826
89,no,827
89,no,828
89,no,829
89,no,830
89,no,831
89,no,832
90,no,833
91,no,834
92,no,835
92,no,836
92,no,837
92,no,838
92,no,839
92,no,840
92,no,841
92,no,842
92,no,843
92,no,844
92,no,845
92,no,846
92,no,847
92,no,848
92,no,849
92,no,850
92,no,851
92,no,852
92,no,853
92,no,854
92,no,855
92,no,856
92,no,857
92,no,858
92,no,859
92,no,860
92,no,861
92,no,862
92,no,863
92,no,864
92,no,865
92,no,866
92,no,867
92,no,868
92,no,869
92,no,870
92,no,871
92,no,872
92,no,873
92,no,874
92,no,875
92,no,876
92,no,877
92,no,878
92,no,879
92,no,880
92,no,881
92,no,882
92,no,883
92,no,884
92,no,885
92,no,886
92,no,887
92,no,888
92,no,889
93,yes,890
94,yes,891
94,yes,892
94,yes,893
94,yes,894
94,yes,895
94,yes,896
94,yes,897
94,yes,898
94,yes,899
95,no,900
95,no,901
95,no,902
95,no,903
95,no,904
96,no,905
97,no,906
98,no,907
98,no,908
98,no,909
98,no,910
99,no,911
99,no,912
99,no,913
99,no,914
99,no,915
99,no,916
99,no,917
99,no,918
99,no,919
99,no,920
99,no,921
99,no,922
99,no,923
99,no,924
99,no,925
99,no,926
99,no,927
99,no,928
100,no,929
100,no,930
101,no,931
101,no,932
102,no,933
103,no,934
104,no,935
104,no,936
104,no,937
104,no,938
105,yes,939
105,yes,940
106,no,941
106,no,942
106,no,943
106,no,944
107,no,945
107,no,946
107,no,947
107,no,948
107,no,949
107,no,950
107,no,951
107,no,952
107,no,953
107,no,954
107,no,955
107,no,956
107,no,957
107,no,958
107,no,959
107,no,960
107,no,961
107,no,962
107,no,963
107,no,964
107,no,965
107,no,966
107,no,967
107,no,968
107,no,969
107,no,970
107,no,971
108,no,972
108,no,973
108,no,974
108,no,975
108,no,976
108,no,977
108,no,978
108,no,979
108,no,980
108,no,981
108,no,982
108,no,983
108,no,984
108,no,985
108,no,986
108,no,987
108,no,988
108,no,989
108,no,990
108,no,991
108,no,992
108,no,993
108,no,994
108,no,995
108,no,996
108,no,997
108,no,998
108,no,999
108,no,1000
108,no,1001
108,no,1002
108,no,1003
108,no,1004
108,no,1005
108,no,1006
108,no,1007
108,no,1008
109,no,1009
109,no,1010
110,no,1011
110,no,1012
110,no,1013
110,no,1014
110,no,1015
110,no,1016
110,no,1017
110,no,1018
110,no,1019
110,no,1020
110,no,1021
110,no,1022
110,no,1023
110,no,1024
110,no,1025
110,no,1026
110,no,1027
110,no,1028
110,no,1029
111,no,1030
112,no,1031
113,no,1032
113,no,1033
113,no,1034
113,no,1035
113,no,1036
113,no,1037
113,no,1038
114,yes,1039
115,yes,1040
116,no,1041
117,no,1042
117,no,1043
117,no,1044
117,no,1045
117,no,1046
117,no,1047
117,no,1048
117,no,1049
117,no,1050
117,no,1051
117,no,1052
117,no,1053
117,no,1054
117,no,1055
117,no,1056
117,no,1057
117,no,1058
117,no,1059
117,no,1060
117,no,1061
118,yes,1062
118,yes,1063
119,no,1064
120,yes,1065
120,yes,1066
120,yes,1067
120,yes,1068
120,yes,1069
120,yes,1070
120,yes,1071
120,yes,1072
120,yes,1073
120,yes,1074
120,yes,1075
120,yes,1076
121,no,1077
122,no,1078
122,no,1079
122,no,1080
122,no,1081
122,no,1082
122,no,1083
122,no,1084
122,no,1085
122,no,1086
122,no,1087
123,no,1088
124,no,1089
124,no,1090
124,no,1091
124,no,1092
124,no,1093
124,no,1094
124,no,1095
124,no,1096
124,no,1097
124,no,1098
124,no,1099
124,no,1100
124,no,1101
125,yes,1102
126,no,1103
126,no,1104
127,no,1105
127,no,1106
128,no,1107
129,yes,1108
130,yes,1109
130,yes,1110
130,yes,1111
130,yes,1112
130,yes,1113
130,yes,1114
130,yes,1115
130,yes,1116
130,yes,1117
130,yes,1118
130,yes,1119
130,yes,1120
130,yes,1121
130,yes,1122
130,yes,1123
130,yes,1124
130,yes,1125
130,yes,1126
130,yes,1127
130,yes,1128
130,yes,1129
130,yes,1130
130,yes,1131
130,yes,1132
130,yes,1133
131,no,1134
132,no,1135
133,no,1136
134,no,1137
134,no,1138
134,no,1139
134,no,1140
134,no,1141
134,no,1142
134,no,1143
134,no,1144
134,no,1145
134,no,1146
134,no,1147
134,no,1148
134,no,1149
134,no,1150
134,no,1151
134,no,1152
134,no,1153
134,no,1154
134,no,1155
134,no,1156
134,no,1157
134,no,1158
134,no,1159
134,no,1160
134,no,1161
134,no,1162
134,no,1163
134,no,1164
134,no,1165
134,no,1166
134,no,1167
134,no,1168
134,no,1169
134,no,1170
134,no,1171
134,no,1172
134,no,1173
134,no,1174
134,no,1175
134,no,1176
134,no,1177
134,no,1178
134,no,1179
135,yes,1180
136,yes,1181
136,yes,1182
136,yes,1183
136,yes,1184
136,yes,1185
136,yes,1186
136,yes,1187
136,yes,1188
136,yes,1189
136,yes,1190
136,yes,1191
136,yes,1192
136,yes,1193
136,yes,1194
136,yes,1195
136,yes,1196
136,yes,1197
136,yes,1198
136,yes,1199
136,yes,1200
136,yes,1201
136,yes,1202
136,yes,1203
136,yes,1204
136,yes,1205
136,yes,1206
136,yes,1207
136,yes,1208
136,yes,1209
136,yes,1210
136,yes,1211
136,yes,1212
136,yes,1213
136,yes,1214
136,yes,1215
136,yes,1216
136,yes,1217
136,yes,1218
136,yes,1219
136,yes,1220
136,yes,1221
136,yes,1222
136,yes,1223
136,yes,1224
136,yes,1225
136,yes,1226
136,yes,1227
136,yes,1228
136,yes,1229
136,yes,1230
136,yes,1231
136,yes,1232
136,yes,1233
136,yes,1234
136,yes,1235
136,yes,1236
136,yes,1237
136,yes,1238
136,yes,1239
136,yes,1240
137,no,1241
137,no,1242
137,no,1243
137,no,1244
137,no,1245
137,no,1246
138,no,1247
138,no,1248
138,no,1249
138,no,1250
138,no,1251
138,no,1252
138,no,1253
138,no,1254
138,no,1255
138,no,1256
138,no,1257
138,no,1258
138,no,1259
138,no,1260
138,no,1261
138,no,1262
138,no,1263
138,no,1264
138,no,1265
138,no,1266
138,no,1267
138,no,1268
138,no,1269
138,no,1270
138,no,1271
138,no,1272
138,no,1273
138,no,1274
138,no,1275
138,no,1276
138,no,1277
138,no,1278
138,no,1279
138,no,1280
138,no,1281
138,no,1282
138,no,1283
138,no,1284
138,no,1285
138,no,1286
138,no,1287
139,no,1288
140,no,1289
140,no,1290
141,yes,1291
141,yes,1292
141,yes,1293
141,yes,1294
141,yes,1295
141,yes,1296
141,yes,1297
141,yes,1298
141,yes,1299
141,yes,1300
141,yes,1301
141,yes,1302
142,no,1303
143,no,1304
143,no,1305
143,no,1306
143,no,1307
143,no,1308
143,no,1309
144,no,1310
145,yes,1311
145,yes,1312
145,yes,1313
145,yes,1314
146,no,1315
146,no,1316
146,no,1317
146,no,1318
146,no,1319
146,no,1320
146,no,1321
146,no,1322
146,no,1323
146,no,1324
146,no,1325
146,no,1326
146,no,1327
146,no,1328
146,no,1329
146,no,1330
146,no,1331
146,no,1332
146,no,1333
146,no,1334
146,no,1335
146,no,1336
146,no,1337
146,no,1338
146,no,1339
146,no,1340
146,no,1341
146,no,1342
146,no,1343
146,no,1344
146,no,1345
146,no,1346
146,no,1347
146,no,1348
146,no,1349
146,no,1350
146,no,1351
146,no,1352
146,no,1353
146,no,1354
146,no,1355
146,no,1356
146,no,1357
146,no,1358
146,no,1359
146,no,1360
146,no,1361
146,no,1362
146,no,1363
146,no,1364
146,no,1365
146,no,1366
146,no,1367
146,no,1368
146,no,1369
146,no,1370
146,no,1371
146,no,1372
146,no,1373
147,yes,1374
147,yes,1375
148,no,1376
149,no,1377
149,no,1378
149,no,1379
150,no,1380
151,yes,1381
151,yes,1382
151,yes,1383
151,yes,1384
152,yes,1385
152,yes,1386
152,yes,1387
152,yes,1388
152,yes,1389
152,yes,1390
153,no,1391
153,no,1392
153,no,1393
153,no,1394
153,no,1395
153,no,1396
153,no,1397
153,no,1398
153,no,1399
153,no,1400
153,no,1401
153,no,1402
153,no,1403
153,no,1404
153,no,1405
153,no,1406
153,no,1407
153,no,1408
153,no,1409
153,no,1410
153,no,1411
153,no,1412
153,no,1413
153,no,1414
153,no,1415
153,no,1416
153,no,1417
153,no,1418
153,no,1419
153,no,1420
153,no,1421
153,no,1422
154,no,1423
154,no,1424
154,no,1425
154,no,1426
154,no,1427
154,no,1428
154,no,1429
154,no,1430
154,no,1431
154,no,1432
154,no,1433
154,no,1434
154,no,1435
154,no,1436
154,no,1437
155,no,1438
156,yes,1439
157,yes,1440
157,yes,1441
158,yes,1442
158,yes,1443
159,no,1444
160,no,1445
160,no,1446
160,no,1447
160,no,1448
160,no,1449
160,no,1450
160,no,1451
160,no,1452
160,no,1453
161,no,1454
161,no,1455
162,yes,1456
163,no,1457
164,no,1458
164,no,1459
164,no,1460
164,no,1461
164,no,1462
164,no,1463
164,no,1464
164,no,1465
164,no,1466
165,no,1467
166,no,1468
166,no,1469
166,no,1470
166,no,1471
166,no,1472
166,no,1473
166,no,1474
166,no,1475
166,no,1476
166,no,1477
166,no,1478
166,no,1479
166,no,1480
166,no,1481
166,no,1482
166,no,1483
166,no,1484
166,no,1485
166,no,1486
166,no,1487
166,no,1488
166,no,1489
166,no,1490
166,no,1491
166,no,1492
166,no,1493
166,no,1494
166,no,1495
166,no,1496
167,no,1497
168,no,1498
168,no,1499
169,no,1500
170,no,1501
170,no,1502
170,no,1503
171,no,1504
172,yes,1505
172,yes,1506
172,yes,1507
172,yes,1508
172,yes,1509
172,yes,1510
172,yes,1511
172,yes,1512
172,yes,1513
173,no,1514
173,no,1515
174,yes,1516
175,yes,1517
175,yes,1518
175,yes,1519
175,yes,1520
175,yes,1521
175,yes,1522
175,yes,1523
175,yes,1524
175,yes,1525
175,yes,1526
175,yes,1527
175,yes,1528
175,yes,1529
175,yes,1530
175,yes,1531
175,yes,1532
175,yes,1533
175,yes,1534
175,yes,1535
175,yes,1536
175,yes,1537
175,yes,1538
176,yes,1539
177,no,1540
177,no,1541
177,no,1542
177,no,1543
177,no,1544
177,no,1545
177,no,1546
177,no,1547
177,no,1548
178,yes,1549
178,yes,1550
178,yes,1551
178,yes,1552
178,yes,1553
178,yes,1554
178,yes,1555
179,no,1556
179,no,1557
179,no,1558
179,no,1559
179,no,1560
179,no,1561
179,no,1562
179,no,1563
179,no,1564
179,no,1565
179,no,1566
179,no,1567
179,no,1568
179,no,1569
179,no,1570
179,no,1571
179,no,1572
179,no,1573
179,no,1574
179,no,1575
179,no,1576
179,no,1577
179,no,1578
179,no,1579
179,no,1580
179,no,1581
179,no,1582
179,no,1583
179,no,1584
179,no,1585
179,no,1586
179,no,1587
179,no,1588
179,no,1589
179,no,1590
179,no,1591
179,no,1592
179,no,1593
179,no,1594
179,no,1595
179,no,1596
179,no,1597
179,no,1598
179,no,1599
179,no,1600
179,no,1601
179,no,1602
179,no,1603
179,no,1604
179,no,1605
179,no,1606
179,no,1607
179,no,1608
179,no,1609
179,no,1610
179,no,1611
179,no,1612
179,no,1613
179,no,1614
179,no,1615
179,no,1616
179,no,1617
179,no,1618
179,no,1619
179,no,1620
179,no,1621
179,no,1622
179,no,1623
179,no,1624
179,no,1625
179,no,1626
179,no,1627
179,no,1628
179,no,1629
179,no,1630
179,no,1631
179,no,1632
179,no,1633
179,no,1634
179,no,1635
179,no,1636
179,no,1637
179,no,1638
179,no,1639
179,no,1640
179,no,1641
179,no,1642
179,no,1643
179,no,1644
179,no,1645
179,no,1646
179,no,1647
179,no,1648
179,no,1649
179,no,1650
179,no,1651
179,no,1652
179,no,1653
180,no,1654
181,no,1655
181,no,1656
181,no,1657
181,no,1658
181,no,1659
181,no,1660
181,no,1661
181,no,1662
181,no,1663
181,no,1664
181,no,1665
181,no,1666
181,no,1667
181,no,1668
181,no,1669
181,no,1670
181,no,1671
181,no,1672
181,no,1673
181,no,1674
181,no,1675
181,no,1676
181,no,1677
181,no,1678
181,no,1679
181,no,1680
181,no,1681
181,no,1682
181,no,1683
181,no,1684
181,no,1685
181,no,1686
181,no,1687
181,no,1688
181,no,1689
181,no,1690
181,no,1691
181,no,1692
181,no,1693
181,no,1694
181,no,1695
181,no,1696
181,no,1697
181,no,1698
181,no,1699
181,no,1700
181,no,1701
181,no,1702
181,no,1703
182,no,1704
183,no,1705
183,no,1706
183,no,1707
183,no,1708
183,no,1709
183,no,1710
183,no,1711
184,no,1712
184,no,1713
185,yes,1714
185,yes,1715
185,yes,1716
185,yes,1717
186,no,1718
187,no,1719
187,no,1720
187,no,1721
187,no,1722
187,no,1723
187,no,1724
188,yes,1725
189,no,1726
189,no,1727
189,no,1728
189,no,1729
189,no,1730
189,no,1731
189,no,1732
190,no,1733
191,no,1734
191,no,1735
191,no,1736
191,no,1737
191,no,1738
191,no,1739
191,no,1740
191,no,1741
191,no,1742
192,no,1743
193,no,1744
193,no,1745
193,no,1746
193,no,1747
193,no,1748
193,no,1749
193,no,1750
194,no,1751
194,no,1752
194,no,1753
195,no,1754
195,no,1755
195,no,1756
195,no,1757
195,no,1758
196,yes,1759
197,yes,1760
197,yes,1761
197,yes,1762
197,yes,1763
198,no,1764
198,no,1765
198,no,1766
198,no,1767
198,no,1768
198,no,1769
199,no,1770
200,yes,1771
200,yes,1772
200,yes,1773
201,yes,1774
201,yes,1775
201,yes,1776
201,yes,1777
201,yes,1778
202,no,1779
202,no,1780
202,no,1781
203,yes,1782
204,no,1783
204,no,1784
204,no,1785
204,no,1786
204,no,1787
204,no,1788
204,no,1789
204,no,1790
204,no,1791
204,no,1792
205,yes,1793
206,yes,1794
206,yes,1795
207,no,1796
207,no,1797
207,no,1798
208,no,1799
208,no,1800
208,no,1801
208,no,1802
208,no,1803
208,no,1804
208,no,1805
208,no,1806
208,no,1807
208,no,1808
208,no,1809
208,no,1810
208,no,1811
208,no,1812
208,no,1813
208,no,1814
208,no,1815
208,no,1816
208,no,1817
208,no,1818
208,no,1819
208,no,1820
208,no,1821
208,no,1822
208,no,1823
208,no,1824
208,no,1825
208,no,1826
208,no,1827
208,no,1828
208,no,1829
208,no,1830
208,no,1831
208,no,1832
208,no,1833
208,no,1834
208,no,1835
208,no,1836
208,no,1837
208,no,1838
208,no,1839
208,no,1840
208,no,1841
208,no,1842
208,no,1843
208,no,1844
208,no,1845
208,no,1846
208,no,1847
208,no,1848
208,no,1849
208,no,1850
208,no,1851
208,no,1852
208,no,1853
208,no,1854
208,no,1855
208,no,1856
208,no,1857
208,no,1858
208,no,1859
208,no,1860
208,no,1861
208,no,1862
208,no,1863
208,no,1864
208,no,1865
208,no,1866
208,no,1867
208,no,1868
208,no,1869
208,no,1870
208,no,1871
208,no,1872
208,no,1873
208,no,1874
208,no,1875
208,no,1876
208,no,1877
208,no,1878
208,no,1879
208,no,1880
208,no,1881
208,no,1882
208,no,1883
208,no,1884
208,no,1885
208,no,1886
208,no,1887
208,no,1888
208,no,1889
208,no,1890
208,no,1891
208,no,1892
208,no,1893
209,yes,1894
210,yes,1895
211,yes,1896
211,yes,1897
211,yes,1898
211,yes,1899
211,yes,1900
211,yes,1901
211,yes,1902
211,yes,1903
212,no,1904
213,yes,1905
213,yes,1906
213,yes,1907
214,yes,1908
215,yes,1909
215,yes,1910
215,yes,1911
216,yes,1912
217,yes,1913
217,yes,1914
217,yes,1915
217,yes,1916
217,yes,1917
218,yes,1918
219,yes,1919
220,no,1920
221,no,1921
221,no,1922
221,no,1923
221,no,1924
221,no,1925
221,no,1926
221,no,1927
221,no,1928
221,no,1929
221,no,1930
221,no,1931
221,no,1932
221,no,1933
221,no,1934
222,no,1935
222,no,1936
222,no,1937
223,yes,1938
223,yes,1939
224,yes,1940
225,yes,1941
226,no,1942
227,yes,1943
227,yes,1944
227,yes,1945
228,yes,1946
228,yes,1947
228,yes,1948
228,yes,1949
228,yes,1950
228,yes,1951
228,yes,1952
229,no,1953
230,no,1954
230,no,1955
230,no,1956
230,no,1957
230,no,1958
230,no,1959
230,no,1960
231,yes,1961
231,yes,1962
231,yes,1963
231,yes,1964
231,yes,1965
232,no,1966
233,no,1967
234,no,1968
234,no,1969
235,no,1970
235,no,1971
235,no,1972
235,no,1973
236,no,1974
237,yes,1975
238,yes,1976
239,yes,1977
239,yes,1978
239,yes,1979
239,yes,1980
239,yes,1981
240,no,1982
240,no,1983
241,yes,1984
241,yes,1985
242,yes,1986
243,yes,1987
243,yes,1988
243,yes,1989
243,yes,1990
243,yes,1991
243,yes,1992
244,no,1993
244,no,1994
244,no,1995
244,no,1996
244,no,1997
244,no,1998
244,no,1999
244,no,2000
244,no,2001
244,no,2002
244,no,2003
244,no,2004
244,no,2005
244,no,2006
244,no,2007
244,no,2008
244,no,2009
244,no,2010
244,no,2011
244,no,2012
244,no,2013
244,no,2014
244,no,2015
244,no,2016
244,no,2017
244,no,2018
244,no,2019
244,no,2020
244,no,2021
244,no,2022
244,no,2023
245,yes,2024
245,yes,2025
245,yes,2026
246,no,2027
246,no,2028
247,yes,2029
247,yes,2030
247,yes,2031
248,no,2032
248,no,2033
248,no,2034
248,no,2035
249,no,2036
249,no,2037
249,no,2038
250,yes,2039
250,yes,2040
250,yes,2041
250,yes,2042
250,yes,2043
250,yes,2044
250,yes,2045
250,yes,2046
250,yes,2047
250,yes,2048
250,yes,2049
250,yes,2050
250,yes,2051
250,yes,2052
250,yes,2053
250,yes,2054
250,yes,2055
250,yes,2056
250,yes,2057
250,yes,2058
250,yes,2059
250,yes,2060
251,no,2061
251,no,2062
251,no,2063
251,no,2064
252,yes,2065
252,yes,2066
252,yes,2067
252,yes,2068
253,no,2069
254,no,2070
254,no,2071
254,no,2072
255,yes,2073
255,yes,2074
255,yes,2075
255,yes,2076
255,yes,2077
255,yes,2078
255,yes,2079
255,yes,2080
255,yes,2081
255,yes,2082
256,yes,2083
257,no,2084
258,no,2085
258,no,2086
259,yes,2087
259,yes,2088
259,yes,2089
259,yes,2090
259,yes,2091
259,yes,2092
259,yes,2093
260,no,2094
260,no,2095
260,no,2096
261,no,2097
261,no,2098
261,no,2099
261,no,2100
261,no,2101
261,no,2102
261,no,2103
261,no,2104
261,no,2105
261,no,2106
262,no,2107
262,no,2108
262,no,2109
262,no,2110
262,no,2111
262,no,2112
262,no,2113
262,no,2114
262,no,2115
262,no,2116
262,no,2117
262,no,2118
262,no,2119
262,no,2120
262,no,2121
263,no,2122
263,no,2123
263,no,2124
263,no,2125
263,no,2126
263,no,2127
263,no,2128
263,no,2129
264,no,2130
264,no,2131
265,no,2132
265,no,2133
265,no,2134
265,no,2135
265,no,2136
265,no,2137
265,no,2138
266,yes,2139
266,yes,2140
266,yes,2141
266,yes,2142
267,no,2143
267,no,2144
267,no,2145
267,no,2146
267,no,2147
268,yes,2148
268,yes,2149
269,yes,2150
270,no,2151
270,no,2152
270,no,2153
270,no,2154
270,no,2155
271,yes,2156
272,yes,2157
272,yes,2158
273,no,2159
274,yes,2160
275,yes,2161
275,yes,2162
275,yes,2163
276,yes,2164
277,yes,2165
278,yes,2166
278,yes,2167
278,yes,2168
278,yes,2169
278,yes,2170
278,yes,2171
278,yes,2172
279,yes,2173
279,yes,2174
280,no,2175
280,no,2176
281,yes,2177
282,no,2178
282,no,2179
282,no,2180
282,no,2181
282,no,2182
282,no,2183
282,no,2184
282,no,2185
283,no,2186
283,no,2187
283,no,2188
283,no,2189
283,no,2190
284,no,2191
284,no,2192
285,yes,2193
285,yes,2194
285,yes,2195
285,yes,2196
285,yes,2197
285,yes,2198
285,yes,2199
285,yes,2200
285,yes,2201
285,yes,2202
285,yes,2203
285,yes,2204
285,yes,2205
285,yes,2206
285,yes,2207
285,yes,2208
285,yes,2209
285,yes,2210
285,yes,2211
285,yes,2212
285,yes,2213
285,yes,2214
285,yes,2215
285,yes,2216
286,yes,2217
286,yes,2218
286,yes,2219
286,yes,2220
286,yes,2221
286,yes,2222
286,yes,2223
286,yes,2224
287,yes,2225
288,yes,2226
288,yes,2227
288,yes,2228
288,yes,2229
288,yes,2230
288,yes,2231
288,yes,2232
288,yes,2233
288,yes,2234
288,yes,2235
289,yes,2236
289,yes,2237
289,yes,2238
289,yes,2239
289,yes,2240
289,yes,2241
290,no,2242
290,no,2243
290,no,2244
290,no,2245
290,no,2246
290,no,2247
290,no,2248
290,no,2249
290,no,2250
290,no,2251
290,no,2252
290,no,2253
290,no,2254
290,no,2255
290,no,2256
290,no,2257
290,no,2258
291,no,2259
291,no,2260
291,no,2261
291,no,2262
291,no,2263
291,no,2264
291,no,2265
291,no,2266
291,no,2267
291,no,2268
291,no,2269
291,no,2270
292,yes,2271
292,yes,2272
292,yes,2273
292,yes,2274
292,yes,2275
292,yes,2276
292,yes,2277
292,yes,2278
292,yes,2279
292,yes,2280
292,yes,2281
293,yes,2282
294,yes,2283
294,yes,2284
294,yes,2285
294,yes,2286
294,yes,2287
295,no,2288
295,no,2289
295,no,2290
295,no,2291
296,yes,2292
296,yes,2293
296,yes,2294
296,yes,2295
296,yes,2296
296,yes,2297
296,yes,2298
296,yes,2299
296,yes,2300
296,yes,2301
296,yes,2302
296,yes,2303
296,yes,2304
296,yes,2305
297,yes,2306
297,yes,2307
297,yes,2308
297,yes,2309
297,yes,2310
297,yes,2311
297,yes,2312
297,yes,2313
297,yes,2314
297,yes,2315
297,yes,2316
297,yes,2317
297,yes,2318
297,yes,2319
297,yes,2320
297,yes,2321
297,yes,2322
297,yes,2323
297,yes,2324
297,yes,2325
298,yes,2326
298,yes,2327
298,yes,2328
298,yes,2329
298,yes,2330
298,yes,2331
299,no,2332
299,no,2333
299,no,2334
299,no,2335
300,yes,2336
300,yes,2337
300,yes,2338
300,yes,2339
300,yes,2340
300,yes,2341
300,yes,2342
301,yes,2343
302,yes,2344
303,yes,2345
303,yes,2346
304,yes,2347
304,yes,2348
304,yes,2349
304,yes,2350
304,yes,2351
304,yes,2352
304,yes,2353
304,yes,2354
304,yes,2355
305,yes,2356
306,yes,2357
306,yes,2358
306,yes,2359
307,yes,2360
308,yes,2361
308,yes,2362
308,yes,2363
308,yes,2364
308,yes,2365
308,yes,2366
309,yes,2367
309,yes,2368
309,yes,2369
309,yes,2370
310,yes,2371
310,yes,2372
311,yes,2373
312,yes,2374
313,yes,2375
313,yes,2376
313,yes,2377
313,yes,2378
313,yes,2379
314,yes,2380
315,yes,2381
315,yes,2382
315,yes,2383
315,yes,2384
315,yes,2385
315,yes,2386
315,yes,2387
315,yes,2388
315,yes,2389
315,yes,2390
315,yes,2391
315,yes,2392
315,yes,2393
315,yes,2394
315,yes,2395
315,yes,2396
315,yes,2397
315,yes,2398
315,yes,2399
315,yes,2400
316,yes,2401
316,yes,2402
316,yes,2403
317,yes,2404
318,yes,2405
318,yes,2406
319,yes,2407
319,yes,2408
319,yes,2409
320,yes,2410
320,yes,2411
321,yes,2412
321,yes,2413
321,yes,2414
321,yes,2415
321,yes,2416
321,yes,2417
321,yes,2418
321,yes,2419
321,yes,2420
321,yes,2421
321,yes,2422
321,yes,2423
321,yes,2424
321,yes,2425
321,yes,2426
321,yes,2427
321,yes,2428
321,yes,2429
321,yes,2430
321,yes,2431
321,yes,2432
321,yes,2433
321,yes,2434
321,yes,2435
321,yes,2436
322,yes,2437
322,yes,2438
323,yes,2439
324,yes,2440
325,yes,2441
326,no,2442
326,no,2443
326,no,2444
326,no,2445
326,no,2446
326,no,2447
326,no,2448
326,no,2449
327,yes,2450
327,yes,2451
327,yes,2452
327,yes,2453
328,yes,2454
328,yes,2455
328,yes,2456
329,yes,2457
329,yes,2458
329,yes,2459
329,yes,2460
330,yes,2461
330,yes,2462
330,yes,2463
330,yes,2464
330,yes,2465
330,yes,2466
330,yes,2467
330,yes,2468
330,yes,2469
330,yes,2470
330,yes,2471
330,yes,2472
331,yes,2473
331,yes,2474
332,yes,2475
333,yes,2476
334,yes,2477
335,yes,2478
336,no,2479
336,no,2480
337,no,2481
337,no,2482
337,no,2483
337,no,2484
337,no,2485
337,no,2486
337,no,2487
337,no,2488
337,no,2489
337,no,2490
337,no,2491
337,no,2492
337,no,2493
337,no,2494
337,no,2495
337,no,2496
337,no,2497
337,no,2498
337,no,2499
337,no,2500
337,no,2501
337,no,2502
337,no,2503
337,no,2504
337,no,2505
337,no,2506
337,no,2507
337,no,2508
337,no,2509
337,no,2510
337,no,2511
337,no,2512
337,no,2513
337,no,2514
337,no,2515
337,no,2516
337,no,2517
338,no,2518
338,no,2519
338,no,2520
338,no,2521
338,no,2522
338,no,2523
338,no,2524
338,no,2525
338,no,2526
338,no,2527
338,no,2528
338,no,2529
338,no,2530
338,no,2531
338,no,2532
338,no,2533
338,no,2534
338,no,2535
338,no,2536
338,no,2537
338,no,2538
338,no,2539
338,no,2540
338,no,2541
338,no,2542
338,no,2543
338,no,2544
338,no,2545
338,no,2546
338,no,2547
338,no,2548
338,no,2549
338,no,2550
338,no,2551
338,no,2552
338,no,2553
338,no,2554
338,no,2555
338,no,2556
338,no,2557
338,no,2558
338,no,2559
338,no,2560
338,no,2561
338,no,2562
338,no,2563
338,no,2564
338,no,2565
338,no,2566
338,no,2567
338,no,2568
338,no,2569
338,no,2570
338,no,2571
338,no,2572
338,no,2573
338,no,2574
338,no,2575
339,yes,2576
339,yes,2577
339,yes,2578
339,yes,2579
339,yes,2580
339,yes,2581
339,yes,2582
339,yes,2583
339,yes,2584
339,yes,2585
339,yes,2586
339,yes,2587
339,yes,2588
339,yes,2589
339,yes,2590
339,yes,2591
339,yes,2592
339,yes,2593
339,yes,2594
339,yes,2595
339,yes,2596
339,yes,2597
339,yes,2598
340,yes,2599
340,yes,2600
341,yes,2601
342,no,2602
342,no,2603
342,no,2604
343,yes,2605
344,yes,2606
344,yes,2607
344,yes,2608
345,yes,2609
346,yes,2610
347,yes,2611
348,yes,2612
349,yes,2613
349,yes,2614
349,yes,2615
349,yes,2616
349,yes,2617
349,yes,2618
349,yes,2619
349,yes,2620
349,yes,2621
349,yes,2622
349,yes,2623
349,yes,2624
349,yes,2625
349,yes,2626
349,yes,2627
350,no,2628
350,no,2629
351,yes,2630
351,yes,2631
351,yes,2632
351,yes,2633
351,yes,2634
351,yes,2635
351,yes,2636
352,yes,2637
352,yes,2638
352,yes,2639
352,yes,2640
352,yes,2641
352,yes,2642
352,yes,2643
352,yes,2644
352,yes,2645
352,yes,2646
352,yes,2647
352,yes,2648
352,yes,2649
352,yes,2650
352,yes,2651
352,yes,2652
352,yes,2653
352,yes,2654
352,yes,2655
352,yes,2656
352,yes,2657
352,yes,2658
352,yes,2659
352,yes,2660
352,yes,2661
353,yes,2662
354,no,2663
354,no,2664
354,no,2665
354,no,2666
354,no,2667
354,no,2668
354,no,2669
354,no,2670
354,no,2671
354,no,2672
354,no,2673
354,no,2674
354,no,2675
354,no,2676
354,no,2677
354,no,2678
354,no,2679
354,no,2680
354,no,2681
354,no,2682
354,no,2683
354,no,2684
354,no,2685
354,no,2686
354,no,2687
354,no,2688
354,no,2689
354,no,2690
354,no,2691
354,no,2692
354,no,2693
354,no,2694
354,no,2695
354,no,2696
354,no,2697
354,no,2698
354,no,2699
354,no,2700
354,no,2701
354,no,2702
354,no,2703
354,no,2704
354,no,2705
354,no,2706
354,no,2707
354,no,2708
354,no,2709
355,yes,2710
356,yes,2711
357,no,2712
357,no,2713
357,no,2714
358,yes,2715
358,yes,2716
358,yes,2717
358,yes,2718
358,yes,2719
359,yes,2720
360,yes,2721
361,yes,2722
361,yes,2723
362,no,2724
362,no,2725
362,no,2726
363,yes,2727
364,yes,2728
364,yes,2729
364,yes,2730
365,yes,2731
365,yes,2732
365,yes,2733
365,yes,2734
365,yes,2735
366,no,2736
367,no,2737
367,no,2738
367,no,2739
367,no,2740
367,no,2741
367,no,2742
367,no,2743
367,no,2744
367,no,2745
367,no,2746
367,no,2747
367,no,2748
367,no,2749
367,no,2750
367,no,2751
367,no,2752
367,no,2753
367,no,2754
367,no,2755
367,no,2756
367,no,2757
367,no,2758
367,no,2759
367,no,2760
367,no,2761
367,no,2762
367,no,2763
367,no,2764
367,no,2765
367,no,2766
367,no,2767
367,no,2768
367,no,2769
367,no,2770
367,no,2771
367,no,2772
368,no,2773
369,no,2774
369,no,2775
369,no,2776
369,no,2777
369,no,2778
369,no,2779
369,no,2780
370,no,2781
370,no,2782
370,no,2783
370,no,2784
370,no,2785
370,no,2786
370,no,2787
371,yes,2788
372,no,2789
372,no,2790
372,no,2791
373,yes,2792
373,yes,2793
374,yes,2794
374,yes,2795
374,yes,2796
374,yes,2797
375,no,2798
375,no,2799
375,no,2800
376,no,2801
376,no,2802
376,no,2803
377,yes,2804
377,yes,2805
377,yes,2806
377,yes,2807
377,yes,2808
377,yes,2809
377,yes,2810
377,yes,2811
377,yes,2812
377,yes,2813
377,yes,2814
377,yes,2815
377,yes,2816
377,yes,2817
377,yes,2818
377,yes,2819
377,yes,2820
377,yes,2821
377,yes,2822
377,yes,2823
377,yes,2824
377,yes,2825
377,yes,2826
377,yes,2827
377,yes,2828
377,yes,2829
377,yes,2830
377,yes,2831
377,yes,2832
377,yes,2833
377,yes,2834
377,yes,2835
377,yes,2836
377,yes,2837
377,yes,2838
378,yes,2839
378,yes,2840
378,yes,2841
378,yes,2842
379,yes,2843
380,yes,2844
381,yes,2845
381,yes,2846
382,yes,2847
383,no,2848
384,yes,2849
385,yes,2850
386,no,2851
387,yes,2852
388,yes,2853
388,yes,2854
388,yes,2855
388,yes,2856
388,yes,2857
388,yes,2858
388,yes,2859
388,yes,2860
388,yes,2861
389,yes,2862
390,no,2863
391,yes,2864
391,yes,2865
391,yes,2866
391,yes,2867
392,no,2868
392,no,2869
392,no,2870
393,yes,2871
393,yes,2872
393,yes,2873
393,yes,2874
393,yes,2875
393,yes,2876
394,yes,2877
395,yes,2878
395,yes,2879
396,yes,2880
396,yes,2881
396,yes,2882
396,yes,2883
396,yes,2884
397,yes,2885
398,yes,2886
399,yes,2887
400,yes,2888
400,yes,2889
401,yes,2890
401,yes,2891
401,yes,2892
401,yes,2893
402,no,2894
403,no,2895
404,no,2896
404,no,2897
404,no,2898
404,no,2899
404,no,2900
404,no,2901
404,no,2902
404,no,2903
404,no,2904
404,no,2905
404,no,2906
404,no,2907
404,no,2908
404,no,2909
404,no,2910
404,no,2911
404,no,2912
404,no,2913
404,no,2914
404,no,2915
404,no,2916
404,no,2917
404,no,2918
404,no,2919
404,no,2920
404,no,2921
404,no,2922
404,no,2923
404,no,2924
404,no,2925
404,no,2926
404,no,2927
404,no,2928
404,no,2929
404,no,2930
404,no,2931
404,no,2932
404,no,2933
404,no,2934
404,no,2935
404,no,2936
404,no,2937
404,no,2938
404,no,2939
404,no,2940
404,no,2941
404,no,2942
404,no,2943
404,no,2944
404,no,2945
404,no,2946
404,no,2947
404,no,2948
404,no,2949
404,no,2950
404,no,2951
404,no,2952
404,no,2953
404,no,2954
405,no,2955
406,yes,2956
407,no,2957
407,no,2958
407,no,2959
407,no,2960
407,no,2961
407,no,2962
407,no,2963
407,no,2964
407,no,2965
407,no,2966
407,no,2967
408,yes,2968
409,no,2969
409,no,2970
409,no,2971
409,no,2972
409,no,2973
409,no,2974
409,no,2975
409,no,2976
409,no,2977
409,no,2978
409,no,2979
409,no,2980
409,no,2981
409,no,2982
409,no,2983
409,no,2984
409,no,2985
409,no,2986
409,no,2987
409,no,2988
409,no,2989
409,no,2990
409,no,2991
410,yes,2992
411,yes,2993
412,yes,2994
413,yes,2995
414,yes,2996
414,yes,2997
414,yes,2998
415,no,2999
416,no,3000
417,yes,3001
417,yes,3002
417,yes,3003
417,yes,3004
417,yes,3005
417,yes,3006
417,yes,3007
417,yes,3008
417,yes,3009
417,yes,3010
417,yes,3011
417,yes,3012
417,yes,3013
417,yes,3014
417,yes,3015
417,yes,3016
417,yes,3017
417,yes,3018
418,no,3019
418,no,3020
418,no,3021
418,no,3022
418,no,3023
419,yes,3024
420,no,3025
421,no,3026
421,no,3027
421,no,3028
421,no,3029
421,no,3030
421,no,3031
421,no,3032
421,no,3033
421,no,3034
421,no,3035
421,no,3036
421,no,3037
421,no,3038
421,no,3039
421,no,3040
421,no,3041
421,no,3042
421,no,3043
421,no,3044
421,no,3045
421,no,3046
421,no,3047
421,no,3048
421,no,3049
421,no,3050
421,no,3051
421,no,3052
421,no,3053
422,no,3054
422,no,3055
423,no,3056
423,no,3057
423,no,3058
423,no,3059
423,no,3060
423,no,3061
423,no,3062
423,no,3063
423,no,3064
423,no,3065
423,no,3066
423,no,3067
423,no,3068
424,no,3069
424,no,3070
424,no,3071
424,no,3072
424,no,3073
424,no,3074
424,no,3075
424,no,3076
424,no,3077
424,no,3078
424,no,3079
425,no,3080
425,no,3081
425,no,3082
425,no,3083
425,no,3084
425,no,3085
425,no,3086
425,no,3087
425,no,3088
425,no,3089
426,no,3090
427,no,3091
428,yes,3092
428,yes,3093
429,no,3094
429,no,3095
430,no,3096
430,no,3097
430,no,3098
430,no,3099
430,no,3100
430,no,3101
430,no,3102
430,no,3103
430,no,3104
430,no,3105
430,no,3106
430,no,3107
430,no,3108
431,yes,3109
432,yes,3110
433,yes,3111
434,no,3112
435,yes,3113
436,yes,3114
437,no,3115
438,yes,3116
439,yes,3117
440,yes,3118
441,yes,3119
442,yes,3120
442,yes,3121
443,yes,3122
444,yes,3123
444,yes,3124
444,yes,3125
444,yes,3126
444,yes,3127
445,yes,3128
446,yes,3129
446,yes,3130
446,yes,3131
446,yes,3132
447,no,3133
447,no,3134
447,no,3135
447,no,3136
447,no,3137
447,no,3138
447,no,3139
447,no,3140
447,no,3141
447,no,3142
447,no,3143
447,no,3144
447,no,3145
448,yes,3146
448,yes,3147
449,yes,3148
449,yes,3149
450,yes,3150
451,yes,3151
451,yes,3152
451,yes,3153
451,yes,3154
452,yes,3155
453,yes,3156
454,yes,3157
454,yes,3158
454,yes,3159
454,yes,3160
455,yes,3161
455,yes,3162
456,yes,3163
456,yes,3164
456,yes,3165
457,yes,3166
458,yes,3167
458,yes,3168
458,yes,3169
458,yes,3170
458,yes,3171
458,yes,3172
458,yes,3173
458,yes,3174
458,yes,3175
458,yes,3176
458,yes,3177
459,no,3178
459,no,3179
459,no,3180
459,no,3181
460,yes,3182
460,yes,3183
460,yes,3184
460,yes,3185
460,yes,3186
460,yes,3187
460,yes,3188
460,yes,3189
461,yes,3190
462,yes,3191
462,yes,3192
462,yes,3193
463,no,3194
463,no,3195
463,no,3196
463,no,3197
464,yes,3198
465,yes,3199
465,yes,3200
466,yes,3201
466,yes,3202
466,yes,3203
466,yes,3204
466,yes,3205
466,yes,3206
466,yes,3207
466,yes,3208
466,yes,3209
466,yes,3210
467,yes,3211
468,yes,3212
469,yes,3213
469,yes,3214
469,yes,3215
469,yes,3216
469,yes,3217
469,yes,3218
469,yes,3219
470,yes,3220
471,yes,3221
471,yes,3222
472,yes,3223
472,yes,3224
472,yes,3225
472,yes,3226
472,yes,3227
472,yes,3228
472,yes,3229
472,yes,3230
472,yes,3231
472,yes,3232
472,yes,3233
472,yes,3234
472,yes,3235
472,yes,3236
472,yes,3237
472,yes,3238
472,yes,3239
473,no,3240
473,no,3241
473,no,3242
474,yes,3243
474,yes,3244
475,yes,3245
475,yes,3246
475,yes,3247
475,yes,3248
475,yes,3249
475,yes,3250
475,yes,3251
475,yes,3252
476,yes,3253
476,yes,3254
476,yes,3255
476,yes,3256
476,yes,3257
476,yes,3258
477,yes,3259
477,yes,3260
477,yes,3261
477,yes,3262
477,yes,3263
477,yes,3264
477,yes,3265
477,yes,3266
477,yes,3267
478,yes,3268
478,yes,3269
478,yes,3270
478,yes,3271
479,no,3272
479,no,3273
479,no,3274
479,no,3275
479,no,3276
479,no,3277
479,no,3278
479,no,3279
479,no,3280
479,no,3281
480,yes,3282
480,yes,3283
481,yes,3284
481,yes,3285
481,yes,3286
481,yes,3287
481,yes,3288
481,yes,3289
481,yes,3290
481,yes,3291
481,yes,3292
481,yes,3293
481,yes,3294
481,yes,3295
481,yes,3296
481,yes,3297
481,yes,3298
481,yes,3299
481,yes,3300
481,yes,3301
481,yes,3302
481,yes,3303
481,yes,3304
481,yes,3305
481,yes,3306
481,yes,3307
481,yes,3308
481,yes,3309
481,yes,3310
481,yes,3311
481,yes,3312
481,yes,3313
482,yes,3314
483,yes,3315
483,yes,3316
483,yes,3317
483,yes,3318
483,yes,3319
483,yes,3320
483,yes,3321
483,yes,3322
483,yes,3323
483,yes,3324
483,yes,3325
483,yes,3326
483,yes,3327
483,yes,3328
483,yes,3329
483,yes,3330
483,yes,3331
483,yes,3332
483,yes,3333
483,yes,3334
483,yes,3335
483,yes,3336
483,yes,3337
484,yes,3338
484,yes,3339
485,yes,3340
485,yes,3341
485,yes,3342
485,yes,3343
485,yes,3344
485,yes,3345
485,yes,3346
485,yes,3347
485,yes,3348
485,yes,3349
485,yes,3350
485,yes,3351
485,yes,3352
485,yes,3353
485,yes,3354
485,yes,3355
485,yes,3356
485,yes,3357
485,yes,3358
485,yes,3359
485,yes,3360
485,yes,3361
485,yes,3362
486,yes,3363
487,yes,3364
488,yes,3365
489,yes,3366
489,yes,3367
490,no,3368
491,yes,3369
492,yes,3370
493,yes,3371
493,yes,3372
493,yes,3373
493,yes,3374
493,yes,3375
493,yes,3376
493,yes,3377
493,yes,3378
493,yes,3379
493,yes,3380
493,yes,3381
493,yes,3382
493,yes,3383
493,yes,3384
493,yes,3385
493,yes,3386
493,yes,3387
493,yes,3388
493,yes,3389
493,yes,3390
493,yes,3391
493,yes,3392
493,yes,3393
494,yes,3394
494,yes,3395
494,yes,3396
494,yes,3397
494,yes,3398
495,yes,3399
496,no,3400
496,no,3401
496,no,3402
496,no,3403
496,no,3404
496,no,3405
496,no,3406
496,no,3407
496,no,3408
496,no,3409
496,no,3410
496,no,3411
496,no,3412
496,no,3413
496,no,3414
496,no,3415
496,no,3416
496,no,3417
496,no,3418
496,no,3419
496,no,3420
496,no,3421
496,no,3422
496,no,3423
496,no,3424
496,no,3425
496,no,3426
496,no,3427
496,no,3428
496,no,3429
496,no,3430
497,no,3431
498,yes,3432
498,yes,3433
498,yes,3434
498,yes,3435
499,yes,3436
500,yes,3437
500,yes,3438
500,yes,3439
501,no,3440
501,no,3441
501,no,3442
501,no,3443
501,no,3444
501,no,3445
501,no,3446
501,no,3447
501,no,3448
501,no,3449
501,no,3450
501,no,3451
501,no,3452
501,no,3453
501,no,3454
501,no,3455
501,no,3456
501,no,3457
502,yes,3458
502,yes,3459
502,yes,3460
503,yes,3461
504,yes,3462
504,yes,3463
504,yes,3464
504,yes,3465
504,yes,3466
504,yes,3467
504,yes,3468
504,yes,3469
504,yes,3470
504,yes,3471
505,no,3472
505,no,3473
505,no,3474
505,no,3475
505,no,3476
505,no,3477
505,no,3478
505,no,3479
505,no,3480
505,no,3481
506,no,3482
507,yes,3483
507,yes,3484
507,yes,3485
508,yes,3486
509,yes,3487
509,yes,3488
509,yes,3489
509,yes,3490
509,yes,3491
510,no,3492
511,yes,3493
512,yes,3494
512,yes,3495
513,yes,3496
513,yes,3497
513,yes,3498
513,yes,3499
513,yes,3500
513,yes,3501
513,yes,3502
513,yes,3503
514,yes,3504
514,yes,3505
515,no,3506
515,no,3507
516,yes,3508
517,yes,3509
518,yes,3510
519,yes,3511
520,yes,3512
520,yes,3513
520,yes,3514
520,yes,3515
520,yes,3516
520,yes,3517
520,yes,3518
520,yes,3519
520,yes,3520
520,yes,3521
520,yes,3522
521,yes,3523
521,yes,3524
521,yes,3525
522,yes,3526
523,yes,3527
524,yes,3528
525,yes,3529
525,yes,3530
526,yes,3531
526,yes,3532
527,yes,3533
527,yes,3534
528,yes,3535
528,yes,3536
528,yes,3537
528,yes,3538
528,yes,3539
529,yes,3540
529,yes,3541
530,yes,3542
530,yes,3543
531,no,3544
532,yes,3545
532,yes,3546
532,yes,3547
532,yes,3548
532,yes,3549
532,yes,3550
532,yes,3551
532,yes,3552
533,yes,3553
534,yes,3554
534,yes,3555
534,yes,3556
534,yes,3557
534,yes,3558
534,yes,3559
534,yes,3560
535,no,3561
535,no,3562
535,no,3563
535,no,3564
536,yes,3565
536,yes,3566
536,yes,3567
536,yes,3568
536,yes,3569
537,no,3570
538,yes,3571
538,yes,3572
538,yes,3573
538,yes,3574
539,yes,3575
539,yes,3576
539,yes,3577
539,yes,3578
539,yes,3579
540,yes,3580
540,yes,3581
540,yes,3582
540,yes,3583
540,yes,3584
541,yes,3585
542,yes,3586
543,yes,3587
543,yes,3588
543,yes,3589
543,yes,3590
543,yes,3591
543,yes,3592
544,yes,3593
544,yes,3594
544,yes,3595
544,yes,3596
544,yes,3597
544,yes,3598
544,yes,3599
544,yes,3600
544,yes,3601
544,yes,3602
544,yes,3603
544,yes,3604
544,yes,3605
545,yes,3606
546,yes,3607
547,yes,3608
548,yes,3609
549,yes,3610
549,yes,3611
549,yes,3612
550,yes,3613
550,yes,3614
550,yes,3615
550,yes,3616
551,yes,3617
551,yes,3618
552,yes,3619
553,no,3620
554,yes,3621
555,yes,3622
556,yes,3623
556,yes,3624
557,no,3625
557,no,3626
557,no,3627
558,yes,3628
558,yes,3629
558,yes,3630
558,yes,3631
558,yes,3632
558,yes,3633
559,yes,3634
560,yes,3635
560,yes,3636
560,yes,3637
561,yes,3638
562,yes,3639
563,yes,3640
564,yes,3641
565,yes,3642
566,yes,3643
567,yes,3644
568,yes,3645
568,yes,3646
568,yes,3647
568,yes,3648
568,yes,3649
568,yes,3650
568,yes,3651
568,yes,3652
569,yes,3653
570,yes,3654
570,yes,3655
571,yes,3656
571,yes,3657
571,yes,3658
571,yes,3659
571,yes,3660
571,yes,3661
571,yes,3662
571,yes,3663
571,yes,3664
571,yes,3665
572,yes,3666
573,yes,3667
574,no,3668
575,yes,3669
575,yes,3670
575,yes,3671
576,no,3672
577,yes,3673
577,yes,3674
577,yes,3675
577,yes,3676
577,yes,3677
577,yes,3678
577,yes,3679
577,yes,3680
577,yes,3681
577,yes,3682
577,yes,3683
577,yes,3684
577,yes,3685
577,yes,3686
577,yes,3687
577,yes,3688
577,yes,3689
578,yes,3690
579,yes,3691
580,yes,3692
580,yes,3693
580,yes,3694
580,yes,3695
580,yes,3696
580,yes,3697
580,yes,3698
580,yes,3699
581,yes,3700
581,yes,3701
581,yes,3702
581,yes,3703
581,yes,3704
581,yes,3705
581,yes,3706
582,no,3707
583,yes,3708
583,yes,3709
583,yes,3710
583,yes,3711
583,yes,3712
584,yes,3713
585,yes,3714
586,yes,3715
586,yes,3716
587,yes,3717
587,yes,3718
587,yes,3719
587,yes,3720
587,yes,3721
588,yes,3722
589,yes,3723
589,yes,3724
589,yes,3725
589,yes,3726
589,yes,3727
590,yes,3728
591,yes,3729
591,yes,3730
591,yes,3731
592,yes,3732
593,no,3733
594,yes,3734
594,yes,3735
595,yes,3736
595,yes,3737
595,yes,3738
596,no,3739
597,yes,3740
597,yes,3741
597,yes,3742
597,yes,3743
597,yes,3744
597,yes,3745
597,yes,3746
597,yes,3747
597,yes,3748
597,yes,3749
598,yes,3750
599,no,3751
600,yes,3752
600,yes,3753
601,yes,3754
601,yes,3755
601,yes,3756
602,yes,3757
603,no,3758
603,no,3759
603,no,3760
604,no,3761
604,no,3762
604,no,3763
604,no,3764
604,no,3765
604,no,3766
604,no,3767
604,no,3768
604,no,3769
604,no,3770
604,no,3771
604,no,3772
604,no,3773
604,no,3774
604,no,3775
604,no,3776
604,no,3777
604,no,3778
604,no,3779
604,no,3780
604,no,3781
604,no,3782
604,no,3783
604,no,3784
604,no,3785
604,no,3786
604,no,3787
604,no,3788
604,no,3789
604,no,3790
604,no,3791
605,yes,3792
605,yes,3793
605,yes,3794
605,yes,3795
605,yes,3796
605,yes,3797
605,yes,3798
605,yes,3799
605,yes,3800
605,yes,3801
605,yes,3802
605,yes,3803
605,yes,3804
605,yes,3805
605,yes,3806
605,yes,3807
605,yes,3808
605,yes,3809
606,no,3810
607,yes,3811
608,yes,3812
608,yes,3813
608,yes,3814
608,yes,3815
608,yes,3816
608,yes,3817
608,yes,3818
609,yes,3819
609,yes,3820
609,yes,3821
610,yes,3822
610,yes,3823
611,yes,3824
612,yes,3825
612,yes,3826
612,yes,3827
613,yes,3828
613,yes,3829
614,yes,3830
615,yes,3831
616,yes,3832
617,yes,3833
617,yes,3834
617,yes,3835
618,yes,3836
618,yes,3837
619,yes,3838
619,yes,3839
619,yes,3840
619,yes,3841
619,yes,3842
619,yes,3843
620,yes,3844
620,yes,3845
620,yes,3846
620,yes,3847
620,yes,3848
620,yes,3849
621,yes,3850
621,yes,3851
621,yes,3852
622,yes,3853
623,yes,3854
624,yes,3855
624,yes,3856
624,yes,3857
625,no,3858
625,no,3859
625,no,3860
625,no,3861
625,no,3862
625,no,3863
625,no,3864
625,no,3865
625,no,3866
625,no,3867
625,no,3868
625,no,3869
625,no,3870
626,yes,3871
626,yes,3872
626,yes,3873
626,yes,3874
626,yes,3875
626,yes,3876
626,yes,3877
626,yes,3878
626,yes,3879
627,no,3880
628,yes,3881
629,yes,3882
630,yes,3883
630,yes,3884
630,yes,3885
630,yes,3886
631,no,3887
632,yes,3888
632,yes,3889
632,yes,3890
632,yes,3891
632,yes,3892
632,yes,3893
632,yes,3894
632,yes,3895
633,yes,3896
634,yes,3897
635,yes,3898
635,yes,3899
635,yes,3900
635,yes,3901
635,yes,3902
635,yes,3903
635,yes,3904
635,yes,3905
635,yes,3906
635,yes,3907
635,yes,3908
635,yes,3909
635,yes,3910
635,yes,3911
635,yes,3912
635,yes,3913
635,yes,3914
636,yes,3915
637,yes,3916
637,yes,3917
638,yes,3918
639,yes,3919
639,yes,3920
639,yes,3921
640,yes,3922
640,yes,3923
640,yes,3924
640,yes,3925
640,yes,3926
640,yes,3927
641,yes,3928
642,yes,3929
642,yes,3930
642,yes,3931
642,yes,3932
642,yes,3933
642,yes,3934
642,yes,3935
642,yes,3936
643,yes,3937
643,yes,3938
643,yes,3939
643,yes,3940
644,no,3941
645,yes,3942
646,no,3943
647,yes,3944
647,yes,3945
647,yes,3946
648,no,3947
649,no,3948
649,no,3949
649,no,3950
649,no,3951
649,no,3952
649,no,3953
649,no,3954
650,yes,3955
650,yes,3956
650,yes,3957
650,yes,3958
650,yes,3959
650,yes,3960
651,yes,3961
651,yes,3962
651,yes,3963
651,yes,3964
651,yes,3965
651,yes,3966
652,yes,3967
653,yes,3968
653,yes,3969
653,yes,3970
653,yes,3971
654,no,3972
654,no,3973
654,no,3974
654,no,3975
654,no,3976
654,no,3977
654,no,3978
654,no,3979
654,no,3980
654,no,3981
654,no,3982
654,no,3983
654,no,3984
654,no,3985
654,no,3986
654,no,3987
654,no,3988
654,no,3989
654,no,3990
654,no,3991
654,no,3992
654,no,3993
654,no,3994
654,no,3995
654,no,3996
654,no,3997
654,no,3998
654,no,3999
654,no,4000
654,no,4001
654,no,4002
654,no,4003
654,no,4004
654,no,4005
654,no,4006
654,no,4007
654,no,4008
654,no,4009
654,no,4010
654,no,4011
654,no,4012
654,no,4013
654,no,4014
654,no,4015
654,no,4016
654,no,4017
654,no,4018
654,no,4019
654,no,4020
654,no,4021
654,no,4022
654,no,4023
654,no,4024
654,no,4025
654,no,4026
654,no,4027
654,no,4028
654,no,4029
654,no,4030
654,no,4031
654,no,4032
654,no,4033
654,no,4034
654,no,4035
654,no,4036
654,no,4037
654,no,4038
654,no,4039
654,no,4040
654,no,4041
654,no,4042
654,no,4043
654,no,4044
654,no,4045
654,no,4046
654,no,4047
654,no,4048
655,yes,4049
655,yes,4050
656,no,4051
656,no,4052
656,no,4053
656,no,4054
656,no,4055
656,no,4056
656,no,4057
656,no,4058
656,no,4059
656,no,4060
656,no,4061
657,yes,4062
658,yes,4063
659,yes,4064
660,yes,4065
661,yes,4066
662,yes,4067
662,yes,4068
662,yes,4069
663,no,4070
664,yes,4071
664,yes,4072
665,yes,4073
666,yes,4074
667,yes,4075
667,yes,4076
667,yes,4077
667,yes,4078
667,yes,4079
667,yes,4080
667,yes,4081
667,yes,4082
667,yes,4083
668,yes,4084
669,yes,4085
669,yes,4086
669,yes,4087
669,yes,4088
669,yes,4089
669,yes,4090
670,yes,4091
671,yes,4092
672,yes,4093
672,yes,4094
672,yes,4095
673,no,4096
673,no,4097
673,no,4098
673,no,4099
673,no,4100
673,no,4101
673,no,4102
673,no,4103
673,no,4104
673,no,4105
673,no,4106
673,no,4107
673,no,4108
673,no,4109
673,no,4110
673,no,4111
673,no,4112
673,no,4113
673,no,4114
673,no,4115
673,no,4116
673,no,4117
673,no,4118
673,no,4119
673,no,4120
673,no,4121
673,no,4122
673,no,4123
673,no,4124
674,yes,4125
674,yes,4126
675,yes,4127
676,yes,4128
676,yes,4129
677,yes,4130
678,yes,4131
678,yes,4132
679,yes,4133
680,yes,4134
680,yes,4135
681,yes,4136
682,yes,4137
683,yes,4138
683,yes,4139
684,yes,4140
685,yes,4141
685,yes,4142
686,no,4143
687,no,4144
687,no,4145
687,no,4146
687,no,4147
687,no,4148
687,no,4149
687,no,4150
687,no,4151
688,yes,4152
688,yes,4153
688,yes,4154
688,yes,4155
688,yes,4156
688,yes,4157
688,yes,4158
688,yes,4159
689,yes,4160
689,yes,4161
689,yes,4162
689,yes,4163
689,yes,4164
689,yes,4165
689,yes,4166
689,yes,4167
689,yes,4168
689,yes,4169
689,yes,4170
689,yes,4171
689,yes,4172
689,yes,4173
689,yes,4174
689,yes,4175
689,yes,4176
689,yes,4177
689,yes,4178
689,yes,4179
689,yes,4180
690,yes,4181
690,yes,4182
690,yes,4183
690,yes,4184
690,yes,4185
690,yes,4186
690,yes,4187
690,yes,4188
690,yes,4189
690,yes,4190
690,yes,4191
690,yes,4192
690,yes,4193
690,yes,4194
690,yes,4195
690,yes,4196
691,no,4197
692,yes,4198
693,yes,4199
694,yes,4200
694,yes,4201
694,yes,4202
694,yes,4203
694,yes,4204
695,yes,4205
696,yes,4206
697,yes,4207
698,yes,4208
699,yes,4209
700,yes,4210
700,yes,4211
700,yes,4212
701,yes,4213
702,yes,4214
702,yes,4215
702,yes,4216
702,yes,4217
702,yes,4218
702,yes,4219
703,yes,4220
704,yes,4221
705,yes,4222
705,yes,4223
705,yes,4224
705,yes,4225
705,yes,4226
705,yes,4227
705,yes,4228
705,yes,4229
705,yes,4230
705,yes,4231
705,yes,4232
705,yes,4233
705,yes,4234
705,yes,4235
705,yes,4236
705,yes,4237
705,yes,4238
706,yes,4239
707,yes,4240
707,yes,4241
707,yes,4242
707,yes,4243
708,yes,4244
709,yes,4245
710,yes,4246
711,yes,4247
712,yes,4248
712,yes,4249
712,yes,4250
712,yes,4251
712,yes,4252
712,yes,4253
712,yes,4254
712,yes,4255
712,yes,4256
713,yes,4257
713,yes,4258
714,yes,4259
715,no,4260
716,yes,4261
717,no,4262
717,no,4263
717,no,4264
718,yes,4265
718,yes,4266
718,yes,4267
718,yes,4268
719,no,4269
719,no,4270
720,no,4271
720,no,4272
720,no,4273
720,no,4274
720,no,4275
721,yes,4276
721,yes,4277
721,yes,4278
722,no,4279
723,no,4280
723,no,4281
723,no,4282
723,no,4283
723,no,4284
723,no,4285
723,no,4286
723,no,4287
724,no,4288
725,yes,4289
726,yes,4290
726,yes,4291
727,yes,4292
728,no,4293
729,yes,4294
729,yes,4295
729,yes,4296
730,yes,4297
730,yes,4298
730,yes,4299
730,yes,4300
731,yes,4301
731,yes,4302
732,yes,4303
733,yes,4304
733,yes,4305
734,yes,4306
734,yes,4307
734,yes,4308
735,no,4309
735,no,4310
735,no,4311
736,no,4312
736,no,4313
736,no,4314
736,no,4315
736,no,4316
737,yes,4317
737,yes,4318
737,yes,4319
737,yes,4320
737,yes,4321
737,yes,4322
737,yes,4323
737,yes,4324
737,yes,4325
737,yes,4326
737,yes,4327
737,yes,4328
737,yes,4329
737,yes,4330
737,yes,4331
737,yes,4332
737,yes,4333
737,yes,4334
737,yes,4335
737,yes,4336
737,yes,4337
737,yes,4338
737,yes,4339
737,yes,4340
737,yes,4341
737,yes,4342
737,yes,4343
737,yes,4344
737,yes,4345
737,yes,4346
737,yes,4347
737,yes,4348
737,yes,4349
737,yes,4350
737,yes,4351
737,yes,4352
737,yes,4353
737,yes,4354
737,yes,4355
737,yes,4356
737,yes,4357
737,yes,4358
737,yes,4359
737,yes,4360
737,yes,4361
737,yes,4362
737,yes,4363
737,yes,4364
738,yes,4365
738,yes,4366
739,yes,4367
739,yes,4368
739,yes,4369
739,yes,4370
740,no,4371
740,no,4372
740,no,4373
740,no,4374
740,no,4375
740,no,4376
740,no,4377
740,no,4378
740,no,4379
740,no,4380
740,no,4381
740,no,4382
740,no,4383
740,no,4384
740,no,4385
740,no,4386
740,no,4387
740,no,4388
740,no,4389
740,no,4390
740,no,4391
741,yes,4392
741,yes,4393
741,yes,4394
741,yes,4395
741,yes,4396
741,yes,4397
742,no,4398
742,no,4399
742,no,4400
742,no,4401
742,no,4402
742,no,4403
742,no,4404
742,no,4405
742,no,4406
742,no,4407
742,no,4408
743,no,4409
743,no,4410
743,no,4411
743,no,4412
743,no,4413
743,no,4414
743,no,4415
743,no,4416
743,no,4417
743,no,4418
743,no,4419
743,no,4420
743,no,4421
743,no,4422
743,no,4423
743,no,4424
743,no,4425
743,no,4426
743,no,4427
743,no,4428
743,no,4429
743,no,4430
743,no,4431
743,no,4432
743,no,4433
744,yes,4434
745,yes,4435
745,yes,4436
746,no,4437
746,no,4438
747,yes,4439
748,yes,4440
749,yes,4441
750,yes,4442
751,yes,4443
751,yes,4444
752,no,4445
753,yes,4446
753,yes,4447
754,yes,4448
754,yes,4449
754,yes,4450
754,yes,4451
754,yes,4452
754,yes,4453
755,yes,4454
756,yes,4455
756,yes,4456
756,yes,4457
757,yes,4458
758,yes,4459
759,yes,4460
759,yes,4461
759,yes,4462
760,yes,4463
761,yes,4464
761,yes,4465
762,yes,4466
763,yes,4467
764,yes,4468
764,yes,4469
764,yes,4470
765,yes,4471
766,yes,4472
767,yes,4473
767,yes,4474
767,yes,4475
768,no,4476
768,no,4477
768,no,4478
768,no,4479
768,no,4480
768,no,4481
768,no,4482
768,no,4483
768,no,4484
768,no,4485
768,no,4486
768,no,4487
768,no,4488
768,no,4489
768,no,4490
768,no,4491
768,no,4492
768,no,4493
768,no,4494
768,no,4495
768,no,4496
768,no,4497
768,no,4498
769,yes,4499
770,yes,4500
770,yes,4501
770,yes,4502
770,yes,4503
770,yes,4504
771,yes,4505
771,yes,4506
771,yes,4507
771,yes,4508
771,yes,4509
771,yes,4510
771,yes,4511
771,yes,4512
771,yes,4513
772,no,4514
772,no,4515
772,no,4516
772,no,4517
772,no,4518
773,no,4519
774,no,4520
774,no,4521
774,no,4522
774,no,4523
774,no,4524
774,no,4525
774,no,4526
774,no,4527
774,no,4528
774,no,4529
774,no,4530
774,no,4531
775,no,4532
775,no,4533
776,no,4534
776,no,4535
776,no,4536
776,no,4537
776,no,4538
776,no,4539
776,no,4540
776,no,4541
777,no,4542
777,no,4543
777,no,4544
777,no,4545
777,no,4546
777,no,4547
777,no,4548
777,no,4549
777,no,4550
778,no,4551
778,no,4552
778,no,4553
778,no,4554
778,no,4555
778,no,4556
778,no,4557
778,no,4558
778,no,4559
778,no,4560
778,no,4561
778,no,4562
778,no,4563
778,no,4564
778,no,4565
778,no,4566
778,no,4567
778,no,4568
778,no,4569
778,no,4570
778,no,4571
778,no,4572
778,no,4573
778,no,4574
778,no,4575
778,no,4576
778,no,4577
778,no,4578
778,no,4579
779,yes,4580
780,yes,4581
780,yes,4582
781,no,4583
782,no,4584
782,no,4585
783,no,4586
784,yes,4587
784,yes,4588
784,yes,4589
784,yes,4590
785,yes,4591
785,yes,4592
786,yes,4593
786,yes,4594
786,yes,4595
786,yes,4596
786,yes,4597
786,yes,4598
786,yes,4599
786,yes,4600
786,yes,4601
786,yes,4602
786,yes,4603
787,yes,4604
788,yes,4605
788,yes,4606
788,yes,4607
788,yes,4608
789,yes,4609
790,yes,4610
791,yes,4611
791,yes,4612
792,no,4613
792,no,4614
792,no,4615
792,no,4616
792,no,4617
793,yes,4618
793,yes,4619
793,yes,4620
793,yes,4621
793,yes,4622
793,yes,4623
794,yes,4624
795,yes,4625
796,yes,4626
796,yes,4627
796,yes,4628
797,yes,4629
797,yes,4630
797,yes,4631
798,yes,4632
798,yes,4633
798,yes,4634
798,yes,4635
798,yes,4636
798,yes,4637
798,yes,4638
798,yes,4639
798,yes,4640
798,yes,4641
798,yes,4642
798,yes,4643
798,yes,4644
798,yes,4645
798,yes,4646
798,yes,4647
798,yes,4648
798,yes,4649
798,yes,4650
798,yes,4651
798,yes,4652
798,yes,4653
798,yes,4654
798,yes,4655
798,yes,4656
798,yes,4657
799,yes,4658
799,yes,4659
799,yes,4660
800,no,4661
800,no,4662
800,no,4663
800,no,4664
800,no,4665
800,no,4666
800,no,4667
801,yes,4668
801,yes,4669
801,yes,4670
802,yes,4671
802,yes,4672
803,no,4673
804,yes,4674
804,yes,4675
804,yes,4676
804,yes,4677
805,yes,4678
806,no,4679
806,no,4680
807,yes,4681
807,yes,4682
807,yes,4683
807,yes,4684
808,yes,4685
808,yes,4686
809,yes,4687
809,yes,4688
810,yes,4689
811,yes,4690
811,yes,4691
811,yes,4692
811,yes,4693
811,yes,4694
812,yes,4695
812,yes,4696
812,yes,4697
812,yes,4698
812,yes,4699
813,yes,4700
814,yes,4701
814,yes,4702
814,yes,4703
814,yes,4704
815,yes,4705
815,yes,4706
816,yes,4707
817,no,4708
818,yes,4709
819,yes,4710
819,yes,4711
819,yes,4712
820,yes,4713
821,no,4714
822,yes,4715
822,yes,4716
822,yes,4717
822,yes,4718
822,yes,4719
822,yes,4720
822,yes,4721
822,yes,4722
822,yes,4723
822,yes,4724
822,yes,4725
822,yes,4726
822,yes,4727
822,yes,4728
822,yes,4729
822,yes,4730
822,yes,4731
822,yes,4732
822,yes,4733
822,yes,4734
822,yes,4735
822,yes,4736
823,yes,4737
823,yes,4738
823,yes,4739
824,yes,4740
825,yes,4741
825,yes,4742
825,yes,4743
825,yes,4744
826,yes,4745
827,yes,4746
827,yes,4747
827,yes,4748
827,yes,4749
827,yes,4750
827,yes,4751
827,yes,4752
827,yes,4753
828,yes,4754
828,yes,4755
828,yes,4756
828,yes,4757
828,yes,4758
828,yes,4759
828,yes,4760
828,yes,4761
828,yes,4762
828,yes,4763
828,yes,4764
828,yes,4765
828,yes,4766
828,yes,4767
828,yes,4768
828,yes,4769
828,yes,4770
828,yes,4771
828,yes,4772
828,yes,4773
829,no,4774
829,no,4775
830,no,4776
830,no,4777
831,yes,4778
831,yes,4779
831,yes,4780
831,yes,4781
831,yes,4782
831,yes,4783
831,yes,4784
831,yes,4785
831,yes,4786
831,yes,4787
831,yes,4788
831,yes,4789
831,yes,4790
831,yes,4791
831,yes,4792
831,yes,4793
831,yes,4794
831,yes,4795
831,yes,4796
831,yes,4797
831,yes,4798
831,yes,4799
831,yes,4800
831,yes,4801
831,yes,4802
831,yes,4803
831,yes,4804
831,yes,4805
831,yes,4806
831,yes,4807
831,yes,4808
832,yes,4809
833,yes,4810
834,yes,4811
835,yes,4812
835,yes,4813
835,yes,4814
835,yes,4815
835,yes,4816
835,yes,4817
835,yes,4818
835,yes,4819
835,yes,4820
836,yes,4821
837,yes,4822
838,yes,4823
838,yes,4824
838,yes,4825
839,yes,4826
840,yes,4827
840,yes,4828
840,yes,4829
841,yes,4830
841,yes,4831
841,yes,4832
841,yes,4833
841,yes,4834
841,yes,4835
841,yes,4836
841,yes,4837
841,yes,4838
842,yes,4839
843,yes,4840
844,yes,4841
845,yes,4842
846,yes,4843
847,no,4844
848,yes,4845
848,yes,4846
848,yes,4847
848,yes,4848
849,yes,4849
849,yes,4850
849,yes,4851
850,yes,4852
851,yes,4853
851,yes,4854
851,yes,4855
851,yes,4856
851,yes,4857
851,yes,4858
851,yes,4859
851,yes,4860
851,yes,4861
851,yes,4862
851,yes,4863
851,yes,4864
851,yes,4865
851,yes,4866
851,yes,4867
851,yes,4868
851,yes,4869
851,yes,4870
851,yes,4871
851,yes,4872
851,yes,4873
852,no,4874
853,no,4875
854,no,4876
855,yes,4877
855,yes,4878
855,yes,4879
855,yes,4880
855,yes,4881
855,yes,4882
855,yes,4883
855,yes,4884
856,yes,4885
856,yes,4886
857,yes,4887
858,yes,4888
858,yes,4889
859,yes,4890
859,yes,4891
859,yes,4892
859,yes,4893
859,yes,4894
859,yes,4895
859,yes,4896
859,yes,4897
859,yes,4898
859,yes,4899
860,no,4900
860,no,4901
860,no,4902
861,yes,4903
861,yes,4904
862,yes,4905
863,no,4906
864,yes,4907
865,yes,4908
865,yes,4909
865,yes,4910
865,yes,4911
865,yes,4912
865,yes,4913
865,yes,4914
865,yes,4915
865,yes,4916
865,yes,4917
865,yes,4918
865,yes,4919
865,yes,4920
865,yes,4921
865,yes,4922
865,yes,4923
865,yes,4924
865,yes,4925
865,yes,4926
865,yes,4927
865,yes,4928
865,yes,4929
865,yes,4930
865,yes,4931
865,yes,4932
865,yes,4933
866,yes,4934
867,no,4935
867,no,4936
867,no,4937
867,no,4938
867,no,4939
867,no,4940
867,no,4941
867,no,4942
867,no,4943
867,no,4944
867,no,4945
867,no,4946
867,no,4947
867,no,4948
867,no,4949
867,no,4950
867,no,4951
867,no,4952
867,no,4953
867,no,4954
867,no,4955
867,no,4956
867,no,4957
867,no,4958
867,no,4959
867,no,4960
867,no,4961
867,no,4962
867,no,4963
867,no,4964
867,no,4965
867,no,4966
867,no,4967
867,no,4968
867,no,4969
867,no,4970
867,no,4971
867,no,4972
867,no,4973
867,no,4974
867,no,4975
867,no,4976
867,no,4977
867,no,4978
867,no,4979
867,no,4980
867,no,4981
867,no,4982
867,no,4983
867,no,4984
867,no,4985
867,no,4986
867,no,4987
867,no,4988
867,no,4989
867,no,4990
867,no,4991
867,no,4992
867,no,4993
867,no,4994
867,no,4995
867,no,4996
867,no,4997
867,no,4998
867,no,4999
867,no,5000
867,no,5001
867,no,5002
867,no,5003
867,no,5004
867,no,5005
867,no,5006
867,no,5007
867,no,5008
867,no,5009
867,no,5010
867,no,5011
867,no,5012
867,no,5013
867,no,5014
867,no,5015
867,no,5016
867,no,5017
867,no,5018
867,no,5019
867,no,5020
867,no,5021
867,no,5022
867,no,5023
867,no,5024
868,yes,5025
868,yes,5026
868,yes,5027
868,yes,5028
869,yes,5029
869,yes,5030
869,yes,5031
869,yes,5032
869,yes,5033
869,yes,5034
869,yes,5035
869,yes,5036
869,yes,5037
869,yes,5038
869,yes,5039
869,yes,5040
869,yes,5041
869,yes,5042
869,yes,5043
869,yes,5044
869,yes,5045
869,yes,5046
869,yes,5047
869,yes,5048
869,yes,5049
869,yes,5050
869,yes,5051
869,yes,5052
869,yes,5053
869,yes,5054
869,yes,5055
869,yes,5056
869,yes,5057
869,yes,5058
869,yes,5059
869,yes,5060
869,yes,5061
870,yes,5062
870,yes,5063
870,yes,5064
870,yes,5065
871,no,5066
872,yes,5067
872,yes,5068
872,yes,5069
872,yes,5070
872,yes,5071
872,yes,5072
872,yes,5073
872,yes,5074
872,yes,5075
872,yes,5076
872,yes,5077
872,yes,5078
872,yes,5079
872,yes,5080
872,yes,5081
872,yes,5082
872,yes,5083
872,yes,5084
872,yes,5085
872,yes,5086
872,yes,5087
872,yes,5088
872,yes,5089
872,yes,5090
873,yes,5091
874,yes,5092
875,yes,5093
875,yes,5094
875,yes,5095
875,yes,5096
875,yes,5097
875,yes,5098
875,yes,5099
875,yes,5100
875,yes,5101
875,yes,5102
875,yes,5103
875,yes,5104
875,yes,5105
876,yes,5106
877,no,5107
878,yes,5108
878,yes,5109
878,yes,5110
878,yes,5111
878,yes,5112
878,yes,5113
878,yes,5114
879,no,5115
879,no,5116
879,no,5117
879,no,5118
879,no,5119
879,no,5120
879,no,5121
879,no,5122
879,no,5123
879,no,5124
879,no,5125
879,no,5126
879,no,5127
879,no,5128
879,no,5129
879,no,5130
879,no,5131
879,no,5132
879,no,5133
879,no,5134
879,no,5135
879,no,5136
879,no,5137
879,no,5138
879,no,5139
879,no,5140
879,no,5141
879,no,5142
879,no,5143
879,no,5144
879,no,5145
879,no,5146
879,no,5147
879,no,5148
879,no,5149
879,no,5150
879,no,5151
879,no,5152
879,no,5153
879,no,5154
879,no,5155
879,no,5156
879,no,5157
879,no,5158
879,no,5159
879,no,5160
879,no,5161
879,no,5162
879,no,5163
879,no,5164
879,no,5165
879,no,5166
879,no,5167
879,no,5168
879,no,5169
879,no,5170
879,no,5171
879,no,5172
879,no,5173
879,no,5174
879,no,5175
879,no,5176
879,no,5177
879,no,5178
880,no,5179
880,no,5180
881,yes,5181
881,yes,5182
881,yes,5183
881,yes,5184
881,yes,5185
881,yes,5186
881,yes,5187
882,yes,5188
883,yes,5189
884,yes,5190
885,yes,5191
886,yes,5192
886,yes,5193
887,yes,5194
888,no,5195
889,yes,5196
889,yes,5197
889,yes,5198
889,yes,5199
889,yes,5200
889,yes,5201
889,yes,5202
889,yes,5203
889,yes,5204
889,yes,5205
889,yes,5206
889,yes,5207
889,yes,5208
889,yes,5209
889,yes,5210
889,yes,5211
889,yes,5212
889,yes,5213
889,yes,5214
890,yes,5215
891,yes,5216
892,yes,5217
892,yes,5218
892,yes,5219
892,yes,5220
893,yes,5221
894,yes,5222
894,yes,5223
895,yes,5224
895,yes,5225
896,no,5226
897,yes,5227
897,yes,5228
897,yes,5229
897,yes,5230
897,yes,5231
898,no,5232
898,no,5233
898,no,5234
898,no,5235
898,no,5236
898,no,5237
898,no,5238
898,no,5239
898,no,5240
898,no,5241
898,no,5242
898,no,5243
898,no,5244
898,no,5245
898,no,5246
898,no,5247
898,no,5248
898,no,5249
898,no,5250
898,no,5251
898,no,5252
899,no,5253
900,no,5254
900,no,5255
900,no,5256
900,no,5257
900,no,5258
900,no,5259
900,no,5260
900,no,5261
900,no,5262
900,no,5263
900,no,5264
901,no,5265
901,no,5266
901,no,5267
902,yes,5268
903,yes,5269
904,yes,5270
905,no,5271
905,no,5272
905,no,5273
905,no,5274
905,no,5275
905,no,5276
905,no,5277
905,no,5278
905,no,5279
905,no,5280
905,no,5281
906,no,5282
907,yes,5283
908,yes,5284
908,yes,5285
908,yes,5286
909,yes,5287
909,yes,5288
909,yes,5289
909,yes,5290
909,yes,5291
910,no,5292
910,no,5293
910,no,5294
910,no,5295
910,no,5296
910,no,5297
910,no,5298
910,no,5299
910,no,5300
910,no,5301
910,no,5302
910,no,5303
910,no,5304
910,no,5305
910,no,5306
910,no,5307
910,no,5308
910,no,5309
910,no,5310
910,no,5311
911,no,5312
911,no,5313
911,no,5314
911,no,5315
911,no,5316
911,no,5317
912,no,5318
912,no,5319
912,no,5320
912,no,5321
912,no,5322
912,no,5323
912,no,5324
912,no,5325
913,yes,5326
913,yes,5327
914,yes,5328
914,yes,5329
915,yes,5330
915,yes,5331
915,yes,5332
915,yes,5333
915,yes,5334
915,yes,5335
915,yes,5336
915,yes,5337
915,yes,5338
915,yes,5339
915,yes,5340
915,yes,5341
916,yes,5342
916,yes,5343
916,yes,5344
916,yes,5345
916,yes,5346
917,yes,5347
917,yes,5348
917,yes,5349
918,yes,5350
919,no,5351
920,no,5352
920,no,5353
920,no,5354
920,no,5355
920,no,5356
921,yes,5357
921,yes,5358
921,yes,5359
921,yes,5360
922,no,5361
922,no,5362
923,no,5363
923,no,5364
923,no,5365
923,no,5366
923,no,5367
923,no,5368
923,no,5369
924,no,5370
924,no,5371
924,no,5372
924,no,5373
924,no,5374
924,no,5375
924,no,5376
925,no,5377
926,no,5378
926,no,5379
926,no,5380
926,no,5381
927,yes,5382
928,yes,5383
929,no,5384
929,no,5385
929,no,5386
929,no,5387
929,no,5388
929,no,5389
929,no,5390
929,no,5391
929,no,5392
930,yes,5393
931,yes,5394
931,yes,5395
931,yes,5396
931,yes,5397
931,yes,5398
931,yes,5399
931,yes,5400
931,yes,5401
931,yes,5402
931,yes,5403
931,yes,5404
931,yes,5405
931,yes,5406
931,yes,5407
931,yes,5408
931,yes,5409
931,yes,5410
931,yes,5411
931,yes,5412
931,yes,5413
931,yes,5414
932,no,5415
933,no,5416
934,yes,5417
935,no,5418
935,no,5419
935,no,5420
935,no,5421
935,no,5422
935,no,5423
936,no,5424
936,no,5425
936,no,5426
936,no,5427
936,no,5428
936,no,5429
936,no,5430
936,no,5431
936,no,5432
937,yes,5433
937,yes,5434
937,yes,5435
938,yes,5436
939,yes,5437
939,yes,5438
940,no,5439
941,yes,5440
941,yes,5441
941,yes,5442
941,yes,5443
941,yes,5444
941,yes,5445
941,yes,5446
942,yes,5447
943,yes,5448
944,no,5449
945,no,5450
946,yes,5451
947,yes,5452
947,yes,5453
947,yes,5454
947,yes,5455
947,yes,5456
947,yes,5457
948,yes,5458
948,yes,5459
948,yes,5460
948,yes,5461
949,yes,5462
949,yes,5463
949,yes,5464
949,yes,5465
949,yes,5466
949,yes,5467
949,yes,5468
949,yes,5469
950,no,5470
950,no,5471
950,no,5472
951,no,5473
951,no,5474
951,no,5475
951,no,5476
951,no,5477
951,no,5478
952,no,5479
952,no,5480
952,no,5481
952,no,5482
952,no,5483
952,no,5484
952,no,5485
952,no,5486
952,no,5487
952,no,5488
952,no,5489
952,no,5490
953,yes,5491
953,yes,5492
953,yes,5493
953,yes,5494
953,yes,5495
954,yes,5496
955,yes,5497
956,no,5498
956,no,5499
957,no,5500
957,no,5501
957,no,5502
958,yes,5503
958,yes,5504
958,yes,5505
958,yes,5506
958,yes,5507
958,yes,5508
958,yes,5509
958,yes,5510
958,yes,5511
958,yes,5512
958,yes,5513
959,yes,5514
960,yes,5515
960,yes,5516
960,yes,5517
961,yes,5518
961,yes,5519
962,yes,5520
963,yes,5521
964,yes,5522
964,yes,5523
964,yes,5524
965,yes,5525
965,yes,5526
965,yes,5527
966,no,5528
967,yes,5529
968,yes,5530
968,yes,5531
969,no,5532
970,no,5533
970,no,5534
970,no,5535
970,no,5536
970,no,5537
971,no,5538
971,no,5539
971,no,5540
971,no,5541
971,no,5542
972,no,5543
973,yes,5544
973,yes,5545
973,yes,5546
973,yes,5547
974,no,5548
975,yes,5549
976,yes,5550
977,yes,5551
978,no,5552
978,no,5553
979,no,5554
980,yes,5555
981,no,5556
982,yes,5557
983,yes,5558
984,no,5559
985,no,5560
986,yes,5561
986,yes,5562
986,yes,5563
986,yes,5564
986,yes,5565
986,yes,5566
986,yes,5567
986,yes,5568
986,yes,5569
986,yes,5570
986,yes,5571
986,yes,5572
986,yes,5573
986,yes,5574
986,yes,5575
986,yes,5576
986,yes,5577
986,yes,5578
986,yes,5579
986,yes,5580
986,yes,5581
986,yes,5582
986,yes,5583
986,yes,5584
986,yes,5585
987,no,5586
987,no,5587
987,no,5588
987,no,5589
988,no,5590
988,no,5591
988,no,5592
988,no,5593
988,no,5594
988,no,5595
988,no,5596
988,no,5597
988,no,5598
988,no,5599
988,no,5600
988,no,5601
988,no,5602
988,no,5603
988,no,5604
988,no,5605
988,no,5606
988,no,5607
988,no,5608
988,no,5609
988,no,5610
988,no,5611
988,no,5612
988,no,5613
988,no,5614
989,yes,5615
989,yes,5616
989,yes,5617
989,yes,5618
990,no,5619
990,no,5620
990,no,5621
990,no,5622
990,no,5623
990,no,5624
990,no,5625
990,no,5626
990,no,5627
990,no,5628
990,no,5629
990,no,5630
990,no,5631
990,no,5632
990,no,5633
990,no,5634
990,no,5635
990,no,5636
990,no,5637
990,no,5638
990,no,5639
990,no,5640
990,no,5641
990,no,5642
990,no,5643
990,no,5644
990,no,5645
990,no,5646
991,no,5647
992,no,5648
992,no,5649
992,no,5650
992,no,5651
992,no,5652
992,no,5653
992,no,5654
992,no,5655
992,no,5656
993,yes,5657
993,yes,5658
994,no,5659
995,yes,5660
995,yes,5661
995,yes,5662
995,yes,5663
995,yes,5664
996,yes,5665
996,yes,5666
996,yes,5667
996,yes,5668
997,no,5669
997,no,5670
997,no,5671
997,no,5672
997,no,5673
998,yes,5674
998,yes,5675
998,yes,5676
998,yes,5677
998,yes,5678
999,yes,5679
999,yes,5680
1000,no,5681
1001,no,5682
1001,no,5683
1002,yes,5684
1002,yes,5685
1002,yes,5686
1002,yes,5687
1002,yes,5688
1002,yes,5689
1003,yes,5690
1003,yes,5691
1003,yes,5692
1003,yes,5693
1003,yes,5694
1003,yes,5695
1003,yes,5696
1003,yes,5697
1003,yes,5698
1003,yes,5699
1004,yes,5700
1004,yes,5701
1005,yes,5702
1006,yes,5703
1007,yes,5704
1008,yes,5705
1008,yes,5706
1008,yes,5707
1008,yes,5708
1008,yes,5709
1008,yes,5710
1008,yes,5711
1008,yes,5712
1008,yes,5713
1009,no,5714
1010,no,5715
1010,no,5716
1011,yes,5717
1011,yes,5718
1011,yes,5719
1011,yes,5720
1011,yes,5721
1011,yes,5722
1012,no,5723
1012,no,5724
1013,no,5725
1014,yes,5726
1015,no,5727
1015,no,5728
1015,no,5729
1015,no,5730
1015,no,5731
1015,no,5732
1015,no,5733
1015,no,5734
1015,no,5735
1015,no,5736
1015,no,5737
1015,no,5738
1015,no,5739
1015,no,5740
1015,no,5741
1015,no,5742
1015,no,5743
1015,no,5744
1015,no,5745
1015,no,5746
1016,no,5747
1016,no,5748
1016,no,5749
1016,no,5750
1016,no,5751
1016,no,5752
1016,no,5753
1016,no,5754
1017,no,5755
1018,yes,5756
1019,yes,5757
1019,yes,5758
1020,yes,5759
1020,yes,5760
1020,yes,5761
1021,yes,5762
1021,yes,5763
1021,yes,5764
1021,yes,5765
1021,yes,5766
1021,yes,5767
1021,yes,5768
1021,yes,5769
1021,yes,5770
1021,yes,5771
1021,yes,5772
1022,no,5773
1022,no,5774
1022,no,5775
1023,no,5776
1023,no,5777
1023,no,5778
1023,no,5779
1023,no,5780
1023,no,5781
1023,no,5782
1023,no,5783
1024,no,5784
1024,no,5785
1025,yes,5786
1025,yes,5787
1026,yes,5788
1027,yes,5789
1027,yes,5790
1027,yes,5791
1027,yes,5792
1027,yes,5793
1027,yes,5794
1028,yes,5795
1028,yes,5796
1028,yes,5797
1028,yes,5798
1029,yes,5799
1029,yes,5800
1029,yes,5801
1030,yes,5802
1031,yes,5803
1032,yes,5804
1032,yes,5805
1032,yes,5806
1032,yes,5807
1032,yes,5808
1032,yes,5809
1032,yes,5810
1032,yes,5811
1032,yes,5812
1032,yes,5813
1032,yes,5814
1032,yes,5815
1032,yes,5816
1032,yes,5817
1032,yes,5818
1032,yes,5819
1032,yes,5820
1032,yes,5821
1032,yes,5822
1032,yes,5823
1032,yes,5824
1032,yes,5825
1032,yes,5826
1032,yes,5827
1032,yes,5828
1032,yes,5829
1032,yes,5830
1032,yes,5831
1033,yes,5832
1033,yes,5833
1034,no,5834
1035,yes,5835
1035,yes,5836
1035,yes,5837
1035,yes,5838
1035,yes,5839
1035,yes,5840
1035,yes,5841
1036,no,5842
1036,no,5843
1036,no,5844
1036,no,5845
1036,no,5846
1037,yes,5847
1037,yes,5848
1037,yes,5849
1037,yes,5850
1037,yes,5851
1037,yes,5852
1038,yes,5853
1039,yes,5854
1040,yes,5855
1040,yes,5856
1040,yes,5857
1040,yes,5858
1041,yes,5859
1042,no,5860
1043,yes,5861
1044,yes,5862
1044,yes,5863
1044,yes,5864
1044,yes,5865
1044,yes,5866
1044,yes,5867
1044,yes,5868
1044,yes,5869
1044,yes,5870
1044,yes,5871
1044,yes,5872
1044,yes,5873
1044,yes,5874
1044,yes,5875
1044,yes,5876
1044,yes,5877
1044,yes,5878
1044,yes,5879
1044,yes,5880
1044,yes,5881
1044,yes,5882
1044,yes,5883
1044,yes,5884
1044,yes,5885
1045,no,5886
1046,no,5887
1047,no,5888
1048,yes,5889
1049,yes,5890
1049,yes,5891
1049,yes,5892
1049,yes,5893
1049,yes,5894
1049,yes,5895
1049,yes,5896
1049,yes,5897
1049,yes,5898
1050,yes,5899
1050,yes,5900
1050,yes,5901
1050,yes,5902
1050,yes,5903
1050,yes,5904
1051,yes,5905
1052,yes,5906
1052,yes,5907
1053,yes,5908
1054,yes,5909
1055,yes,5910
1055,yes,5911
1055,yes,5912
1056,yes,5913
1057,yes,5914
1057,yes,5915
1057,yes,5916
1057,yes,5917
1057,yes,5918
1058,no,5919
1058,no,5920
1059,yes,5921
1060,no,5922
1060,no,5923
1061,yes,5924
1061,yes,5925
1061,yes,5926
1061,yes,5927
1061,yes,5928
1061,yes,5929
1061,yes,5930
1061,yes,5931
1061,yes,5932
1061,yes,5933
1061,yes,5934
1061,yes,5935
1061,yes,5936
1062,yes,5937
1062,yes,5938
1063,yes,5939
1064,yes,5940
1064,yes,5941
1064,yes,5942
1064,yes,5943
1064,yes,5944
1064,yes,5945
1064,yes,5946
1064,yes,5947
1064,yes,5948
1064,yes,5949
1064,yes,5950
1064,yes,5951
1065,yes,5952
1065,yes,5953
1065,yes,5954
1065,yes,5955
1065,yes,5956
1066,yes,5957
1066,yes,5958
1066,yes,5959
1066,yes,5960
1066,yes,5961
1066,yes,5962
1066,yes,5963
1066,yes,5964
1066,yes,5965
1067,no,5966
1067,no,5967
1067,no,5968
1067,no,5969
1067,no,5970
1067,no,5971
1067,no,5972
1067,no,5973
1067,no,5974
1067,no,5975
1067,no,5976
1067,no,5977
1067,no,5978
1067,no,5979
1067,no,5980
1067,no,5981
1067,no,5982
1067,no,5983
1067,no,5984
1068,no,5985
1068,no,5986
1068,no,5987
1068,no,5988
1068,no,5989
1068,no,5990
1068,no,5991
1068,no,5992
1068,no,5993
1068,no,5994
1068,no,5995
1069,yes,5996
1069,yes,5997
1069,yes,5998
1069,yes,5999
1069,yes,6000
1069,yes,6001
1069,yes,6002
1070,yes,6003
1070,yes,6004
1070,yes,6005
1070,yes,6006
1071,yes,6007
1071,yes,6008
1071,yes,6009
1072,yes,6010
1072,yes,6011
1072,yes,6012
1072,yes,6013
1072,yes,6014
1072,yes,6015
1072,yes,6016
1072,yes,6017
1072,yes,6018
1073,yes,6019
1073,yes,6020
1073,yes,6021
1073,yes,6022
1073,yes,6023
1074,no,6024
1074,no,6025
1074,no,6026
1074,no,6027
1074,no,6028
1074,no,6029
1074,no,6030
1075,yes,6031
1075,yes,6032
1075,yes,6033
1075,yes,6034
1075,yes,6035
1075,yes,6036
1075,yes,6037
1075,yes,6038
1075,yes,6039
1075,yes,6040
1076,no,6041
1076,no,6042
1076,no,6043
1076,no,6044
1076,no,6045
1076,no,6046
1076,no,6047
1076,no,6048
1076,no,6049
1076,no,6050
1076,no,6051
1076,no,6052
1076,no,6053
1076,no,6054
1076,no,6055
1077,no,6056
1077,no,6057
1077,no,6058
1077,no,6059
1077,no,6060
1077,no,6061
1077,no,6062
1077,no,6063
1077,no,6064
1077,no,6065
1077,no,6066
1077,no,6067
1078,no,6068
1078,no,6069
1078,no,6070
1079,yes,6071
1079,yes,6072
1079,yes,6073
1080,yes,6074
1080,yes,6075
1080,yes,6076
1080,yes,6077
1081,yes,6078
1081,yes,6079
1082,yes,6080
1083,yes,6081
1083,yes,6082
1083,yes,6083
1083,yes,6084
1083,yes,6085
1083,yes,6086
1083,yes,6087
1083,yes,6088
1083,yes,6089
1083,yes,6090
1084,yes,6091
1085,yes,6092
1085,yes,6093
1085,yes,6094
1085,yes,6095
1085,yes,6096
1085,yes,6097
1085,yes,6098
1085,yes,6099
1085,yes,6100
1086,yes,6101
1087,yes,6102
1087,yes,6103
1087,yes,6104
1087,yes,6105
1087,yes,6106
1087,yes,6107
1087,yes,6108
1087,yes,6109
1087,yes,6110
1087,yes,6111
1087,yes,6112
1087,yes,6113
1087,yes,6114
1087,yes,6115
1087,yes,6116
1087,yes,6117
1087,yes,6118
1087,yes,6119
1087,yes,6120
1087,yes,6121
1087,yes,6122
1087,yes,6123
1087,yes,6124
1087,yes,6125
1087,yes,6126
1087,yes,6127
1087,yes,6128
1087,yes,6129
1087,yes,6130
1087,yes,6131
1087,yes,6132
1087,yes,6133
1087,yes,6134
1087,yes,6135
1087,yes,6136
1087,yes,6137
1087,yes,6138
1087,yes,6139
1087,yes,6140
1087,yes,6141
1087,yes,6142
1087,yes,6143
1087,yes,6144
1087,yes,6145
1087,yes,6146
1087,yes,6147
1088,yes,6148
1089,yes,6149
1089,yes,6150
1090,yes,6151
1090,yes,6152
1091,yes,6153
1091,yes,6154
1091,yes,6155
1091,yes,6156
1091,yes,6157
1091,yes,6158
1092,yes,6159
1092,yes,6160
1092,yes,6161
1093,yes,6162
1093,yes,6163
1093,yes,6164
1093,yes,6165
1093,yes,6166
1093,yes,6167
1093,yes,6168
1093,yes,6169
1093,yes,6170
1093,yes,6171
1093,yes,6172
1094,yes,6173
1095,yes,6174
1095,yes,6175
1096,yes,6176
1096,yes,6177
1096,yes,6178
1096,yes,6179
1096,yes,6180
1097,yes,6181
1097,yes,6182
1097,yes,6183
1097,yes,6184
1097,yes,6185
1097,yes,6186
1097,yes,6187
1097,yes,6188
1097,yes,6189
1097,yes,6190
1097,yes,6191
1097,yes,6192
1097,yes,6193
1097,yes,6194
1097,yes,6195
1097,yes,6196
1097,yes,6197
1097,yes,6198
1097,yes,6199
1097,yes,6200
1097,yes,6201
1097,yes,6202
1097,yes,6203
1097,yes,6204
1097,yes,6205
1097,yes,6206
1097,yes,6207
1097,yes,6208
1097,yes,6209
1097,yes,6210
1097,yes,6211
1097,yes,6212
1097,yes,6213
1097,yes,6214
1097,yes,6215
1097,yes,6216
1097,yes,6217
1097,yes,6218
1097,yes,6219
1097,yes,6220
1097,yes,6221
1097,yes,6222
1097,yes,6223
1097,yes,6224
1097,yes,6225
1097,yes,6226
1097,yes,6227
1097,yes,6228
1097,yes,6229
1097,yes,6230
1097,yes,6231
1097,yes,6232
1097,yes,6233
1097,yes,6234
1097,yes,6235
1097,yes,6236
1097,yes,6237
1097,yes,6238
1097,yes,6239
1097,yes,6240
1097,yes,6241
1097,yes,6242
1097,yes,6243
1097,yes,6244
1097,yes,6245
1097,yes,6246
1097,yes,6247
1098,yes,6248
1099,no,6249
1099,no,6250
1099,no,6251
1099,no,6252
1100,yes,6253
1100,yes,6254
1100,yes,6255
1101,yes,6256
1101,yes,6257
1101,yes,6258
1101,yes,6259
1101,yes,6260
1101,yes,6261
1101,yes,6262
1101,yes,6263
1101,yes,6264
1101,yes,6265
1102,yes,6266
1103,no,6267
1103,no,6268
1103,no,6269
1103,no,6270
1103,no,6271
1103,no,6272
1103,no,6273
1103,no,6274
1103,no,6275
1103,no,6276
1103,no,6277
1103,no,6278
1103,no,6279
1103,no,6280
1103,no,6281
1103,no,6282
1103,no,6283
1103,no,6284
1103,no,6285
1103,no,6286
1103,no,6287
1103,no,6288
1103,no,6289
1103,no,6290
1103,no,6291
1103,no,6292
1103,no,6293
1103,no,6294
1104,no,6295
1104,no,6296
1104,no,6297
1104,no,6298
1104,no,6299
1104,no,6300
1104,no,6301
1104,no,6302
1105,yes,6303
1105,yes,6304
1106,yes,6305
1106,yes,6306
1106,yes,6307
1106,yes,6308
1106,yes,6309
1106,yes,6310
1106,yes,6311
1107,yes,6312
1108,yes,6313
1108,yes,6314
1108,yes,6315
1108,yes,6316
1108,yes,6317
1108,yes,6318
1108,yes,6319
1108,yes,6320
1108,yes,6321
1108,yes,6322
1108,yes,6323
1108,yes,6324
1108,yes,6325
1108,yes,6326
1108,yes,6327
1108,yes,6328
1108,yes,6329
1109,no,6330
1109,no,6331
1109,no,6332
1109,no,6333
1109,no,6334
1109,no,6335
1109,no,6336
1109,no,6337
1109,no,6338
1109,no,6339
1109,no,6340
1109,no,6341
1110,yes,6342
1110,yes,6343
1111,yes,6344
1111,yes,6345
1111,yes,6346
1111,yes,6347
1112,yes,6348
1112,yes,6349
1112,yes,6350
1113,yes,6351
1113,yes,6352
1114,yes,6353
1114,yes,6354
1114,yes,6355
1115,yes,6356
1116,no,6357
1117,yes,6358
1117,yes,6359
1117,yes,6360
1117,yes,6361
1117,yes,6362
1117,yes,6363
1117,yes,6364
1117,yes,6365
1117,yes,6366
1117,yes,6367
1117,yes,6368
1118,yes,6369
1118,yes,6370
1118,yes,6371
1118,yes,6372
1118,yes,6373
1118,yes,6374
1118,yes,6375
1119,yes,6376
1119,yes,6377
1120,yes,6378
1120,yes,6379
1121,yes,6380
1121,yes,6381
1121,yes,6382
1121,yes,6383
1121,yes,6384
1121,yes,6385
1121,yes,6386
1121,yes,6387
1122,yes,6388
1122,yes,6389
1122,yes,6390
1122,yes,6391
1123,yes,6392
1123,yes,6393
1123,yes,6394
1123,yes,6395
1123,yes,6396
1123,yes,6397
1124,yes,6398
1124,yes,6399
1124,yes,6400
1124,yes,6401
1124,yes,6402
1124,yes,6403
1124,yes,6404
1125,no,6405
1125,no,6406
1126,yes,6407
1126,yes,6408
1126,yes,6409
1126,yes,6410
1126,yes,6411
1126,yes,6412
1127,yes,6413
1127,yes,6414
1127,yes,6415
1127,yes,6416
1127,yes,6417
1127,yes,6418
1127,yes,6419
1127,yes,6420
1128,yes,6421
1128,yes,6422
1128,yes,6423
1128,yes,6424
1129,yes,6425
1129,yes,6426
1129,yes,6427
1129,yes,6428
1129,yes,6429
1129,yes,6430
1129,yes,6431
1129,yes,6432
1129,yes,6433
1129,yes,6434
1130,no,6435
1130,no,6436
1131,no,6437
1131,no,6438
1131,no,6439
1131,no,6440
1131,no,6441
1131,no,6442
1131,no,6443
1131,no,6444
1131,no,6445
1131,no,6446
1131,no,6447
1131,no,6448
1131,no,6449
1131,no,6450
1131,no,6451
1131,no,6452
1131,no,6453
1131,no,6454
1131,no,6455
1132,yes,6456
1132,yes,6457
1132,yes,6458
1133,yes,6459
1133,yes,6460
1134,yes,6461
1134,yes,6462
1134,yes,6463
1134,yes,6464
1134,yes,6465
1135,yes,6466
1136,yes,6467
1136,yes,6468
1136,yes,6469
1136,yes,6470
1137,yes,6471
1138,yes,6472
1139,yes,6473
1139,yes,6474
1139,yes,6475
1139,yes,6476
1139,yes,6477
1139,yes,6478
1139,yes,6479
1139,yes,6480
1140,no,6481
1141,yes,6482
1142,yes,6483
1143,yes,6484
1143,yes,6485
1144,yes,6486
1145,yes,6487
1145,yes,6488
1146,no,6489
1147,no,6490
1147,no,6491
1148,yes,6492
1148,yes,6493
1148,yes,6494
1148,yes,6495
1148,yes,6496
1149,no,6497
1150,no,6498
1151,yes,6499
1151,yes,6500
1151,yes,6501
1151,yes,6502
1151,yes,6503
1151,yes,6504
1151,yes,6505
1151,yes,6506
1151,yes,6507
1151,yes,6508
1151,yes,6509
1152,no,6510
1153,no,6511
1154,no,6512
1154,no,6513
1154,no,6514
1154,no,6515
1154,no,6516
1154,no,6517
1154,no,6518
1155,yes,6519
1155,yes,6520
1155,yes,6521
1155,yes,6522
1155,yes,6523
1155,yes,6524
1156,yes,6525
1156,yes,6526
1156,yes,6527
1157,no,6528
1157,no,6529
1157,no,6530
1157,no,6531
1157,no,6532
1157,no,6533
1157,no,6534
1157,no,6535
1157,no,6536
1157,no,6537
1157,no,6538
1157,no,6539
1158,no,6540
1158,no,6541
1158,no,6542
1158,no,6543
1158,no,6544
1158,no,6545
1159,no,6546
1160,no,6547
1161,yes,6548
1161,yes,6549
1162,yes,6550
1163,yes,6551
1163,yes,6552
1163,yes,6553
1163,yes,6554
1163,yes,6555
1163,yes,6556
1163,yes,6557
1163,yes,6558
1163,yes,6559
1163,yes,6560
1163,yes,6561
1163,yes,6562
1163,yes,6563
1163,yes,6564
1163,yes,6565
1163,yes,6566
1163,yes,6567
1164,yes,6568
1164,yes,6569
1164,yes,6570
1164,yes,6571
1164,yes,6572
1164,yes,6573
1164,yes,6574
1164,yes,6575
1164,yes,6576
1164,yes,6577
1164,yes,6578
1165,yes,6579
1165,yes,6580
1165,yes,6581
1165,yes,6582
1165,yes,6583
1165,yes,6584
1165,yes,6585
1165,yes,6586
1165,yes,6587
1165,yes,6588
1166,yes,6589
1166,yes,6590
1166,yes,6591
1166,yes,6592
1166,yes,6593
1166,yes,6594
1166,yes,6595
1166,yes,6596
1167,no,6597
1168,no,6598
1168,no,6599
1168,no,6600
1168,no,6601
1168,no,6602
1168,no,6603
1168,no,6604
1168,no,6605
1168,no,6606
1168,no,6607
1168,no,6608
1168,no,6609
1168,no,6610
1168,no,6611
1168,no,6612
1169,no,6613
1169,no,6614
1169,no,6615
1169,no,6616
1169,no,6617
1169,no,6618
1169,no,6619
1169,no,6620
1169,no,6621
1169,no,6622
1169,no,6623
1169,no,6624
1169,no,6625
1169,no,6626
1169,no,6627
1169,no,6628
1169,no,6629
1169,no,6630
1169,no,6631
1169,no,6632
1169,no,6633
1169,no,6634
1169,no,6635
1169,no,6636
1169,no,6637
1169,no,6638
1169,no,6639
1169,no,6640
1169,no,6641
1169,no,6642
1170,yes,6643
1170,yes,6644
1170,yes,6645
1170,yes,6646
1170,yes,6647
1170,yes,6648
1170,yes,6649
1170,yes,6650
1170,yes,6651
1170,yes,6652
1170,yes,6653
1170,yes,6654
1170,yes,6655
1170,yes,6656
1171,yes,6657
1171,yes,6658
1171,yes,6659
1171,yes,6660
1171,yes,6661
1171,yes,6662
1171,yes,6663
1171,yes,6664
1171,yes,6665
1171,yes,6666
1171,yes,6667
1171,yes,6668
1171,yes,6669
1171,yes,6670
1171,yes,6671
1171,yes,6672
1171,yes,6673
1171,yes,6674
1171,yes,6675
1171,yes,6676
1171,yes,6677
1171,yes,6678
1171,yes,6679
1171,yes,6680
1171,yes,6681
1171,yes,6682
1171,yes,6683
1171,yes,6684
1171,yes,6685
1172,yes,6686
1173,yes,6687
1173,yes,6688
1173,yes,6689
1173,yes,6690
1173,yes,6691
1173,yes,6692
1173,yes,6693
1173,yes,6694
1173,yes,6695
1173,yes,6696
1173,yes,6697
1174,yes,6698
1174,yes,6699
1174,yes,6700
1174,yes,6701
1174,yes,6702
1174,yes,6703
1174,yes,6704
1174,yes,6705
1174,yes,6706
1174,yes,6707
1175,yes,6708
1175,yes,6709
1175,yes,6710
1175,yes,6711
1176,yes,6712
1176,yes,6713
1176,yes,6714
1176,yes,6715
1176,yes,6716
1177,yes,6717
1177,yes,6718
1177,yes,6719
1177,yes,6720
1178,yes,6721
1178,yes,6722
1178,yes,6723
1178,yes,6724
1179,yes,6725
1179,yes,6726
1179,yes,6727
1179,yes,6728
1179,yes,6729
1179,yes,6730
1179,yes,6731
1179,yes,6732
1179,yes,6733
1180,yes,6734
1181,no,6735
1181,no,6736
1182,yes,6737
1183,no,6738
1184,yes,6739
1184,yes,6740
1184,yes,6741
1184,yes,6742
1184,yes,6743
1184,yes,6744
1184,yes,6745
1184,yes,6746
1184,yes,6747
1184,yes,6748
1184,yes,6749
1184,yes,6750
1184,yes,6751
1184,yes,6752
1185,yes,6753
1185,yes,6754
1185,yes,6755
1186,no,6756
1186,no,6757
1186,no,6758
1186,no,6759
1187,yes,6760
1188,yes,6761
1189,no,6762
1189,no,6763
1189,no,6764
1189,no,6765
1189,no,6766
1189,no,6767
1189,no,6768
1189,no,6769
1189,no,6770
1189,no,6771
1189,no,6772
1189,no,6773
1189,no,6774
1189,no,6775
1189,no,6776
1189,no,6777
1189,no,6778
1189,no,6779
1189,no,6780
1189,no,6781
1189,no,6782
1190,yes,6783
1190,yes,6784
1191,yes,6785
1192,no,6786
1192,no,6787
1193,no,6788
1193,no,6789
1193,no,6790
1193,no,6791
1193,no,6792
1193,no,6793
1193,no,6794
1193,no,6795
1193,no,6796
1193,no,6797
1193,no,6798
1193,no,6799
1193,no,6800
1193,no,6801
1193,no,6802
1193,no,6803
1193,no,6804
1193,no,6805
1193,no,6806
1193,no,6807
1194,no,6808
1194,no,6809
1194,no,6810
1194,no,6811
1195,no,6812
1196,yes,6813
1197,yes,6814
1197,yes,6815
1198,yes,6816
1199,yes,6817
1199,yes,6818
1199,yes,6819
1200,yes,6820
1200,yes,6821
1201,yes,6822
1202,yes,6823
1203,yes,6824
1203,yes,6825
1204,yes,6826
1205,yes,6827
1205,yes,6828
1205,yes,6829
1206,yes,6830
1206,yes,6831
1207,yes,6832
1207,yes,6833
1208,yes,6834
1208,yes,6835
1208,yes,6836
1208,yes,6837
1209,yes,6838
1210,yes,6839
1210,yes,6840
1211,yes,6841
1212,yes,6842
1213,yes,6843
1214,yes,6844
1215,yes,6845
1215,yes,6846
1215,yes,6847
1215,yes,6848
1216,yes,6849
1217,yes,6850
1217,yes,6851
1217,yes,6852
1217,yes,6853
1218,yes,6854
1218,yes,6855
1218,yes,6856
1218,yes,6857
1218,yes,6858
1218,yes,6859
1218,yes,6860
1218,yes,6861
1218,yes,6862
1218,yes,6863
1218,yes,6864
1218,yes,6865
1218,yes,6866
1218,yes,6867
1219,yes,6868
1219,yes,6869
1219,yes,6870
1219,yes,6871
1220,yes,6872
1220,yes,6873
1220,yes,6874
1220,yes,6875
1221,yes,6876
1221,yes,6877
1221,yes,6878
1221,yes,6879
1221,yes,6880
1222,yes,6881
1222,yes,6882
1222,yes,6883
1222,yes,6884
1223,yes,6885
1223,yes,6886
1223,yes,6887
1223,yes,6888
1224,yes,6889
1225,yes,6890
1225,yes,6891
1225,yes,6892
1225,yes,6893
1226,yes,6894
1226,yes,6895
1226,yes,6896
1226,yes,6897
1226,yes,6898
1226,yes,6899
1226,yes,6900
1226,yes,6901
1226,yes,6902
1226,yes,6903
1226,yes,6904
1227,yes,6905
1227,yes,6906
1227,yes,6907
1227,yes,6908
1227,yes,6909
1227,yes,6910
1227,yes,6911
1227,yes,6912
1227,yes,6913
1227,yes,6914
1227,yes,6915
1227,yes,6916
1227,yes,6917
1228,yes,6918
1228,yes,6919
1228,yes,6920
1228,yes,6921
1229,yes,6922
1229,yes,6923
1229,yes,6924
1229,yes,6925
1229,yes,6926
1229,yes,6927
1229,yes,6928
1229,yes,6929
1229,yes,6930
1229,yes,6931
1229,yes,6932
1230,yes,6933
1230,yes,6934
1230,yes,6935
1230,yes,6936
1230,yes,6937
1230,yes,6938
1230,yes,6939
1230,yes,6940
1230,yes,6941
1230,yes,6942
1230,yes,6943
1231,yes,6944
1231,yes,6945
1231,yes,6946
1231,yes,6947
1231,yes,6948
1231,yes,6949
1231,yes,6950
1231,yes,6951
1231,yes,6952
1231,yes,6953
1231,yes,6954
1231,yes,6955
1232,yes,6956
1232,yes,6957
1232,yes,6958
1232,yes,6959
1232,yes,6960
1232,yes,6961
1232,yes,6962
1232,yes,6963
1232,yes,6964
1232,yes,6965
1232,yes,6966
1233,yes,6967
1234,yes,6968
1235,yes,6969
1235,yes,6970
1235,yes,6971
1236,yes,6972
1237,yes,6973
1238,no,6974
1238,no,6975
1238,no,6976
1238,no,6977
1238,no,6978
1238,no,6979
1238,no,6980
1239,yes,6981
1240,yes,6982
1240,yes,6983
1240,yes,6984
1241,yes,6985
1242,yes,6986
1243,yes,6987
1244,yes,6988
1244,yes,6989
1244,yes,6990
1244,yes,6991
1245,yes,6992
1245,yes,6993
1245,yes,6994
1245,yes,6995
1245,yes,6996
1245,yes,6997
1245,yes,6998
1245,yes,6999
1246,yes,7000
1247,yes,7001
1247,yes,7002
1248,no,7003
1248,no,7004
1248,no,7005
1248,no,7006
1248,no,7007
1248,no,7008
1248,no,7009
1248,no,7010
1248,no,7011
1248,no,7012
1248,no,7013
1248,no,7014
1248,no,7015
1248,no,7016
1248,no,7017
1249,no,7018
1249,no,7019
1249,no,7020
1249,no,7021
1250,no,7022
1250,no,7023
1251,no,7024
1251,no,7025
1251,no,7026
1251,no,7027
1252,no,7028
1253,yes,7029
1253,yes,7030
1253,yes,7031
1253,yes,7032
1253,yes,7033
1253,yes,7034
1253,yes,7035
1253,yes,7036
1254,no,7037
1254,no,7038
1254,no,7039
1254,no,7040
1255,no,7041
1256,no,7042
1256,no,7043
1256,no,7044
1256,no,7045
1256,no,7046
1256,no,7047
1256,no,7048
1256,no,7049
1256,no,7050
1257,no,7051
1258,no,7052
1258,no,7053
1258,no,7054
1258,no,7055
1259,no,7056
1260,yes,7057
1260,yes,7058
1260,yes,7059
1260,yes,7060
1260,yes,7061
1260,yes,7062
1260,yes,7063
1260,yes,7064
1261,no,7065
1261,no,7066
1262,no,7067
1262,no,7068
1263,yes,7069
1263,yes,7070
1263,yes,7071
1263,yes,7072
1263,yes,7073
1263,yes,7074
1263,yes,7075
1263,yes,7076
1263,yes,7077
1263,yes,7078
1263,yes,7079
1263,yes,7080
1264,yes,7081
1264,yes,7082
1264,yes,7083
1264,yes,7084
1264,yes,7085
1264,yes,7086
1264,yes,7087
1264,yes,7088
1264,yes,7089
1264,yes,7090
1264,yes,7091
1264,yes,7092
1264,yes,7093
1264,yes,7094
1264,yes,7095
1264,yes,7096
1264,yes,7097
1264,yes,7098
1264,yes,7099
1264,yes,7100
1264,yes,7101
1264,yes,7102
1264,yes,7103
1264,yes,7104
1264,yes,7105
1264,yes,7106
1264,yes,7107
1264,yes,7108
1264,yes,7109
1264,yes,7110
1264,yes,7111
1264,yes,7112
1264,yes,7113
1264,yes,7114
1264,yes,7115
1264,yes,7116
1264,yes,7117
1264,yes,7118
1264,yes,7119
1264,yes,7120
1264,yes,7121
1264,yes,7122
1264,yes,7123
1264,yes,7124
1264,yes,7125
1264,yes,7126
1264,yes,7127
1264,yes,7128
1264,yes,7129
1264,yes,7130
1264,yes,7131
1264,yes,7132
1264,yes,7133
1264,yes,7134
1265,yes,7135
1266,no,7136
1266,no,7137
1266,no,7138
1266,no,7139
1267,no,7140
1268,no,7141
1268,no,7142
1268,no,7143
1268,no,7144
1268,no,7145
1268,no,7146
1268,no,7147
1268,no,7148
1268,no,7149
1268,no,7150
1268,no,7151
1268,no,7152
1268,no,7153
1269,no,7154
1269,no,7155
1269,no,7156
1269,no,7157
1269,no,7158
1269,no,7159
1269,no,7160
1269,no,7161
1269,no,7162
1269,no,7163
1269,no,7164
1269,no,7165
1269,no,7166
1269,no,7167
1269,no,7168
1269,no,7169
1269,no,7170
1270,no,7171
1271,yes,7172
1271,yes,7173
1271,yes,7174
1271,yes,7175
1271,yes,7176
1271,yes,7177
1271,yes,7178
1271,yes,7179
1272,no,7180
1273,no,7181
1273,no,7182
1273,no,7183
1273,no,7184
1273,no,7185
1273,no,7186
1273,no,7187
1273,no,7188
1273,no,7189
1273,no,7190
1273,no,7191
1273,no,7192
1273,no,7193
1273,no,7194
1274,yes,7195
1274,yes,7196
1274,yes,7197
1274,yes,7198
1274,yes,7199
1274,yes,7200
1274,yes,7201
1274,yes,7202
1274,yes,7203
1274,yes,7204
1274,yes,7205
1274,yes,7206
1274,yes,7207
1274,yes,7208
1274,yes,7209
1274,yes,7210
1274,yes,7211
1275,yes,7212
1275,yes,7213
1276,yes,7214
1276,yes,7215
1276,yes,7216
1276,yes,7217
1277,yes,7218
1278,yes,7219
1279,no,7220
1279,no,7221
1279,no,7222
1279,no,7223
1279,no,7224
1279,no,7225
1279,no,7226
1280,no,7227
1280,no,7228
1280,no,7229
1280,no,7230
1280,no,7231
1280,no,7232
1280,no,7233
1280,no,7234
1280,no,7235
1280,no,7236
1280,no,7237
1280,no,7238
1280,no,7239
1280,no,7240
1281,no,7241
1282,no,7242
1282,no,7243
1282,no,7244
1282,no,7245
1282,no,7246
1282,no,7247
1282,no,7248
1283,no,7249
1283,no,7250
1284,no,7251
1284,no,7252
1284,no,7253
1285,no,7254
1286,no,7255
1287,yes,7256
1287,yes,7257
1287,yes,7258
1287,yes,7259
1288,no,7260
1288,no,7261
1289,no,7262
1290,no,7263
1291,no,7264
1291,no,7265
1291,no,7266
1291,no,7267
1291,no,7268
1291,no,7269
1291,no,7270
1291,no,7271
1291,no,7272
1291,no,7273
1291,no,7274
1291,no,7275
1291,no,7276
1292,no,7277
1292,no,7278
1292,no,7279
1292,no,7280
1292,no,7281
1292,no,7282
1292,no,7283
1292,no,7284
1292,no,7285
1292,no,7286
1292,no,7287
1292,no,7288
1292,no,7289
1292,no,7290
1292,no,7291
1292,no,7292
1292,no,7293
1292,no,7294
1292,no,7295
1292,no,7296
1292,no,7297
1292,no,7298
1292,no,7299
1292,no,7300
1292,no,7301
1292,no,7302
1292,no,7303
1292,no,7304
1292,no,7305
1292,no,7306
1293,no,7307
1293,no,7308
1293,no,7309
1293,no,7310
1293,no,7311
1293,no,7312
1293,no,7313
1293,no,7314
1293,no,7315
1293,no,7316
1293,no,7317
1293,no,7318
1293,no,7319
1293,no,7320
1293,no,7321
1293,no,7322
1293,no,7323
1294,no,7324
1294,no,7325
1294,no,7326
1294,no,7327
1294,no,7328
1294,no,7329
1294,no,7330
1294,no,7331
1294,no,7332
1294,no,7333
1294,no,7334
1294,no,7335
1294,no,7336
1294,no,7337
1294,no,7338
1294,no,7339
1294,no,7340
1294,no,7341
1294,no,7342
1294,no,7343
1294,no,7344
1294,no,7345
1294,no,7346
1295,no,7347
1295,no,7348
1295,no,7349
1295,no,7350
1295,no,7351
1295,no,7352
1295,no,7353
1295,no,7354
1295,no,7355
1295,no,7356
1295,no,7357
1295,no,7358
1295,no,7359
1295,no,7360
1295,no,7361
1295,no,7362
1295,no,7363
1296,yes,7364
1297,yes,7365
1297,yes,7366
1297,yes,7367
1297,yes,7368
1297,yes,7369
1297,yes,7370
1297,yes,7371
1298,yes,7372
1298,yes,7373
1298,yes,7374
1298,yes,7375
1298,yes,7376
1298,yes,7377
1298,yes,7378
1298,yes,7379
1298,yes,7380
1298,yes,7381
1298,yes,7382
1298,yes,7383
1298,yes,7384
1298,yes,7385
1299,no,7386
1299,no,7387
1299,no,7388
1299,no,7389
1299,no,7390
1299,no,7391
1299,no,7392
1299,no,7393
1299,no,7394
1299,no,7395
1299,no,7396
1299,no,7397
1299,no,7398
1299,no,7399
1299,no,7400
1299,no,7401
1299,no,7402
1299,no,7403
1299,no,7404
1299,no,7405
1299,no,7406
1299,no,7407
1299,no,7408
1299,no,7409
1299,no,7410
1299,no,7411
1299,no,7412
1299,no,7413
1299,no,7414
1300,yes,7415
1300,yes,7416
1300,yes,7417
1300,yes,7418
1300,yes,7419
1300,yes,7420
1301,no,7421
1301,no,7422
1301,no,7423
1301,no,7424
1301,no,7425
1301,no,7426
1301,no,7427
1301,no,7428
1301,no,7429
1301,no,7430
1301,no,7431
1301,no,7432
1302,yes,7433
1302,yes,7434
1302,yes,7435
1302,yes,7436
1302,yes,7437
1302,yes,7438
1302,yes,7439
1302,yes,7440
1302,yes,7441
1302,yes,7442
1302,yes,7443
1302,yes,7444
1302,yes,7445
1303,no,7446
1304,no,7447
1305,no,7448
1306,yes,7449
1306,yes,7450
1307,no,7451
1307,no,7452
1307,no,7453
1307,no,7454
1307,no,7455
1307,no,7456
1307,no,7457
1307,no,7458
1307,no,7459
1307,no,7460
1307,no,7461
1307,no,7462
1307,no,7463
1307,no,7464
1308,no,7465
1309,no,7466
1310,yes,7467
1311,no,7468
1311,no,7469
1311,no,7470
1311,no,7471
1311,no,7472
1311,no,7473
1311,no,7474
1311,no,7475
1311,no,7476
1311,no,7477
1311,no,7478
1311,no,7479
1311,no,7480
1311,no,7481
1312,no,7482
1312,no,7483
1313,yes,7484
1314,yes,7485
1315,no,7486
1316,yes,7487
1316,yes,7488
1316,yes,7489
1317,no,7490
1317,no,7491
1317,no,7492
1317,no,7493
1318,yes,7494
1318,yes,7495
1318,yes,7496
1318,yes,7497
1319,yes,7498
1319,yes,7499
1319,yes,7500
1319,yes,7501
1319,yes,7502
1319,yes,7503
1319,yes,7504
1319,yes,7505
1319,yes,7506
1320,yes,7507
1320,yes,7508
1320,yes,7509
1321,no,7510
1321,no,7511
1321,no,7512
1321,no,7513
1321,no,7514
1321,no,7515
1321,no,7516
1321,no,7517
1321,no,7518
1321,no,7519
1321,no,7520
1321,no,7521
1321,no,7522
1321,no,7523
1321,no,7524
1321,no,7525
1321,no,7526
1321,no,7527
1321,no,7528
1321,no,7529
1321,no,7530
1321,no,7531
1321,no,7532
1321,no,7533
1321,no,7534
1321,no,7535
1321,no,7536
1321,no,7537
1321,no,7538
1321,no,7539
1321,no,7540
1321,no,7541
1321,no,7542
1321,no,7543
1321,no,7544
1321,no,7545
1321,no,7546
1322,yes,7547
1322,yes,7548
1323,no,7549
1324,no,7550
1324,no,7551
1324,no,7552
1324,no,7553
1325,yes,7554
1326,yes,7555
1327,yes,7556
1327,yes,7557
1328,yes,7558
1328,yes,7559
1329,yes,7560
1330,yes,7561
1331,yes,7562
1331,yes,7563
1332,yes,7564
1333,yes,7565
1334,yes,7566
1334,yes,7567
1335,yes,7568
1336,yes,7569
1336,yes,7570
1336,yes,7571
1337,no,7572
1337,no,7573
1337,no,7574
1337,no,7575
1337,no,7576
1337,no,7577
1337,no,7578
1337,no,7579
1337,no,7580
1337,no,7581
1337,no,7582
1337,no,7583
1337,no,7584
1337,no,7585
1337,no,7586
1337,no,7587
1337,no,7588
1337,no,7589
1337,no,7590
1337,no,7591
1337,no,7592
1337,no,7593
1337,no,7594
1337,no,7595
1337,no,7596
1337,no,7597
1338,yes,7598
1338,yes,7599
1339,yes,7600
1340,yes,7601
1341,yes,7602
1342,yes,7603
1343,yes,7604
1343,yes,7605
1343,yes,7606
1344,yes,7607
1344,yes,7608
1344,yes,7609
1344,yes,7610
1344,yes,7611
1345,no,7612
1345,no,7613
1345,no,7614
1345,no,7615
1345,no,7616
1345,no,7617
1346,yes,7618
1347,yes,7619
1348,yes,7620
1349,no,7621
1349,no,7622
1350,yes,7623
1350,yes,7624
1350,yes,7625
1350,yes,7626
1350,yes,7627
1350,yes,7628
1351,yes,7629
1351,yes,7630
1352,no,7631
1352,no,7632
1353,yes,7633
1354,no,7634
1355,no,7635
1355,no,7636
1355,no,7637
1355,no,7638
1355,no,7639
1356,yes,7640
1356,yes,7641
1356,yes,7642
1356,yes,7643
1356,yes,7644
1356,yes,7645
1357,yes,7646
1357,yes,7647
1357,yes,7648
1357,yes,7649
1357,yes,7650
1357,yes,7651
1357,yes,7652
1357,yes,7653
1357,yes,7654
1357,yes,7655
1357,yes,7656
1357,yes,7657
1357,yes,7658
1357,yes,7659
1357,yes,7660
1357,yes,7661
1357,yes,7662
1357,yes,7663
1357,yes,7664
1357,yes,7665
1357,yes,7666
1357,yes,7667
1357,yes,7668
1357,yes,7669
1357,yes,7670
1358,no,7671
1359,yes,7672
1359,yes,7673
1360,yes,7674
1361,yes,7675
1361,yes,7676
1361,yes,7677
1361,yes,7678
1361,yes,7679
1361,yes,7680
1361,yes,7681
1361,yes,7682
1361,yes,7683
1361,yes,7684
1362,yes,7685
1363,no,7686
1364,no,7687
1364,no,7688
1365,yes,7689
1366,yes,7690
1367,yes,7691
1367,yes,7692
1367,yes,7693
1367,yes,7694
1367,yes,7695
1367,yes,7696
1367,yes,7697
1367,yes,7698
1367,yes,7699
1367,yes,7700
1367,yes,7701
1367,yes,7702
1367,yes,7703
1367,yes,7704
1367,yes,7705
1367,yes,7706
1367,yes,7707
1367,yes,7708
1367,yes,7709
1367,yes,7710
1367,yes,7711
1367,yes,7712
1367,yes,7713
1368,yes,7714
1368,yes,7715
1368,yes,7716
1368,yes,7717
1368,yes,7718
1368,yes,7719
1368,yes,7720
1368,yes,7721
1368,yes,7722
1368,yes,7723
1368,yes,7724
1368,yes,7725
1368,yes,7726
1368,yes,7727
1368,yes,7728
1368,yes,7729
1368,yes,7730
1368,yes,7731
1368,yes,7732
1368,yes,7733
1368,yes,7734
1368,yes,7735
1368,yes,7736
1369,yes,7737
1370,yes,7738
1370,yes,7739
1371,yes,7740
1372,yes,7741
1372,yes,7742
1373,yes,7743
1374,yes,7744
1375,yes,7745
1376,yes,7746
1376,yes,7747
1376,yes,7748
1376,yes,7749
1376,yes,7750
1376,yes,7751
1376,yes,7752
1377,yes,7753
1377,yes,7754
1378,no,7755
1379,no,7756
1379,no,7757
1380,yes,7758
1381,yes,7759
1381,yes,7760
1381,yes,7761
1381,yes,7762
1381,yes,7763
1382,yes,7764
1383,yes,7765
1383,yes,7766
1383,yes,7767
1383,yes,7768
1383,yes,7769
1383,yes,7770
1383,yes,7771
1384,no,7772
1385,yes,7773
1386,yes,7774
1387,yes,7775
1387,yes,7776
1388,no,7777
1388,no,7778
1388,no,7779
1388,no,7780
1388,no,7781
1388,no,7782
1388,no,7783
1388,no,7784
1389,yes,7785
1389,yes,7786
1389,yes,7787
1389,yes,7788
1390,no,7789
1390,no,7790
1390,no,7791
1390,no,7792
1390,no,7793
1390,no,7794
1391,yes,7795
1391,yes,7796
1392,no,7797
1392,no,7798
1392,no,7799
1392,no,7800
1393,no,7801
1393,no,7802
1393,no,7803
1393,no,7804
1394,no,7805
1394,no,7806
1394,no,7807
1394,no,7808
1394,no,7809
1394,no,7810
1394,no,7811
1394,no,7812
1394,no,7813
1394,no,7814
1394,no,7815
1394,no,7816
1394,no,7817
1394,no,7818
1395,yes,7819
1395,yes,7820
1395,yes,7821
1395,yes,7822
1396,yes,7823
1396,yes,7824
1396,yes,7825
1397,yes,7826
1398,yes,7827
1399,no,7828
1399,no,7829
1399,no,7830
1399,no,7831
1399,no,7832
1399,no,7833
1399,no,7834
1399,no,7835
1400,yes,7836
1400,yes,7837
1400,yes,7838
1400,yes,7839
1400,yes,7840
1401,yes,7841
1401,yes,7842
1401,yes,7843
1401,yes,7844
1401,yes,7845
1401,yes,7846
1402,yes,7847
1402,yes,7848
1402,yes,7849
1402,yes,7850
1402,yes,7851
1402,yes,7852
1403,yes,7853
1404,no,7854
1404,no,7855
1404,no,7856
1404,no,7857
1404,no,7858
1404,no,7859
1404,no,7860
1404,no,7861
1404,no,7862
1404,no,7863
1404,no,7864
1404,no,7865
1404,no,7866
1404,no,7867
1404,no,7868
1404,no,7869
1404,no,7870
1404,no,7871
1404,no,7872
1404,no,7873
1404,no,7874
1404,no,7875
1404,no,7876
1404,no,7877
1404,no,7878
1404,no,7879
1404,no,7880
1404,no,7881
1404,no,7882
1404,no,7883
1404,no,7884
1404,no,7885
1404,no,7886
1404,no,7887
1404,no,7888
1404,no,7889
1404,no,7890
1404,no,7891
1404,no,7892
1404,no,7893
1404,no,7894
1404,no,7895
1404,no,7896
1404,no,7897
1404,no,7898
1404,no,7899
1405,yes,7900
1405,yes,7901
1406,yes,7902
1406,yes,7903
1406,yes,7904
1406,yes,7905
1406,yes,7906
1406,yes,7907
1407,no,7908
1407,no,7909
1407,no,7910
1407,no,7911
1407,no,7912
1408,no,7913
1409,no,7914
1409,no,7915
1409,no,7916
1409,no,7917
1409,no,7918
1410,no,7919
1411,yes,7920
1412,yes,7921
1412,yes,7922
1413,yes,7923
1414,no,7924
1414,no,7925
1414,no,7926
1414,no,7927
1415,yes,7928
1415,yes,7929
1415,yes,7930
1416,no,7931
1416,no,7932
1417,no,7933
1417,no,7934
1417,no,7935
1417,no,7936
1417,no,7937
1417,no,7938
1417,no,7939
1418,no,7940
1418,no,7941
1418,no,7942
1418,no,7943
1418,no,7944
1418,no,7945
1418,no,7946
1418,no,7947
1418,no,7948
1418,no,7949
1418,no,7950
1418,no,7951
1418,no,7952
1418,no,7953
1418,no,7954
1418,no,7955
1418,no,7956
1418,no,7957
1418,no,7958
1418,no,7959
1418,no,7960
1418,no,7961
1418,no,7962
1418,no,7963
1419,no,7964
1419,no,7965
1419,no,7966
1419,no,7967
1419,no,7968
1419,no,7969
1419,no,7970
1419,no,7971
1419,no,7972
1419,no,7973
1419,no,7974
1419,no,7975
1419,no,7976
1419,no,7977
1419,no,7978
1419,no,7979
1419,no,7980
1419,no,7981
1419,no,7982
1419,no,7983
1420,no,7984
1420,no,7985
1420,no,7986
1420,no,7987
1420,no,7988
1420,no,7989
1420,no,7990
1420,no,7991
1420,no,7992
1420,no,7993
1420,no,7994
1420,no,7995
1420,no,7996
1420,no,7997
1420,no,7998
1420,no,7999
1420,no,8000
1420,no,8001
1420,no,8002
1420,no,8003
1421,no,8004
1421,no,8005
1421,no,8006
1421,no,8007
1421,no,8008
1421,no,8009
1421,no,8010
1421,no,8011
1421,no,8012
1421,no,8013
1421,no,8014
1421,no,8015
1421,no,8016
1421,no,8017
1421,no,8018
1421,no,8019
1421,no,8020
1421,no,8021
1421,no,8022
1421,no,8023
1421,no,8024
1421,no,8025
1422,no,8026
1422,no,8027
1423,no,8028
1423,no,8029
1423,no,8030
1423,no,8031
1423,no,8032
1423,no,8033
1423,no,8034
1423,no,8035
1423,no,8036
1423,no,8037
1423,no,8038
1423,no,8039
1423,no,8040
1423,no,8041
1423,no,8042
1423,no,8043
1423,no,8044
1423,no,8045
1424,no,8046
1424,no,8047
1425,yes,8048
1425,yes,8049
1426,yes,8050
1427,yes,8051
1427,yes,8052
1427,yes,8053
1427,yes,8054
1427,yes,8055
1428,yes,8056
1428,yes,8057
1428,yes,8058
1428,yes,8059
1428,yes,8060
1428,yes,8061
1428,yes,8062
1428,yes,8063
1428,yes,8064
1428,yes,8065
1428,yes,8066
1428,yes,8067
1428,yes,8068
1428,yes,8069
1428,yes,8070
1428,yes,8071
1428,yes,8072
1428,yes,8073
1428,yes,8074
1428,yes,8075
1428,yes,8076
1428,yes,8077
1429,yes,8078
1430,yes,8079
1430,yes,8080
1430,yes,8081
1431,yes,8082
1431,yes,8083
1431,yes,8084
1431,yes,8085
1431,yes,8086
1431,yes,8087
1432,yes,8088
1432,yes,8089
1432,yes,8090
1432,yes,8091
1432,yes,8092
1432,yes,8093
1433,no,8094
1433,no,8095
1434,yes,8096
1434,yes,8097
1434,yes,8098
1435,yes,8099
1436,yes,8100
1437,yes,8101
1438,yes,8102
1438,yes,8103
1438,yes,8104
1438,yes,8105
1439,yes,8106
1439,yes,8107
1440,yes,8108
1440,yes,8109
1441,no,8110
1441,no,8111
1441,no,8112
1441,no,8113
1441,no,8114
1441,no,8115
1441,no,8116
1442,yes,8117
1443,yes,8118
1443,yes,8119
1443,yes,8120
1444,yes,8121
1444,yes,8122
1444,yes,8123
1444,yes,8124
1444,yes,8125
1444,yes,8126
1444,yes,8127
1444,yes,8128
1444,yes,8129
1444,yes,8130
1444,yes,8131
1445,yes,8132
1446,yes,8133
1446,yes,8134
1447,yes,8135
1448,yes,8136
1449,no,8137
1449,no,8138
1450,no,8139
1450,no,8140
1450,no,8141
1451,yes,8142
1452,yes,8143
1452,yes,8144
1452,yes,8145
1452,yes,8146
1452,yes,8147
1452,yes,8148
1452,yes,8149
1452,yes,8150
1453,yes,8151
1453,yes,8152
1453,yes,8153
1453,yes,8154
1453,yes,8155
1453,yes,8156
1453,yes,8157
1453,yes,8158
1453,yes,8159
1453,yes,8160
1453,yes,8161
1453,yes,8162
1453,yes,8163
1453,yes,8164
1453,yes,8165
1453,yes,8166
1453,yes,8167
1453,yes,8168
1454,yes,8169
1454,yes,8170
1454,yes,8171
1454,yes,8172
1454,yes,8173
1454,yes,8174
1454,yes,8175
1454,yes,8176
1454,yes,8177
1454,yes,8178
1454,yes,8179
1454,yes,8180
1455,yes,8181
1455,yes,8182
1456,yes,8183
1456,yes,8184
1456,yes,8185
1456,yes,8186
1456,yes,8187
1457,yes,8188
1458,yes,8189
1458,yes,8190
1458,yes,8191
1458,yes,8192
1458,yes,8193
1458,yes,8194
1458,yes,8195
1458,yes,8196
1458,yes,8197
1458,yes,8198
1458,yes,8199
1458,yes,8200
1458,yes,8201
1458,yes,8202
1458,yes,8203
1458,yes,8204
1458,yes,8205
1458,yes,8206
1458,yes,8207
1458,yes,8208
1458,yes,8209
1459,no,8210
1459,no,8211
1459,no,8212
1459,no,8213
1459,no,8214
1459,no,8215
1459,no,8216
1459,no,8217
1459,no,8218
1459,no,8219
1460,yes,8220
1461,yes,8221
1462,no,8222
1462,no,8223
1462,no,8224
1462,no,8225
1462,no,8226
1462,no,8227
1462,no,8228
1462,no,8229
1462,no,8230
1462,no,8231
1462,no,8232
1462,no,8233
1462,no,8234
1462,no,8235
1462,no,8236
1462,no,8237
1462,no,8238
1462,no,8239
1462,no,8240
1462,no,8241
1462,no,8242
1462,no,8243
1462,no,8244
1462,no,8245
1463,yes,8246
1463,yes,8247
1463,yes,8248
1463,yes,8249
1463,yes,8250
1464,yes,8251
1464,yes,8252
1464,yes,8253
1464,yes,8254
1464,yes,8255
1464,yes,8256
1464,yes,8257
1464,yes,8258
1464,yes,8259
1464,yes,8260
1464,yes,8261
1464,yes,8262
1464,yes,8263
1464,yes,8264
1464,yes,8265
1464,yes,8266
1464,yes,8267
1464,yes,8268
1464,yes,8269
1464,yes,8270
1464,yes,8271
1465,yes,8272
1465,yes,8273
1465,yes,8274
1465,yes,8275
1465,yes,8276
1465,yes,8277
1465,yes,8278
1465,yes,8279
1465,yes,8280
1465,yes,8281
1465,yes,8282
1465,yes,8283
1465,yes,8284
1465,yes,8285
1465,yes,8286
1465,yes,8287
1465,yes,8288
1465,yes,8289
1465,yes,8290
1465,yes,8291
1466,no,8292
1466,no,8293
1466,no,8294
1467,no,8295
1467,no,8296
1467,no,8297
1468,no,8298
1469,no,8299
1469,no,8300
1469,no,8301
1469,no,8302
1469,no,8303
1469,no,8304
1469,no,8305
1469,no,8306
1469,no,8307
1469,no,8308
1469,no,8309
1469,no,8310
1469,no,8311
1469,no,8312
1469,no,8313
1469,no,8314
1469,no,8315
1469,no,8316
1469,no,8317
1469,no,8318
1469,no,8319
1469,no,8320
1470,no,8321
1470,no,8322
1470,no,8323
1471,yes,8324
1472,no,8325
1472,no,8326
1472,no,8327
1472,no,8328
1472,no,8329
1472,no,8330
1472,no,8331
1472,no,8332
1472,no,8333
1472,no,8334
1472,no,8335
1472,no,8336
1472,no,8337
1472,no,8338
1472,no,8339
1472,no,8340
1472,no,8341
1472,no,8342
1472,no,8343
1472,no,8344
1472,no,8345
1472,no,8346
1472,no,8347
1472,no,8348
1472,no,8349
1473,no,8350
1473,no,8351
1474,yes,8352
1474,yes,8353
1474,yes,8354
1474,yes,8355
1474,yes,8356
1474,yes,8357
1474,yes,8358
1474,yes,8359
1474,yes,8360
1474,yes,8361
1474,yes,8362
1474,yes,8363
1474,yes,8364
1474,yes,8365
1475,yes,8366
1475,yes,8367
1475,yes,8368
1475,yes,8369
1476,no,8370
1476,no,8371
1477,yes,8372
1477,yes,8373
1477,yes,8374
1477,yes,8375
1478,yes,8376
1478,yes,8377
1478,yes,8378
1478,yes,8379
1478,yes,8380
1478,yes,8381
1478,yes,8382
1478,yes,8383
1478,yes,8384
1479,yes,8385
1479,yes,8386
1479,yes,8387
1479,yes,8388
1479,yes,8389
1479,yes,8390
1479,yes,8391
1479,yes,8392
1479,yes,8393
1479,yes,8394
1479,yes,8395
1479,yes,8396
1479,yes,8397
1479,yes,8398
1479,yes,8399
1479,yes,8400
1479,yes,8401
1479,yes,8402
1479,yes,8403
1479,yes,8404
1480,no,8405
1480,no,8406
1481,no,8407
1482,no,8408
1483,no,8409
1484,yes,8410
1485,yes,8411
1485,yes,8412
1485,yes,8413
1486,yes,8414
1486,yes,8415
1487,no,8416
1487,no,8417
1488,no,8418
1489,yes,8419
1490,yes,8420
1491,yes,8421
1492,yes,8422
1493,yes,8423
1493,yes,8424
1494,yes,8425
1495,no,8426
1496,yes,8427
1496,yes,8428
1496,yes,8429
1497,yes,8430
1497,yes,8431
1498,no,8432
1499,yes,8433
1500,no,8434
1500,no,8435
1500,no,8436
1500,no,8437
1501,yes,8438
1502,no,8439
1502,no,8440
1502,no,8441
1503,no,8442
1504,yes,8443
1504,yes,8444
1504,yes,8445
1504,yes,8446
1504,yes,8447
1504,yes,8448
1504,yes,8449
1504,yes,8450
1505,no,8451
1506,no,8452
1506,no,8453
1507,no,8454
1507,no,8455
1507,no,8456
1507,no,8457
1507,no,8458
1507,no,8459
1508,no,8460
1508,no,8461
1508,no,8462
1508,no,8463
1508,no,8464
1509,no,8465
1509,no,8466
1509,no,8467
1509,no,8468
1510,no,8469
1510,no,8470
1511,no,8471
1511,no,8472
1511,no,8473
1511,no,8474
1512,yes,8475
1513,no,8476
1514,no,8477
1514,no,8478
1514,no,8479
1514,no,8480
1514,no,8481
1515,no,8482
1516,no,8483
1517,no,8484
1518,yes,8485
1518,yes,8486
1518,yes,8487
1519,yes,8488
1519,yes,8489
1520,yes,8490
1521,no,8491
1521,no,8492
1521,no,8493
1521,no,8494
1521,no,8495
1521,no,8496
1521,no,8497
1521,no,8498
1522,yes,8499
1523,no,8500
1523,no,8501
1523,no,8502
1524,no,8503
1525,no,8504
1525,no,8505
1525,no,8506
1525,no,8507
1525,no,8508
1525,no,8509
1525,no,8510
1525,no,8511
1525,no,8512
1525,no,8513
1525,no,8514
1525,no,8515
1525,no,8516
1525,no,8517
1525,no,8518
1525,no,8519
1525,no,8520
1525,no,8521
1525,no,8522
1525,no,8523
1525,no,8524
1525,no,8525
1525,no,8526
1525,no,8527
1525,no,8528
1525,no,8529
1525,no,8530
1525,no,8531
1525,no,8532
1525,no,8533
1525,no,8534
1526,no,8535
1527,no,8536
1527,no,8537
1527,no,8538
1527,no,8539
1527,no,8540
1527,no,8541
1527,no,8542
1527,no,8543
1527,no,8544
1527,no,8545
1527,no,8546
1527,no,8547
1527,no,8548
1527,no,8549
1527,no,8550
1528,no,8551
1528,no,8552
1529,yes,8553
1530,yes,8554
1530,yes,8555
1530,yes,8556
1530,yes,8557
1530,yes,8558
1530,yes,8559
1530,yes,8560
1531,yes,8561
1532,no,8562
1533,no,8563
1533,no,8564
1533,no,8565
1533,no,8566
1533,no,8567
1533,no,8568
1533,no,8569
1533,no,8570
1533,no,8571
1533,no,8572
1534,no,8573
1534,no,8574
1534,no,8575
1534,no,8576
1535,no,8577
1535,no,8578
1536,no,8579
1536,no,8580
1536,no,8581
1536,no,8582
1537,yes,8583
1538,no,8584
1538,no,8585
1539,yes,8586
1539,yes,8587
1539,yes,8588
1539,yes,8589
1539,yes,8590
1539,yes,8591
1539,yes,8592
1539,yes,8593
1539,yes,8594
1540,yes,8595
1541,yes,8596
1541,yes,8597
1541,yes,8598
1541,yes,8599
1541,yes,8600
1541,yes,8601
1541,yes,8602
1541,yes,8603
1541,yes,8604
1542,no,8605
1543,yes,8606
1543,yes,8607
1543,yes,8608
1543,yes,8609
1543,yes,8610
1544,yes,8611
1545,yes,8612
1545,yes,8613
1546,no,8614
1547,yes,8615
1547,yes,8616
1547,yes,8617
1547,yes,8618
1547,yes,8619
1547,yes,8620
1547,yes,8621
1547,yes,8622
1547,yes,8623
1547,yes,8624
1547,yes,8625
1547,yes,8626
1547,yes,8627
1547,yes,8628
1547,yes,8629
1547,yes,8630
1547,yes,8631
1548,no,8632
1549,no,8633
1550,no,8634
1551,no,8635
1552,no,8636
1552,no,8637
1552,no,8638
1552,no,8639
1552,no,8640
1552,no,8641
1552,no,8642
1552,no,8643
1552,no,8644
1552,no,8645
1552,no,8646
1552,no,8647
1552,no,8648
1552,no,8649
1552,no,8650
1552,no,8651
1552,no,8652
1552,no,8653
1552,no,8654
1552,no,8655
1552,no,8656
1552,no,8657
1552,no,8658
1552,no,8659
1552,no,8660
1552,no,8661
1552,no,8662
1552,no,8663
1552,no,8664
1552,no,8665
1552,no,8666
1552,no,8667
1552,no,8668
1552,no,8669
1552,no,8670
1552,no,8671
1552,no,8672
1552,no,8673
1552,no,8674
1552,no,8675
1552,no,8676
1552,no,8677
1552,no,8678
1552,no,8679
1552,no,8680
1552,no,8681
1553,no,8682
1554,no,8683
1554,no,8684
1554,no,8685
1554,no,8686
1554,no,8687
1555,yes,8688
1556,yes,8689
1556,yes,8690
1556,yes,8691
1556,yes,8692
1556,yes,8693
1556,yes,8694
1556,yes,8695
1556,yes,8696
1556,yes,8697
1556,yes,8698
1556,yes,8699
1556,yes,8700
1556,yes,8701
1556,yes,8702
1556,yes,8703
1556,yes,8704
1557,no,8705
1558,no,8706
1558,no,8707
1558,no,8708
1558,no,8709
1559,yes,8710
1560,yes,8711
1560,yes,8712
1561,yes,8713
1562,yes,8714
1562,yes,8715
1562,yes,8716
1562,yes,8717
1562,yes,8718
1562,yes,8719
1562,yes,8720
1563,yes,8721
1564,yes,8722
1565,yes,8723
1565,yes,8724
1565,yes,8725
1566,yes,8726
1566,yes,8727
1566,yes,8728
1567,yes,8729
1567,yes,8730
1567,yes,8731
1567,yes,8732
1567,yes,8733
1568,no,8734
1569,yes,8735
1570,yes,8736
1571,yes,8737
1572,yes,8738
1573,no,8739
1574,yes,8740
1574,yes,8741
1574,yes,8742
1575,no,8743
1576,yes,8744
1577,yes,8745
1577,yes,8746
1577,yes,8747
1578,yes,8748
1579,yes,8749
1580,yes,8750
1580,yes,8751
1580,yes,8752
1580,yes,8753
1581,yes,8754
1581,yes,8755
1581,yes,8756
1581,yes,8757
1581,yes,8758
1581,yes,8759
1581,yes,8760
1581,yes,8761
1582,yes,8762
1583,yes,8763
1583,yes,8764
1583,yes,8765
1583,yes,8766
1584,yes,8767
1584,yes,8768
1584,yes,8769
1584,yes,8770
1584,yes,8771
1584,yes,8772
1584,yes,8773
1584,yes,8774
1584,yes,8775
1584,yes,8776
1585,yes,8777
1586,yes,8778
1587,yes,8779
1587,yes,8780
1587,yes,8781
1587,yes,8782
1588,yes,8783
1589,yes,8784
1590,yes,8785
1591,yes,8786
1592,no,8787
1592,no,8788
1592,no,8789
1592,no,8790
1592,no,8791
1592,no,8792
1592,no,8793
1592,no,8794
1593,yes,8795
1593,yes,8796
1593,yes,8797
1593,yes,8798
1593,yes,8799
1593,yes,8800
1593,yes,8801
1593,yes,8802
1594,yes,8803
1594,yes,8804
1594,yes,8805
1594,yes,8806
1594,yes,8807
1594,yes,8808
1594,yes,8809
1594,yes,8810
1594,yes,8811
1594,yes,8812
1594,yes,8813
1594,yes,8814
1594,yes,8815
1594,yes,8816
1595,yes,8817
1596,yes,8818
1596,yes,8819
1596,yes,8820
1597,yes,8821
1597,yes,8822
1597,yes,8823
1597,yes,8824
1597,yes,8825
1597,yes,8826
1597,yes,8827
1597,yes,8828
1597,yes,8829
1597,yes,8830
1598,yes,8831
1598,yes,8832
1598,yes,8833
1598,yes,8834
1598,yes,8835
1598,yes,8836
1599,no,8837
1599,no,8838
1600,yes,8839
1601,yes,8840
1602,yes,8841
1603,yes,8842
1604,yes,8843
1605,yes,8844
1606,yes,8845
1607,yes,8846
1608,yes,8847
1608,yes,8848
1608,yes,8849
1608,yes,8850
1608,yes,8851
1609,yes,8852
1610,yes,8853
1610,yes,8854
1611,no,8855
1611,no,8856
1611,no,8857
1612,yes,8858
1613,yes,8859
1614,yes,8860
1615,yes,8861
1615,yes,8862
1615,yes,8863
1615,yes,8864
1615,yes,8865
1615,yes,8866
1615,yes,8867
1615,yes,8868
1615,yes,8869
1615,yes,8870
1615,yes,8871
1615,yes,8872
1615,yes,8873
1615,yes,8874
1616,yes,8875
1616,yes,8876
1617,yes,8877
1618,yes,8878
1618,yes,8879
1618,yes,8880
1618,yes,8881
1618,yes,8882
1618,yes,8883
1618,yes,8884
1618,yes,8885
1618,yes,8886
1618,yes,8887
1618,yes,8888
1618,yes,8889
1618,yes,8890
1618,yes,8891
1619,no,8892
1620,yes,8893
1620,yes,8894
1620,yes,8895
1620,yes,8896
1620,yes,8897
1620,yes,8898
1621,yes,8899
1621,yes,8900
1621,yes,8901
1622,yes,8902
1622,yes,8903
1623,yes,8904
1624,yes,8905
1624,yes,8906
1625,no,8907
1625,no,8908
1626,yes,8909
1627,yes,8910
1627,yes,8911
1627,yes,8912
1628,yes,8913
1628,yes,8914
1628,yes,8915
1628,yes,8916
1628,yes,8917
1628,yes,8918
1629,yes,8919
1629,yes,8920
1629,yes,8921
1629,yes,8922
1629,yes,8923
1630,no,8924
1631,yes,8925
1631,yes,8926
1631,yes,8927
1631,yes,8928
1631,yes,8929
1631,yes,8930
1631,yes,8931
1631,yes,8932
1631,yes,8933
1631,yes,8934
1631,yes,8935
1631,yes,8936
1631,yes,8937
1631,yes,8938
1631,yes,8939
1631,yes,8940
1631,yes,8941
1631,yes,8942
1631,yes,8943
1631,yes,8944
1631,yes,8945
1631,yes,8946
1631,yes,8947
1631,yes,8948
1632,yes,8949
1633,yes,8950
1633,yes,8951
1634,yes,8952
1635,yes,8953
1636,yes,8954
1636,yes,8955
1636,yes,8956
1637,yes,8957
1637,yes,8958
1637,yes,8959
1637,yes,8960
1638,yes,8961
1639,yes,8962
1639,yes,8963
1639,yes,8964
1639,yes,8965
1639,yes,8966
1639,yes,8967
1639,yes,8968
1639,yes,8969
1639,yes,8970
1639,yes,8971
1639,yes,8972
1639,yes,8973
1639,yes,8974
1640,yes,8975
1641,yes,8976
1642,yes,8977
1642,yes,8978
1642,yes,8979
1642,yes,8980
1642,yes,8981
1642,yes,8982
1642,yes,8983
1642,yes,8984
1642,yes,8985
1643,yes,8986
1643,yes,8987
1643,yes,8988
1643,yes,8989
1643,yes,8990
1643,yes,8991
1644,yes,8992
1644,yes,8993
1644,yes,8994
1644,yes,8995
1644,yes,8996
1644,yes,8997
1644,yes,8998
1644,yes,8999
1644,yes,9000
1644,yes,9001
1644,yes,9002
1644,yes,9003
1644,yes,9004
1644,yes,9005
1645,yes,9006
1645,yes,9007
1645,yes,9008
1645,yes,9009
1645,yes,9010
1645,yes,9011
1645,yes,9012
1646,yes,9013
1647,yes,9014
1648,yes,9015
1649,yes,9016
1649,yes,9017
1649,yes,9018
1650,yes,9019
1651,yes,9020
1652,yes,9021
1653,yes,9022
1653,yes,9023
1654,no,9024
1654,no,9025
1655,no,9026
1656,no,9027
1656,no,9028
1656,no,9029
1656,no,9030
1656,no,9031
1656,no,9032
1656,no,9033
1656,no,9034
1656,no,9035
1656,no,9036
1656,no,9037
1657,no,9038
1657,no,9039
1658,no,9040
1658,no,9041
1658,no,9042
1658,no,9043
1658,no,9044
1658,no,9045
1659,no,9046
1660,yes,9047
1660,yes,9048
1660,yes,9049
1660,yes,9050
1660,yes,9051
1660,yes,9052
1660,yes,9053
1660,yes,9054
1660,yes,9055
1660,yes,9056
1660,yes,9057
1660,yes,9058
1660,yes,9059
1660,yes,9060
1660,yes,9061
1660,yes,9062
1660,yes,9063
1660,yes,9064
1660,yes,9065
1660,yes,9066
1660,yes,9067
1660,yes,9068
1660,yes,9069
1660,yes,9070
1660,yes,9071
1660,yes,9072
1660,yes,9073
1660,yes,9074
1660,yes,9075
1660,yes,9076
1660,yes,9077
1660,yes,9078
1660,yes,9079
1661,no,9080
1662,no,9081
1663,no,9082
1664,no,9083
1665,yes,9084
1665,yes,9085
1665,yes,9086
1665,yes,9087
1665,yes,9088
1665,yes,9089
1665,yes,9090
1665,yes,9091
1666,yes,9092
1667,yes,9093
1668,no,9094
1669,no,9095
1670,yes,9096
1670,yes,9097
1670,yes,9098
1671,yes,9099
1672,no,9100
1672,no,9101
1672,no,9102
1672,no,9103
1672,no,9104
1673,no,9105
1673,no,9106
1673,no,9107
1674,no,9108
1675,yes,9109
1675,yes,9110
1676,no,9111
1677,yes,9112
1678,yes,9113
1679,yes,9114
1680,yes,9115
1680,yes,9116
1681,yes,9117
1681,yes,9118
1681,yes,9119
1681,yes,9120
1681,yes,9121
1681,yes,9122
1681,yes,9123
1681,yes,9124
1681,yes,9125
1682,yes,9126
1682,yes,9127
1682,yes,9128
1682,yes,9129
1682,yes,9130
1682,yes,9131
1682,yes,9132
1682,yes,9133
1682,yes,9134
1683,yes,9135
1684,yes,9136
1684,yes,9137
1685,yes,9138
1686,yes,9139
1686,yes,9140
1687,yes,9141
1687,yes,9142
1688,yes,9143
1689,yes,9144
1689,yes,9145
1689,yes,9146
1690,yes,9147
1690,yes,9148
1690,yes,9149
1691,yes,9150
1691,yes,9151
1692,yes,9152
1693,yes,9153
1693,yes,9154
1694,yes,9155
1694,yes,9156
1694,yes,9157
1694,yes,9158
1695,yes,9159
1695,yes,9160
1695,yes,9161
1695,yes,9162
1695,yes,9163
1695,yes,9164
1695,yes,9165
1695,yes,9166
1696,yes,9167
1697,yes,9168
1698,yes,9169
1698,yes,9170
1699,yes,9171
1700,yes,9172
1701,yes,9173
1701,yes,9174
1702,yes,9175
1703,yes,9176
1703,yes,9177
1703,yes,9178
1703,yes,9179
1703,yes,9180
1704,yes,9181
1705,yes,9182
1706,yes,9183
1706,yes,9184
1706,yes,9185
1706,yes,9186
1706,yes,9187
1706,yes,9188
1706,yes,9189
1706,yes,9190
1706,yes,9191
1707,no,9192
1708,no,9193
1708,no,9194
1709,no,9195
1710,yes,9196
1711,yes,9197
1711,yes,9198
1711,yes,9199
1711,yes,9200
1711,yes,9201
1711,yes,9202
1711,yes,9203
1711,yes,9204
1712,yes,9205
1712,yes,9206
1712,yes,9207
1713,no,9208
1714,no,9209
1714,no,9210
1715,no,9211
1715,no,9212
1715,no,9213
1715,no,9214
1715,no,9215
1715,no,9216
1715,no,9217
1715,no,9218
1715,no,9219
1715,no,9220
1715,no,9221
1715,no,9222
1715,no,9223
1715,no,9224
1715,no,9225
1715,no,9226
1715,no,9227
1715,no,9228
1715,no,9229
1715,no,9230
1715,no,9231
1715,no,9232
1716,no,9233
1717,yes,9234
1717,yes,9235
1718,yes,9236
1719,yes,9237
1719,yes,9238
1719,yes,9239
1719,yes,9240
1719,yes,9241
1719,yes,9242
1719,yes,9243
1719,yes,9244
1720,yes,9245
1720,yes,9246
1720,yes,9247
1720,yes,9248
1721,yes,9249
1722,no,9250
1723,no,9251
1724,yes,9252
1724,yes,9253
1724,yes,9254
1724,yes,9255
1724,yes,9256
1724,yes,9257
1724,yes,9258
1724,yes,9259
1724,yes,9260
1725,yes,9261
1725,yes,9262
1725,yes,9263
1726,no,9264
1726,no,9265
1726,no,9266
1726,no,9267
1726,no,9268
1727,no,9269
1727,no,9270
1727,no,9271
1728,yes,9272
1728,yes,9273
1728,yes,9274
1728,yes,9275
1728,yes,9276
1728,yes,9277
1728,yes,9278
1728,yes,9279
1728,yes,9280
1728,yes,9281
1728,yes,9282
1728,yes,9283
1728,yes,9284
1728,yes,9285
1728,yes,9286
1728,yes,9287
1729,yes,9288
1730,yes,9289
1730,yes,9290
1731,yes,9291
1731,yes,9292
1731,yes,9293
1731,yes,9294
1732,yes,9295
1733,yes,9296
1733,yes,9297
1733,yes,9298
1733,yes,9299
1733,yes,9300
1733,yes,9301
1733,yes,9302
1733,yes,9303
1734,no,9304
1735,no,9305
1736,yes,9306
1736,yes,9307
1737,yes,9308
1738,yes,9309
1738,yes,9310
1738,yes,9311
1738,yes,9312
1738,yes,9313
1738,yes,9314
1738,yes,9315
1739,no,9316
1740,no,9317
1740,no,9318
1740,no,9319
1740,no,9320
1740,no,9321
1740,no,9322
1740,no,9323
1740,no,9324
1740,no,9325
1741,yes,9326
1741,yes,9327
1741,yes,9328
1741,yes,9329
1741,yes,9330
1741,yes,9331
1742,yes,9332
1743,yes,9333
1743,yes,9334
1743,yes,9335
1743,yes,9336
1743,yes,9337
1744,yes,9338
1744,yes,9339
1744,yes,9340
1744,yes,9341
1744,yes,9342
1744,yes,9343
1744,yes,9344
1744,yes,9345
1744,yes,9346
1744,yes,9347
1744,yes,9348
1744,yes,9349
1744,yes,9350
1744,yes,9351
1744,yes,9352
1744,yes,9353
1744,yes,9354
1744,yes,9355
1745,yes,9356
1745,yes,9357
1745,yes,9358
1746,yes,9359
1746,yes,9360
1746,yes,9361
1746,yes,9362
1746,yes,9363
1746,yes,9364
1747,yes,9365
1747,yes,9366
1747,yes,9367
1747,yes,9368
1747,yes,9369
1747,yes,9370
1747,yes,9371
1747,yes,9372
1747,yes,9373
1748,yes,9374
1748,yes,9375
1748,yes,9376
1748,yes,9377
1748,yes,9378
1748,yes,9379
1748,yes,9380
1749,yes,9381
1749,yes,9382
1749,yes,9383
1749,yes,9384
1749,yes,9385
1749,yes,9386
1749,yes,9387
1749,yes,9388
1750,no,9389
1751,yes,9390
1751,yes,9391
1751,yes,9392
1751,yes,9393
1751,yes,9394
1751,yes,9395
1752,yes,9396
1752,yes,9397
1753,yes,9398
1754,yes,9399
1754,yes,9400
1754,yes,9401
1754,yes,9402
1754,yes,9403
1755,yes,9404
1756,yes,9405
1757,yes,9406
1757,yes,9407
1757,yes,9408
1757,yes,9409
1757,yes,9410
1757,yes,9411
1758,yes,9412
1758,yes,9413
1759,yes,9414
1759,yes,9415
1760,yes,9416
1761,yes,9417
1761,yes,9418
1761,yes,9419
1761,yes,9420
1761,yes,9421
1761,yes,9422
1761,yes,9423
1761,yes,9424
1762,yes,9425
1762,yes,9426
1762,yes,9427
1762,yes,9428
1762,yes,9429
1762,yes,9430
1762,yes,9431
1762,yes,9432
1763,yes,9433
1764,no,9434
1765,yes,9435
1766,yes,9436
1766,yes,9437
1767,yes,9438
1768,yes,9439
1769,no,9440
1770,no,9441
1770,no,9442
1771,no,9443
1772,no,9444
1773,no,9445
1774,yes,9446
1775,yes,9447
1775,yes,9448
1776,yes,9449
1776,yes,9450
1776,yes,9451
1776,yes,9452
1776,yes,9453
1777,yes,9454
1777,yes,9455
1777,yes,9456
1777,yes,9457
1777,yes,9458
1778,yes,9459
1779,no,9460
1779,no,9461
1780,no,9462
1780,no,9463
1781,yes,9464
1781,yes,9465
1782,yes,9466
1782,yes,9467
1782,yes,9468
1782,yes,9469
1783,yes,9470
1783,yes,9471
1783,yes,9472
1783,yes,9473
1783,yes,9474
1783,yes,9475
1783,yes,9476
1783,yes,9477
1783,yes,9478
1783,yes,9479
1783,yes,9480
1783,yes,9481
1783,yes,9482
1783,yes,9483
1784,no,9484
1784,no,9485
1784,no,9486
1784,no,9487
1784,no,9488
1784,no,9489
1784,no,9490
1784,no,9491
1784,no,9492
1784,no,9493
1784,no,9494
1784,no,9495
1784,no,9496
1784,no,9497
1784,no,9498
1784,no,9499
1784,no,9500
1784,no,9501
1784,no,9502
1784,no,9503
1784,no,9504
1784,no,9505
1784,no,9506
1784,no,9507
1784,no,9508
1784,no,9509
1784,no,9510
1784,no,9511
1784,no,9512
1784,no,9513
1784,no,9514
1784,no,9515
1784,no,9516
1784,no,9517
1784,no,9518
1784,no,9519
1785,yes,9520
1786,yes,9521
1787,yes,9522
1788,yes,9523
1789,yes,9524
1789,yes,9525
1789,yes,9526
1789,yes,9527
1789,yes,9528
1790,yes,9529
1790,yes,9530
1790,yes,9531
1790,yes,9532
1790,yes,9533
1791,yes,9534
1791,yes,9535
1791,yes,9536
1791,yes,9537
1792,yes,9538
1792,yes,9539
1792,yes,9540
1792,yes,9541
1792,yes,9542
1793,yes,9543
1793,yes,9544
1794,yes,9545
1794,yes,9546
1794,yes,9547
1795,yes,9548
1796,yes,9549
1796,yes,9550
1796,yes,9551
1797,no,9552
1798,no,9553
1799,yes,9554
1800,yes,9555
1801,yes,9556
1801,yes,9557
1801,yes,9558
1801,yes,9559
1801,yes,9560
1801,yes,9561
1802,yes,9562
1802,yes,9563
1802,yes,9564
1802,yes,9565
1802,yes,9566
1803,yes,9567
1803,yes,9568
1803,yes,9569
1804,yes,9570
1805,no,9571
1806,no,9572
1807,no,9573
1807,no,9574
1808,no,9575
1809,no,9576
1810,no,9577
1810,no,9578
1811,no,9579
1812,no,9580
1812,no,9581
1812,no,9582
1812,no,9583
1812,no,9584
1813,yes,9585
1813,yes,9586
1813,yes,9587
1813,yes,9588
1814,yes,9589
1815,no,9590
1816,no,9591
1817,no,9592
1818,yes,9593
1818,yes,9594
1819,no,9595
1820,no,9596
1821,no,9597
1821,no,9598
1821,no,9599
1822,no,9600
1822,no,9601
1823,no,9602
1823,no,9603
1823,no,9604
1823,no,9605
1823,no,9606
1824,yes,9607
1825,yes,9608
1826,yes,9609
1826,yes,9610
1826,yes,9611
1826,yes,9612
1826,yes,9613
1827,no,9614
1828,no,9615
1828,no,9616
1828,no,9617
1828,no,9618
1828,no,9619
1828,no,9620
1828,no,9621
1828,no,9622
1828,no,9623
1828,no,9624
1828,no,9625
1829,yes,9626
1829,yes,9627
1830,yes,9628
1830,yes,9629
1831,yes,9630
1832,no,9631
1833,yes,9632
1833,yes,9633
1833,yes,9634
1834,yes,9635
1835,yes,9636
1836,yes,9637
1836,yes,9638
1837,yes,9639
1838,no,9640
1839,no,9641
1840,yes,9642
1840,yes,9643
1840,yes,9644
1840,yes,9645
1841,yes,9646
1842,yes,9647
1842,yes,9648
1842,yes,9649
1842,yes,9650
1842,yes,9651
1843,no,9652
1844,no,9653
1844,no,9654
1845,no,9655
1846,no,9656
1847,no,9657
1847,no,9658
1847,no,9659
1847,no,9660
1848,yes,9661
1849,yes,9662
1849,yes,9663
1849,yes,9664
1850,yes,9665
1851,yes,9666
1852,yes,9667
1852,yes,9668
1852,yes,9669
1852,yes,9670
1852,yes,9671
1853,no,9672
1853,no,9673
1853,no,9674
1853,no,9675
1854,no,9676
1854,no,9677
1855,no,9678
1856,no,9679
1857,yes,9680
1858,yes,9681
1858,yes,9682
1858,yes,9683
1858,yes,9684
1858,yes,9685
1858,yes,9686
1858,yes,9687
1858,yes,9688
1858,yes,9689
1858,yes,9690
1859,yes,9691
1859,yes,9692
1859,yes,9693
1859,yes,9694
1859,yes,9695
1859,yes,9696
1859,yes,9697
1859,yes,9698
1859,yes,9699
1859,yes,9700
1859,yes,9701
1860,yes,9702
1860,yes,9703
1860,yes,9704
1861,yes,9705
1861,yes,9706
1861,yes,9707
1861,yes,9708
1861,yes,9709
1861,yes,9710
1861,yes,9711
1861,yes,9712
1861,yes,9713
1861,yes,9714
1861,yes,9715
1861,yes,9716
1861,yes,9717
1861,yes,9718
1861,yes,9719
1861,yes,9720
1861,yes,9721
1861,yes,9722
1862,no,9723
1863,yes,9724
1864,yes,9725
1865,yes,9726
1866,no,9727
1867,yes,9728
1868,yes,9729
1869,no,9730
1869,no,9731
1870,no,9732
1870,no,9733
1871,yes,9734
1871,yes,9735
1871,yes,9736
1872,yes,9737
1873,yes,9738
1874,no,9739
1875,yes,9740
1875,yes,9741
1875,yes,9742
1875,yes,9743
1875,yes,9744
1875,yes,9745
1875,yes,9746
1875,yes,9747
1875,yes,9748
1875,yes,9749
1875,yes,9750
1875,yes,9751
1875,yes,9752
1875,yes,9753
1875,yes,9754
1875,yes,9755
1876,yes,9756
1877,yes,9757
1878,yes,9758
1879,yes,9759
1880,yes,9760
1880,yes,9761
1880,yes,9762
1881,yes,9763
1881,yes,9764
1881,yes,9765
1881,yes,9766
1881,yes,9767
1881,yes,9768
1881,yes,9769
1881,yes,9770
1881,yes,9771
1882,yes,9772
1883,yes,9773
1883,yes,9774
1883,yes,9775
1884,yes,9776
1884,yes,9777
1884,yes,9778
1884,yes,9779
1885,yes,9780
1886,no,9781
1887,no,9782
1887,no,9783
1887,no,9784
1887,no,9785
1887,no,9786
1888,yes,9787
1889,yes,9788
1890,yes,9789
1891,yes,9790
1892,no,9791
1893,yes,9792
1893,yes,9793
1893,yes,9794
1893,yes,9795
1893,yes,9796
1893,yes,9797
1893,yes,9798
1893,yes,9799
1893,yes,9800
1894,no,9801
1894,no,9802
1895,yes,9803
1895,yes,9804
1895,yes,9805
1895,yes,9806
1895,yes,9807
1895,yes,9808
1896,no,9809
1897,yes,9810
1897,yes,9811
1897,yes,9812
1897,yes,9813
1897,yes,9814
1897,yes,9815
1898,yes,9816
1899,yes,9817
1900,yes,9818
1901,yes,9819
1902,yes,9820
1902,yes,9821
1903,yes,9822
1904,yes,9823
1904,yes,9824
1905,yes,9825
1905,yes,9826
1905,yes,9827
1905,yes,9828
1906,yes,9829
1907,yes,9830
1907,yes,9831
1907,yes,9832
1907,yes,9833
1907,yes,9834
1907,yes,9835
1907,yes,9836
1907,yes,9837
1908,no,9838
1909,yes,9839
1910,yes,9840
1910,yes,9841
1911,yes,9842
1912,yes,9843
1912,yes,9844
1913,no,9845
1914,yes,9846
1915,no,9847
1916,no,9848
1916,no,9849
1917,yes,9850
1917,yes,9851
1918,no,9852
1919,no,9853
1919,no,9854
1919,no,9855
1919,no,9856
1919,no,9857
1920,yes,9858
1920,yes,9859
1920,yes,9860
1920,yes,9861
1920,yes,9862
1920,yes,9863
1921,yes,9864
1922,yes,9865
1923,yes,9866
1923,yes,9867
1923,yes,9868
1924,yes,9869
1925,yes,9870
1926,no,9871
1927,yes,9872
1927,yes,9873
1927,yes,9874
1927,yes,9875
1927,yes,9876
1928,yes,9877
1928,yes,9878
1928,yes,9879
1928,yes,9880
1928,yes,9881
1928,yes,9882
1928,yes,9883
1928,yes,9884
1928,yes,9885
1928,yes,9886
1928,yes,9887
1928,yes,9888
1928,yes,9889
1928,yes,9890
1928,yes,9891
1929,no,9892
1930,no,9893
1930,no,9894
1930,no,9895
1930,no,9896
1930,no,9897
1930,no,9898
1930,no,9899
1931,no,9900
1932,no,9901
1933,yes,9902
1933,yes,9903
1933,yes,9904
1933,yes,9905
1933,yes,9906
1933,yes,9907
1933,yes,9908
1933,yes,9909
1933,yes,9910
1933,yes,9911
1933,yes,9912
1933,yes,9913
1933,yes,9914
1933,yes,9915
1934,yes,9916
1934,yes,9917
1935,yes,9918
1935,yes,9919
1936,no,9920
1936,no,9921
1937,no,9922
1938,yes,9923
1939,yes,9924
1940,yes,9925
1940,yes,9926
1940,yes,9927
1941,yes,9928
1941,yes,9929
1942,yes,9930
1943,yes,9931
1944,yes,9932
1945,no,9933
1945,no,9934
1946,yes,9935
1947,yes,9936
1947,yes,9937
1947,yes,9938
1947,yes,9939
1947,yes,9940
1947,yes,9941
1947,yes,9942
1947,yes,9943
1947,yes,9944
1947,yes,9945
1947,yes,9946
1947,yes,9947
1947,yes,9948
1947,yes,9949
1947,yes,9950
1947,yes,9951
1947,yes,9952
1947,yes,9953
1947,yes,9954
1947,yes,9955
1947,yes,9956
1948,yes,9957
1949,yes,9958
1950,yes,9959
1951,yes,9960
1951,yes,9961
1951,yes,9962
1951,yes,9963
1952,yes,9964
1952,yes,9965
1952,yes,9966
1953,yes,9967
1954,yes,9968
1954,yes,9969
1954,yes,9970
1954,yes,9971
1954,yes,9972
1954,yes,9973
1954,yes,9974
1954,yes,9975
1954,yes,9976
1954,yes,9977
1954,yes,9978
1954,yes,9979
1954,yes,9980
1955,yes,9981
1955,yes,9982
1955,yes,9983
1955,yes,9984
1955,yes,9985
1956,yes,9986
1956,yes,9987
1957,yes,9988
1958,yes,9989
1958,yes,9990
1958,yes,9991
1958,yes,9992
1959,no,9993
1959,no,9994
1959,no,9995
1959,no,9996
1959,no,9997
1959,no,9998
1959,no,9999
1960,no,10000
1960,no,10001
1960,no,10002
1961,yes,10003
1961,yes,10004
1961,yes,10005
1961,yes,10006
1961,yes,10007
1961,yes,10008
1961,yes,10009
1961,yes,10010
1961,yes,10011
1961,yes,10012
1961,yes,10013
1961,yes,10014
1962,yes,10015
1962,yes,10016
1962,yes,10017
1962,yes,10018
1962,yes,10019
1962,yes,10020
1962,yes,10021
1963,no,10022
1964,yes,10023
1965,yes,10024
1965,yes,10025
1966,no,10026
