from_segment_id,e_node_id,to_segment_id,s_node_id
3,6619,7778,6619
3,6619,7779,6619
6,6856,7,6856
7,6857,8,6857
8,10169,9,10169
9,688,10,688
17,8103,5271,8103
17,8103,7597,8103
19,2359,18,2359
20,939,3230,939
21,6433,22,6433
21,6433,23,6433
22,7362,20,7362
22,7362,21,7362
23,719,24,719
23,719,25,719
23,719,3298,719
24,6433,22,6433
24,6433,23,6433
25,11107,26,11107
25,11107,27,11107
26,719,24,719
26,719,25,719
26,719,3298,719
27,6432,28,6432
27,6432,5872,6432
28,11107,26,11107
28,11107,27,11107
37,5358,36,5358
38,8368,37,8368
39,5360,38,5360
45,868,46,868
47,464,48,464
48,857,49,857
49,828,50,828
50,8285,51,8285
53,5459,54,5459
54,1092,55,1092
55,5459,54,5459
58,10522,57,10522
59,5461,58,5461
60,10521,59,10521
62,1924,61,1924
63,9385,64,9385
64,151,9882,151
78,888,2317,888
79,7097,80,7097
79,7097,81,7097
80,3933,78,3933
80,3933,79,3933
80,3933,4769,3933
81,255,82,255
81,255,83,255
82,7097,80,7097
82,7097,81,7097
83,1233,84,1233
83,1233,85,1233
84,255,82,255
84,255,83,255
85,10416,86,10416
85,10416,87,10416
86,1233,84,1233
86,1233,85,1233
87,1129,88,1129
87,1129,89,1129
88,10416,86,10416
88,10416,87,10416
89,532,90,532
89,532,91,532
90,1129,88,1129
90,1129,89,1129
91,10415,92,10415
91,10415,93,10415
92,532,90,532
92,532,91,532
93,489,94,489
93,489,95,489
94,10415,92,10415
94,10415,93,10415
95,1225,96,1225
95,1225,97,1225
96,489,94,489
96,489,95,489
97,7143,98,7143
97,7143,99,7143
98,1225,96,1225
98,1225,97,1225
99,920,100,920
99,920,101,920
100,7143,98,7143
100,7143,99,7143
101,677,102,677
101,677,103,677
102,920,100,920
102,920,101,920
103,7073,104,7073
103,7073,105,7073
104,677,102,677
104,677,103,677
105,635,106,635
105,635,107,635
106,7073,104,7073
106,7073,105,7073
107,7074,108,7074
107,7074,109,7074
108,635,106,635
108,635,107,635
109,609,110,609
109,609,111,609
110,7074,108,7074
110,7074,109,7074
111,1037,112,1037
111,1037,113,1037
112,609,110,609
112,609,111,609
113,66,114,66
113,66,115,66
114,1037,112,1037
114,1037,113,1037
115,7072,116,7072
115,7072,117,7072
116,66,114,66
116,66,115,66
117,95,118,95
117,95,119,95
118,7072,116,7072
118,7072,117,7072
119,665,120,665
119,665,121,665
120,95,118,95
120,95,119,95
121,6391,122,6391
121,6391,123,6391
122,665,120,665
122,665,121,665
123,807,124,807
123,807,125,807
124,6391,122,6391
124,6391,123,6391
125,6390,126,6390
125,6390,127,6390
126,807,124,807
126,807,125,807
127,367,128,367
127,367,129,367
127,367,8231,367
127,367,8232,367
128,6390,126,6390
128,6390,127,6390
129,6389,130,6389
129,6389,131,6389
130,367,128,367
130,367,129,367
130,367,8231,367
130,367,8232,367
131,39,132,39
131,39,133,39
132,6389,130,6389
132,6389,131,6389
133,1157,134,1157
133,1157,135,1157
134,39,132,39
134,39,133,39
135,627,136,627
135,627,137,627
136,1157,134,1157
136,1157,135,1157
137,7113,138,7113
137,7113,139,7113
138,627,136,627
138,627,137,627
139,1014,140,1014
139,1014,141,1014
140,7113,138,7113
140,7113,139,7113
141,7112,142,7112
141,7112,143,7112
142,1014,140,1014
142,1014,141,1014
143,454,144,454
143,454,145,454
144,7112,142,7112
144,7112,143,7112
145,7085,146,7085
145,7085,147,7085
146,454,144,454
146,454,145,454
147,356,148,356
147,356,149,356
148,7085,146,7085
148,7085,147,7085
149,257,150,257
149,257,151,257
150,356,148,356
150,356,149,356
151,7353,152,7353
151,7353,153,7353
151,7353,7658,7353
152,257,150,257
152,257,151,257
153,7354,154,7354
153,7354,8202,7354
154,7353,152,7353
154,7353,153,7353
154,7353,7658,7353
157,1260,158,1260
158,4488,159,4488
159,977,160,977
160,4493,5491,4493
161,10015,4020,10015
161,10015,4021,10015
162,10030,163,10030
162,10030,164,10030
163,10029,161,10029
163,10029,162,10029
164,10031,165,10031
164,10031,166,10031
165,10030,163,10030
165,10030,164,10030
166,11243,167,11243
166,11243,168,11243
167,10031,165,10031
167,10031,166,10031
168,10032,169,10032
168,10032,170,10032
169,11243,167,11243
169,11243,168,11243
170,10033,171,10033
170,10033,172,10033
171,10032,169,10032
171,10032,170,10032
172,10034,173,10034
172,10034,174,10034
173,10033,171,10033
173,10033,172,10033
174,10035,175,10035
174,10035,176,10035
175,10034,173,10034
175,10034,174,10034
176,2319,177,2319
176,2319,178,2319
177,10035,175,10035
177,10035,176,10035
178,693,179,693
178,693,180,693
179,2319,177,2319
179,2319,178,2319
180,10036,181,10036
180,10036,182,10036
181,693,179,693
181,693,180,693
182,10037,183,10037
182,10037,184,10037
183,10036,181,10036
183,10036,182,10036
184,5592,185,5592
184,5592,186,5592
185,10037,183,10037
185,10037,184,10037
186,10038,187,10038
186,10038,188,10038
187,5592,185,5592
187,5592,186,5592
188,5593,189,5593
188,5593,190,5593
189,10038,187,10038
189,10038,188,10038
190,5594,191,5594
190,5594,192,5594
191,5593,189,5593
191,5593,190,5593
192,5595,193,5595
192,5595,194,5595
193,5594,191,5594
193,5594,192,5594
194,10039,195,10039
194,10039,196,10039
195,5595,193,5595
195,5595,194,5595
196,5552,197,5552
196,5552,198,5552
197,10039,195,10039
197,10039,196,10039
198,10041,199,10041
198,10041,200,10041
199,5552,197,5552
199,5552,198,5552
200,5557,201,5557
200,5557,202,5557
201,10041,199,10041
201,10041,200,10041
202,10040,203,10040
202,10040,8290,10040
203,5557,201,5557
203,5557,202,5557
206,150,205,150
208,536,207,536
210,6016,209,6016
212,1055,213,1055
217,9711,218,9711
228,4503,229,4503
233,1137,234,1137
234,376,235,376
235,6688,236,6688
235,6688,6398,6688
236,6682,237,6682
237,4793,238,4793
238,6802,239,6802
239,10925,240,10925
239,10925,8131,10925
240,10926,8133,10926
241,6775,242,6775
242,1218,243,1218
243,1242,244,1242
244,4270,245,4270
245,408,246,408
246,4271,247,4271
247,1106,248,1106
248,7527,249,7527
249,4329,250,4329
250,7528,251,7528
251,11123,252,11123
252,10532,253,10532
253,4714,254,4714
254,6717,255,6717
255,7513,256,7513
256,287,257,287
257,7512,258,7512
258,4715,259,4715
259,802,260,802
260,7514,261,7514
261,4322,2660,4322
262,4113,263,4113
263,10129,264,10129
264,10134,265,10134
265,4111,266,4111
266,2285,267,2285
266,2285,6642,2285
267,10156,268,10156
268,248,269,248
269,3282,270,3282
269,3282,5179,3282
270,4107,271,4107
271,10161,1592,10161
271,10161,1593,10161
275,11266,276,11266
275,11266,277,11266
276,11267,275,11267
277,5581,278,5581
277,5581,279,5581
278,11266,276,11266
278,11266,277,11266
279,5506,280,5506
279,5506,281,5506
280,5581,278,5581
280,5581,279,5581
281,5505,282,5505
281,5505,283,5505
282,5506,280,5506
282,5506,281,5506
283,9747,284,9747
283,9747,285,9747
284,5505,282,5505
284,5505,283,5505
285,9746,286,9746
285,9746,287,9746
286,9747,284,9747
286,9747,285,9747
287,9788,288,9788
287,9788,289,9788
288,9746,286,9746
288,9746,287,9746
289,9745,290,9745
289,9745,291,9745
290,9788,288,9788
290,9788,289,9788
291,5582,292,5582
291,5582,293,5582
292,9745,290,9745
292,9745,291,9745
293,9572,294,9572
293,9572,295,9572
294,5582,292,5582
294,5582,293,5582
295,9573,296,9573
295,9573,297,9573
296,9572,294,9572
296,9572,295,9572
297,5584,298,5584
297,5584,299,5584
298,9573,296,9573
298,9573,297,9573
299,9574,300,9574
299,9574,301,9574
300,5584,298,5584
300,5584,299,5584
301,9575,302,9575
301,9575,303,9575
302,9574,300,9574
302,9574,301,9574
303,9576,304,9576
303,9576,305,9576
304,9575,302,9575
304,9575,303,9575
305,9577,306,9577
305,9577,307,9577
306,9576,304,9576
306,9576,305,9576
307,9578,308,9578
307,9578,309,9578
308,9577,306,9577
308,9577,307,9577
309,9579,310,9579
309,9579,311,9579
310,9578,308,9578
310,9578,309,9578
311,9580,312,9580
311,9580,313,9580
312,9579,310,9579
312,9579,311,9579
313,11263,314,11263
313,11263,315,11263
314,9580,312,9580
314,9580,313,9580
315,9581,316,9581
315,9581,317,9581
316,11263,314,11263
316,11263,315,11263
317,6889,318,6889
317,6889,319,6889
318,9581,316,9581
318,9581,317,9581
319,11262,320,11262
319,11262,321,11262
320,6889,318,6889
320,6889,319,6889
321,4083,322,4083
321,4083,323,4083
322,11262,320,11262
322,11262,321,11262
323,4082,324,4082
323,4082,325,4082
324,4083,322,4083
324,4083,323,4083
325,9582,326,9582
325,9582,4974,9582
325,9582,4975,9582
326,4082,324,4082
326,4082,325,4082
328,1137,234,1137
330,9379,331,9379
331,4890,332,4890
332,9373,333,9373
333,9380,334,9380
334,3847,335,3847
335,5367,336,5367
336,1067,337,1067
337,9377,338,9377
338,4889,339,4889
339,9381,340,9381
340,9375,341,9375
342,9376,343,9376
343,407,344,407
343,407,834,407
344,2155,345,2155
345,2156,346,2156
346,7749,347,7749
348,4888,349,4888
349,9040,350,9040
357,5280,6201,5280
358,860,357,860
362,8945,363,8945
367,856,368,856
368,728,369,728
370,1247,371,1247
371,8944,372,8944
372,1232,373,1232
373,712,374,712
374,8942,375,8942
375,206,376,206
376,8943,377,8943
377,1243,378,1243
378,8959,379,8959
379,8955,380,8955
379,8955,381,8955
380,8959,379,8959
381,286,382,286
382,9119,383,9119
382,9119,384,9119
383,286,382,286
384,8952,385,8952
385,8953,386,8953
386,8952,385,8952
387,8954,388,8954
388,9070,389,9070
389,4311,390,4311
390,8956,391,8956
391,8968,392,8968
392,4308,3791,4308
393,8454,394,8454
394,661,393,661
394,661,9210,661
395,8454,394,8454
396,798,395,798
397,933,396,933
398,959,397,959
399,6130,398,6130
400,906,399,906
401,776,400,776
402,24,401,24
403,8309,402,8309
404,8308,403,8308
405,8310,404,8310
406,1080,405,1080
407,8306,406,8306
408,502,407,502
409,1254,408,1254
410,8329,409,8329
411,919,410,919
412,567,411,567
413,6129,412,6129
414,6128,413,6128
416,6454,417,6454
417,3141,418,3141
419,482,420,482
426,9767,427,9767
428,9765,429,9765
429,9755,430,9755
429,9755,431,9755
430,9765,429,9765
431,9764,432,9764
433,4589,434,4589
434,9761,435,9761
439,9759,440,9759
440,9758,441,9758
441,10166,442,10166
442,9758,441,9758
443,4156,444,4156
445,8170,446,8170
446,2411,447,2411
447,8171,448,8171
448,8172,1374,8172
448,8172,6092,8172
449,3509,450,3509
449,3509,8259,3509
450,2277,449,2277
450,2277,7240,2277
450,2277,8283,2277
451,10362,452,10362
451,10362,453,10362
452,9192,451,9192
452,9192,624,9192
452,9192,625,9192
452,9192,2517,9192
453,10361,454,10361
453,10361,455,10361
454,10362,452,10362
454,10362,453,10362
455,10400,456,10400
455,10400,457,10400
456,10361,454,10361
456,10361,455,10361
457,10406,458,10406
457,10406,459,10406
458,10400,456,10400
458,10400,457,10400
459,7402,460,7402
459,7402,461,7402
460,10406,458,10406
460,10406,459,10406
461,6132,462,6132
461,6132,463,6132
462,7402,460,7402
462,7402,461,7402
463,4914,464,4914
463,4914,465,4914
464,6132,462,6132
464,6132,463,6132
465,7076,466,7076
465,7076,467,7076
466,4914,464,4914
466,4914,465,4914
467,7455,468,7455
467,7455,469,7455
468,7076,466,7076
468,7076,467,7076
469,427,470,427
469,427,471,427
470,7455,468,7455
470,7455,469,7455
471,4913,472,4913
471,4913,473,4913
472,427,470,427
472,427,471,427
473,7424,474,7424
473,7424,475,7424
474,4913,472,4913
474,4913,473,4913
475,7423,476,7423
475,7423,477,7423
476,7424,474,7424
476,7424,475,7424
477,10405,478,10405
477,10405,479,10405
478,7423,476,7423
478,7423,477,7423
479,6379,480,6379
479,6379,481,6379
480,10405,478,10405
480,10405,479,10405
481,10404,482,10404
481,10404,483,10404
482,6379,480,6379
482,6379,481,6379
483,10399,484,10399
483,10399,8222,10399
484,10404,482,10404
484,10404,483,10404
489,3308,8248,3308
490,7660,491,7660
490,7660,492,7660
491,10042,489,10042
491,10042,490,10042
492,2317,493,2317
492,2317,494,2317
493,7660,491,7660
493,7660,492,7660
494,2316,495,2316
494,2316,496,2316
495,2317,493,2317
495,2317,494,2317
496,1185,497,1185
496,1185,498,1185
497,2316,495,2316
497,2316,496,2316
498,7658,499,7658
498,7658,500,7658
499,1185,497,1185
499,1185,498,1185
500,9521,501,9521
500,9521,502,9521
501,7658,499,7658
501,7658,500,7658
502,9522,503,9522
502,9522,504,9522
503,9521,501,9521
503,9521,502,9521
504,9523,505,9523
504,9523,506,9523
505,9522,503,9522
505,9522,504,9522
506,18,507,18
506,18,508,18
507,9523,505,9523
507,9523,506,9523
508,7659,509,7659
508,7659,510,7659
509,18,507,18
509,18,508,18
510,9537,511,9537
510,9537,5646,9537
511,7659,509,7659
511,7659,510,7659
515,8294,514,8294
516,6774,7924,6774
516,6774,8160,6774
517,10488,518,10488
517,10488,519,10488
518,10489,516,10489
518,10489,517,10489
519,10487,520,10487
519,10487,521,10487
520,10488,518,10488
520,10488,519,10488
521,10486,522,10486
521,10486,523,10486
522,10487,520,10487
522,10487,521,10487
523,10485,524,10485
523,10485,525,10485
524,10486,522,10486
524,10486,523,10486
525,10484,526,10484
525,10484,527,10484
526,10485,524,10485
526,10485,525,10485
527,10483,528,10483
527,10483,529,10483
528,10484,526,10484
528,10484,527,10484
529,10482,530,10482
529,10482,531,10482
530,10483,528,10483
530,10483,529,10483
531,10481,532,10481
531,10481,533,10481
532,10482,530,10482
532,10482,531,10482
533,10479,534,10479
533,10479,535,10479
534,10481,532,10481
534,10481,533,10481
535,10480,536,10480
535,10480,537,10480
536,10479,534,10479
536,10479,535,10479
537,10478,538,10478
537,10478,539,10478
538,10480,536,10480
538,10480,537,10480
539,10477,540,10477
539,10477,541,10477
540,10478,538,10478
540,10478,539,10478
541,10476,542,10476
541,10476,543,10476
542,10477,540,10477
542,10477,541,10477
543,10475,544,10475
543,10475,545,10475
544,10476,542,10476
544,10476,543,10476
545,10474,546,10474
545,10474,547,10474
546,10475,544,10475
546,10475,545,10475
547,10473,548,10473
547,10473,549,10473
548,10474,546,10474
548,10474,547,10474
549,10472,550,10472
549,10472,551,10472
550,10473,548,10473
550,10473,549,10473
551,10471,552,10471
551,10471,553,10471
552,10472,550,10472
552,10472,551,10472
553,10666,554,10666
553,10666,555,10666
554,10471,552,10471
554,10471,553,10471
555,10470,556,10470
555,10470,557,10470
556,10666,554,10666
556,10666,555,10666
557,10469,558,10469
557,10469,559,10469
557,10469,7363,10469
558,10470,556,10470
558,10470,557,10470
559,10468,560,10468
559,10468,561,10468
560,10469,558,10469
560,10469,559,10469
560,10469,7363,10469
561,985,562,985
561,985,563,985
561,985,2679,985
561,985,2680,985
562,10468,560,10468
562,10468,561,10468
563,179,564,179
563,179,565,179
564,985,562,985
564,985,563,985
564,985,2679,985
564,985,2680,985
565,6645,566,6645
565,6645,3794,6645
565,6645,7801,6645
566,179,564,179
566,179,565,179
572,410,571,410
573,918,572,918
578,9524,4794,9524
579,10396,580,10396
579,10396,581,10396
580,10398,578,10398
580,10398,579,10398
581,10397,582,10397
581,10397,583,10397
582,10396,580,10396
582,10396,581,10396
583,1089,584,1089
583,1089,585,1089
584,10397,582,10397
584,10397,583,10397
585,585,586,585
585,585,587,585
586,1089,584,1089
586,1089,585,1089
587,163,588,163
587,163,589,163
588,585,586,585
588,585,587,585
589,4911,590,4911
589,4911,591,4911
590,163,588,163
590,163,589,163
591,9193,592,9193
591,9193,593,9193
592,4911,590,4911
592,4911,591,4911
593,7392,594,7392
593,7392,595,7392
594,9193,592,9193
594,9193,593,9193
595,9125,596,9125
595,9125,597,9125
596,7392,594,7392
596,7392,595,7392
597,7393,598,7393
597,7393,599,7393
598,9125,596,9125
598,9125,597,9125
599,6439,600,6439
599,6439,601,6439
600,7393,598,7393
600,7393,599,7393
601,11250,602,11250
601,11250,603,11250
602,6439,600,6439
602,6439,601,6439
603,11251,604,11251
603,11251,605,11251
604,11250,602,11250
604,11250,603,11250
605,11252,606,11252
605,11252,607,11252
606,11251,604,11251
606,11251,605,11251
607,6221,608,6221
607,6221,609,6221
608,11252,606,11252
608,11252,607,11252
609,1050,610,1050
609,1050,611,1050
610,6221,608,6221
610,6221,609,6221
611,7391,612,7391
611,7391,613,7391
612,1050,610,1050
612,1050,611,1050
613,10363,614,10363
613,10363,615,10363
614,7391,612,7391
614,7391,613,7391
615,10364,616,10364
615,10364,617,10364
616,10363,614,10363
616,10363,615,10363
617,10365,618,10365
617,10365,619,10365
618,10364,616,10364
618,10364,617,10364
619,10402,620,10402
619,10402,621,10402
620,10365,618,10365
620,10365,619,10365
621,10403,622,10403
621,10403,623,10403
622,10402,620,10402
622,10402,621,10402
623,9192,451,9192
623,9192,624,9192
623,9192,625,9192
623,9192,2517,9192
624,10403,622,10403
624,10403,623,10403
625,7153,626,7153
625,7153,627,7153
626,9192,451,9192
626,9192,624,9192
626,9192,625,9192
626,9192,2517,9192
627,10360,628,10360
627,10360,629,10360
628,7153,626,7153
628,7153,627,7153
629,7154,630,7154
629,7154,631,7154
630,10360,628,10360
630,10360,629,10360
631,10314,632,10314
631,10314,633,10314
632,7154,630,7154
632,7154,631,7154
633,973,634,973
633,973,635,973
634,10314,632,10314
634,10314,633,10314
635,355,636,355
635,355,637,355
636,973,634,973
636,973,635,973
637,58,638,58
637,58,639,58
638,355,636,355
638,355,637,355
639,7155,640,7155
639,7155,641,7155
640,58,638,58
640,58,639,58
641,10401,642,10401
641,10401,643,10401
642,7155,640,7155
642,7155,641,7155
643,7450,644,7450
643,7450,645,7450
644,10401,642,10401
644,10401,643,10401
645,7451,646,7451
645,7451,647,7451
646,7450,644,7450
646,7450,645,7450
647,10315,648,10315
647,10315,649,10315
648,7451,646,7451
648,7451,647,7451
649,602,650,602
649,602,651,602
650,10315,648,10315
650,10315,649,10315
651,10325,652,10325
651,10325,653,10325
652,602,650,602
652,602,651,602
653,10306,654,10306
653,10306,655,10306
654,10325,652,10325
654,10325,653,10325
655,5488,656,5488
655,5488,657,5488
656,10306,654,10306
656,10306,655,10306
657,7116,658,7116
657,7116,659,7116
658,5488,656,5488
658,5488,657,5488
659,7117,660,7117
659,7117,661,7117
660,7116,658,7116
660,7116,659,7116
661,5487,662,5487
661,5487,663,5487
662,7117,660,7117
662,7117,661,7117
663,10307,664,10307
663,10307,665,10307
664,5487,662,5487
664,5487,663,5487
665,1256,666,1256
665,1256,667,1256
666,10307,664,10307
666,10307,665,10307
667,10308,668,10308
667,10308,669,10308
668,1256,666,1256
668,1256,667,1256
669,10309,670,10309
669,10309,671,10309
670,10308,668,10308
670,10308,669,10308
671,5485,672,5485
671,5485,673,5485
672,10309,670,10309
672,10309,671,10309
673,5484,674,5484
673,5484,675,5484
674,5485,672,5485
674,5485,673,5485
675,5486,676,5486
675,5486,677,5486
676,5484,674,5484
676,5484,675,5484
677,10151,678,10151
677,10151,2551,10151
677,10151,2552,10151
678,5486,676,5486
678,5486,677,5486
679,7266,680,7266
680,2939,3668,2939
680,2939,8777,2939
681,4251,682,4251
682,4765,683,4765
683,6266,684,6266
686,2052,687,2052
687,6815,688,6815
687,6815,8135,6815
688,2694,689,2694
689,488,3288,488
691,2179,692,2179
695,305,696,305
696,2177,697,2177
697,5455,698,5455
698,1932,699,1932
699,35,700,35
700,5454,701,5454
701,5562,702,5562
702,4876,703,4876
703,3474,7372,3474
706,7703,707,7703
707,7704,705,7704
707,7704,706,7704
708,10893,709,10893
709,10894,710,10894
710,10895,711,10895
711,10896,712,10896
712,284,713,284
712,284,3440,284
713,10897,714,10897
713,10897,1703,10897
714,7348,715,7348
715,853,716,853
716,10664,717,10664
717,7991,718,7991
718,32,719,32
719,10652,720,10652
720,10653,721,10653
724,5288,6191,5288
726,2138,727,2138
727,1136,728,1136
728,10691,729,10691
729,10690,730,10690
730,8122,731,8122
731,4883,732,4883
732,374,733,374
734,10850,735,10850
735,10626,736,10626
736,10849,737,10849
737,7740,738,7740
738,10627,739,10627
740,10847,741,10847
741,2142,742,2142
742,7047,743,7047
743,7041,744,7041
743,7041,8488,7041
746,6386,747,6386
748,1045,749,1045
749,3866,8892,3866
750,9500,2004,9500
760,2955,8784,2955
761,589,1031,589
762,10649,8208,10649
763,10647,764,10647
763,10647,765,10647
764,10648,762,10648
764,10648,763,10648
765,7356,766,7356
765,7356,767,7356
766,10647,764,10647
766,10647,765,10647
767,7357,768,7357
767,7357,769,7357
768,7356,766,7356
768,7356,767,7356
769,7358,770,7358
769,7358,771,7358
770,7357,768,7357
770,7357,769,7357
771,7359,772,7359
771,7359,773,7359
772,7358,770,7358
772,7358,771,7358
773,4946,774,4946
773,4946,775,4946
774,7359,772,7359
774,7359,773,7359
775,1070,776,1070
775,1070,777,1070
776,4946,774,4946
776,4946,775,4946
777,10370,778,10370
777,10370,779,10370
777,10370,1689,10370
777,10370,1690,10370
778,1070,776,1070
778,1070,777,1070
779,11256,780,11256
779,11256,781,11256
780,10370,778,10370
780,10370,779,10370
780,10370,1689,10370
780,10370,1690,10370
781,11297,782,11297
781,11297,783,11297
782,11256,780,11256
782,11256,781,11256
783,2054,784,2054
783,2054,785,2054
784,11297,782,11297
784,11297,783,11297
785,7107,786,7107
785,7107,787,7107
786,2054,784,2054
786,2054,785,2054
787,10909,788,10909
787,10909,6302,10909
787,10909,7451,10909
788,7107,786,7107
788,7107,787,7107
790,9528,5628,9528
790,9528,5629,9528
791,4300,792,4300
791,4300,793,4300
792,9558,790,9558
792,9558,791,9558
792,9558,9597,9558
792,9558,9598,9558
793,4720,794,4720
793,4720,795,4720
794,4300,792,4300
794,4300,793,4300
795,6398,796,6398
795,6398,797,6398
796,4720,794,4720
796,4720,795,4720
797,4085,798,4085
797,4085,799,4085
798,6398,796,6398
798,6398,797,6398
799,4301,800,4301
799,4301,801,4301
800,4085,798,4085
800,4085,799,4085
801,4582,802,4582
801,4582,803,4582
802,4301,800,4301
802,4301,801,4301
803,805,804,805
803,805,805,805
804,4582,802,4582
804,4582,803,4582
805,6395,806,6395
805,6395,807,6395
806,805,804,805
806,805,805,805
807,9536,808,9536
807,9536,809,9536
808,6395,806,6395
808,6395,807,6395
809,6393,810,6393
809,6393,811,6393
810,9536,808,9536
810,9536,809,9536
811,6392,812,6392
811,6392,813,6392
812,6393,810,6393
812,6393,811,6393
813,6394,814,6394
813,6394,815,6394
814,6392,812,6392
814,6392,813,6392
815,6396,816,6396
815,6396,817,6396
816,6394,814,6394
816,6394,815,6394
817,7434,818,7434
817,7434,819,7434
818,6396,816,6396
818,6396,817,6396
819,1222,820,1222
819,1222,821,1222
820,7434,818,7434
820,7434,819,7434
821,7706,822,7706
821,7706,823,7706
822,1222,820,1222
822,1222,821,1222
823,4581,824,4581
823,4581,825,4581
824,7706,822,7706
824,7706,823,7706
825,4719,826,4719
825,4719,827,4719
826,4581,824,4581
826,4581,825,4581
827,7435,828,7435
827,7435,829,7435
828,4719,826,4719
828,4719,827,4719
829,747,830,747
829,747,831,747
830,7435,828,7435
830,7435,829,7435
831,6894,832,6894
831,6894,4335,6894
832,747,830,747
832,747,831,747
836,10715,837,10715
836,10715,838,10715
837,10713,835,10713
837,10713,836,10713
838,10764,839,10764
838,10764,840,10764
839,10715,837,10715
839,10715,838,10715
840,10760,841,10760
840,10760,842,10760
841,10764,839,10764
841,10764,840,10764
842,10763,843,10763
842,10763,844,10763
843,10760,841,10760
843,10760,842,10760
844,10716,845,10716
844,10716,846,10716
845,10763,843,10763
845,10763,844,10763
846,10717,847,10717
846,10717,848,10717
846,10717,6317,10717
847,10716,845,10716
847,10716,846,10716
848,7475,849,7475
848,7475,850,7475
849,10717,847,10717
849,10717,848,10717
849,10717,6317,10717
850,10719,851,10719
850,10719,852,10719
851,7475,849,7475
851,7475,850,7475
852,7482,853,7482
852,7482,854,7482
853,10719,851,10719
853,10719,852,10719
854,10718,855,10718
854,10718,856,10718
855,7482,853,7482
855,7482,854,7482
856,7476,857,7476
856,7476,858,7476
857,10718,855,10718
857,10718,856,10718
858,10720,859,10720
858,10720,860,10720
859,7476,857,7476
859,7476,858,7476
860,7472,861,7472
860,7472,862,7472
861,10720,859,10720
861,10720,860,10720
862,7483,863,7483
862,7483,864,7483
863,7472,861,7472
863,7472,862,7472
864,7470,865,7470
864,7470,866,7470
865,7483,863,7483
865,7483,864,7483
866,7478,867,7478
866,7478,868,7478
867,7470,865,7470
867,7470,866,7470
868,7469,869,7469
868,7469,870,7469
869,7478,867,7478
869,7478,868,7478
870,7481,871,7481
870,7481,872,7481
871,7469,869,7469
871,7469,870,7469
872,7479,873,7479
872,7479,874,7479
873,7481,871,7481
873,7481,872,7481
874,7466,875,7466
874,7466,876,7466
875,7479,873,7479
875,7479,874,7479
876,7480,877,7480
876,7480,878,7480
877,7466,875,7466
877,7466,876,7466
878,10721,879,10721
878,10721,880,10721
879,7480,877,7480
879,7480,878,7480
880,10722,881,10722
880,10722,882,10722
881,10721,879,10721
881,10721,880,10721
882,889,883,889
882,889,884,889
883,10722,881,10722
883,10722,882,10722
884,7487,885,7487
884,7487,886,7487
885,889,883,889
885,889,884,889
886,7488,887,7488
886,7488,888,7488
887,7487,885,7487
887,7487,886,7487
888,276,889,276
888,276,7977,276
888,276,7978,276
889,7488,887,7488
889,7488,888,7488
891,4734,892,4734
892,7407,893,7407
893,7569,894,7569
894,4117,895,4117
894,4117,8028,4117
894,4117,8047,4117
895,4115,896,4115
896,4732,897,4732
897,4119,898,4119
898,3459,899,3459
899,6781,9556,6781
908,1064,907,1064
909,45,908,45
910,622,909,622
911,7262,912,7262
911,7262,913,7262
912,197,911,197
912,197,930,197
913,9731,914,9731
913,9731,915,9731
914,7262,912,7262
914,7262,913,7262
915,7263,916,7263
915,7263,917,7263
916,9731,914,9731
916,9731,915,9731
917,11277,918,11277
917,11277,919,11277
918,7263,916,7263
918,7263,917,7263
919,770,920,770
919,770,921,770
920,11277,918,11277
920,11277,919,11277
921,1195,922,1195
921,1195,923,1195
922,770,920,770
922,770,921,770
923,9079,924,9079
923,9079,925,9079
924,1195,922,1195
924,1195,923,1195
925,6244,926,6244
925,6244,927,6244
925,6244,5050,6244
926,9079,924,9079
926,9079,925,9079
927,4569,928,4569
927,4569,9640,4569
928,6244,926,6244
928,6244,927,6244
928,6244,5050,6244
935,328,9675,328
936,4945,935,4945
938,1068,937,1068
942,8333,1818,8333
943,5218,944,5218
944,11181,942,11181
944,11181,943,11181
945,10233,8635,10233
946,7608,947,7608
946,7608,948,7608
947,6577,945,6577
947,6577,946,6577
948,7607,949,7607
948,7607,950,7607
949,7608,947,7608
949,7608,948,7608
950,7596,951,7596
950,7596,952,7596
951,7607,949,7607
951,7607,950,7607
952,7609,953,7609
952,7609,954,7609
953,7596,951,7596
953,7596,952,7596
954,7610,955,7610
954,7610,956,7610
955,7609,953,7609
955,7609,954,7609
956,5556,957,5556
956,5556,958,5556
957,7610,955,7610
957,7610,956,7610
958,7595,959,7595
958,7595,960,7595
959,5556,957,5556
959,5556,958,5556
960,247,961,247
960,247,962,247
961,7595,959,7595
961,7595,960,7595
962,7594,963,7594
962,7594,964,7594
963,247,961,247
963,247,962,247
964,346,965,346
964,346,966,346
965,7594,963,7594
965,7594,964,7594
966,7604,967,7604
966,7604,968,7604
967,346,965,346
967,346,966,346
972,9874,973,9874
974,434,975,434
975,270,976,270
976,7077,977,7077
980,10249,981,10249
981,7678,982,7678
982,7667,983,7667
983,7668,984,7668
984,10253,985,10253
984,10253,9728,10253
985,6900,986,6900
986,9955,987,9955
987,10254,988,10254
987,10254,989,10254
988,9955,987,9955
989,10251,990,10251
990,220,991,220
991,7115,992,7115
992,875,993,875
993,1162,994,1162
994,10257,995,10257
995,10250,996,10250
996,6216,997,6216
997,395,998,395
998,10260,999,10260
999,6217,1000,6217
1000,396,1001,396
1001,6218,1002,6218
1002,7675,1003,7675
1003,1004,1004,1004
1005,7676,1006,7676
1006,4571,1007,4571
1009,3922,1010,3922
1009,3922,8169,3922
1010,10567,1009,10567
1010,10567,8182,10567
1013,8738,1014,8738
1014,8735,1015,8735
1015,5130,1016,5130
1021,8842,1022,8842
1021,8842,1023,8842
1022,4000,1021,4000
1024,11132,1025,11132
1024,11132,1026,11132
1025,4001,1024,4001
1033,9716,1034,9716
1044,8927,1043,8927
1047,8917,1046,8917
1048,8905,1047,8905
1049,8091,1048,8091
1052,3629,1051,3629
1056,8908,1055,8908
1060,605,1061,605
1067,84,1068,84
1069,7288,1070,7288
1071,9331,1072,9331
1072,7275,1073,7275
1074,7286,1075,7286
1078,9178,1079,9178
1079,3615,1078,3615
1080,9178,1079,9178
1085,9174,1086,9174
1086,4611,1087,4611
1089,113,1090,113
1092,914,1093,914
1093,883,1094,883
1094,2967,1095,2967
1095,883,1094,883
1099,2959,1100,2959
1100,304,1101,304
1104,2669,1103,2669
1106,187,1105,187
1108,3600,6734,3600
1109,7147,1110,7147
1110,37,1111,37
1111,7146,1112,7146
1112,620,1113,620
1112,620,8645,620
1112,620,8646,620
1113,4966,1114,4966
1114,7088,1115,7088
1115,953,1116,953
1116,7104,1117,7104
1117,929,1118,929
1118,92,1119,92
1119,7156,1120,7156
1120,1223,1121,1223
1121,10643,1122,10643
1122,792,1123,792
1123,917,1124,917
1124,61,1125,61
1125,7453,1126,7453
1126,9600,1127,9600
1127,10641,1128,10641
1128,4967,1129,4967
1129,4,1130,4
1130,7120,1131,7120
1131,7118,1132,7118
1132,892,1133,892
1133,10401,642,10401
1133,10401,643,10401
1137,1063,2967,1063
1138,6476,1139,6476
1138,6476,1140,6476
1139,455,1137,455
1139,455,1138,455
1140,100,1141,100
1140,100,1142,100
1141,6476,1139,6476
1141,6476,1140,6476
1142,6517,1143,6517
1142,6517,1144,6517
1143,100,1141,100
1143,100,1142,100
1144,4314,1145,4314
1144,4314,1146,4314
1145,6517,1143,6517
1145,6517,1144,6517
1146,7768,1147,7768
1146,7768,1148,7768
1147,4314,1145,4314
1147,4314,1146,4314
1148,10056,1149,10056
1148,10056,1150,10056
1149,7768,1147,7768
1149,7768,1148,7768
1150,557,1151,557
1150,557,1152,557
1151,10056,1149,10056
1151,10056,1150,10056
1152,7767,1153,7767
1152,7767,1154,7767
1153,557,1151,557
1153,557,1152,557
1154,6518,1155,6518
1154,6518,1156,6518
1155,7767,1153,7767
1155,7767,1154,7767
1156,6519,1157,6519
1156,6519,1158,6519
1157,6518,1155,6518
1157,6518,1156,6518
1158,931,1159,931
1158,931,1160,931
1159,6519,1157,6519
1159,6519,1158,6519
1160,817,1161,817
1160,817,1162,817
1161,931,1159,931
1161,931,1160,931
1162,1216,1163,1216
1162,1216,1164,1216
1163,817,1161,817
1163,817,1162,817
1164,1172,1165,1172
1164,1172,1166,1172
1165,1216,1163,1216
1165,1216,1164,1216
1166,596,1167,596
1166,596,1168,596
1167,1172,1165,1172
1167,1172,1166,1172
1168,1077,1169,1077
1168,1077,1170,1077
1169,596,1167,596
1169,596,1168,596
1170,519,1171,519
1170,519,1172,519
1171,1077,1169,1077
1171,1077,1170,1077
1172,943,1173,943
1172,943,1174,943
1173,519,1171,519
1173,519,1172,519
1174,7057,1175,7057
1174,7057,1176,7057
1175,943,1173,943
1175,943,1174,943
1176,7058,1177,7058
1176,7058,1178,7058
1177,7057,1175,7057
1177,7057,1176,7057
1178,7059,1179,7059
1178,7059,7186,7059
1178,7059,7187,7059
1179,7058,1177,7058
1179,7058,1178,7058
1181,6938,1182,6938
1182,590,1183,590
1183,4013,1184,4013
1184,6937,1185,6937
1185,3733,1186,3733
1186,4976,1187,4976
1187,4012,1188,4012
1188,1033,1189,1033
1189,6285,1190,6285
1190,5417,1191,5417
1191,3216,1192,3216
1192,754,1193,754
1193,8124,1194,8124
1194,3732,1195,3732
1195,8123,1196,8123
1198,6300,1199,6300
1199,4933,1200,4933
1200,1091,1201,1091
1201,5419,1202,5419
1202,8584,1203,8584
1204,271,1205,271
1205,11151,1206,11151
1206,6302,1207,6302
1207,537,1208,537
1209,725,1210,725
1210,11145,1211,11145
1211,332,1212,332
1212,7872,1213,7872
1213,7843,1214,7843
1214,984,1215,984
1215,11146,1216,11146
1216,7061,1217,7061
1218,5421,1219,5421
1219,1119,1220,1119
1222,7874,1223,7874
1223,33,1224,33
1224,8816,1225,8816
1225,4934,1226,4934
1226,3215,1227,3215
1227,3734,1228,3734
1228,8815,1229,8815
1229,3391,1230,3391
1230,297,1231,297
1231,5118,1232,5118
1232,3735,1233,3735
1233,8812,1234,8812
1234,5119,1235,5119
1235,11160,1236,11160
1236,409,1237,409
1237,3736,1238,3736
1238,8801,1239,8801
1239,3740,1240,3740
1240,3738,9047,3738
1240,3738,9080,3738
1245,9741,1244,9741
1247,9188,2505,9188
1247,9188,2506,9188
1248,6222,1249,6222
1248,6222,1250,6222
1249,6220,1247,6220
1249,6220,1248,6220
1250,6223,1251,6223
1250,6223,1252,6223
1251,6222,1249,6222
1251,6222,1250,6222
1252,827,1253,827
1252,827,1254,827
1253,6223,1251,6223
1253,6223,1252,6223
1254,6226,1255,6226
1254,6226,1256,6226
1255,827,1253,827
1255,827,1254,827
1256,6231,1257,6231
1256,6231,1258,6231
1257,6226,1255,6226
1257,6226,1256,6226
1258,6232,1259,6232
1258,6232,1260,6232
1259,6231,1257,6231
1259,6231,1258,6231
1260,1177,1261,1177
1260,1177,1262,1177
1261,6232,1259,6232
1261,6232,1260,6232
1262,6237,1263,6237
1262,6237,1264,6237
1263,1177,1261,1177
1263,1177,1262,1177
1264,6238,1265,6238
1264,6238,1266,6238
1265,6237,1263,6237
1265,6237,1264,6237
1266,515,1267,515
1266,515,1268,515
1267,6238,1265,6238
1267,6238,1266,6238
1268,1009,1269,1009
1268,1009,1270,1009
1269,515,1267,515
1269,515,1268,515
1270,11311,1271,11311
1270,11311,1272,11311
1271,1009,1269,1009
1271,1009,1270,1009
1272,11249,1273,11249
1272,11249,1274,11249
1273,11311,1271,11311
1273,11311,1272,11311
1274,812,1275,812
1274,812,1276,812
1275,11249,1273,11249
1275,11249,1274,11249
1276,1079,1277,1079
1276,1079,1278,1079
1277,812,1275,812
1277,812,1276,812
1278,6242,1279,6242
1278,6242,1280,6242
1279,1079,1277,1079
1279,1079,1278,1079
1280,11312,1281,11312
1280,11312,1282,11312
1281,6242,1279,6242
1281,6242,1280,6242
1282,9566,1283,9566
1282,9566,1284,9566
1283,11312,1281,11312
1283,11312,1282,11312
1284,9565,1285,9565
1284,9565,1286,9565
1285,9566,1283,9566
1285,9566,1284,9566
1286,9564,1287,9564
1286,9564,6612,9564
1287,9565,1285,9565
1287,9565,1286,9565
1293,3489,1294,3489
1294,7257,1295,7257
1297,8980,1298,8980
1299,8977,1300,8977
1315,10157,1614,10157
1315,10157,1615,10157
1316,4783,1317,4783
1316,4783,1318,4783
1317,4226,1315,4226
1317,4226,1316,4226
1318,5503,1319,5503
1318,5503,1320,5503
1319,4783,1317,4783
1319,4783,1318,4783
1320,1890,1321,1890
1320,1890,1322,1890
1321,5503,1319,5503
1321,5503,1320,5503
1322,7981,1323,7981
1322,7981,1324,7981
1323,1890,1321,1890
1323,1890,1322,1890
1324,4784,1325,4784
1324,4784,1326,4784
1325,7981,1323,7981
1325,7981,1324,7981
1326,672,1327,672
1326,672,1328,672
1327,4784,1325,4784
1327,4784,1326,4784
1328,9470,1329,9470
1328,9470,1330,9470
1329,672,1327,672
1329,672,1328,672
1330,210,1331,210
1330,210,1332,210
1331,9470,1329,9470
1331,9470,1330,9470
1332,9472,1333,9472
1332,9472,1334,9472
1333,210,1331,210
1333,210,1332,210
1334,9471,1335,9471
1334,9471,1336,9471
1335,9472,1333,9472
1335,9472,1334,9472
1336,1005,1337,1005
1336,1005,1338,1005
1337,9471,1335,9471
1337,9471,1336,9471
1338,5637,1339,5637
1338,5637,1340,5637
1339,1005,1337,1005
1339,1005,1338,1005
1340,7599,1341,7599
1340,7599,1342,7599
1341,5637,1339,5637
1341,5637,1340,5637
1342,5638,1343,5638
1342,5638,1344,5638
1343,7599,1341,7599
1343,7599,1342,7599
1344,1107,1345,1107
1344,1107,1346,1107
1345,5638,1343,5638
1345,5638,1344,5638
1346,4227,1347,4227
1346,4227,1348,4227
1347,1107,1345,1107
1347,1107,1346,1107
1348,2272,1349,2272
1348,2272,1350,2272
1349,4227,1347,4227
1349,4227,1348,4227
1350,2274,1351,2274
1350,2274,1352,2274
1351,2272,1349,2272
1351,2272,1350,2272
1352,6896,1353,6896
1352,6896,1354,6896
1353,2274,1351,2274
1353,2274,1352,2274
1354,2275,1355,2275
1354,2275,1356,2275
1355,6896,1353,6896
1355,6896,1354,6896
1356,2273,1357,2273
1356,2273,1358,2273
1357,2275,1355,2275
1357,2275,1356,2275
1358,4785,1359,4785
1358,4785,1360,4785
1359,2273,1357,2273
1359,2273,1358,2273
1360,2271,1361,2271
1360,2271,1362,2271
1361,4785,1359,4785
1361,4785,1360,4785
1362,2360,1363,2360
1362,2360,1364,2360
1363,2271,1361,2271
1363,2271,1362,2271
1364,7598,1365,7598
1364,7598,1366,7598
1365,2360,1363,2360
1365,2360,1364,2360
1366,7597,1367,7597
1366,7597,1368,7597
1367,7598,1365,7598
1367,7598,1366,7598
1368,4786,1369,4786
1368,4786,1370,4786
1369,7597,1367,7597
1369,7597,1368,7597
1370,2276,1371,2276
1370,2276,1372,2276
1371,4786,1369,4786
1371,4786,1370,4786
1372,5143,1373,5143
1372,5143,8369,5143
1373,2276,1371,2276
1373,2276,1372,2276
1374,563,1375,563
1376,310,7241,310
1377,2966,1378,2966
1377,2966,1379,2966
1378,2986,1377,2986
1381,10687,1382,10687
1383,2380,1384,2380
1385,6653,1386,6653
1386,2579,1387,2579
1387,1176,1388,1176
1388,4742,1389,4742
1389,5678,1390,5678
1390,10679,2645,10679
1393,10002,1394,10002
1393,10002,1395,10002
1394,5579,1392,5579
1394,5579,1393,5579
1395,616,1396,616
1395,616,1397,616
1396,10002,1394,10002
1396,10002,1395,10002
1397,10001,1398,10001
1397,10001,1399,10001
1398,616,1396,616
1398,616,1397,616
1399,5580,1400,5580
1399,5580,1401,5580
1400,10001,1398,10001
1400,10001,1399,10001
1401,1140,1402,1140
1401,1140,1403,1140
1402,5580,1400,5580
1402,5580,1401,5580
1403,9999,1404,9999
1403,9999,1405,9999
1404,1140,1402,1140
1404,1140,1403,1140
1405,10000,1406,10000
1405,10000,1407,10000
1406,9999,1404,9999
1406,9999,1405,9999
1407,330,1408,330
1407,330,1409,330
1408,10000,1406,10000
1408,10000,1407,10000
1409,5508,1410,5508
1409,5508,1411,5508
1410,330,1408,330
1410,330,1409,330
1411,448,1412,448
1411,448,1413,448
1412,5508,1410,5508
1412,5508,1411,5508
1413,7657,1414,7657
1413,7657,1415,7657
1414,448,1412,448
1414,448,1413,448
1415,288,1416,288
1415,288,1417,288
1416,7657,1414,7657
1416,7657,1415,7657
1417,691,1418,691
1417,691,1419,691
1418,288,1416,288
1418,288,1417,288
1419,4059,1420,4059
1419,4059,1421,4059
1420,691,1418,691
1420,691,1419,691
1421,10014,1422,10014
1421,10014,4018,10014
1421,10014,4019,10014
1422,4059,1420,4059
1422,4059,1421,4059
1423,7713,1424,7713
1424,7712,1423,7712
1425,7713,1424,7713
1428,1084,1427,1084
1430,11159,1431,11159
1431,492,1430,492
1432,7304,1433,7304
1432,7304,1434,7304
1433,879,1432,879
1434,8984,1435,8984
1438,6365,7607,6365
1443,1230,575,1230
1446,3591,1447,3591
1446,3591,1448,3591
1447,913,1445,913
1447,913,1446,913
1448,3592,1449,3592
1448,3592,1450,3592
1449,3591,1447,3591
1449,3591,1448,3591
1450,3593,1451,3593
1450,3593,1452,3593
1451,3592,1449,3592
1451,3592,1450,3592
1452,10115,1453,10115
1452,10115,4000,10115
1452,10115,4001,10115
1453,3593,1451,3593
1453,3593,1452,3593
1459,799,1458,799
1461,132,1460,132
1462,70,1461,70
1463,775,1462,775
1464,2187,1463,2187
1465,8410,1464,8410
1466,1131,1465,1131
1469,7463,1470,7463
1469,7463,1471,7463
1470,1029,1468,1029
1470,1029,1469,1029
1471,7468,1472,7468
1471,7468,1473,7468
1472,7463,1470,7463
1472,7463,1471,7463
1473,4620,1474,4620
1473,4620,1475,4620
1474,7468,1472,7468
1474,7468,1473,7468
1475,757,1476,757
1475,757,1477,757
1476,4620,1474,4620
1476,4620,1475,4620
1477,7467,1478,7467
1477,7467,1479,7467
1478,757,1476,757
1478,757,1477,757
1479,7477,1480,7477
1479,7477,1481,7477
1480,7467,1478,7467
1480,7467,1479,7467
1481,7464,1482,7464
1481,7464,1483,7464
1482,7477,1480,7477
1482,7477,1481,7477
1483,900,1484,900
1483,900,1485,900
1484,7464,1482,7464
1484,7464,1483,7464
1485,7471,1486,7471
1485,7471,1487,7471
1486,900,1484,900
1486,900,1485,900
1487,7465,1488,7465
1487,7465,1489,7465
1488,7471,1486,7471
1488,7471,1487,7471
1489,7473,1490,7473
1489,7473,1491,7473
1490,7465,1488,7465
1490,7465,1489,7465
1491,6874,1492,6874
1491,6874,1493,6874
1492,7473,1490,7473
1492,7473,1491,7473
1493,7474,1494,7474
1493,7474,1495,7474
1494,6874,1492,6874
1494,6874,1493,6874
1495,901,1496,901
1496,7474,1494,7474
1496,7474,1495,7474
1498,5071,1499,5071
1502,6427,1503,6427
1502,6427,8441,6427
1503,6898,1501,6898
1503,6898,1502,6898
1503,6898,7630,6898
1505,7387,1506,7387
1506,7385,1507,7385
1508,7386,1509,7386
1509,9413,1510,9413
1510,10514,1511,10514
1511,1020,1512,1020
1512,1169,1513,1169
1513,749,9094,749
1516,4096,8861,4096
1517,8383,1518,8383
1518,935,1519,935
1519,1122,1520,1122
1520,6995,1521,6995
1521,882,1522,882
1522,8127,1523,8127
1524,3804,1525,3804
1526,5665,1527,5665
1527,1150,1528,1150
1528,8364,1529,8364
1530,7223,1531,7223
1531,598,1532,598
1532,6292,1533,6292
1533,50,1534,50
1534,3,1535,3
1535,6294,1536,6294
1536,608,1537,608
1537,4932,1538,4932
1538,2041,9126,2041
1540,41,1541,41
1541,439,1542,439
1543,865,1544,865
1545,511,1546,511
1546,1173,1547,1173
1546,1173,1548,1173
1547,511,1546,511
1552,9042,1553,9042
1554,452,1555,452
1556,6894,832,6894
1556,6894,4335,6894
1557,3544,1558,3544
1557,3544,1559,3544
1557,3544,7119,3544
1558,7755,1556,7755
1558,7755,1557,7755
1559,4675,1560,4675
1559,4675,1561,4675
1560,3544,1558,3544
1560,3544,1559,3544
1560,3544,7119,3544
1561,9141,1562,9141
1561,9141,1563,9141
1562,4675,1560,4675
1562,4675,1561,4675
1563,6915,1564,6915
1563,6915,1565,6915
1564,9141,1562,9141
1564,9141,1563,9141
1565,169,1566,169
1565,169,1567,169
1566,6915,1564,6915
1566,6915,1565,6915
1567,7757,1568,7757
1567,7757,1569,7757
1568,169,1566,169
1568,169,1567,169
1569,4580,1570,4580
1569,4580,1571,4580
1570,7757,1568,7757
1570,7757,1569,7757
1571,4579,1572,4579
1571,4579,1573,4579
1571,4579,5614,4579
1572,4580,1570,4580
1572,4580,1571,4580
1573,4676,1574,4676
1573,4676,1575,4676
1574,4579,1572,4579
1574,4579,1573,4579
1574,4579,5614,4579
1575,6901,1576,6901
1575,6901,1577,6901
1576,4676,1574,4676
1576,4676,1575,4676
1577,11241,1578,11241
1577,11241,1579,11241
1578,6901,1576,6901
1578,6901,1577,6901
1579,7625,1580,7625
1579,7625,1581,7625
1580,11241,1578,11241
1580,11241,1579,11241
1581,1167,1582,1167
1581,1167,1583,1167
1582,7625,1580,7625
1582,7625,1581,7625
1583,2280,1584,2280
1583,2280,1585,2280
1584,1167,1582,1167
1584,1167,1583,1167
1585,9484,1586,9484
1585,9484,1587,9484
1586,2280,1584,2280
1586,2280,1585,2280
1587,9224,1588,9224
1587,9224,1589,9224
1588,9484,1586,9484
1588,9484,1587,9484
1589,4677,1590,4677
1589,4677,1591,4677
1590,9224,1588,9224
1590,9224,1589,9224
1591,10161,1592,10161
1591,10161,1593,10161
1592,4677,1590,4677
1592,4677,1591,4677
1593,10160,1594,10160
1593,10160,1595,10160
1594,10161,1592,10161
1594,10161,1593,10161
1595,10162,1596,10162
1595,10162,1597,10162
1595,10162,5108,10162
1596,10160,1594,10160
1596,10160,1595,10160
1597,787,1598,787
1597,787,1599,787
1598,10162,1596,10162
1598,10162,1597,10162
1598,10162,5108,10162
1599,10163,1600,10163
1599,10163,1601,10163
1600,787,1598,787
1600,787,1599,787
1601,53,1602,53
1601,53,1603,53
1602,10163,1600,10163
1602,10163,1601,10163
1603,558,1604,558
1603,558,1605,558
1604,53,1602,53
1604,53,1603,53
1605,10158,1606,10158
1605,10158,1607,10158
1606,558,1604,558
1606,558,1605,558
1607,4224,1608,4224
1607,4224,1609,4224
1608,10158,1606,10158
1608,10158,1607,10158
1609,7089,1610,7089
1609,7089,1611,7089
1610,4224,1608,4224
1610,4224,1609,4224
1611,4225,1612,4225
1611,4225,1613,4225
1612,7089,1610,7089
1612,7089,1611,7089
1613,10157,1614,10157
1613,10157,1615,10157
1614,4225,1612,4225
1614,4225,1613,4225
1615,7623,1616,7623
1615,7623,1617,7623
1616,10157,1614,10157
1616,10157,1615,10157
1617,7807,1618,7807
1617,7807,1619,7807
1618,7623,1616,7623
1618,7623,1617,7623
1619,4223,1620,4223
1619,4223,1621,4223
1620,7807,1618,7807
1620,7807,1619,7807
1621,207,1622,207
1621,207,1623,207
1622,4223,1620,4223
1622,4223,1621,4223
1623,5501,1624,5501
1623,5501,1625,5501
1624,207,1622,207
1624,207,1623,207
1625,5502,1626,5502
1625,5502,1627,5502
1626,5501,1624,5501
1626,5501,1625,5501
1627,112,1628,112
1627,112,1629,112
1628,5502,1626,5502
1628,5502,1627,5502
1629,4313,1630,4313
1629,4313,1631,4313
1630,112,1628,112
1630,112,1629,112
1631,7637,1632,7637
1631,7637,1633,7637
1632,4313,1630,4313
1632,4313,1631,4313
1633,7622,1634,7622
1633,7622,1635,7622
1634,7637,1632,7637
1634,7637,1633,7637
1635,6184,1636,6184
1635,6184,1637,6184
1636,7622,1634,7622
1636,7622,1635,7622
1637,381,1638,381
1637,381,1639,381
1638,6184,1636,6184
1638,6184,1637,6184
1639,1118,1640,1118
1639,1118,1641,1118
1640,381,1638,381
1640,381,1639,381
1641,739,1642,739
1641,739,1643,739
1642,1118,1640,1118
1642,1118,1641,1118
1643,5498,1644,5498
1643,5498,1645,5498
1644,739,1642,739
1644,739,1643,739
1645,7618,1646,7618
1645,7618,1647,7618
1646,5498,1644,5498
1646,5498,1645,5498
1647,5500,1648,5500
1648,7616,1649,7616
1649,7617,1650,7617
1650,5499,1651,5499
1655,10391,7408,10391
1655,10391,7409,10391
1656,7377,1657,7377
1656,7377,1658,7377
1657,4965,1655,4965
1657,4965,1656,4965
1658,11292,1659,11292
1658,11292,1660,11292
1659,7377,1657,7377
1659,7377,1658,7377
1660,11293,1661,11293
1660,11293,1662,11293
1661,11292,1659,11292
1661,11292,1660,11292
1662,42,1663,42
1662,42,1664,42
1663,11293,1661,11293
1663,11293,1662,11293
1664,11295,1665,11295
1664,11295,1666,11295
1665,42,1663,42
1665,42,1664,42
1666,11253,1667,11253
1666,11253,1668,11253
1667,11295,1665,11295
1667,11295,1666,11295
1668,10375,1669,10375
1668,10375,1670,10375
1668,10375,3416,10375
1668,10375,3417,10375
1669,11253,1667,11253
1669,11253,1668,11253
1670,7990,1671,7990
1670,7990,1672,7990
1671,10375,1669,10375
1671,10375,1670,10375
1671,10375,3416,10375
1671,10375,3417,10375
1672,10374,1673,10374
1672,10374,1674,10374
1673,7990,1671,7990
1673,7990,1672,7990
1674,10373,1675,10373
1674,10373,1676,10373
1675,10374,1673,10374
1675,10374,1674,10374
1676,10372,1677,10372
1676,10372,1678,10372
1677,10373,1675,10373
1677,10373,1676,10373
1678,10904,1679,10904
1678,10904,1680,10904
1679,10372,1677,10372
1679,10372,1678,10372
1680,424,1681,424
1680,424,1682,424
1681,10904,1679,10904
1681,10904,1680,10904
1682,7151,1683,7151
1682,7151,1684,7151
1683,424,1681,424
1683,424,1682,424
1684,7152,1685,7152
1684,7152,1686,7152
1685,7151,1683,7151
1685,7151,1684,7151
1686,10371,1687,10371
1686,10371,1688,10371
1687,7152,1685,7152
1687,7152,1686,7152
1688,10370,778,10370
1688,10370,779,10370
1688,10370,1689,10370
1688,10370,1690,10370
1689,10371,1687,10371
1689,10371,1688,10371
1690,10369,1691,10369
1690,10369,1692,10369
1691,10370,778,10370
1691,10370,779,10370
1691,10370,1689,10370
1691,10370,1690,10370
1692,10368,1693,10368
1692,10368,1694,10368
1693,10369,1691,10369
1693,10369,1692,10369
1694,10367,1695,10367
1694,10367,1696,10367
1695,10368,1693,10368
1695,10368,1694,10368
1696,10898,1697,10898
1696,10898,1698,10898
1697,10367,1695,10367
1697,10367,1696,10367
1698,11298,1699,11298
1698,11298,1700,11298
1699,10898,1697,10898
1699,10898,1698,10898
1700,11299,1701,11299
1700,11299,1702,11299
1701,11298,1699,11298
1701,11298,1700,11298
1702,10897,714,10897
1702,10897,1703,10897
1703,11299,1701,11299
1703,11299,1702,11299
1706,4789,1707,4789
1706,4789,1708,4789
1707,1161,1705,1161
1707,1161,1706,1161
1707,1161,6339,1161
1707,1161,6340,1161
1708,57,1709,57
1708,57,1710,57
1709,4789,1707,4789
1709,4789,1708,4789
1710,11,1711,11
1710,11,6392,11
1710,11,7800,11
1711,57,1709,57
1711,57,1710,57
1714,10572,1715,10572
1717,901,1496,901
1722,4221,1721,4221
1723,4222,1722,4222
1726,10165,8307,10165
1726,10165,8308,10165
1727,10052,1728,10052
1727,10052,1729,10052
1728,10053,1726,10053
1728,10053,1727,10053
1729,10051,1730,10051
1729,10051,1731,10051
1730,10052,1728,10052
1730,10052,1729,10052
1731,10050,1107,10050
1731,10050,1732,10050
1732,10051,1730,10051
1732,10051,1731,10051
1734,5643,1735,5643
1735,5642,1736,5642
1736,7400,1737,7400
1738,496,1739,496
1739,5644,1740,5644
1740,6215,1741,6215
1741,6214,1742,6214
1744,966,8454,966
1745,1125,1744,1125
1746,7763,1745,7763
1747,942,1746,942
1748,7766,1747,7766
1749,587,1748,587
1751,5261,1752,5261
1751,5261,6225,5261
1752,5260,1753,5260
1752,5260,6671,5260
1754,9268,1755,9268
1755,9267,1754,9267
1760,2510,1761,2510
1761,743,1762,743
1762,237,1763,237
1771,426,1772,426
1774,934,1775,934
1775,7857,1776,7857
1778,2752,3918,2752
1784,8877,1785,8877
1786,8878,1787,8878
1790,990,1791,990
1791,9183,1792,9183
1792,4434,9571,4434
1793,1284,2727,1284
1796,8348,1797,8348
1797,8347,1798,8347
1797,8347,9602,8347
1798,8348,1797,8348
1799,9584,1800,9584
1800,8351,1801,8351
1801,4943,1802,4943
1801,4943,1803,4943
1802,8351,1801,8351
1803,5224,1804,5224
1803,5224,1805,5224
1804,4943,1802,4943
1804,4943,1803,4943
1805,11168,1806,11168
1806,5223,1807,5223
1806,5223,1808,5223
1807,11168,1806,11168
1808,11169,1809,11169
1808,11169,1810,11169
1809,5223,1807,5223
1809,5223,1808,5223
1810,5222,1811,5222
1810,5222,1812,5222
1811,11169,1809,11169
1811,11169,1810,11169
1812,5221,1813,5221
1812,5221,1814,5221
1813,5222,1811,5222
1813,5222,1812,5222
1814,5220,1815,5220
1814,5220,1816,5220
1815,5221,1813,5221
1815,5221,1814,5221
1816,5219,1817,5219
1817,5220,1815,5220
1817,5220,1816,5220
1818,5219,1817,5219
1820,11182,1819,11182
1821,11170,1820,11170
1822,5078,1821,5078
1823,11171,1822,11171
1824,5215,1825,5215
1824,5215,1826,5215
1825,5216,1823,5216
1825,5216,1824,5216
1826,11173,1827,11173
1827,5214,1828,5214
1828,11173,1827,11173
1829,6280,1830,6280
1829,6280,1831,6280
1830,6824,1829,6824
1830,6824,7254,6824
1831,11177,1832,11177
1831,11177,1833,11177
1832,6280,1830,6280
1832,6280,1831,6280
1833,8425,1834,8425
1833,8425,1835,8425
1834,11177,1832,11177
1834,11177,1833,11177
1835,11178,1836,11178
1836,11184,1837,11184
1837,8426,1838,8426
1838,11184,1837,11184
1839,6174,1840,6174
1840,8427,1841,8427
1841,5079,1842,5079
1842,11186,1843,11186
1843,6277,1844,6277
1844,6173,1845,6173
1845,11179,1846,11179
1846,5082,1847,5082
1847,8436,1848,8436
1848,8424,1849,8424
1849,5095,1850,5095
1850,11187,1851,11187
1851,11188,1852,11188
1852,5077,1853,5077
1853,11188,1852,11188
1854,8435,1855,8435
1855,5094,1856,5094
1855,5094,1857,5094
1856,8435,1855,8435
1857,5086,1858,5086
1857,5086,1859,5086
1858,5094,1856,5094
1858,5094,1857,5094
1859,8412,1860,8412
1859,8412,1861,8412
1860,5086,1858,5086
1860,5086,1859,5086
1861,8413,1862,8413
1861,8413,1863,8413
1862,8412,1860,8412
1862,8412,1861,8412
1863,8856,1864,8856
1863,8856,1865,8856
1864,8413,1862,8413
1864,8413,1863,8413
1865,8864,1866,8864
1866,8863,1867,8863
1867,11189,1868,11189
1868,8849,1869,8849
1869,8848,1870,8848
1870,8866,1871,8866
1871,5083,1872,5083
1873,11180,1874,11180
1874,6823,1875,6823
1874,6823,1876,6823
1875,11180,1874,11180
1876,5075,1877,5075
1876,5075,1878,5075
1877,6823,1875,6823
1877,6823,1876,6823
1878,8855,1879,8855
1878,8855,1880,8855
1879,5075,1877,5075
1879,5075,1878,5075
1880,5080,1881,5080
1881,5087,1882,5087
1882,8860,1883,8860
1883,5076,1884,5076
1886,241,931,241
1886,241,1887,241
1887,8862,1888,8862
1888,5084,1889,5084
1889,11192,1890,11192
1890,6340,1891,6340
1891,6354,1892,6354
1891,6354,5677,6354
1892,6811,1893,6811
1893,6354,1892,6354
1893,6354,5677,6354
1899,8360,1900,8360
1902,8359,1903,8359
1905,8551,1906,8551
1906,306,1907,306
1909,6421,1910,6421
1918,1298,3511,1298
1919,1301,2407,1301
1922,447,1921,447
1923,9195,1922,9195
1926,941,1925,941
1927,48,1928,48
1928,1226,1926,1226
1928,1226,1927,1226
1931,773,1930,773
1937,9435,1938,9435
1943,3802,1944,3802
1944,3801,1945,3801
1945,1305,6783,1305
1949,759,1950,759
1951,1170,4874,1170
1960,3565,1959,3565
1961,2901,1962,2901
1962,2903,1963,2903
1963,5470,1964,5470
1964,1310,1965,1310
1965,2904,3754,2904
1968,632,1969,632
1970,2311,1971,2311
1971,1139,1972,1139
1978,4183,1979,4183
1979,4285,1980,4285
1988,1213,1989,1213
1989,1095,1990,1095
1993,161,1994,161
1994,1035,1993,1035
1995,161,1994,161
1997,9496,1996,9496
1998,3526,1997,3526
1999,9485,1998,9485
2000,9497,1999,9497
2001,9499,2002,9499
2002,9498,2000,9498
2002,9498,2001,9498
2003,9499,2002,9499
2004,4982,2003,4982
2005,9500,2004,9500
2006,9501,2005,9501
2007,9502,2006,9502
2008,572,2007,572
2009,3123,2008,3123
2010,9506,2009,9506
2011,1205,2010,1205
2012,1235,2011,1235
2013,4262,2012,4262
2014,4263,2013,4263
2016,9505,2015,9505
2017,4983,2016,4983
2018,168,2017,168
2020,3051,2019,3051
2021,3043,2020,3043
2022,9323,2021,9323
2023,1099,2022,1099
2023,1099,7041,1099
2024,5,2025,5
2025,2244,2026,2244
2026,824,6842,824
2027,5560,2028,5560
2028,9466,2027,9466
2028,9466,6798,9466
2029,9890,2030,9890
2030,1506,2031,1506
2032,2683,7771,2683
2033,5164,3246,5164
2034,5164,3246,5164
2039,2133,2040,2133
2040,4865,2041,4865
2041,2061,2042,2061
2042,11281,2043,11281
2043,1056,2044,1056
2044,3469,2045,3469
2045,1919,2046,1919
2046,3481,2047,3481
2047,4866,2048,4866
2048,1906,4269,1906
2051,6133,2052,6133
2052,4867,2053,4867
2053,27,2054,27
2053,27,4271,27
2054,9489,2055,9489
2055,3731,4610,3731
2056,4868,2057,4868
2057,3486,2058,3486
2058,3589,2059,3589
2059,1202,2060,1202
2063,1802,2062,1802
2065,4804,2066,4804
2066,1663,2067,1663
2068,9241,5383,9241
2069,1603,5577,1603
2070,10518,2098,10518
2071,10517,2070,10517
2073,1734,2074,1734
2074,1780,2075,1780
2075,9372,2076,9372
2076,1781,2077,1781
2077,1483,2078,1483
2078,9371,2079,9371
2079,1738,2080,1738
2080,9370,2081,9370
2081,1796,2082,1796
2081,1796,2843,1796
2082,1456,6074,1456
2083,1993,272,1993
2084,1442,2129,1442
2086,2390,2085,2390
2087,1446,2088,1446
2088,1346,2089,1346
2089,1912,2090,1912
2090,1344,2091,1344
2091,1775,2092,1775
2092,1340,2093,1340
2095,1360,2094,1360
2096,6506,2095,6506
2097,10518,2098,10518
2099,1598,2100,1598
2099,1598,2101,1598
2100,1336,2099,1336
2100,1336,5728,1336
2101,5555,2102,5555
2101,5555,2103,5555
2102,1598,2100,1598
2102,1598,2101,1598
2104,7806,2105,7806
2107,6903,2108,6903
2108,10591,2107,10591
2109,6903,2108,6903
2112,6512,2111,6512
2113,10589,2112,10589
2114,6497,2113,6497
2115,9283,2116,9283
2116,9284,2117,9284
2117,9283,2116,9283
2118,9284,2117,9284
2119,6527,2120,6527
2120,6495,2118,6495
2120,6495,2119,6495
2121,6527,2120,6527
2122,9869,2123,9869
2123,1665,2122,1665
2124,9869,2123,9869
2125,5565,2126,5565
2126,5569,2125,5569
2127,5565,2126,5565
2128,5570,2127,5570
2131,1445,2130,1445
2133,1661,2132,1661
2134,9908,2133,9908
2135,1587,2134,1587
2136,1467,2137,1467
2137,1586,2135,1586
2137,1586,2136,1586
2138,1467,2137,1467
2140,1720,2141,1720
2141,1521,2142,1521
2142,1441,2131,1441
2147,6491,7751,6491
2148,4901,2149,4901
2149,1473,6091,1473
2151,3506,2152,3506
2152,3508,2153,3508
2153,3506,2152,3506
2154,3508,2153,3508
2155,3507,2154,3507
2159,2000,2628,2000
2162,1671,5899,1671
2166,1704,5732,1704
2166,1704,5733,1704
2167,1744,2168,1744
2169,10278,2170,10278
2170,3529,2171,3529
2171,9944,2172,9944
2172,1716,9989,1716
2173,1475,2174,1475
2175,3815,2176,3815
2175,3815,4673,3815
2176,1764,2175,1764
2178,4990,2179,4990
2179,1689,2180,1689
2180,1524,2181,1524
2180,1524,2182,1524
2181,1689,2180,1689
2182,3257,2183,3257
2183,4861,2184,4861
2184,2078,2185,2078
2186,1440,2159,1440
2187,1684,2186,1684
2188,3273,2187,3273
2189,822,2190,822
2190,3274,2188,3274
2190,3274,2189,3274
2193,3278,2194,3278
2194,1478,2195,1478
2194,1478,8349,1478
2195,4163,2196,4163
2196,4162,2197,4162
2197,4161,2198,4161
2198,3277,2199,3277
2199,1884,2200,1884
2200,1482,2201,1482
2201,4158,2202,4158
2202,3276,2203,3276
2203,1481,2204,1481
2203,1481,7983,1481
2204,3275,2205,3275
2205,6607,2206,6607
2205,6607,8986,6607
2206,708,2207,708
2207,4157,2208,4157
2208,6608,2209,6608
2209,1883,2210,1883
2209,1883,5181,1883
2210,1479,2211,1479
2211,1886,2212,1886
2212,4159,2213,4159
2213,4160,2214,4160
2214,7908,2215,7908
2215,1375,2216,1375
2215,1375,3462,1375
2216,1885,2193,1885
2226,9951,2227,9951
2227,1651,2228,1651
2228,1650,2229,1650
2229,4981,2230,4981
2230,1600,2231,1600
2232,1547,2233,1547
2233,1640,2234,1640
2234,9870,2235,9870
2234,9870,2258,9870
2240,1895,2241,1895
2241,1472,2236,1472
2242,1669,2243,1669
2243,1723,2242,1723
2243,1723,3054,1723
2244,1669,2243,1669
2245,9868,2244,9868
2246,9867,2245,9867
2247,4304,2246,4304
2248,9866,2247,9866
2249,1510,2248,1510
2250,1528,2249,1528
2251,1601,2250,1601
2253,7801,2252,7801
2254,1509,2253,1509
2255,1554,2254,1554
2256,1552,2255,1552
2257,1538,2256,1538
2258,1503,2257,1503
2259,4172,7764,4172
2262,1410,2261,1410
2263,1785,2262,1785
2264,1610,2265,1610
2265,1578,2263,1578
2265,1578,2264,1578
2266,1610,2265,1610
2267,1561,2266,1561
2271,1535,2272,1535
2274,2063,2275,2063
2277,1731,2278,1731
2277,1731,7040,1731
2278,1406,2279,1406
2279,1358,2280,1358
2288,5150,2289,5150
2289,9415,2290,9415
2292,1619,2293,1619
2293,4737,2294,4737
2295,4123,2296,4123
2298,1621,2299,1621
2299,1593,2300,1593
2300,1576,2301,1576
2301,1508,2302,1508
2302,4735,2303,4735
2303,1595,2304,1595
2304,1594,2305,1594
2305,1886,2212,1886
2306,3932,2307,3932
2307,10411,2308,10411
2308,10413,2309,10413
2309,10412,2310,10412
2310,3957,2311,3957
2311,82,2312,82
2312,3956,2313,3956
2313,149,2314,149
2314,10414,2315,10414
2315,4722,2316,4722
2316,888,2317,888
2317,6383,2318,6383
2318,9128,2319,9128
2319,429,2320,429
2320,6382,2321,6382
2321,701,2322,701
2321,701,4775,701
2322,4723,2323,4723
2323,9129,2324,9129
2324,3929,2325,3929
2324,3929,4777,3929
2325,59,4807,59
2326,1680,2327,1680
2328,8385,2329,8385
2329,1402,2330,1402
2330,2907,2331,2907
2331,1682,2155,1682
2332,1806,2333,1806
2333,7369,2334,7369
2334,4284,2335,4284
2336,1094,2337,1094
2337,9627,2338,9627
2339,101,2340,101
2345,5821,2346,5821
2346,11115,4074,11115
2347,2483,2348,2483
2349,2488,2350,2488
2351,2496,2352,2496
2352,2500,2353,2500
2354,6043,2355,6043
2362,1837,2363,1837
2363,1835,2364,1835
2364,1836,2365,1836
2365,2465,2366,2465
2366,2813,3580,2813
2367,7817,2368,7817
2368,5122,2369,5122
2369,2741,2370,2741
2375,1864,2376,1864
2376,3280,2377,3280
2377,5782,2378,5782
2378,1865,2379,1865
2378,1865,9045,1865
2381,6020,2382,6020
2385,8365,2386,8365
2388,1878,2389,1878
2389,1274,2390,1274
2391,359,2392,359
2393,8232,2394,8232
2394,814,2395,814
2395,2127,2396,2127
2396,4811,2397,4811
2397,282,2398,282
2401,6023,2402,6023
2402,6022,2403,6022
2410,7782,2411,7782
2413,10628,2414,10628
2415,10629,2416,10629
2417,2139,2418,2139
2419,10631,2420,10631
2422,2160,2423,2160
2424,10632,2425,10632
2425,6967,2426,6967
2426,8144,2427,8144
2427,7931,2428,7931
2429,3806,2430,3806
2430,8375,2431,8375
2431,4884,2432,4884
2432,6924,2433,6924
2433,2134,2434,2134
2434,6934,2435,6934
2435,3993,2436,3993
2436,6970,4853,6970
2437,4856,2438,4856
2443,2349,2442,2349
2444,2351,2443,2351
2445,2352,2444,2352
2447,1985,2446,1985
2448,6278,2447,6278
2450,1930,2451,1930
2451,7747,2452,7747
2453,1932,699,1932
2457,5126,2458,5126
2458,5123,2459,5123
2459,4187,2460,4187
2462,5127,2463,5127
2465,2474,2466,2474
2466,3719,2467,3719
2468,2473,2469,2473
2478,3898,4714,3898
2481,9091,9524,9091
2482,9086,2483,9086
2482,9086,2484,9086
2483,10305,2481,10305
2483,10305,2482,10305
2484,730,2485,730
2484,730,2486,730
2485,9086,2483,9086
2485,9086,2484,9086
2486,9077,2487,9077
2486,9077,2488,9077
2487,730,2485,730
2487,730,2486,730
2488,4915,2489,4915
2488,4915,2490,4915
2489,9077,2487,9077
2489,9077,2488,9077
2490,9084,2491,9084
2490,9084,2492,9084
2491,4915,2489,4915
2491,4915,2490,4915
2492,7105,2493,7105
2492,7105,2494,7105
2493,9084,2491,9084
2493,9084,2492,9084
2494,9083,2495,9083
2494,9083,2496,9083
2495,7105,2493,7105
2495,7105,2494,7105
2496,6219,2497,6219
2496,6219,2498,6219
2497,9083,2495,9083
2497,9083,2496,9083
2498,6440,2499,6440
2498,6440,2500,6440
2499,6219,2497,6219
2499,6219,2498,6219
2500,11313,2501,11313
2500,11313,2502,11313
2501,6440,2499,6440
2501,6440,2500,6440
2502,10316,2503,10316
2502,10316,2504,10316
2503,11313,2501,11313
2503,11313,2502,11313
2504,9188,2505,9188
2504,9188,2506,9188
2505,10316,2503,10316
2505,10316,2504,10316
2506,961,2507,961
2506,961,2508,961
2507,9188,2505,9188
2507,9188,2506,9188
2508,9189,2509,9189
2508,9189,2510,9189
2509,961,2507,961
2509,961,2508,961
2510,10366,2511,10366
2510,10366,2512,10366
2511,9189,2509,9189
2511,9189,2510,9189
2512,9190,2513,9190
2512,9190,2514,9190
2513,10366,2511,10366
2513,10366,2512,10366
2514,9191,2515,9191
2514,9191,2516,9191
2515,9190,2513,9190
2515,9190,2514,9190
2516,9192,451,9192
2516,9192,624,9192
2516,9192,625,9192
2516,9192,2517,9192
2517,9191,2515,9191
2517,9191,2516,9191
2518,9111,2519,9111
2518,9111,2520,9111
2519,9102,2518,9102
2519,9102,9534,9102
2520,9110,2521,9110
2520,9110,2522,9110
2521,9111,2519,9111
2521,9111,2520,9111
2522,10265,2523,10265
2522,10265,2524,10265
2523,9110,2521,9110
2523,9110,2522,9110
2524,10266,2525,10266
2524,10266,2526,10266
2525,10265,2523,10265
2525,10265,2524,10265
2526,9170,2527,9170
2526,9170,2528,9170
2527,10266,2525,10266
2527,10266,2526,10266
2528,9169,2529,9169
2528,9169,2530,9169
2529,9170,2527,9170
2529,9170,2528,9170
2530,9168,2531,9168
2530,9168,2532,9168
2531,9169,2529,9169
2531,9169,2530,9169
2532,7124,2533,7124
2532,7124,2534,7124
2533,9168,2531,9168
2533,9168,2532,9168
2534,679,2535,679
2534,679,2536,679
2535,7124,2533,7124
2535,7124,2534,7124
2536,948,2537,948
2536,948,2538,948
2537,679,2535,679
2537,679,2536,679
2538,10319,2539,10319
2538,10319,2540,10319
2539,948,2537,948
2539,948,2538,948
2540,10318,2541,10318
2540,10318,2542,10318
2541,10319,2539,10319
2541,10319,2540,10319
2542,7157,2543,7157
2542,7157,2544,7157
2543,10318,2541,10318
2543,10318,2542,10318
2544,4773,2545,4773
2544,4773,2546,4773
2545,7157,2543,7157
2545,7157,2544,7157
2546,10317,2547,10317
2546,10317,2548,10317
2547,4773,2545,4773
2547,4773,2546,4773
2548,10313,2549,10313
2548,10313,2550,10313
2549,10317,2547,10317
2549,10317,2548,10317
2550,10151,678,10151
2550,10151,2551,10151
2550,10151,2552,10151
2551,10313,2549,10313
2551,10313,2550,10313
2552,7091,2553,7091
2552,7091,2554,7091
2553,10151,678,10151
2553,10151,2551,10151
2553,10151,2552,10151
2554,7119,2555,7119
2554,7119,2556,7119
2555,7091,2553,7091
2555,7091,2554,7091
2556,7122,2557,7122
2556,7122,2558,7122
2557,7119,2555,7119
2557,7119,2556,7119
2558,7810,2559,7810
2558,7810,2560,7810
2559,7122,2557,7122
2559,7122,2558,7122
2560,4774,2561,4774
2560,4774,2562,4774
2561,7810,2559,7810
2561,7810,2560,7810
2562,7121,2563,7121
2562,7121,2564,7121
2563,4774,2561,4774
2563,4774,2562,4774
2564,7123,2565,7123
2564,7123,2566,7123
2565,7121,2563,7121
2565,7121,2564,7121
2566,10150,2567,10150
2566,10150,2568,10150
2567,7123,2565,7123
2567,7123,2566,7123
2568,10149,2569,10149
2568,10149,2570,10149
2569,10150,2567,10150
2569,10150,2568,10150
2570,10148,2571,10148
2570,10148,2572,10148
2571,10149,2569,10149
2571,10149,2570,10149
2572,10147,2573,10147
2572,10147,2574,10147
2573,10148,2571,10148
2573,10148,2572,10148
2574,10146,2575,10146
2576,1957,2577,1957
2577,4482,2578,4482
2578,4483,2579,4483
2579,9103,2580,9103
2579,9103,9545,9103
2580,4485,2581,4485
2581,9115,2582,9115
2582,9116,2583,9116
2583,1958,2584,1958
2584,1959,2585,1959
2585,4479,2586,4479
2585,4479,9538,4479
2586,4484,2587,4484
2587,9114,2588,9114
2588,1960,2589,1960
2589,1961,2590,1961
2590,1962,2591,1962
2591,4480,2592,4480
2592,1963,2593,1963
2593,1964,2594,1964
2594,1965,2595,1965
2595,1966,2596,1966
2596,4481,2597,4481
2597,1968,2598,1968
2599,3064,2600,3064
2602,9492,2603,9492
2613,1777,2614,1777
2614,1659,2615,1659
2615,4992,2616,4992
2616,6157,2617,6157
2618,4993,2619,4993
2619,3255,2620,3255
2621,1761,2622,1761
2622,9916,2623,9916
2623,1756,2624,1756
2624,1774,2625,1774
2625,4852,2626,4852
2626,1765,2627,1765
2626,1765,5901,1765
2627,1710,9589,1710
2628,4295,2629,4295
2630,1324,2631,1324
2631,3368,2632,3368
2632,2020,2633,2020
2633,3365,2634,3365
2635,10604,2636,10604
2637,10685,2638,10685
2638,6699,2639,6699
2639,6700,2640,6700
2639,6700,7836,6700
2640,6597,2641,6597
2641,6704,2642,6704
2642,6648,2643,6648
2642,6648,7835,6648
2643,6651,2644,6651
2644,10679,2645,10679
2645,2019,2646,2019
2646,6599,2647,6599
2647,2015,2648,2015
2648,2014,2649,2014
2649,2016,2650,2016
2650,6598,2651,6598
2651,10678,2652,10678
2651,10678,8992,10678
2652,6604,2653,6604
2653,6701,2654,6701
2654,6605,2655,6605
2654,6605,6267,6605
2655,6600,2656,6600
2656,6718,2657,6718
2657,4323,2658,4323
2657,4323,5394,4323
2658,6721,2659,6721
2659,4322,2660,4322
2660,3283,2661,3283
2663,957,3108,957
2664,5007,2665,5007
2664,5007,2666,5007
2665,10536,2663,10536
2665,10536,2664,10536
2665,10536,7156,10536
2665,10536,7157,10536
2666,7516,2667,7516
2666,7516,2668,7516
2667,5007,2665,5007
2667,5007,2666,5007
2668,7517,2669,7517
2668,7517,2670,7517
2669,7516,2667,7516
2669,7516,2668,7516
2670,7518,2671,7518
2670,7518,2672,7518
2671,7517,2669,7517
2671,7517,2670,7517
2672,10946,2673,10946
2672,10946,2674,10946
2673,7518,2671,7518
2673,7518,2672,7518
2674,1228,2675,1228
2674,1228,2676,1228
2675,10946,2673,10946
2675,10946,2674,10946
2676,652,2677,652
2676,652,2678,652
2677,1228,2675,1228
2677,1228,2676,1228
2678,985,562,985
2678,985,563,985
2678,985,2679,985
2678,985,2680,985
2679,652,2677,652
2679,652,2678,652
2680,5006,2681,5006
2680,5006,2682,5006
2681,985,562,985
2681,985,563,985
2681,985,2679,985
2681,985,2680,985
2682,7519,2683,7519
2682,7519,2684,7519
2683,5006,2681,5006
2683,5006,2682,5006
2684,7520,2685,7520
2684,7520,2686,7520
2685,7519,2683,7519
2685,7519,2684,7519
2686,3555,2687,3555
2686,3555,2688,3555
2686,3555,7088,3555
2687,7520,2685,7520
2687,7520,2686,7520
2688,6739,2689,6739
2688,6739,2690,6739
2689,3555,2687,3555
2689,3555,2688,3555
2689,3555,7088,3555
2690,614,2691,614
2690,614,2692,614
2690,614,4361,614
2691,6739,2689,6739
2691,6739,2690,6739
2692,5496,2693,5496
2692,5496,2694,5496
2693,614,2691,614
2693,614,2692,614
2693,614,4361,614
2694,10953,2695,10953
2694,10953,2696,10953
2695,5496,2693,5496
2695,5496,2694,5496
2696,11258,2697,11258
2696,11258,2698,11258
2697,10953,2695,10953
2697,10953,2696,10953
2698,11257,2699,11257
2698,11257,2700,11257
2699,11258,2697,11258
2699,11258,2698,11258
2700,403,2701,403
2700,403,2702,403
2701,11257,2699,11257
2701,11257,2700,11257
2702,10954,2703,10954
2702,10954,2704,10954
2703,403,2701,403
2703,403,2702,403
2704,6397,2705,6397
2704,6397,2706,6397
2705,10954,2703,10954
2705,10954,2704,10954
2706,4744,2707,4744
2706,4744,2708,4744
2707,6397,2705,6397
2707,6397,2706,6397
2708,145,2709,145
2708,145,3447,145
2708,145,3448,145
2708,145,6295,145
2709,4744,2707,4744
2709,4744,2708,4744
2712,1523,2713,1523
2713,1502,2712,1502
2714,1523,2713,1523
2718,3686,2719,3686
2724,5137,2725,5137
2733,11239,2734,11239
2735,11236,9936,11236
2738,8240,2739,8240
2739,2307,2740,2307
2740,5024,2741,5024
2740,5024,2742,5024
2741,2307,2740,2307
2742,5025,2743,5025
2744,2305,2745,2305
2745,8227,2746,8227
2746,2304,2747,2304
2749,4201,2750,4201
2754,2299,2755,2299
2755,2298,2756,2298
2756,2297,2757,2297
2757,2296,2758,2296
2758,2295,2759,2295
2759,2294,2760,2294
2759,2294,2761,2294
2760,2295,2759,2295
2762,2292,2763,2292
2765,4206,2766,4206
2766,2289,2767,2289
2767,5027,2768,5027
2769,5028,2770,5028
2770,5023,2771,5023
2771,2069,2772,2069
2774,739,1642,739
2774,739,1643,739
2775,7620,2776,7620
2775,7620,2777,7620
2776,7619,2774,7619
2776,7619,2775,7619
2777,709,2778,709
2777,709,2779,709
2778,7620,2776,7620
2778,7620,2777,7620
2779,7621,2780,7621
2779,7621,9727,7621
2780,709,2778,709
2780,709,2779,709
2781,2024,2782,2024
2781,2024,3943,2024
2782,2081,2781,2081
2785,2022,2786,2022
2785,2022,2787,2022
2786,2021,2784,2021
2786,2021,2785,2021
2790,2080,2789,2080
2791,2081,2781,2081
2794,8162,2795,8162
2798,11015,2799,11015
2802,4195,2803,4195
2804,7045,2805,7045
2806,8586,2807,8586
2807,7005,2808,7005
2809,10838,2810,10838
2810,7003,2811,7003
2811,6311,2812,6311
2814,832,2815,832
2815,8136,2816,8136
2816,795,2817,795
2817,648,2818,648
2817,648,7253,648
2818,4994,2819,4994
2819,7046,2820,7046
2823,8100,2824,8100
2826,6283,2827,6283
2827,6291,2828,6291
2829,5414,2830,5414
2830,6299,2831,6299
2831,593,2832,593
2835,7060,2836,7060
2840,1874,2841,1874
2841,578,2842,578
2845,5159,2846,5159
2851,10855,9834,10855
2853,2237,2854,2237
2857,2228,2858,2228
2858,2226,2859,2226
2862,2240,6377,2240
2865,5763,2866,5763
2872,972,2873,972
2874,2189,2875,2189
2880,10426,2881,10426
2887,2266,2886,2266
2888,5574,2889,5574
2889,3295,3968,3295
2890,3070,2891,3070
2891,5627,2892,5627
2892,9538,2893,9538
2896,10567,1009,10567
2896,10567,8182,10567
2897,10565,2898,10565
2897,10565,2899,10565
2898,10566,2896,10566
2898,10566,2897,10566
2899,10564,2900,10564
2899,10564,2901,10564
2900,10565,2898,10565
2900,10565,2899,10565
2901,10563,2902,10563
2901,10563,2903,10563
2902,10564,2900,10564
2902,10564,2901,10564
2903,10562,2904,10562
2903,10562,2905,10562
2904,10563,2902,10563
2904,10563,2903,10563
2905,10561,2906,10561
2905,10561,2907,10561
2906,10562,2904,10562
2906,10562,2905,10562
2907,10560,2908,10560
2907,10560,2909,10560
2908,10561,2906,10561
2908,10561,2907,10561
2909,10559,2910,10559
2909,10559,2911,10559
2910,10560,2908,10560
2910,10560,2909,10560
2911,10558,2912,10558
2911,10558,2913,10558
2912,10559,2910,10559
2912,10559,2911,10559
2913,10557,2914,10557
2913,10557,2915,10557
2914,10558,2912,10558
2914,10558,2913,10558
2915,10556,2916,10556
2915,10556,2917,10556
2916,10557,2914,10557
2916,10557,2915,10557
2917,10555,2918,10555
2917,10555,2919,10555
2918,10556,2916,10556
2918,10556,2917,10556
2919,10554,2920,10554
2919,10554,2921,10554
2920,10555,2918,10555
2920,10555,2919,10555
2921,10553,2922,10553
2921,10553,2923,10553
2922,10554,2920,10554
2922,10554,2921,10554
2923,10552,2924,10552
2923,10552,2925,10552
2924,10553,2922,10553
2924,10553,2923,10553
2925,10551,2926,10551
2925,10551,2927,10551
2926,10552,2924,10552
2926,10552,2925,10552
2927,10550,2928,10550
2927,10550,2929,10550
2928,10551,2926,10551
2928,10551,2927,10551
2929,10549,2930,10549
2929,10549,2931,10549
2930,10550,2928,10550
2930,10550,2929,10550
2931,10548,2932,10548
2931,10548,2933,10548
2932,10549,2930,10549
2932,10549,2931,10549
2933,10547,2934,10547
2933,10547,2935,10547
2934,10548,2932,10548
2934,10548,2933,10548
2935,10546,2936,10546
2935,10546,2937,10546
2936,10547,2934,10547
2936,10547,2935,10547
2937,10545,2938,10545
2937,10545,2939,10545
2938,10546,2936,10546
2938,10546,2937,10546
2939,10544,2940,10544
2939,10544,2941,10544
2940,10545,2938,10545
2940,10545,2939,10545
2941,10543,2942,10543
2941,10543,2943,10543
2942,10544,2940,10544
2942,10544,2941,10544
2943,10542,2944,10542
2943,10542,2945,10542
2944,10543,2942,10543
2944,10543,2943,10543
2945,10541,2946,10541
2945,10541,2947,10541
2946,10542,2944,10542
2946,10542,2945,10542
2947,10540,2948,10540
2947,10540,2949,10540
2948,10541,2946,10541
2948,10541,2947,10541
2949,10539,2950,10539
2949,10539,2951,10539
2950,10540,2948,10540
2950,10540,2949,10540
2951,10538,2952,10538
2951,10538,2953,10538
2952,10539,2950,10539
2952,10539,2951,10539
2953,10686,2954,10686
2954,10538,2952,10538
2954,10538,2953,10538
2957,3514,8255,3514
2958,2324,2959,2324
2958,2324,2960,2324
2959,2323,2957,2323
2959,2323,2958,2323
2960,7663,2961,7663
2960,7663,2962,7663
2961,2324,2959,2324
2961,2324,2960,2324
2962,10055,2963,10055
2962,10055,2964,10055
2963,7663,2961,7663
2963,7663,2962,7663
2964,2325,2965,2325
2964,2325,2966,2325
2965,10055,2963,10055
2965,10055,2964,10055
2966,1063,2967,1063
2967,2325,2965,2325
2967,2325,2966,2325
2970,3885,2969,3885
2971,5072,2972,5072
2972,300,2973,300
2973,811,2974,811
2974,383,414,383
2974,383,2975,383
2975,729,2976,729
2976,8330,2977,8330
2978,8307,2979,8307
2979,8440,2980,8440
2980,735,2981,735
2997,5826,2998,5826
3001,8300,3002,8300
3002,252,3003,252
3004,3328,3005,3328
3011,7018,3012,7018
3013,8806,3014,8806
3015,678,3016,678
3016,5828,3017,5828
3017,8900,3018,8900
3019,9206,5381,9206
3020,1517,3019,1517
3021,1501,3020,1501
3024,3796,4247,3796
3025,1723,2242,1723
3025,1723,3054,1723
3027,1545,3026,1545
3029,1638,3028,1638
3030,1569,3029,1569
3031,5564,3030,5564
3032,1553,3031,1553
3033,1529,3032,1529
3034,1550,3035,1550
3035,1543,3033,1543
3035,1543,3034,1543
3036,1550,3035,1550
3037,1571,3036,1571
3038,9836,3037,9836
3040,1384,3039,1384
3041,1570,3040,1570
3042,1636,3041,1636
3043,9839,3042,9839
3045,2348,3044,2348
3046,9840,3045,9840
3047,9841,3046,9841
3048,3161,3047,3161
3050,2077,3049,2077
3051,3163,3050,3163
3052,3165,3051,3165
3053,9842,3052,9842
3054,7803,3055,7803
3055,1723,2242,1723
3055,1723,3054,1723
3056,9004,3057,9004
3057,414,2848,414
3057,414,3056,414
3057,414,3079,414
3058,9004,3057,9004
3059,9721,3058,9721
3061,782,3060,782
3063,617,3062,617
3064,9005,3063,9005
3065,1158,3064,1158
3066,4298,3065,4298
3067,9006,3066,9006
3070,9722,3069,9722
3071,8247,3070,8247
3072,1250,3071,1250
3073,7923,3072,7923
3074,2356,3073,2356
3077,6183,3076,6183
3078,9727,3077,9727
3079,9710,3078,9710
3083,742,3084,742
3083,742,3859,742
3084,29,3085,29
3085,852,3086,852
3088,440,3089,440
3096,10685,2638,10685
3097,10683,3098,10683
3097,10683,3099,10683
3098,10684,3096,10684
3098,10684,3097,10684
3099,10682,3100,10682
3099,10682,3101,10682
3100,10683,3098,10683
3100,10683,3099,10683
3101,10940,3102,10940
3101,10940,3103,10940
3102,10682,3100,10682
3102,10682,3101,10682
3103,10681,3104,10681
3103,10681,3105,10681
3104,10940,3102,10940
3104,10940,3103,10940
3105,10680,3106,10680
3105,10680,3107,10680
3106,10681,3104,10681
3106,10681,3105,10681
3107,957,3108,957
3108,10680,3106,10680
3108,10680,3107,10680
3120,5831,3121,5831
3121,2409,3122,2409
3124,5833,3125,5833
3126,5829,3127,5829
3129,3139,3130,3139
3130,3140,3131,3140
3131,2702,3132,2702
3135,4242,3136,4242
3139,164,3140,164
3151,8034,3152,8034
3152,8035,3153,8035
3153,4512,3154,4512
3157,4186,3158,4186
3158,1955,3159,1955
3160,1949,2461,1949
3161,5797,3162,5797
3168,2718,3169,2718
3169,2720,3170,2720
3172,1488,3173,1488
3179,4984,3178,4984
3180,283,3179,283
3181,3040,3180,3040
3183,4822,3184,4822
3184,2539,3185,2539
3188,2530,3189,2530
3203,2503,3204,2503
3204,2501,3205,2501
3206,2494,3207,2494
3207,2492,3208,2492
3208,6042,3209,6042
3213,1712,3214,1712
3213,1712,7690,1712
3215,1464,3216,1464
3216,1463,3217,1463
3216,1463,6083,1463
3217,1477,3218,1477
3218,10408,3219,10408
3221,6690,3222,6690
3222,2568,3237,2568
3224,6667,3225,6667
3225,6668,3226,6668
3226,1000,3227,1000
3227,6670,3228,6670
3228,6669,3229,6669
3229,939,3230,939
3230,425,3231,425
3231,2655,3232,2655
3232,6582,3233,6582
3232,6582,3244,6582
3233,6580,3234,6580
3233,6580,9866,6580
3234,6731,3235,6731
3234,6731,7900,6731
3235,6581,3236,6581
3235,6581,3367,6581
3236,2568,3237,2568
3237,2689,3238,2689
3238,2572,3239,2572
3240,2580,7625,2580
3241,2649,3242,2649
3241,2649,3264,2649
3242,6203,3240,6203
3242,6203,3241,6203
3243,6582,3233,6582
3243,6582,3244,6582
3244,11074,9867,11074
3247,2681,3248,2681
3253,656,3254,656
3254,738,3255,738
3255,8075,3256,8075
3256,2574,3257,2574
3257,2573,3258,2573
3259,6735,3260,6735
3260,3350,3261,3350
3261,75,3262,75
3262,6734,3263,6734
3263,2649,3242,2649
3263,2649,3264,2649
3264,6733,3265,6733
3265,2664,3266,2664
3266,144,3267,144
3267,2638,3343,2638
3268,6545,3269,6545
3269,2687,3270,2687
3270,6737,3271,6737
3271,2646,7701,2646
3272,6419,3273,6419
3272,6419,3274,6419
3273,2582,3272,2582
3273,2582,3387,2582
3274,676,3275,676
3274,676,3276,676
3274,676,7844,676
3275,6419,3273,6419
3275,6419,3274,6419
3276,4790,3277,4790
3276,4790,3278,4790
3277,676,3275,676
3277,676,3276,676
3277,676,7844,676
3278,996,3279,996
3278,996,3280,996
3279,4790,3277,4790
3279,4790,3278,4790
3280,2626,3281,2626
3280,2626,6330,2626
3281,996,3279,996
3281,996,3280,996
3282,6796,3283,6796
3282,6796,8099,6796
3284,11090,3285,11090
3285,11099,3286,11099
3286,11089,3287,11089
3287,488,3288,488
3288,6271,3289,6271
3289,11088,3290,11088
3290,6272,3291,6272
3291,11109,3292,11109
3291,11109,7814,11109
3291,11109,7815,11109
3292,987,3293,987
3293,7361,3294,7361
3294,4796,3295,4796
3295,2693,3296,2693
3296,8074,3297,8074
3297,719,24,719
3297,719,25,719
3297,719,3298,719
3298,4795,3299,4795
3299,965,3300,965
3300,1062,3301,1062
3301,2698,3302,2698
3302,2697,3303,2697
3303,11093,3304,11093
3304,4794,3305,4794
3305,1015,3306,1015
3306,11064,3307,11064
3307,11063,3308,11063
3308,11086,3309,11086
3309,11066,3310,11066
3310,11065,3311,11065
3311,11067,3312,11067
3312,11068,3313,11068
3313,6618,7777,6618
3313,6618,7785,6618
3315,4792,3316,4792
3316,6431,3317,6431
3317,413,3318,413
3318,476,3319,476
3319,11156,3320,11156
3319,11156,5855,11156
3320,11154,3321,11154
3321,11152,3322,11152
3321,11152,9917,11152
3322,11155,3323,11155
3323,2610,3324,2610
3324,6643,3325,6643
3325,8073,3326,8073
3326,10932,3327,10932
3327,6594,3328,6594
3328,6681,3329,6681
3329,6593,3330,6593
3329,6593,7804,6593
3330,51,3331,51
3330,51,7639,51
3331,11106,3332,11106
3332,11105,3333,11105
3333,4743,3334,4743
3334,11108,3335,11108
3335,6,3336,6
3336,10945,3337,10945
3337,6646,7825,6646
3337,6646,7826,6646
3340,6528,3341,6528
3341,6616,3342,6616
3342,2638,3343,2638
3343,2602,3344,2602
3344,2619,3345,2619
3345,6736,3346,6736
3346,2606,3347,2606
3347,6529,3348,6529
3348,2656,3349,2656
3349,2652,3350,2652
3350,2624,3351,2624
3351,2604,3352,2604
3352,2607,3353,2607
3353,2621,3354,2621
3354,2620,3355,2620
3355,2603,3356,2603
3356,6620,3357,6620
3357,2637,3358,2637
3358,6621,3359,6621
3359,2639,3360,2639
3360,6622,3361,6622
3361,6615,3362,6615
3364,6580,3234,6580
3364,6580,9866,6580
3366,6581,3236,6581
3366,6581,3367,6581
3367,2581,9914,2581
3369,11071,9868,11071
3371,2618,3372,2618
3372,6628,3373,6628
3373,2680,3374,2680
3373,2680,7481,2680
3374,2625,3375,2625
3375,6591,3376,6591
3376,6629,3377,6629
3377,2633,3378,2633
3377,2633,7415,2633
3378,6588,3379,6588
3379,6638,3380,6638
3380,6637,3381,6637
3381,6592,3382,6592
3382,6639,3383,6639
3383,2672,3384,2672
3384,2596,3385,2596
3385,6589,3386,6589
3386,2582,3272,2582
3386,2582,3387,2582
3387,2591,3388,2591
3388,2634,3389,2634
3389,6590,3390,6590
3390,2644,3391,2644
3391,2645,3392,2645
3392,2636,3393,2636
3396,2905,3397,2905
3397,11112,3398,11112
3400,7354,154,7354
3400,7354,8202,7354
3401,7343,3402,7343
3401,7343,3403,7343
3402,3950,3400,3950
3402,3950,3401,3950
3403,7374,3404,7374
3403,7374,3405,7374
3404,7343,3402,7343
3404,7343,3403,7343
3405,7350,3406,7350
3405,7350,3407,7350
3406,7374,3404,7374
3406,7374,3405,7374
3407,7351,3408,7351
3407,7351,3409,7351
3408,7350,3406,7350
3408,7350,3407,7350
3409,7375,3410,7375
3409,7375,3411,7375
3410,7351,3408,7351
3410,7351,3409,7351
3411,7352,3412,7352
3411,7352,3413,7352
3412,7375,3410,7375
3412,7375,3411,7375
3413,7376,3414,7376
3413,7376,3415,7376
3414,7352,3412,7352
3414,7352,3413,7352
3415,10375,1669,10375
3415,10375,1670,10375
3415,10375,3416,10375
3415,10375,3417,10375
3416,7376,3414,7376
3416,7376,3415,7376
3417,7108,3418,7108
3417,7108,3419,7108
3418,10375,1669,10375
3418,10375,1670,10375
3418,10375,3416,10375
3418,10375,3417,10375
3419,11294,3420,11294
3419,11294,3421,11294
3420,7108,3418,7108
3420,7108,3419,7108
3421,10903,3422,10903
3421,10903,3423,10903
3422,11294,3420,11294
3422,11294,3421,11294
3423,3578,3424,3578
3423,3578,3425,3578
3424,10903,3422,10903
3424,10903,3423,10903
3425,11296,3426,11296
3425,11296,3427,11296
3426,3578,3424,3578
3426,3578,3425,3578
3427,7360,3428,7360
3427,7360,3429,7360
3428,11296,3426,11296
3428,11296,3427,11296
3429,10376,3430,10376
3429,10376,7262,10376
3429,10376,7468,10376
3429,10376,7482,10376
3430,7360,3428,7360
3430,7360,3429,7360
3432,4963,3433,4963
3433,6211,3434,6211
3434,11042,3435,11042
3435,2677,7632,2677
3435,2677,8603,2677
3437,2690,3438,2690
3438,6611,3439,6611
3439,11157,3804,11157
3440,4086,3441,4086
3440,4086,3442,4086
3441,284,713,284
3441,284,3440,284
3442,2051,3443,2051
3442,2051,3444,2051
3443,4086,3441,4086
3443,4086,3442,4086
3444,7106,3445,7106
3444,7106,3446,7106
3445,2051,3443,2051
3445,2051,3444,2051
3446,145,2709,145
3446,145,3447,145
3446,145,3448,145
3446,145,6295,145
3447,7106,3445,7106
3447,7106,3446,7106
3448,8069,3449,8069
3448,8069,3450,8069
3449,145,2709,145
3449,145,3447,145
3449,145,3448,145
3449,145,6295,145
3450,25,3451,25
3450,25,3452,25
3451,8069,3449,8069
3451,8069,3450,8069
3452,4964,3453,4964
3452,4964,3454,4964
3453,25,3451,25
3453,25,3452,25
3454,723,3455,723
3454,723,3456,723
3455,4964,3453,4964
3455,4964,3454,4964
3456,11060,3437,11060
3456,11060,3457,11060
3457,723,3455,723
3457,723,3456,723
3458,10957,3459,10957
3459,11124,3460,11124
3460,10924,8118,10924
3462,7565,3463,7565
3463,7409,3464,7409
3464,1522,3465,1522
3465,1374,3466,1374
3466,1434,3467,1434
3466,1434,3481,1434
3467,6279,3468,6279
3468,1888,3469,1888
3469,9437,3470,9437
3470,9438,3471,9438
3471,9439,3023,9439
3472,7560,3473,7560
3472,7560,3474,7560
3473,6865,3472,6865
3473,6865,8350,6865
3473,6865,8354,6865
3474,7558,3475,7558
3474,7558,3476,7558
3475,7560,3473,7560
3475,7560,3474,7560
3476,7585,3477,7585
3476,7585,3478,7585
3477,7558,3475,7558
3477,7558,3476,7558
3478,7557,3479,7557
3478,7557,3480,7557
3479,7585,3477,7585
3479,7585,3478,7585
3480,1434,3467,1434
3480,1434,3481,1434
3481,7557,3479,7557
3481,7557,3480,7557
3484,5784,3485,5784
3487,5785,3488,5785
3488,2712,3489,2712
3489,9932,3490,9932
3490,4545,5530,4545
3491,9913,7213,9913
3496,3060,3497,3060
3497,2117,3498,2117
3499,2729,3500,2729
3500,4257,3501,4257
3502,2728,4279,2728
3514,8623,3515,8623
3514,8623,3562,8623
3515,3397,3516,3397
3516,3402,3517,3402
3517,4609,3518,4609
3519,8657,3520,8657
3520,8645,3521,8645
3521,3396,3522,3396
3523,10428,3524,10428
3524,7173,3525,7173
3524,7173,9780,7173
3529,2771,3530,2771
3535,2823,3536,2823
3536,5450,3537,5450
3537,8292,3538,8292
3538,8293,3539,8293
3542,8304,3543,8304
3545,2794,3546,2794
3547,2113,3548,2113
3548,2796,9151,2796
3549,5704,3550,5704
3550,5708,3551,5708
3551,5705,3552,5705
3554,2790,3555,2790
3555,8302,3556,8302
3559,2793,3560,2793
3561,8623,3515,8623
3561,8623,3562,8623
3562,8523,3563,8523
3565,2816,3566,2816
3566,2775,3567,2775
3568,8430,3569,8430
3571,2814,3572,2814
3573,2773,3574,2773
3575,8526,3576,8526
3576,1834,3577,1834
3577,4819,3578,4819
3578,5720,3579,5720
3579,8624,3561,8624
3583,1832,3584,1832
3590,343,3591,343
3591,774,3592,774
3596,4818,3597,4818
3597,3503,3598,3503
3600,2005,3601,2005
3607,3679,4586,3679
3609,2008,3617,2008
3617,2830,3618,2830
3628,2850,3629,2850
3629,2876,3630,2876
3632,6481,7688,6481
3635,1754,3636,1754
3636,9917,3637,9917
3638,1759,3635,1759
3638,1759,3643,1759
3639,2887,4277,2887
3642,2586,3370,2586
3647,277,3648,277
3648,4662,3649,4662
3649,9301,3650,9301
3650,3038,3651,3038
3653,2939,3668,2939
3653,2939,8777,2939
3654,7994,3655,7994
3657,2937,3658,2937
3658,5210,3659,5210
3661,8278,3662,8278
3662,394,3663,394
3664,8405,3665,8405
3665,1152,9117,1152
3667,2057,679,2057
3668,2942,5905,2942
3670,1867,3671,1867
3673,3084,3674,3084
3674,3012,3675,3012
3675,3002,3676,3002
3676,3102,3677,3102
3677,3086,3678,3086
3678,3353,3679,3353
3679,3354,3680,3354
3680,3006,3681,3006
3681,3362,3682,3362
3682,5467,3683,5467
3682,5467,5329,5467
3686,8117,3750,8117
3688,3110,3689,3110
3691,7809,3717,7809
3692,4141,3693,4141
3694,4900,3695,4900
3695,2993,3696,2993
3696,1969,3697,1969
3697,3856,3698,3856
3698,2972,3699,2972
3699,704,3881,704
3700,2990,3701,2990
3701,3032,3702,3032
3703,3024,3704,3024
3704,3029,3705,3029
3705,7808,3706,7808
3708,5621,3709,5621
3709,3069,3710,3069
3710,4658,3711,4658
3711,5622,3712,5622
3715,3067,3716,3067
3717,2997,3718,2997
3718,3085,3719,3085
3719,4757,3720,4757
3720,3076,3721,3076
3721,2970,3736,2970
3725,3105,3726,3105
3726,8505,3727,8505
3727,4764,5331,4764
3730,3008,3731,3008
3731,2971,3691,2971
3731,2971,3692,2971
3734,3089,3687,3089
3734,3089,3735,3089
3740,11275,3741,11275
3741,2121,3742,2121
3742,8609,3743,8609
3744,8116,3745,8116
3745,8608,3746,8608
3746,4759,3747,4759
3747,3096,3748,3096
3748,3098,7449,3098
3750,3081,3738,3081
3754,3127,3755,3127
3759,3677,3758,3677
3760,3136,3759,3136
3763,3171,3764,3171
3764,9298,3762,9298
3764,9298,3763,9298
3766,3170,3765,3170
3767,9117,3766,9117
3768,9277,3767,9277
3769,9118,3770,9118
3769,9118,3771,9118
3770,3169,3768,3169
3770,3169,3769,3169
3771,3167,3772,3167
3772,9118,3770,9118
3772,9118,3771,9118
3773,3167,3772,3167
3774,9278,3773,9278
3775,3168,3774,3168
3776,5232,3775,5232
3777,5233,3776,5233
3778,4307,3777,4307
3779,7430,3778,7430
3780,5234,3779,5234
3781,4309,3780,4309
3782,6864,3781,6864
3783,8951,3782,8951
3784,4310,3783,4310
3785,9072,3786,9072
3786,4312,3784,4312
3786,4312,3785,4312
3787,9072,3786,9072
3788,9071,3787,9071
3790,9073,3789,9073
3791,8967,3790,8967
3792,4613,3793,4613
3793,6645,566,6645
3793,6645,3794,6645
3793,6645,7801,6645
3794,6626,3795,6626
3795,6627,3796,6627
3796,6644,3797,6644
3796,6644,4436,6644
3797,10933,3798,10933
3797,10933,7930,10933
3798,6429,3799,6429
3799,6642,3800,6642
3800,4614,3801,4614
3801,6641,3802,6641
3802,6624,3803,6624
3802,6624,9916,6624
3803,11157,3804,11157
3804,6655,3805,6655
3805,10906,3806,10906
3806,2668,3807,2668
3807,6636,3808,6636
3808,7986,3809,7986
3809,2618,3372,2618
3810,3173,5083,3173
3812,3177,3813,3177
3814,3178,3815,3178
3817,4828,3818,4828
3819,5403,3820,5403
3820,8255,3821,8255
3822,5394,3823,5394
3825,3185,3826,3185
3828,3344,3829,3344
3833,3849,3834,3849
3836,5389,3837,5389
3839,6078,3840,6078
3840,3212,3841,3212
3844,3746,3845,3746
3845,8659,3846,8659
3846,11176,3847,11176
3847,3214,3848,3214
3848,4011,3849,4011
3849,1306,1943,1306
3852,333,1946,333
3853,8332,6981,8332
3855,5780,3856,5780
3859,3037,3860,3037
3861,6400,3647,6400
3861,6400,3862,6400
3862,3442,3861,3442
3862,3442,4230,3442
3863,5572,3864,5572
3864,954,3863,954
3865,3054,3866,3054
3866,3045,3867,3045
3867,428,3868,428
3869,5573,3870,5573
3871,2186,3872,2186
3873,7879,3874,7879
3874,2183,3875,2183
3876,2181,3877,2181
3877,2182,3878,2182
3878,7878,3879,7878
3883,2095,3884,2095
3884,695,3885,695
3885,3026,3886,3026
3888,6104,3889,6104
3889,8267,3890,8267
3891,6105,3892,6105
3892,5390,3893,5390
3893,6106,3894,6106
3898,6501,3899,6501
3899,6954,3900,6954
3900,1439,3901,1439
3901,6502,3902,6502
3902,6955,3903,6955
3903,1641,3904,1641
3904,1666,3905,1666
3905,10352,3906,10352
3906,1632,3907,1632
3909,1368,3910,1368
3910,10340,3911,10340
3912,10341,3913,10341
3913,1778,3914,1778
3913,1778,7204,1778
3914,1784,9993,1784
3922,1826,3923,1826
3923,5810,3924,5810
3924,5812,3925,5812
3930,5206,3931,5206
3932,5207,3933,5207
3933,4440,3934,4440
3935,4453,3936,4453
3937,6990,3938,6990
3944,3309,3945,3309
3945,4543,3946,4543
3946,3518,4306,3518
3947,3512,8265,3512
3947,3512,8298,3512
3949,6841,3948,6841
3950,2926,3949,2926
3953,6832,3954,6832
3955,2925,3956,2925
3959,7940,3960,7940
3961,5620,3962,5620
3962,3301,3963,3301
3963,3298,3964,3298
3964,3299,3965,3299
3968,3300,3969,3300
3969,3296,3970,3296
3970,3297,3971,3297
3972,9792,3973,9792
3972,9792,3974,9792
3973,9802,3972,9802
3973,9802,4905,9802
3976,9800,3975,9800
3977,9804,3976,9804
3978,9799,3977,9799
3980,9796,3979,9796
3981,10124,3980,10124
3982,9795,3981,9795
3983,9794,3982,9794
3984,9793,12,9793
3984,9793,3983,9793
3985,9757,3984,9757
3986,10123,3985,10123
3987,10122,3986,10122
3988,10121,3987,10121
3989,10119,3990,10119
3989,10119,3991,10119
3990,10120,3988,10120
3990,10120,3989,10120
3991,10118,3992,10118
3991,10118,3993,10118
3992,10119,3990,10119
3992,10119,3991,10119
3993,10117,3994,10117
3993,10117,3995,10117
3994,10118,3992,10118
3994,10118,3993,10118
3995,10114,3996,10114
3995,10114,3997,10114
3996,10117,3994,10117
3996,10117,3995,10117
3997,10113,3998,10113
3997,10113,3999,10113
3998,10114,3996,10114
3998,10114,3997,10114
3999,10115,1453,10115
3999,10115,4000,10115
3999,10115,4001,10115
4000,10113,3998,10113
4000,10113,3999,10113
4001,10116,4002,10116
4001,10116,4003,10116
4002,10115,1453,10115
4002,10115,4000,10115
4002,10115,4001,10115
4003,4770,4004,4770
4003,4770,4005,4770
4004,10116,4002,10116
4004,10116,4003,10116
4005,2322,4006,2322
4005,2322,4007,2322
4006,4770,4004,4770
4006,4770,4005,4770
4007,10013,4008,10013
4007,10013,4009,10013
4008,2322,4006,2322
4008,2322,4007,2322
4009,2321,4010,2321
4009,2321,4011,2321
4010,10013,4008,10013
4010,10013,4009,10013
4011,10005,4012,10005
4011,10005,4013,10005
4012,2321,4010,2321
4012,2321,4011,2321
4013,175,4014,175
4013,175,4015,175
4014,10005,4012,10005
4014,10005,4013,10005
4015,2320,4016,2320
4015,2320,4017,2320
4016,175,4014,175
4016,175,4015,175
4017,10014,1422,10014
4017,10014,4018,10014
4017,10014,4019,10014
4018,2320,4016,2320
4018,2320,4017,2320
4019,10015,4020,10015
4019,10015,4021,10015
4020,10014,1422,10014
4020,10014,4018,10014
4020,10014,4019,10014
4021,4771,4022,4771
4021,4771,4023,4771
4022,10015,4020,10015
4022,10015,4021,10015
4023,580,4024,580
4023,580,4025,580
4024,4771,4022,4771
4024,4771,4023,4771
4025,10028,4026,10028
4025,10028,4027,10028
4026,580,4024,580
4026,580,4025,580
4027,9998,4028,9998
4027,9998,4029,9998
4028,10028,4026,10028
4028,10028,4027,10028
4029,10012,4030,10012
4029,10012,4031,10012
4030,9998,4028,9998
4030,9998,4029,9998
4031,10011,4032,10011
4031,10011,4033,10011
4032,10012,4030,10012
4032,10012,4031,10012
4033,10010,4034,10010
4033,10010,4035,10010
4034,10011,4032,10011
4034,10011,4033,10011
4035,4772,4036,4772
4035,4772,4037,4772
4036,10010,4034,10010
4036,10010,4035,10010
4037,10009,4038,10009
4037,10009,4039,10009
4038,4772,4036,4772
4038,4772,4037,4772
4039,10008,4040,10008
4039,10008,4041,10008
4040,10009,4038,10009
4040,10009,4039,10009
4041,10007,4042,10007
4041,10007,4043,10007
4042,10008,4040,10008
4042,10008,4041,10008
4043,10006,4044,10006
4043,10006,4045,10006
4044,10007,4042,10007
4044,10007,4043,10007
4045,9567,4046,9567
4045,9567,4047,9567
4046,10006,4044,10006
4046,10006,4045,10006
4047,9568,4048,9568
4047,9568,5029,9568
4048,9567,4046,9567
4048,9567,4047,9567
4049,6839,4050,6839
4050,6838,8272,6838
4051,7798,4052,7798
4051,7798,8722,7798
4052,1797,2173,1797
4052,1797,4051,1797
4052,1797,9984,1797
4053,7798,4052,7798
4053,7798,8722,7798
4054,1798,4053,1798
4055,1794,4056,1794
4056,1405,4054,1405
4056,1405,4055,1405
4057,1791,4058,1791
4058,1793,4057,1793
4060,1792,4059,1792
4061,4980,4060,4980
4068,3317,4069,3317
4071,4217,4072,4217
4075,755,4076,755
4076,603,4077,603
4077,1018,4078,1018
4078,1023,4079,1023
4079,1168,4080,1168
4080,148,4081,148
4081,9744,4082,9744
4082,265,4083,265
4086,4960,4087,4960
4088,10660,4089,10660
4094,3340,4095,3340
4097,234,4098,234
4098,4944,4099,4944
4099,5231,4100,5231
4100,9857,4101,9857
4100,9857,4102,9857
4101,5231,4100,5231
4102,9856,4103,9856
4103,1266,4104,1266
4104,9847,4105,9847
4105,5230,4106,5230
4105,5230,4107,5230
4106,9847,4105,9847
4107,11167,4108,11167
4107,11167,4109,11167
4108,5230,4106,5230
4108,5230,4107,5230
4109,9854,4110,9854
4110,9846,4111,9846
4110,9846,4112,9846
4111,9854,4110,9854
4112,9855,4113,9855
4114,5228,4115,5228
4114,5228,4116,5228
4115,5229,4114,5229
4116,5227,4117,5227
4116,5227,4118,5227
4117,5228,4115,5228
4117,5228,4116,5228
4118,5226,4119,5226
4118,5226,4120,5226
4119,5227,4117,5227
4119,5227,4118,5227
4120,5225,4121,5225
4121,9858,4122,9858
4121,9858,4123,9858
4122,5225,4121,5225
4123,1287,1796,1287
4123,1287,4124,1287
4124,9858,4122,9858
4124,9858,4123,9858
4125,6127,4126,6127
4131,6082,4132,6082
4132,6087,5347,6087
4134,6467,4135,6467
4138,2416,4139,2416
4143,2726,3495,2726
4145,2918,4144,2918
4146,2922,4145,2922
4148,7382,4149,7382
4149,2921,4150,2921
4150,3372,4151,3372
4151,2921,4150,2921
4152,3383,4153,3383
4153,3382,4154,3382
4154,4939,4155,4939
4156,11133,4157,11133
4157,8937,4158,8937
4158,3378,4159,3378
4159,3744,4181,3744
4161,3390,4162,3390
4166,3385,4167,3385
4167,5117,4168,5117
4169,3380,4170,3380
4170,8105,4171,8105
4171,11148,4172,11148
4172,6413,4173,6413
4173,3381,4174,3381
4174,11147,4175,11147
4175,3389,4176,3389
4176,5413,4177,5413
4177,3388,4178,3388
4178,11149,4179,11149
4181,3379,4182,3379
4182,5410,4183,5410
4183,8939,4184,8939
4184,8935,4185,8935
4185,8709,4186,8709
4186,5404,4187,5404
4187,8711,4188,8711
4188,8710,4189,8710
4189,3376,4190,3376
4190,8667,4191,8667
4191,3375,4192,3375
4192,11126,4193,11126
4193,5406,4194,5406
4194,4941,4195,4941
4195,3384,4196,3384
4203,3414,4204,3414
4210,3408,4211,3408
4211,8520,4212,8520
4212,3420,4208,3420
4214,3410,4215,3410
4215,3421,4216,3421
4216,2438,4217,2438
4217,2439,4218,2439
4222,3439,4223,3439
4223,4665,4224,4665
4224,3437,4225,3437
4225,3444,4226,3444
4226,3440,4227,3440
4227,4663,4228,4663
4228,3434,4229,3434
4229,3442,3861,3442
4229,3442,4230,3442
4231,3443,4232,3443
4232,4660,4233,4660
4233,9540,4234,9540
4234,3441,4235,3441
4235,3436,4236,3436
4236,7739,4237,7739
4237,9520,2890,9520
4237,9520,4238,9520
4239,2900,3876,2900
4240,2917,4241,2917
4241,2911,4242,2911
4242,4969,4243,4969
4251,1602,4252,1602
4252,3455,4253,3455
4253,6576,4254,6576
4254,1366,4255,1366
4255,3452,4256,3452
4256,3451,6425,3451
4262,10295,4263,10295
4263,10294,4264,10294
4264,2383,3115,2383
4265,1542,4266,1542
4266,1470,4267,1470
4271,9486,4272,9486
4272,1011,4375,1011
4272,1011,4376,1011
4273,432,4274,432
4273,432,4275,432
4274,9366,4273,9366
4277,9929,4278,9929
4278,1714,9981,1714
4279,1056,2044,1056
4280,2726,3495,2726
4282,3264,4281,3264
4284,1354,4285,1354
4285,7797,4283,7797
4285,7797,4284,7797
4286,1354,4285,1354
4287,3265,4286,3265
4290,6093,4291,6093
4295,3496,4296,3496
4298,4218,4299,4218
4299,10606,4300,10606
4302,3502,4303,3502
4304,3622,4305,3622
4306,6843,4307,6843
4307,4648,4308,4648
4308,6835,8251,6835
4309,9808,4310,9808
4309,9808,4311,9808
4310,880,4309,880
4310,880,9782,880
4313,3511,4314,3511
4313,3511,4315,3511
4314,3520,4312,3520
4314,3520,4313,3520
4315,4103,4316,4103
4315,4103,4317,4103
4316,3511,4314,3511
4316,3511,4315,3511
4317,1057,4318,1057
4318,6744,4319,6744
4319,470,4320,470
4320,4646,4321,4646
4321,6762,4322,6762
4321,6762,7932,6762
4322,6743,4323,6743
4323,9512,4324,9512
4324,7138,4325,7138
4325,554,4326,554
4326,7137,4327,7137
4327,6399,4328,6399
4328,7136,4329,7136
4329,3542,4330,3542
4330,6741,4331,6741
4331,3539,4332,3539
4331,3539,4437,3539
4332,6740,4333,6740
4333,4645,4334,4645
4334,6894,832,6894
4334,6894,4335,6894
4335,4643,4336,4643
4336,2071,4337,2071
4337,5357,4338,5357
4338,9140,4339,9140
4339,3551,4340,3551
4340,9139,4341,9139
4341,6760,4342,6760
4342,4642,4343,4642
4343,7433,4344,7433
4344,7633,4345,7633
4345,6742,4346,6742
4345,6742,8143,6742
4346,6821,4347,6821
4346,6821,8151,6821
4347,1047,4348,1047
4348,654,4349,654
4349,613,4350,613
4350,534,4351,534
4351,4640,4352,4640
4352,222,4353,222
4353,10663,4354,10663
4354,185,4355,185
4354,185,7355,185
4354,185,7356,185
4355,4638,4356,4638
4356,10935,4357,10935
4357,8065,4358,8065
4358,302,4359,302
4359,8064,4360,8064
4360,614,2691,614
4360,614,2692,614
4360,614,4361,614
4361,325,4362,325
4362,891,4363,891
4363,4635,4364,4635
4364,3548,7633,3548
4364,3548,7928,3548
4367,7751,4368,7751
4368,9391,4369,9391
4369,9392,4370,9392
4371,8165,4372,8165
4372,9490,4373,9490
4374,1011,4375,1011
4374,1011,4376,1011
4375,3729,4374,3729
4376,124,4377,124
4377,9491,4378,9491
4378,124,4377,124
4379,8168,4380,8168
4382,246,4383,246
4384,9482,4385,9482
4385,1922,4386,1922
4387,3226,4388,3226
4388,988,4389,988
4389,5566,4390,5566
4390,8188,4391,8188
4390,8188,6803,8188
4391,5566,4390,5566
4392,3527,4393,3527
4393,1591,4394,1591
4394,1365,4395,1365
4395,1407,4396,1407
4396,9946,4397,9946
4397,1443,2160,1443
4398,10959,4399,10959
4400,7998,4401,7998
4404,10781,4405,10781
4405,2279,4406,2279
4406,7995,4407,7995
4408,1098,6421,1098
4410,6692,4411,6692
4410,6692,4412,6692
4411,6657,4409,6657
4411,6657,4410,6657
4412,6693,4413,6693
4412,6693,4414,6693
4413,6692,4411,6692
4413,6692,4412,6692
4414,6694,4415,6694
4414,6694,4416,6694
4415,6693,4413,6693
4415,6693,4414,6693
4416,6768,4417,6768
4416,6768,4418,6768
4417,6694,4415,6694
4417,6694,4416,6694
4418,3531,4419,3531
4418,3531,4420,3531
4418,3531,8121,3531
4419,6768,4417,6768
4419,6768,4418,6768
4420,6658,4421,6658
4420,6658,4422,6658
4421,3531,4419,3531
4421,3531,4420,3531
4421,3531,8121,3531
4422,6770,4423,6770
4422,6770,4424,6770
4423,6658,4421,6658
4423,6658,4422,6658
4424,6659,4425,6659
4424,6659,4426,6659
4425,6770,4423,6770
4425,6770,4424,6770
4426,3532,4427,3532
4426,3532,4428,3532
4427,6659,4425,6659
4427,6659,4426,6659
4428,6656,4429,6656
4428,6656,4430,6656
4429,3532,4427,3532
4429,3532,4428,3532
4430,6691,4431,6691
4430,6691,4432,6691
4431,6656,4429,6656
4431,6656,4430,6656
4435,6644,3797,6644
4435,6644,4436,6644
4436,3550,7081,3550
4437,3552,4438,3552
4437,3552,7120,3552
4438,3539,4332,3539
4438,3539,4437,3539
4446,4258,4447,4258
4448,1939,4449,1939
4449,1935,4450,1935
4450,4189,4451,4189
4452,1950,4453,1950
4455,1767,4456,1767
4455,1767,5912,1767
4456,1751,4457,1751
4456,1751,9739,1751
4465,3595,4463,3595
4469,846,4470,846
4470,209,5834,209
4473,1102,4474,1102
4474,3602,4475,3602
4482,6028,4483,6028
4483,9661,4484,9661
4484,1151,4485,1151
4490,412,4491,412
4490,412,4492,412
4491,651,4489,651
4491,651,4490,651
4492,2535,4493,2535
4492,2535,4494,2535
4493,412,4491,412
4493,412,4492,412
4494,4478,4495,4478
4497,9655,4498,9655
4500,2467,4501,2467
4501,1823,4502,1823
4502,1824,4503,1824
4503,1825,4504,1825
4504,1829,3922,1829
4506,294,4507,294
4507,639,4508,639
4509,54,4510,54
4510,5809,4511,5809
4511,443,4512,443
4512,437,4513,437
4513,2778,6357,2778
4517,9807,4516,9807
4518,7093,4517,7093
4521,4781,4522,4781
4521,4781,4523,4781
4522,1493,4520,1493
4522,1493,4521,1493
4523,1643,4524,1643
4524,4781,4522,4781
4524,4781,4523,4781
4525,1643,4524,1643
4528,10263,4527,10263
4530,10264,4529,10264
4531,7600,4530,7600
4533,3633,4532,3633
4545,3656,4544,3656
4551,1731,2278,1731
4551,1731,7040,1731
4552,4859,4553,4859
4553,1639,4554,1639
4554,1533,4555,1533
4554,1533,4556,1533
4555,1639,4554,1639
4556,1732,2138,1732
4556,1732,4557,1732
4557,1627,4558,1627
4558,1732,2138,1732
4558,1732,4557,1732
4559,1627,4558,1627
4560,1420,4561,1420
4563,9889,4564,9889
4563,9889,4565,9889
4564,1599,4562,1599
4564,1599,4563,1599
4565,1531,4566,1531
4566,1341,4567,1341
4567,1531,4566,1531
4568,1341,4567,1341
4569,4860,4570,4860
4570,1741,4568,1741
4570,1741,4569,1741
4572,1677,4573,1677
4572,1677,4574,1677
4573,1730,4571,1730
4573,1730,4572,1730
4574,1339,4575,1339
4574,1339,4576,1339
4575,1677,4573,1677
4575,1677,4574,1677
4576,1635,4577,1635
4576,1635,4578,1635
4577,1339,4575,1339
4577,1339,4576,1339
4578,9462,4579,9462
4579,1635,4577,1635
4579,1635,4578,1635
4586,3680,6472,3680
4587,8258,4588,8258
4588,10221,4589,10221
4590,3709,3612,3709
4592,7387,1506,7387
4593,10232,4594,10232
4594,3712,4595,3712
4595,3713,4596,3713
4596,10198,4597,10198
4597,10199,4598,10199
4598,2105,4599,2105
4599,3708,4600,3708
4600,3710,4601,3710
4601,2104,4602,2104
4602,10197,4603,10197
4603,3711,5376,3711
4605,3749,4606,3749
4606,3567,4607,3567
4614,1085,4613,1085
4616,9905,4615,9905
4629,3776,4630,3776
4631,3772,7364,3772
4632,8574,4633,8574
4633,3668,4634,3668
4634,10839,4635,10839
4635,7049,4636,7049
4636,4922,4637,4922
4637,8134,4638,8134
4638,1030,4639,1030
4639,10840,4640,10840
4640,7048,4641,7048
4641,528,4642,528
4642,6332,4643,6332
4643,8569,4644,8569
4645,10842,4646,10842
4646,4882,4647,4882
4647,10843,4648,10843
4649,10692,4650,10692
4650,8133,4651,8133
4651,8483,4652,8483
4652,10693,4653,10693
4653,10694,4654,10694
4654,8482,4655,8482
4655,3778,4656,3778
4656,10689,4657,10689
4660,7224,2412,7224
4661,9443,7050,9443
4662,7587,4661,7587
4663,7588,4662,7588
4664,5376,4663,5376
4665,7589,4664,7589
4666,4842,4665,4842
4667,5374,4666,5374
4670,9308,4136,9308
4672,3817,7196,3817
4678,1764,2175,1764
4681,4166,4682,4166
4682,4167,4683,4167
4683,4977,4684,4977
4687,2836,4688,2836
4691,4807,4692,4807
4692,4520,4693,4520
4693,6156,4694,6156
4694,3832,6473,3832
4695,4971,4696,4971
4697,3260,4698,3260
4698,1460,4699,1460
4701,3842,4702,3842
4702,3843,4703,3843
4703,3844,4704,3844
4705,3850,4706,3850
4706,3851,4707,3851
4715,9642,4716,9642
4718,520,4719,520
4719,9645,4720,9645
4721,1075,4722,1075
4722,751,4723,751
4724,779,4725,779
4725,9619,4726,9619
4729,1088,4730,1088
4732,9650,4733,9650
4734,9652,4735,9652
4738,137,4739,137
4741,3906,4742,3906
4742,5673,4743,5673
4743,3904,4744,3904
4744,7882,8786,7882
4746,7344,4747,7344
4748,3914,4749,3914
4749,9469,4750,9469
4750,3910,4751,3910
4751,6871,4752,6871
4752,3915,4753,3915
4752,3915,8351,3915
4753,6872,8370,6872
4754,7139,4755,7139
4755,3927,4756,3927
4756,7140,4757,7140
4757,3928,4758,3928
4757,3928,4776,3928
4758,7141,4759,7141
4759,7142,4760,7142
4760,6384,4761,6384
4761,4724,4762,4724
4762,3925,4763,3925
4762,3925,4774,3925
4763,6385,4764,6385
4764,6410,4765,6410
4765,3935,4766,3935
4766,9127,4767,9127
4767,6411,4768,6411
4768,3933,78,3933
4768,3933,79,3933
4768,3933,4769,3933
4769,3931,4770,3931
4770,4725,4771,4725
4771,7078,4772,7078
4772,3934,4773,3934
4773,6825,7647,6825
4773,6825,8220,6825
4774,701,2322,701
4774,701,4775,701
4775,3925,4763,3925
4775,3925,4774,3925
4776,3929,2325,3929
4776,3929,4777,3929
4777,3928,4758,3928
4777,3928,4776,3928
4778,6755,4779,6755
4779,4587,4780,4587
4780,6747,4781,6747
4781,4586,4782,4586
4782,6748,4783,6748
4783,3944,4784,3944
4784,6756,4785,6756
4785,3940,4786,3940
4786,9130,4787,9130
4786,9130,9549,9130
4787,3943,4788,3943
4788,6754,4789,6754
4789,3936,4790,3936
4790,6753,4791,6753
4791,3939,4792,3939
4792,6757,4793,6757
4793,9524,4794,9524
4794,3937,4795,3937
4795,6749,4796,6749
4796,3938,4797,3938
4797,9599,4798,9599
4798,6750,4799,6750
4799,3942,4800,3942
4800,6758,4801,6758
4801,6751,4802,6751
4802,3930,4754,3930
4802,3930,4803,3930
4803,3941,4804,3941
4804,3945,4805,3945
4805,6752,4806,6752
4806,59,4807,59
4807,6746,4808,6746
4808,3926,4778,3926
4809,3950,3400,3950
4809,3950,3401,3950
4810,3932,2307,3932
4812,11291,4813,11291
4813,7404,4814,7404
4814,7406,4815,7406
4815,11290,4816,11290
4816,9865,4817,9865
4817,6430,4818,6430
4818,11288,4819,11288
4819,7090,4820,7090
4820,6459,7674,6459
4823,5719,4824,5719
4824,625,4825,625
4827,8209,4828,8209
4828,5510,4829,5510
4829,2184,3873,2184
4831,3896,4832,3896
4835,6066,4836,6066
4836,8039,4837,8039
4837,3321,4838,3321
4846,4970,4847,4970
4847,1261,4848,1261
4848,3984,4240,3984
4848,3984,4844,3984
4850,8054,4851,8054
4852,3988,4849,3988
4853,6931,4854,6931
4854,3990,4855,3990
4855,6926,4856,6926
4856,6927,4857,6927
4857,5628,4858,5628
4860,5899,4861,5899
4861,5424,4862,5424
4862,3995,4863,3995
4864,3992,4865,3992
4865,6928,4866,6928
4866,10639,4867,10639
4868,5895,4869,5895
4869,3994,4870,3994
4870,6933,4871,6933
4871,5896,4872,5896
4872,7225,4873,7225
4874,3379,4182,3379
4879,4505,4880,4505
4880,4600,4881,4600
4881,5037,4882,5037
4886,4021,8908,4021
4887,4051,4885,4051
4888,4046,4889,4046
4889,4052,7564,4052
4890,5428,4891,5428
4891,5427,4892,5427
4892,4039,4893,4039
4893,5835,4894,5835
4894,4044,4895,4044
4895,4042,4896,4042
4896,4045,4897,4045
4898,5914,4899,5914
4899,8397,9181,8397
4901,6002,4900,6002
4902,4018,4901,4018
4906,201,934,201
4908,6229,4909,6229
4909,9085,4910,9085
4910,6234,4911,6234
4911,6240,4912,6240
4912,6241,4913,6241
4913,6243,4914,6243
4914,6245,4915,6245
4915,6247,4916,6247
4916,11309,4917,11309
4917,11310,4918,11310
4918,6251,4919,6251
4919,6253,4920,6253
4920,11274,4921,11274
4921,6255,4922,6255
4922,6257,4923,6257
4923,6260,4924,6260
4924,9562,4925,9562
4924,9562,9600,9562
4925,6263,4926,6263
4926,6265,4927,6265
4927,4080,4928,4080
4928,4081,4929,4081
4928,4081,4934,4081
4929,4078,4930,4078
4929,4078,4986,4078
4929,4078,4987,4078
4930,4066,4931,4066
4931,9569,4932,9569
4932,4074,4933,4074
4933,9568,4048,9568
4933,9568,5029,9568
4934,4076,4988,4076
4934,4076,4989,4076
4937,6177,7421,6177
4938,6177,7421,6177
4943,9969,4944,9969
4943,9969,4945,9969
4944,10016,4942,10016
4944,10016,4943,10016
4945,7650,4946,7650
4945,7650,4947,7650
4946,9969,4944,9969
4946,9969,4945,9969
4947,1042,4948,1042
4947,1042,4949,1042
4948,7650,4946,7650
4948,7650,4947,7650
4949,7651,4950,7651
4949,7651,4951,7651
4950,1042,4948,1042
4950,1042,4949,1042
4951,6165,4952,6165
4951,6165,4953,6165
4952,7651,4950,7651
4952,7651,4951,7651
4953,7652,4954,7652
4953,7652,4955,7652
4954,6165,4952,6165
4954,6165,4953,6165
4955,10004,4956,10004
4955,10004,4957,10004
4956,7652,4954,7652
4956,7652,4955,7652
4957,7653,4958,7653
4957,7653,4959,7653
4958,10004,4956,10004
4958,10004,4957,10004
4959,7654,4960,7654
4959,7654,4961,7654
4960,7653,4958,7653
4960,7653,4959,7653
4961,7655,4962,7655
4961,7655,4963,7655
4962,7654,4960,7654
4962,7654,4961,7654
4963,7656,4964,7656
4963,7656,4965,7656
4964,7655,4962,7655
4964,7655,4963,7655
4965,11265,4966,11265
4965,11265,4967,11265
4966,7656,4964,7656
4966,7656,4965,7656
4967,6164,4968,6164
4967,6164,4969,6164
4968,11265,4966,11265
4968,11265,4967,11265
4969,9571,4970,9571
4969,9571,4971,9571
4970,6164,4968,6164
4970,6164,4969,6164
4971,11264,4972,11264
4971,11264,4973,11264
4972,9571,4970,9571
4972,9571,4971,9571
4973,9582,326,9582
4973,9582,4974,9582
4973,9582,4975,9582
4974,11264,4972,11264
4974,11264,4973,11264
4975,6163,4976,6163
4975,6163,4977,6163
4976,9582,326,9582
4976,9582,4974,9582
4976,9582,4975,9582
4977,11304,4978,11304
4977,11304,4979,11304
4978,6163,4976,6163
4978,6163,4977,6163
4979,6895,4980,6895
4979,6895,4981,6895
4980,11304,4978,11304
4980,11304,4979,11304
4981,4067,4982,4067
4981,4067,4983,4067
4981,4067,5025,4067
4982,6895,4980,6895
4982,6895,4981,6895
4983,582,4984,582
4983,582,4985,582
4983,582,5033,582
4984,4067,4982,4067
4984,4067,4983,4067
4984,4067,5025,4067
4985,4078,4930,4078
4985,4078,4986,4078
4985,4078,4987,4078
4986,582,4984,582
4986,582,4985,582
4986,582,5033,582
4987,4076,4988,4076
4987,4076,4989,4076
4988,4078,4930,4078
4988,4078,4986,4078
4988,4078,4987,4078
4989,4073,4990,4073
4989,4073,4991,4073
4990,4076,4988,4076
4990,4076,4989,4076
4991,6162,4992,6162
4991,6162,4993,6162
4992,4073,4990,4073
4992,4073,4991,4073
4993,7701,4994,7701
4993,7701,4995,7701
4994,6162,4992,6162
4994,6162,4993,6162
4995,7265,4996,7265
4995,7265,4997,7265
4996,7701,4994,7701
4996,7701,4995,7701
4997,6170,4998,6170
4997,6170,4999,6170
4998,7265,4996,7265
4998,7265,4997,7265
4999,9570,5000,9570
4999,9570,5001,9570
5000,6170,4998,6170
5000,6170,4999,6170
5001,7346,5002,7346
5001,7346,5003,7346
5002,9570,5000,9570
5002,9570,5001,9570
5003,1053,5004,1053
5003,1053,5005,1053
5004,7346,5002,7346
5004,7346,5003,7346
5005,9560,5006,9560
5005,9560,5007,9560
5006,1053,5004,1053
5006,1053,5005,1053
5007,680,5008,680
5007,680,5009,680
5008,9560,5006,9560
5008,9560,5007,9560
5009,6161,5010,6161
5009,6161,5011,6161
5010,680,5008,680
5010,680,5009,680
5011,7264,5012,7264
5011,7264,5013,7264
5012,6161,5010,6161
5012,6161,5011,6161
5013,5504,5014,5504
5013,5504,5015,5504
5014,7264,5012,7264
5014,7264,5013,7264
5015,6160,5016,6160
5015,6160,5017,6160
5016,5504,5014,5504
5016,5504,5015,5504
5017,7347,5018,7347
5017,7347,5019,7347
5018,6160,5016,6160
5018,6160,5017,6160
5019,6159,5020,6159
5019,6159,5021,6159
5020,7347,5018,7347
5020,7347,5019,7347
5021,11273,5022,11273
5021,11273,5023,11273
5022,6159,5020,6159
5022,6159,5021,6159
5023,9133,5024,9133
5024,11273,5022,11273
5024,11273,5023,11273
5025,11305,5026,11305
5026,4077,5027,4077
5027,4068,5028,4068
5028,4070,5034,4070
5029,4075,5030,4075
5030,4065,5031,4065
5030,4065,5062,4065
5031,4193,5032,4193
5032,582,4984,582
5032,582,4985,582
5032,582,5033,582
5033,4070,5034,4070
5034,11306,5035,11306
5035,4072,5036,4072
5036,11303,5037,11303
5037,11302,5038,11302
5038,6264,5039,6264
5039,6262,5040,6262
5040,11301,5041,11301
5041,6261,5042,6261
5042,9561,5043,9561
5042,9561,9601,9561
5043,6259,5044,6259
5044,6258,5045,6258
5045,6256,5046,6256
5046,6254,5047,6254
5047,6252,5048,6252
5048,6248,5049,6248
5049,6244,926,6244
5049,6244,927,6244
5049,6244,5050,6244
5050,9080,5051,9080
5051,9081,5052,9081
5052,6239,5053,6239
5053,9078,5054,9078
5054,6236,5055,6236
5055,6235,5056,6235
5056,6233,5057,6233
5056,6233,5490,6233
5057,9167,5058,9167
5058,6230,5059,6230
5059,6228,5060,6228
5060,6227,5061,6227
5061,6224,2576,6224
5062,4069,5063,4069
5063,4071,5064,4071
5064,4079,5065,4079
5065,6895,4980,6895
5065,6895,4981,6895
5067,387,5068,387
5068,8286,5069,8286
5069,314,5070,314
5070,5120,5071,5120
5072,89,5073,89
5074,34,5075,34
5075,4237,5076,4237
5076,5022,5077,5022
5077,4236,5078,4236
5078,8438,5079,8438
5079,769,5080,769
5080,4235,5081,4235
5081,1155,5082,1155
5082,3173,5083,3173
5083,4238,5084,4238
5084,4241,5085,4241
5085,4240,5086,4240
5086,326,5087,326
5087,4239,5088,4239
5088,5020,5089,5020
5089,655,5090,655
5092,4096,8861,4096
5093,7226,5094,7226
5094,6922,5095,6922
5095,8378,5096,8378
5096,8377,5097,8377
5097,4100,5098,4100
5098,4099,5099,4099
5099,4097,5100,4097
5100,4098,5101,4098
5101,6296,5102,6296
5102,4881,5103,4881
5103,6297,5104,6297
5104,10621,5105,10621
5107,6744,4319,6744
5108,4106,5109,4106
5109,4110,5110,4110
5109,4110,5180,4110
5110,4109,5111,4109
5111,4112,5112,4112
5112,10128,5113,10128
5113,4108,5114,4108
5114,10142,6776,10142
5114,10142,6777,10142
5115,4678,5116,4678
5115,4678,5117,4678
5116,10159,5115,10159
5116,10159,9725,10159
5117,5657,5118,5657
5117,5657,5119,5657
5118,4678,5116,4678
5118,4678,5117,4678
5119,5648,5120,5648
5119,5648,5121,5648
5120,5657,5118,5657
5120,5657,5119,5657
5121,123,5122,123
5121,123,5123,123
5122,5648,5120,5648
5122,5648,5121,5648
5123,5656,5124,5656
5123,5656,5125,5656
5124,123,5122,123
5124,123,5123,123
5125,5655,5126,5655
5125,5655,5127,5655
5126,5656,5124,5656
5126,5656,5125,5656
5127,5650,5128,5650
5127,5650,5129,5650
5128,5655,5126,5655
5128,5655,5127,5655
5129,5649,5130,5649
5129,5649,5131,5649
5130,5650,5128,5650
5130,5650,5129,5650
5131,10500,5132,10500
5131,10500,5133,10500
5132,5649,5130,5649
5132,5649,5131,5649
5133,5651,5134,5651
5133,5651,5135,5651
5134,10500,5132,10500
5134,10500,5133,10500
5135,5654,5136,5654
5135,5654,5137,5654
5136,5651,5134,5651
5136,5651,5135,5651
5137,5652,5138,5652
5137,5652,5139,5652
5138,5654,5136,5654
5138,5654,5137,5654
5139,4679,5140,4679
5139,4679,5141,4679
5140,5652,5138,5652
5140,5652,5139,5652
5141,7624,5142,7624
5141,7624,5143,7624
5142,4679,5140,4679
5142,4679,5141,4679
5143,5653,5144,5653
5143,5653,5145,5653
5144,7624,5142,7624
5144,7624,5143,7624
5145,10501,5146,10501
5145,10501,5147,10501
5146,5653,5144,5653
5146,5653,5145,5653
5147,10502,5148,10502
5147,10502,5149,10502
5148,10501,5146,10501
5148,10501,5147,10501
5149,10503,5150,10503
5149,10503,5151,10503
5150,10502,5148,10502
5150,10502,5149,10502
5151,10504,5152,10504
5151,10504,5153,10504
5152,10503,5150,10503
5152,10503,5151,10503
5153,10505,5154,10505
5153,10505,5155,10505
5154,10504,5152,10504
5154,10504,5153,10504
5155,10506,5156,10506
5155,10506,5157,10506
5156,10505,5154,10505
5156,10505,5155,10505
5157,1048,5158,1048
5157,1048,5159,1048
5158,10506,5156,10506
5158,10506,5157,10506
5159,9483,5160,9483
5159,9483,5161,9483
5160,1048,5158,1048
5160,1048,5159,1048
5161,10507,5162,10507
5161,10507,5163,10507
5162,9483,5160,9483
5162,9483,5161,9483
5163,10508,5164,10508
5163,10508,5165,10508
5164,10507,5162,10507
5164,10507,5163,10507
5165,10509,5166,10509
5165,10509,5167,10509
5166,10508,5164,10508
5166,10508,5165,10508
5167,9164,5168,9164
5167,9164,5169,9164
5168,10509,5166,10509
5168,10509,5167,10509
5169,10510,5170,10510
5169,10510,5171,10510
5170,9164,5168,9164
5170,9164,5169,9164
5171,10511,5172,10511
5171,10511,5173,10511
5172,10510,5170,10510
5172,10510,5171,10510
5173,10512,5174,10512
5173,10512,5175,10512
5173,10512,5525,10512
5174,10511,5172,10511
5174,10511,5173,10511
5175,11164,5176,11164
5175,11164,5177,11164
5176,10512,5174,10512
5176,10512,5175,10512
5176,10512,5525,10512
5177,11165,5178,11165
5177,11165,5521,11165
5178,11164,5176,11164
5178,11164,5177,11164
5179,4110,5110,4110
5179,4110,5180,4110
5180,3282,270,3282
5180,3282,5179,3282
5181,4124,5182,4124
5182,5180,5183,5180
5183,269,5184,269
5184,4736,5185,4736
5185,4121,5186,4121
5186,9216,5187,9216
5196,2975,5197,2975
5197,2987,5198,2987
5198,2090,5199,2090
5199,2991,5200,2991
5200,2980,5201,2980
5201,3003,5202,3003
5202,3013,5203,3013
5203,9300,5204,9300
5204,3030,5205,3030
5205,2094,5206,2094
5206,2996,5207,2996
5207,3001,5208,3001
5208,9306,5209,9306
5209,9307,5210,9307
5210,3011,5211,3011
5211,2978,5212,2978
5212,2093,5213,2093
5213,3016,5214,3016
5214,7881,5215,7881
5217,2109,5218,2109
5218,2999,5219,2999
5219,3022,3707,3022
5219,3022,5220,3022
5222,8530,5223,8530
5225,4185,5551,4185
5227,4176,5228,4176
5229,8140,5230,8140
5230,4177,9146,4177
5232,9877,7346,9877
5233,9878,5232,9878
5234,9879,5233,9879
5239,4179,5238,4179
5241,9881,5240,9881
5247,7646,5246,7646
5249,7284,5248,7284
5250,7647,5249,7647
5251,7283,5250,7283
5254,6197,5255,6197
5256,2337,5257,2337
5257,2043,5258,2043
5259,11283,5260,11283
5260,11282,5261,11282
5261,2044,5262,2044
5262,11284,5263,11284
5263,2469,5264,2469
5271,8183,5272,8183
5273,10789,5274,10789
5274,5002,5273,5002
5275,10789,5274,10789
5276,11201,5277,11201
5279,6810,5280,6810
5280,912,5279,912
5283,2368,3109,2368
5284,3809,5285,3809
5288,7816,5289,7816
5290,7829,5291,7829
5293,2333,5292,2333
5294,2331,5293,2331
5295,2334,5294,2334
5296,6194,5295,6194
5298,2314,5297,2314
5299,4142,5298,4142
5301,2312,5300,2312
5302,2313,5301,2313
5303,6193,5302,6193
5308,7710,5307,7710
5313,4208,5312,4208
5314,4143,5313,4143
5317,2067,5316,2067
5318,2197,2291,2197
5319,711,5318,711
5320,9414,5319,9414
5321,2195,5320,2195
5322,96,5321,96
5323,2194,5322,2194
5324,155,5323,155
5328,5467,3683,5467
5328,5467,5329,5467
5330,4764,5331,4764
5331,267,5332,267
5332,1214,5333,1214
5334,4249,5335,4249
5335,8338,5336,8338
5336,653,5337,653
5338,399,5339,399
5339,618,5340,618
5340,469,5341,469
5342,871,5343,871
5345,9037,5346,9037
5348,6084,5349,6084
5355,6493,5354,6493
5356,9303,5355,9303
5357,3190,5358,3190
5358,3221,5359,3221
5359,3189,5360,3189
5367,8432,5366,8432
5370,10195,5371,10195
5370,10195,5372,10195
5371,710,5370,710
5378,3789,5937,3789
5379,1495,5378,1495
5382,3790,5923,3790
5382,3790,6007,3790
5384,513,8094,513
5385,6799,5386,6799
5385,6799,5387,6799
5386,11084,5384,11084
5386,11084,5385,11084
5387,6765,5388,6765
5387,6765,5389,6765
5388,6799,5386,6799
5388,6799,5387,6799
5389,1215,5390,1215
5389,1215,5391,1215
5390,6765,5388,6765
5390,6765,5389,6765
5391,1142,5392,1142
5391,1142,7520,1142
5391,1142,7521,1142
5391,1142,7933,1142
5392,1215,5390,1215
5392,1215,5391,1215
5393,4317,8096,4317
5394,4321,5395,4321
5395,4327,5396,4327
5395,4327,8323,4327
5396,7498,5397,7498
5397,7497,5398,7497
5398,7502,5399,7502
5399,4330,5400,4330
5400,6714,5401,6714
5401,4713,5402,4713
5402,7503,5403,7503
5403,6715,5404,6715
5404,7504,5405,7504
5405,7505,5406,7505
5406,7506,5407,7506
5407,9163,5408,9163
5408,6716,5409,6716
5409,4326,5410,4326
5410,4324,5411,4324
5411,4320,5412,4320
5412,4328,5413,4328
5413,4319,5414,4319
5414,4325,5520,4325
5414,4325,8052,4325
5419,938,5418,938
5420,862,5419,862
5421,1238,5420,1238
5422,1021,5421,1021
5424,10871,5425,10871
5425,10872,5426,10872
5425,10872,5427,10872
5426,10871,5425,10871
5427,2703,5428,2703
5428,10577,5429,10577
5429,10579,5430,10579
5433,4353,5434,4353
5437,8794,5438,8794
5440,344,5441,344
5441,415,5442,415
5442,10292,5443,10292
5443,1117,5444,1117
5444,2512,5445,2512
5445,10419,5446,10419
5448,1328,4454,1328
5453,4451,5454,4451
5455,4448,5456,4448
5458,3881,5459,3881
5459,3880,5460,3880
5464,4458,5465,4458
5465,4457,5466,4457
5466,4456,5467,4456
5467,4455,5468,4455
5468,4454,5469,4454
5474,10044,5473,10044
5478,9785,5477,9785
5479,6417,5480,6417
5479,6417,5481,6417
5480,6405,5479,6405
5481,6418,5482,6418
5481,6418,5483,6418
5482,6417,5480,6417
5482,6417,5481,6417
5483,6416,5484,6416
5483,6416,5485,6416
5484,6418,5482,6418
5484,6418,5483,6418
5485,6415,5486,6415
5485,6415,5487,6415
5486,6416,5484,6416
5486,6416,5485,6416
5487,11248,5488,11248
5487,11248,5489,11248
5488,6415,5486,6415
5488,6415,5487,6415
5489,6233,5057,6233
5489,6233,5490,6233
5490,11248,5488,11248
5490,11248,5489,11248
5491,4489,5492,4489
5492,4490,5493,4490
5502,2030,5501,2030
5504,4150,5505,4150
5505,4151,5506,4151
5506,4152,5507,4152
5507,11228,5508,11228
5508,4153,5509,4153
5509,5088,5510,5088
5510,5089,5511,5089
5511,5096,5512,5096
5512,5097,5513,5097
5515,4148,5516,4148
5516,11230,5517,11230
5518,4146,5519,4146
5520,3921,8823,3921
5520,3921,9554,3921
5521,4537,8824,4537
5521,4537,9555,4537
5522,4539,5523,4539
5523,4536,5524,4536
5524,11164,5176,11164
5524,11164,5177,11164
5525,4540,5526,4540
5526,6784,5527,6784
5527,6785,8825,6785
5534,3262,5533,3262
5537,1257,5536,1257
5539,6953,5540,6953
5541,1273,5542,1273
5551,5362,6483,5362
5559,9775,7277,9775
5559,9775,7307,9775
5561,9398,5562,9398
5563,6880,5564,6880
5565,9401,5566,9401
5567,9397,5568,9397
5568,9396,5569,9396
5570,9425,5571,9425
5571,7044,5572,7044
5572,1539,5573,1539
5573,4855,5574,4855
5574,1580,5575,1580
5575,1607,5576,1607
5576,1603,5577,1603
5578,1564,5579,1564
5579,9424,5580,9424
5582,1496,5583,1496
5584,9421,5585,9421
5586,1728,5587,1728
5586,1728,5588,1728
5587,1664,5586,1664
5590,3552,4438,3552
5590,3552,7120,3552
5591,6140,5592,6140
5591,6140,5593,6140
5591,6140,7017,6140
5591,6140,7022,6140
5592,6143,5590,6143
5592,6143,5591,6143
5593,6151,5594,6151
5593,6151,5595,6151
5594,6140,5592,6140
5594,6140,5593,6140
5594,6140,7017,6140
5594,6140,7022,6140
5595,6142,5596,6142
5595,6142,5597,6142
5595,6142,7021,6142
5596,6151,5594,6151
5596,6151,5595,6151
5597,6150,5598,6150
5597,6150,5599,6150
5598,6142,5596,6142
5598,6142,5597,6142
5598,6142,7021,6142
5599,4501,5600,4501
5599,4501,5601,4501
5600,6150,5598,6150
5600,6150,5599,6150
5601,4502,5602,4502
5601,4502,5603,4502
5602,4501,5600,4501
5602,4501,5601,4501
5603,6982,5604,6982
5603,6982,5605,6982
5604,4502,5602,4502
5604,4502,5603,4502
5605,6146,5606,6146
5605,6146,5607,6146
5606,6982,5604,6982
5606,6982,5605,6982
5607,6147,5608,6147
5607,6147,5609,6147
5608,6146,5606,6146
5608,6146,5607,6146
5609,4578,5610,4578
5609,4578,5611,4578
5610,6147,5608,6147
5610,6147,5609,6147
5611,6148,5612,6148
5611,6148,5613,6148
5612,4578,5610,4578
5612,4578,5611,4578
5613,4579,1572,4579
5613,4579,1573,4579
5613,4579,5614,4579
5614,6148,5612,6148
5614,6148,5613,6148
5615,4583,5616,4583
5616,4584,5617,4584
5617,4585,5618,4585
5618,4586,4782,4586
5619,9526,5620,9526
5619,9526,5621,9526
5620,9525,5615,9525
5620,9525,5619,9525
5621,4721,5622,4721
5621,4721,5623,4721
5622,9526,5620,9526
5622,9526,5621,9526
5623,9527,5624,9527
5623,9527,5625,9527
5624,4721,5622,4721
5624,4721,5623,4721
5625,9559,5626,9559
5625,9559,5627,9559
5626,9527,5624,9527
5626,9527,5625,9527
5627,9528,5628,9528
5627,9528,5629,9528
5628,9559,5626,9559
5628,9559,5627,9559
5629,9557,5630,9557
5629,9557,5631,9557
5629,9557,9599,9557
5630,9528,5628,9528
5630,9528,5629,9528
5631,9529,5632,9529
5631,9529,5633,9529
5632,9557,5630,9557
5632,9557,5631,9557
5632,9557,9599,9557
5633,9530,5634,9530
5633,9530,5635,9530
5634,9529,5632,9529
5634,9529,5633,9529
5635,9531,5636,9531
5635,9531,5637,9531
5636,9530,5634,9530
5636,9530,5635,9530
5637,9532,5638,9532
5637,9532,5639,9532
5638,9531,5636,9531
5638,9531,5637,9531
5639,9533,5640,9533
5639,9533,5641,9533
5640,9532,5638,9532
5640,9532,5639,9532
5641,9534,5642,9534
5641,9534,5643,9534
5642,9533,5640,9533
5642,9533,5641,9533
5643,9535,5644,9535
5643,9535,5645,9535
5644,9534,5642,9534
5644,9534,5643,9534
5645,9537,511,9537
5645,9537,5646,9537
5646,9535,5644,9535
5646,9535,5645,9535
5648,1016,5649,1016
5650,21,5651,21
5651,4524,5652,4524
5652,227,5653,227
5656,1111,5659,1111
5660,5765,5661,5765
5663,4558,5664,4558
5664,3769,2367,3769
5666,5745,5667,5745
5667,5747,5668,5747
5669,1756,2624,1756
5671,4857,5670,4857
5673,1391,5672,1391
5675,3971,5676,3971
5676,6354,1892,6354
5676,6354,5677,6354
5679,4511,5680,4511
5684,4710,5685,4710
5687,4705,5688,4705
5690,6349,5691,6349
5691,4025,5692,4025
5692,8128,6881,8128
5693,5841,5694,5841
5694,4949,5695,4949
5695,5842,5696,5842
5696,5843,5697,5843
5697,5844,5698,5844
5698,4043,5699,4043
5699,4952,6922,4952
5700,8447,5701,8447
5703,4555,5704,4555
5717,8577,5718,8577
5718,8576,5719,8576
5720,5060,5721,5060
5723,9035,5724,9035
5727,1336,2099,1336
5727,1336,5728,1336
5728,1703,5729,1703
5729,1387,5730,1387
5729,1387,5731,1387
5730,1703,5729,1703
5731,1704,5732,1704
5731,1704,5733,1704
5732,1387,5730,1387
5732,1387,5731,1387
5733,1696,5734,1696
5733,1696,9987,1696
5734,1711,5735,1711
5734,1711,5736,1711
5734,1711,9996,1711
5735,1696,5734,1696
5735,1696,9987,1696
5736,7129,5737,7129
5737,10284,5738,10284
5740,1693,5741,1693
5741,5107,5742,5107
5741,5107,5743,5107
5742,1693,5741,1693
5743,1694,5744,1694
5744,4133,5745,4133
5745,5558,5746,5558
5747,7905,5748,7905
5747,7905,5749,7905
5748,7906,5747,7906
5748,7906,8842,7906
5749,5108,5750,5108
5749,5108,5751,5108
5750,7905,5748,7905
5750,7905,5749,7905
5751,9161,5752,9161
5751,9161,5753,9161
5752,5108,5750,5108
5752,5108,5751,5108
5753,9162,5754,9162
5753,9162,8839,9162
5754,9161,5752,9161
5754,9161,5753,9161
5760,5109,5761,5109
5763,2120,5764,2120
5764,1851,5765,1851
5765,2806,5766,2806
5766,1850,5767,1850
5767,5700,5768,5700
5768,5701,5769,5701
5769,1848,9150,1848
5770,2070,5771,2070
5774,6713,5759,6713
5774,6713,5773,6713
5777,1544,5778,1544
5778,9305,5776,9305
5778,9305,5777,9305
5779,1544,5778,1544
5780,9288,5779,9288
5781,1526,5780,1526
5782,6522,5781,6522
5783,1702,5782,1702
5786,6586,5787,6586
5791,3813,5792,3813
5792,1458,5793,1458
5794,1456,6074,1456
5795,1536,5796,1536
5796,1615,5797,1615
5797,1537,5798,1537
5799,5350,5800,5350
5800,2544,5801,2544
5805,4672,5806,4672
5808,2531,5809,2531
5810,102,5811,102
5811,9552,5812,9552
5812,9553,5813,9553
5814,10064,5815,10064
5815,9555,5816,9555
5817,826,5818,826
5818,6037,5819,6037
5819,6036,5820,6036
5820,78,5821,78
5821,9606,5822,9606
5822,9612,5823,9612
5823,9614,5824,9614
5824,2536,5825,2536
5827,10107,5828,10107
5828,9607,5829,9607
5832,9596,5833,9596
5833,10089,9712,10089
5842,1682,2155,1682
5843,1383,5842,1383
5844,3261,5843,3261
5845,1637,5844,1637
5846,1378,5845,1378
5847,10355,5848,10355
5849,1686,5850,1686
5851,4853,5852,4853
5855,2651,5856,2651
5856,2660,5857,2660
5857,6664,5858,6664
5857,6664,7795,6664
5858,6612,7784,6612
5858,6612,9870,6612
5862,2927,5863,2927
5863,8072,5864,8072
5864,11055,5865,11055
5865,388,5866,388
5866,4615,5867,4615
5867,11056,5868,11056
5868,2928,5869,2928
5869,6595,5870,6595
5870,6680,5871,6680
5871,6432,28,6432
5871,6432,5872,6432
5872,11104,5873,11104
5873,4616,5874,4616
5874,11103,5875,11103
5875,1147,5876,1147
5876,815,5877,815
5877,11110,5878,11110
5877,11110,7810,11110
5877,11110,7811,11110
5878,7363,5879,7363
5879,2701,5880,2701
5880,2696,5881,2696
5881,6204,5882,6204
5882,4617,5883,4617
5883,350,5884,350
5884,11100,5885,11100
5885,400,8091,400
5887,5153,5886,5153
5891,2881,5892,2881
5892,1395,5893,1395
5893,1750,5894,1750
5894,1532,5895,1532
5896,1727,5897,1727
5900,1765,2627,1765
5900,1765,5901,1765
5901,1396,5902,1396
5902,4906,5903,4906
5904,1766,5795,1766
5904,1766,5914,1766
5906,6472,5907,6472
5908,2883,5906,2883
5910,9394,5911,9394
5911,1767,4456,1767
5911,1767,5912,1767
5913,3798,4668,3798
5914,9930,5915,9930
5915,4626,5916,4626
5916,1740,5917,1740
5917,1695,5918,1695
5918,1749,5673,1749
5918,1749,7037,1749
5919,6456,5920,6456
5922,9251,5995,9251
5923,9252,5922,9252
5927,4830,5928,4830
5929,650,5930,650
5932,523,5933,523
5933,8387,5934,8387
5934,8386,5935,8386
5937,4125,5938,4125
5940,6526,5941,6526
5942,6911,5943,6911
5942,6911,8405,6911
5943,5166,5944,5166
5944,6524,5945,6524
5945,6907,5946,6907
5946,6908,5947,6908
5947,5167,5948,5167
5949,6912,5950,6912
5951,6909,8409,6909
5956,9443,7050,9443
5958,9447,5959,9447
5960,9427,5961,9427
5961,9428,5962,9428
5966,3790,5923,3790
5966,3790,6007,3790
5968,6513,5969,6513
5968,6513,5970,6513
5969,9258,5967,9258
5969,9258,5968,9258
5970,9254,5971,9254
5970,9254,5972,9254
5971,6513,5969,6513
5971,6513,5970,6513
5972,9257,5973,9257
5973,1748,5974,1748
5974,9257,5973,9257
5975,1616,5976,1616
5976,9256,5975,9256
5977,9253,5978,9253
5978,1557,5977,1557
5979,9253,5978,9253
5980,9255,2437,9255
5980,9255,5979,9255
5981,1504,5980,1504
5982,1397,5981,1397
5983,1380,5984,1380
5984,9412,5983,9412
5986,6500,5985,6500
5987,9304,5986,9304
5988,9281,5987,9281
5989,9280,5988,9280
5990,9302,5989,9302
5991,6515,5990,6515
5992,4228,5993,4228
5993,9279,5991,9279
5993,9279,5992,9279
5994,4228,5993,4228
5995,6489,5994,6489
5996,9208,5997,9208
5997,9209,5998,9209
5998,9210,5999,9210
6000,9212,6001,9212
6001,9213,6002,9213
6002,9214,2297,9214
6003,6511,6004,6511
6005,6510,6006,6510
6006,9206,5381,9206
6007,3795,6008,3795
6008,4805,6009,4805
6012,5190,6013,5190
6015,5189,6016,5189
6020,5188,6021,5188
6025,9274,6024,9274
6026,9275,6025,9275
6027,6026,6028,6026
6028,6025,6026,6025
6028,6025,6027,6025
6029,6026,6028,6026
6030,348,6029,348
6036,5313,6037,5313
6038,5307,6039,5307
6039,9687,4479,9687
6039,9687,6040,9687
6042,517,6043,517
6044,1220,6045,1220
6047,327,6048,327
6048,902,6049,902
6050,250,6051,250
6052,292,6053,292
6053,8817,6054,8817
6056,1783,3213,1783
6056,1783,6070,1783
6057,1763,6058,1763
6057,1763,6059,1763
6058,1692,6057,1692
6059,6478,8859,6478
6060,6478,8859,6478
6061,1413,6062,1413
6062,4848,6063,4848
6063,1770,6064,1770
6063,1770,7258,1770
6066,5379,6065,5379
6067,1769,6066,1769
6068,1773,5860,1773
6068,1773,6078,1773
6069,1783,3213,1783
6069,1783,6070,1783
6070,4847,6068,4847
6070,4847,6069,4847
6072,3478,6073,3478
6073,8190,6579,8190
6074,1733,6075,1733
6075,4989,6076,4989
6076,2906,6077,2906
6077,1773,5860,1773
6077,1773,6078,1773
6078,1527,6079,1527
6082,1463,3217,1463
6082,1463,6083,1463
6083,4903,6084,4903
6084,6509,6085,6509
6085,1423,6086,1423
6087,6479,6088,6479
6088,1425,6089,1425
6089,4904,6090,4904
6091,2388,5789,2388
6093,3059,6094,3059
6094,5606,6095,5606
6095,360,6096,360
6096,1071,6097,1071
6098,7876,6099,7876
6098,7876,8779,7876
6099,9054,6100,9054
6102,8541,6103,8541
6103,3728,6104,3728
6104,994,6105,994
6106,8590,6107,8590
6107,2173,6108,2173
6109,500,6110,500
6110,8896,6111,8896
6111,1096,6112,1096
6112,8923,6113,8923
6115,8879,6116,8879
6116,2175,6117,2175
6117,10494,6118,10494
6118,110,6119,110
6119,8881,6120,8881
6120,8880,6121,8880
6121,8868,6122,8868
6122,8869,6123,8869
6123,2176,6124,2176
6124,8648,6125,8648
6125,450,6126,450
6126,8649,6127,8649
6127,8646,6128,8646
6128,7731,6129,7731
6129,884,6130,884
6130,833,6131,833
6131,837,6132,837
6132,3887,6133,3887
6133,8589,6134,8589
6134,55,6135,55
6135,8588,6136,8588
6136,8501,6137,8501
6137,8494,6138,8494
6138,8499,6139,8499
6140,698,6141,698
6141,8407,6142,8407
6143,8406,6144,8406
6145,785,6146,785
6146,633,6147,633
6153,154,6154,154
6154,9341,6155,9341
6155,1970,2599,1970
6155,1970,6156,1970
6156,9344,6157,9344
6157,1087,6158,1087
6161,7885,8817,7885
6164,5342,6165,5342
6165,5341,6166,5341
6166,5340,6167,5340
6167,5339,6168,5339
6168,5338,6169,5338
6169,3360,5330,3360
6172,5332,3733,5332
6174,6031,6175,6031
6175,7959,8910,7959
6179,5328,6180,5328
6182,9680,6183,9680
6183,5300,6184,5300
6183,5300,7569,5300
6184,5297,6185,5297
6185,9963,6186,9963
6186,5295,6187,5295
6187,5294,6188,5294
6188,5292,6189,5292
6189,5290,6190,5290
6190,5288,6191,5288
6191,5286,6192,5286
6192,6319,6193,6319
6193,507,6194,507
6194,5284,6195,5284
6195,6320,6196,6320
6196,9936,6197,9936
6197,5282,6198,5282
6198,6321,6199,6321
6199,5281,6200,5281
6200,5280,6201,5280
6201,5277,6202,5277
6202,5276,6203,5276
6203,10125,6204,10125
6204,7232,6205,7232
6205,10127,6206,10127
6206,5275,6207,5275
6207,10126,6208,10126
6208,6322,6209,6322
6209,7233,6210,7233
6210,5274,6211,5274
6211,5273,6212,5273
6212,5272,6213,5272
6213,5271,6214,5271
6214,6324,6215,6324
6215,6323,6216,6323
6216,5270,6217,5270
6217,5268,6218,5268
6218,6325,6219,6325
6219,5267,6220,5267
6220,6326,6221,6326
6222,5264,6223,5264
6223,5262,6224,5262
6224,5261,1752,5261
6224,5261,6225,5261
6225,5259,6226,5259
6226,746,6227,746
6227,5258,6228,5258
6228,5257,6229,5257
6229,5256,6230,5256
6230,5255,6231,5255
6231,5254,6232,5254
6232,5253,6233,5253
6233,5251,6234,5251
6234,5250,6235,5250
6235,5248,6236,5248
6236,5246,6237,5246
6237,8743,6238,8743
6239,5550,6240,5550
6240,6329,6241,6329
6241,5243,6242,5243
6242,5242,6243,5242
6243,8853,6244,8853
6244,5240,6245,5240
6245,649,6246,649
6246,8751,6247,8751
6249,10759,6250,10759
6252,1143,4400,1143
6252,1143,8976,1143
6253,2688,6254,2688
6254,1026,6255,1026
6256,4630,6257,4630
6257,10531,6258,10531
6267,7501,6268,7501
6267,7501,6269,7501
6268,6605,2655,6605
6268,6605,6267,6605
6269,7491,6270,7491
6269,7491,6271,7491
6270,7501,6268,7501
6270,7501,6269,7501
6271,7500,6272,7500
6271,7500,6273,7500
6272,7491,6270,7491
6272,7491,6271,7491
6273,7499,6274,7499
6273,7499,6275,7499
6274,7500,6272,7500
6274,7500,6273,7500
6275,7490,6276,7490
6275,7490,6277,7490
6276,7499,6274,7499
6276,7499,6275,7499
6277,6698,6278,6698
6277,6698,6279,6698
6278,7490,6276,7490
6278,7490,6277,7490
6279,7496,6280,7496
6279,7496,6281,7496
6280,6698,6278,6698
6280,6698,6279,6698
6281,7495,6282,7495
6281,7495,6283,7495
6282,7496,6280,7496
6282,7496,6281,7496
6283,7494,6284,7494
6283,7494,6285,7494
6284,7495,6282,7495
6284,7495,6283,7495
6285,7511,6286,7511
6285,7511,6287,7511
6286,7494,6284,7494
6286,7494,6285,7494
6287,7510,6288,7510
6287,7510,6289,7510
6288,7511,6286,7511
6288,7511,6287,7511
6289,7493,6290,7493
6289,7493,6291,7493
6290,7510,6288,7510
6290,7510,6289,7510
6291,7492,6292,7492
6291,7492,6293,7492
6292,7493,6290,7493
6292,7493,6291,7493
6293,946,6294,946
6293,946,7940,946
6293,946,7964,946
6293,946,8025,946
6294,7492,6292,7492
6294,7492,6293,7492
6295,8067,6296,8067
6295,8067,6297,8067
6296,145,2709,145
6296,145,3447,145
6296,145,3448,145
6296,145,6295,145
6297,8068,6298,8068
6297,8068,6299,8068
6298,8067,6296,8067
6298,8067,6297,8067
6299,10908,6300,10908
6299,10908,6301,10908
6300,8068,6298,8068
6300,8068,6299,8068
6301,10909,788,10909
6301,10909,6302,10909
6301,10909,7451,10909
6302,10908,6300,10908
6302,10908,6301,10908
6303,6059,6304,6059
6306,338,6251,338
6306,338,6252,338
6306,338,6307,338
6307,10779,6308,10779
6309,10777,6310,10777
6311,1808,7506,1808
6313,10747,6314,10747
6314,10749,6315,10749
6315,10761,6316,10761
6316,10717,847,10717
6316,10717,848,10717
6316,10717,6317,10717
6317,10670,6318,10670
6318,10753,6319,10753
6318,10753,7467,10753
6318,10753,9802,10753
6319,10765,6320,10765
6320,5011,6321,5011
6321,1003,6322,1003
6321,1003,7999,1003
6321,1003,8000,1003
6322,2691,6323,2691
6323,2692,6324,2692
6324,1277,6325,1277
6325,5012,6326,5012
6326,10950,6327,10950
6327,6703,6328,6703
6328,6687,6329,6687
6328,6687,6417,6687
6329,6688,236,6688
6329,6688,6398,6688
6330,457,6331,457
6330,457,6332,457
6331,2626,3281,2626
6331,2626,6330,2626
6332,10899,6333,10899
6332,10899,6334,10899
6333,457,6331,457
6333,457,6332,457
6334,10900,6335,10900
6334,10900,6336,10900
6335,10899,6333,10899
6335,10899,6334,10899
6336,2663,6337,2663
6336,2663,6338,2663
6337,10900,6335,10900
6337,10900,6336,10900
6338,1161,1705,1161
6338,1161,1706,1161
6338,1161,6339,1161
6338,1161,6340,1161
6339,2663,6337,2663
6339,2663,6338,2663
6340,6428,6341,6428
6341,1161,1705,1161
6341,1161,1706,1161
6341,1161,6339,1161
6341,1161,6340,1161
6345,2562,6346,2562
6346,4466,6347,4466
6349,10297,6350,10297
6351,2832,6352,2832
6352,2838,6356,2838
6353,924,6354,924
6354,118,6355,118
6355,1300,1919,1300
6359,1849,6360,1849
6361,5755,6362,5755
6363,2452,6364,2452
6364,1841,6365,1841
6366,5713,6367,5713
6367,2459,6368,2459
6368,2461,8750,2461
6369,7861,8763,7861
6370,7862,6371,7862
6371,7863,6372,7863
6376,2240,6377,2240
6381,419,6382,419
6382,5698,6383,5698
6383,636,6384,636
6384,5699,6385,5699
6385,898,6386,898
6386,2895,6387,2895
6387,136,6484,136
6389,128,6390,128
6390,4513,6391,4513
6392,11041,6393,11041
6392,11041,7841,11041
6393,6631,6394,6631
6394,6634,6395,6634
6395,198,6396,198
6396,2667,6397,2667
6397,2672,3384,2672
6398,6684,6399,6684
6399,5013,6400,5013
6400,4332,6401,4332
6401,2609,6402,2609
6402,6875,6403,6875
6403,10929,6404,10929
6404,6652,7821,6652
6404,6652,7827,6652
6405,2746,6406,2746
6406,2738,6405,2738
6406,2738,8739,2738
6407,2521,6408,2521
6408,2522,6409,2522
6409,9493,6410,9493
6413,10967,6414,10967
6414,4612,6415,4612
6415,6683,6416,6683
6416,6687,6329,6687
6416,6687,6417,6687
6417,6686,6418,6686
6418,6685,328,6685
6418,6685,6419,6685
6419,4717,6420,4717
6420,2015,2648,2015
6421,1551,6422,1551
6422,4961,6423,4961
6425,10783,6426,10783
6426,4739,6427,4739
6427,3996,6428,3996
6428,3997,6429,3997
6429,4337,6430,4337
6430,10583,6431,10583
6431,4738,6432,4738
6432,10584,6433,10584
6433,10582,6434,10582
6435,9064,6436,9064
6436,9065,6435,9065
6437,921,6438,921
6438,7301,6439,7301
6443,7303,6444,7303
6445,4668,6446,4668
6447,9273,6448,9273
6451,9262,6452,9262
6458,5799,6843,5799
6459,2764,6460,2764
6461,111,6462,111
6462,10330,6463,10330
6463,2481,6464,2481
6464,10460,6465,10460
6467,3399,6468,3399
6468,3398,6469,3398
6469,3401,6470,3401
6471,10088,9711,10088
6473,5235,6474,5235
6474,3835,6475,3835
6475,3833,6476,3833
6476,3836,6477,3836
6477,4910,6478,4910
6478,3834,6479,3834
6479,2892,6480,2892
6484,5789,6485,5789
6487,5407,6488,5407
6499,7815,6500,7815
6504,10697,6505,10697
6505,6333,6506,6333
6507,6992,6508,6992
6508,10837,6509,10837
6512,8569,4644,8569
6518,8213,6517,8213
6520,4028,6521,4028
6521,5834,6522,5834
6522,5426,6523,5426
6523,4038,6524,4038
6525,5840,6526,5840
6526,5431,6527,5431
6527,4949,5695,4949
6529,5430,6530,5430
6530,4041,6528,4041
6530,4041,6529,4041
6531,5430,6530,5430
6532,8467,6531,8467
6534,1032,6533,1032
6535,8418,6534,8418
6536,8154,6535,8154
6537,4092,6536,4092
6538,4094,6537,4094
6541,10611,6540,10611
6542,341,6543,341
6543,10612,6542,10612
6545,10617,6544,10617
6551,8056,6552,8056
6552,8058,6553,8058
6554,3715,6555,3715
6555,8059,6556,8059
6556,10225,6557,10225
6557,10226,6558,10226
6558,3704,6559,3704
6559,10228,6560,10228
6560,10227,6561,10227
6561,8226,6562,8226
6562,10229,6563,10229
6563,2106,6564,2106
6564,10230,6565,10230
6565,3700,6566,3700
6566,10231,6567,10231
6570,3479,2450,3479
6570,3479,6571,3479
6571,3485,6572,3485
6572,3483,6573,3483
6573,5458,6574,5458
6574,7746,6575,7746
6576,5462,6577,5462
6577,4697,6578,4697
6578,3474,7372,3474
6585,3691,6586,3691
6587,3696,6588,3696
6588,525,7446,525
6590,1788,6591,1788
6591,1789,9994,1789
6592,1333,6593,1333
6592,1333,7202,1333
6594,10347,6595,10347
6597,5483,2084,5483
6598,6251,4919,6251
6599,6249,6600,6249
6599,6249,6601,6249
6600,6250,6598,6250
6600,6250,6599,6250
6601,11308,6602,11308
6601,11308,6603,11308
6602,6249,6600,6249
6602,6249,6601,6249
6603,6246,6604,6246
6603,6246,6605,6246
6604,11308,6602,11308
6604,11308,6603,11308
6605,11307,6606,11307
6605,11307,6607,11307
6606,6246,6604,6246
6606,6246,6605,6246
6607,11242,6608,11242
6607,11242,6609,11242
6608,11307,6606,11307
6608,11307,6607,11307
6609,9563,6610,9563
6609,9563,6611,9563
6610,11242,6608,11242
6610,11242,6609,11242
6611,9564,1287,9564
6611,9564,6612,9564
6612,9563,6610,9563
6612,9563,6611,9563
6613,5509,6614,5509
6613,5509,6615,5509
6614,6763,6613,6763
6614,6763,7127,6763
6615,2281,6616,2281
6615,2281,6617,2281
6616,5509,6614,5509
6616,5509,6615,5509
6617,9508,6618,9508
6617,9508,6619,9508
6618,2281,6616,2281
6618,2281,6617,2281
6619,2282,6620,2282
6619,2282,6621,2282
6620,9508,6618,9508
6620,9508,6619,9508
6621,9507,6622,9507
6621,9507,6623,9507
6622,2282,6620,2282
6622,2282,6621,2282
6623,9509,6624,9509
6623,9509,6625,9509
6624,9507,6622,9507
6624,9507,6623,9507
6625,6358,6626,6358
6625,6358,6627,6358
6626,9509,6624,9509
6626,9509,6625,9509
6627,2283,6628,2283
6627,2283,6629,2283
6628,6358,6626,6358
6628,6358,6627,6358
6629,10130,6630,10130
6629,10130,6631,10130
6630,2283,6628,2283
6630,2283,6629,2283
6631,10131,6632,10131
6631,10131,6633,10131
6632,10130,6630,10130
6632,10130,6631,10130
6633,2284,6634,2284
6633,2284,6635,2284
6634,10131,6632,10131
6634,10131,6633,10131
6635,10132,6636,10132
6635,10132,6637,10132
6636,2284,6634,2284
6636,2284,6635,2284
6637,4114,6638,4114
6637,4114,6639,4114
6638,10132,6636,10132
6638,10132,6637,10132
6639,10133,6640,10133
6639,10133,6641,10133
6640,4114,6638,4114
6640,4114,6639,4114
6641,2285,267,2285
6641,2285,6642,2285
6642,10133,6640,10133
6642,10133,6641,10133
6643,10320,6644,10320
6645,7218,6646,7218
6646,7216,6647,7216
6647,9406,6648,9406
6648,7212,6649,7212
6651,5513,6652,5513
6653,7215,6654,7215
6655,7213,6656,7213
6656,7855,9737,7855
6657,4594,6658,4594
6659,5244,6660,5244
6660,5549,6661,5549
6662,8858,6663,8858
6663,5247,6664,5247
6665,9221,6666,9221
6668,5145,6669,5145
6669,3603,6670,3603
6670,5260,1753,5260
6670,5260,6671,5260
6671,4596,6672,4596
6672,5263,6673,5263
6675,5269,6676,5269
6679,5285,6680,5285
6680,5287,723,5287
6681,5291,6682,5291
6683,5298,6684,5298
6684,5299,6685,5299
6684,5299,7570,5299
6687,8788,6688,8788
6688,5858,6689,5858
6689,5857,6690,5857
6691,5517,6692,5517
6693,5518,6694,5518
6694,8708,6695,8708
6695,5969,6696,5969
6696,5970,6697,5970
6697,8669,9332,8669
6699,5519,6700,5519
6700,5973,6701,5973
6701,5520,6702,5520
6702,6019,6703,6019
6703,5972,6704,5972
6704,5521,6705,5521
6705,5988,6706,5988
6706,5856,6707,5856
6708,5525,6709,5525
6709,5443,6710,5443
6712,5529,6713,5529
6713,8491,6714,8491
6715,5526,6716,5526
6717,5533,6718,5533
6719,5530,6720,5530
6720,4048,4887,4048
6721,5534,6722,5534
6722,8729,6723,8729
6723,8789,6724,8789
6726,5689,6727,5689
6727,5536,6728,5536
6728,5038,6729,5038
6732,5853,6733,5853
6736,161,1994,161
6739,3293,6740,3293
6740,3292,6741,3292
6741,4657,6742,4657
6742,6847,6743,6847
6743,6846,6744,6846
6744,3306,6745,3306
6745,9803,6746,9803
6746,6851,6747,6851
6747,3307,6748,3307
6748,6849,6749,6849
6749,6853,6750,6853
6750,4541,6751,4541
6751,6855,6752,6855
6752,2926,3949,2926
6753,5624,6754,5624
6754,5625,6755,5625
6756,6401,7143,6401
6757,5015,6756,5015
6758,9738,6757,9738
6763,6672,6764,6672
6763,6672,6765,6672
6764,10143,6762,10143
6764,10143,6763,10143
6765,10141,6766,10141
6765,10141,6767,10141
6766,6672,6764,6672
6766,6672,6765,6672
6767,10136,6768,10136
6767,10136,6769,10136
6768,10141,6766,10141
6768,10141,6767,10141
6769,10140,6770,10140
6769,10140,6771,10140
6770,10136,6768,10136
6770,10136,6769,10136
6771,10135,6772,10135
6771,10135,6773,10135
6772,10140,6770,10140
6772,10140,6771,10140
6773,2131,262,2131
6773,2131,6774,2131
6773,2131,6775,2131
6774,10135,6772,10135
6774,10135,6773,10135
6775,10142,6776,10142
6775,10142,6777,10142
6776,2131,262,2131
6776,2131,6774,2131
6776,2131,6775,2131
6777,7026,6778,7026
6777,7026,6779,7026
6778,10142,6776,10142
6778,10142,6777,10142
6779,7025,6780,7025
6779,7025,6781,7025
6780,7026,6778,7026
6780,7026,6779,7026
6781,5668,6782,5668
6781,5668,7181,5668
6782,7025,6780,7025
6782,7025,6781,7025
6783,1130,6784,1130
6786,9319,6153,9319
6787,9320,6786,9320
6788,2401,9104,2401
6789,3470,6788,3470
6790,595,6791,595
6790,595,6792,595
6791,6282,6789,6282
6791,6282,6790,6282
6792,6381,6793,6381
6793,595,6791,595
6793,595,6792,595
6794,6381,6793,6381
6795,9467,6796,9467
6796,9465,6797,9465
6797,9467,6796,9467
6798,9465,6797,9465
6799,9466,2027,9466
6799,9466,6798,9466
6800,5497,6799,5497
6801,8186,6800,8186
6802,8188,4391,8188
6802,8188,6803,8188
6803,5567,6801,5567
6803,5567,6802,5567
6804,8188,4391,8188
6804,8188,6803,8188
6805,9468,6804,9468
6806,8189,6807,8189
6806,8189,7448,8189
6807,8187,6805,8187
6807,8187,6806,8187
6814,8554,6815,8554
6816,5864,6868,5864
6816,5864,8907,5864
6817,5685,6818,5685
6818,5850,6819,5850
6820,8539,6821,8539
6822,4055,5496,4055
6823,8554,6815,8554
6824,5751,6825,5751
6827,5760,6828,5760
6828,5761,6829,5761
6830,5722,6831,5722
6831,5723,6832,5723
6832,5724,6833,5724
6835,5736,6836,5736
6839,2817,6840,2817
6846,2745,6847,2745
6851,4050,6852,4050
6852,5441,6853,5441
6854,5854,6855,5854
6855,5541,6856,5541
6856,5542,6857,5542
6857,8573,6858,8573
6858,5543,6859,5543
6859,6011,6860,6011
6860,5544,6861,5544
6861,5041,6862,5041
6862,5545,6863,5545
6864,8733,6865,8733
6865,5546,6866,5546
6866,8732,6867,8732
6868,5847,6869,5847
6869,4032,6870,4032
6870,5432,6871,5432
6873,4054,6874,4054
6874,8556,6875,8556
6875,5434,8909,5434
6877,5871,6878,5871
6880,5845,5690,5845
6881,5875,6882,5875
6883,8474,6884,8474
6885,5877,6886,5877
6886,5878,6887,5878
6890,5912,6891,5912
6891,8471,6892,8471
6892,5913,6893,5913
6895,5886,6896,5886
6896,5887,6897,5887
6897,5888,6898,5888
6900,5032,6901,5032
6905,10640,6906,10640
6907,8400,6908,8400
6909,5900,6910,5900
6910,5901,6911,5901
6911,5902,6912,5902
6912,5903,6913,5903
6913,8399,6914,8399
6914,5904,6915,5904
6915,5905,6916,5905
6916,8398,6917,8398
6917,5906,9182,5906
6918,8473,6919,8473
6919,5881,6920,5881
6920,10614,6921,10614
6923,5925,6924,5925
6924,5926,6925,5926
6926,9861,6927,9861
6927,5927,6928,5927
6929,5928,6930,5928
6930,5929,6931,5929
6935,5951,6936,5951
6936,5952,6937,5952
6937,5953,6938,5953
6938,5954,6939,5954
6939,5955,6940,5955
6941,5958,6942,5958
6944,5975,6945,5975
6945,5976,6946,5976
6946,5977,6947,5977
6947,5978,6948,5978
6948,5979,6949,5979
6949,5980,6950,5980
6950,5981,6951,5981
6951,5982,6952,5982
6952,6012,6953,6012
6953,5983,6954,5983
6954,8787,6955,8787
6956,5992,6957,5992
6957,5993,6958,5993
6958,5994,6959,5994
6960,5997,6961,5997
6961,8793,6962,8793
6962,5998,6963,5998
6963,5999,6964,5999
6965,8713,6966,8713
6970,9656,6971,9656
6972,5152,6030,5152
6975,490,6974,490
6976,94,6977,94
6977,5329,6975,5329
6977,5329,6976,5329
6978,94,6977,94
6982,6112,6983,6112
6988,3217,6989,3217
6989,4279,6990,4279
6993,3200,6994,3200
6994,3201,6995,3201
6995,8537,6996,8537
6996,3204,6997,3204
6997,8536,6998,8536
6998,3203,6999,3203
7004,6137,7005,6137
7004,6137,7006,6137
7005,6149,7003,6149
7005,6149,7004,6149
7006,6145,7007,6145
7006,6145,7008,6145
7007,6137,7005,6137
7007,6137,7006,6137
7008,6141,7009,6141
7008,6141,7010,6141
7008,6141,7018,6141
7009,6145,7007,6145
7009,6145,7008,6145
7010,6144,7011,6144
7010,6144,7012,6144
7010,6144,7023,6144
7010,6144,7024,6144
7011,6141,7009,6141
7011,6141,7010,6141
7011,6141,7018,6141
7012,6138,7013,6138
7012,6138,7014,6138
7013,6144,7011,6144
7013,6144,7012,6144
7013,6144,7023,6144
7013,6144,7024,6144
7014,6139,7015,6139
7014,6139,7016,6139
7015,6138,7013,6138
7015,6138,7014,6138
7016,6140,5592,6140
7016,6140,5593,6140
7016,6140,7017,6140
7016,6140,7022,6140
7017,6139,7015,6139
7017,6139,7016,6139
7018,6153,7019,6153
7018,6153,7020,6153
7018,6153,7027,6153
7019,6141,7009,6141
7019,6141,7010,6141
7019,6141,7018,6141
7020,6142,5596,6142
7020,6142,5597,6142
7020,6142,7021,6142
7021,6153,7019,6153
7021,6153,7020,6153
7021,6153,7027,6153
7022,6144,7011,6144
7022,6144,7012,6144
7022,6144,7023,6144
7022,6144,7024,6144
7023,6140,5592,6140
7023,6140,5593,6140
7023,6140,7017,6140
7023,6140,7022,6140
7024,6152,7025,6152
7024,6152,7026,6152
7025,6144,7011,6144
7025,6144,7012,6144
7025,6144,7023,6144
7025,6144,7024,6144
7026,6153,7019,6153
7026,6153,7020,6153
7026,6153,7027,6153
7027,6152,7025,6152
7027,6152,7026,6152
7030,3271,7031,3271
7031,1771,7032,1771
7032,3785,7033,3785
7033,1385,7034,1385
7035,4628,7036,4628
7037,4858,7038,4858
7037,4858,7039,4858
7038,1749,5673,1749
7038,1749,7037,1749
7039,1731,2278,1731
7039,1731,7040,1731
7040,4858,7038,4858
7040,4858,7039,4858
7042,1380,5984,1380
7044,1646,7043,1646
7045,1647,7044,1647
7046,1519,7045,1519
7047,1518,7046,1518
7048,1399,7047,1399
7049,1382,7048,1382
7050,1404,7049,1404
7054,158,7055,158
7057,5105,7058,5105
7058,4834,7059,4834
7059,4131,7060,4131
7060,1743,7061,1743
7061,1737,7062,1737
7061,1737,9999,1737
7062,4835,7063,4835
7063,7030,7064,7030
7065,7035,7066,7035
7069,3014,7070,3014
7070,3007,7071,3007
7071,3356,7072,3356
7072,8053,7073,8053
7073,3009,7074,3009
7074,2983,7075,2983
7075,3000,7076,3000
7076,2995,7077,2995
7077,3010,7078,3010
7078,3027,7079,3027
7079,4898,7080,4898
7081,6625,7082,6625
7082,4636,7083,4636
7083,3549,7084,3549
7084,3540,7085,3540
7085,3556,7086,3556
7086,3538,7087,3538
7087,3555,2687,3555
7087,3555,2688,3555
7087,3555,7088,3555
7088,3557,7089,3557
7089,4637,7090,4637
7090,3547,7091,3547
7090,3547,7357,3547
7090,3547,7358,3547
7091,3545,7092,3545
7092,4639,7093,4639
7093,7522,7094,7522
7094,7432,7095,7432
7095,7521,7096,7521
7096,7431,7097,7431
7097,3543,7098,3543
7098,4276,7099,4276
7099,3546,7100,3546
7100,3558,7101,3558
7101,3553,7102,3553
7101,3553,8152,3553
7102,3918,7103,3918
7102,3918,8180,3918
7103,7632,7104,7632
7104,4641,7105,4641
7105,7508,7106,7508
7106,7629,7107,7629
7107,7509,7108,7509
7108,7628,7109,7628
7109,7627,7110,7627
7110,6899,7111,6899
7111,9138,7112,9138
7112,6759,7113,6759
7113,3541,7114,3541
7114,7507,7115,7507
7115,7626,7116,7626
7116,4644,7117,4644
7117,9142,7118,9142
7118,3544,1558,3544
7118,3544,1559,3544
7118,3544,7119,3544
7119,3552,4438,3552
7119,3552,7120,3552
7120,7756,7121,7756
7121,7753,7122,7753
7122,7752,7123,7752
7123,7754,7124,7754
7124,9510,7125,9510
7125,9511,7126,9511
7126,6763,6613,6763
7126,6763,7127,6763
7127,9514,7128,9514
7128,1134,7129,1134
7129,6761,7130,6761
7129,6761,7931,6761
7130,9513,7131,9513
7131,4647,7132,4647
7132,3554,5107,3554
7132,3554,7133,3554
7133,10139,7134,10139
7137,4533,7138,4533
7138,964,7139,964
7139,421,7220,421
7141,9736,7142,9736
7142,6401,7143,6401
7143,9734,7144,9734
7144,5672,7145,5672
7145,9733,7146,9733
7146,9770,7147,9770
7149,9772,7150,9772
7150,9773,7151,9773
7152,9751,7153,9751
7154,10686,2954,10686
7155,10536,2663,10536
7155,10536,2664,10536
7155,10536,7156,10536
7155,10536,7157,10536
7156,10537,7154,10537
7156,10537,7155,10537
7157,10939,7158,10939
7157,10939,7159,10939
7158,10536,2663,10536
7158,10536,2664,10536
7158,10536,7156,10536
7158,10536,7157,10536
7159,10947,7160,10947
7159,10947,7161,10947
7160,10939,7158,10939
7160,10939,7159,10939
7161,10942,7162,10942
7161,10942,7163,10942
7162,10947,7160,10947
7162,10947,7161,10947
7163,10937,7164,10937
7163,10937,7165,10937
7164,10942,7162,10942
7164,10942,7163,10942
7165,10941,7166,10941
7165,10941,7167,10941
7166,10937,7164,10937
7166,10937,7165,10937
7167,10943,7168,10943
7167,10943,7169,10943
7168,10941,7166,10941
7168,10941,7167,10941
7169,10535,7170,10535
7169,10535,7823,10535
7170,10943,7168,10943
7170,10943,7169,10943
7172,2423,7173,2423
7174,5781,7175,5781
7176,1860,7177,1860
7177,2709,7178,2709
7181,7028,7182,7028
7181,7028,7183,7028
7182,5668,6782,5668
7182,5668,7181,5668
7183,7027,7184,7027
7183,7027,7185,7027
7184,7028,7182,7028
7184,7028,7183,7028
7185,7059,1179,7059
7185,7059,7186,7059
7185,7059,7187,7059
7186,7027,7184,7027
7186,7027,7185,7027
7187,6673,7188,6673
7187,6673,7189,6673
7188,7059,1179,7059
7188,7059,7186,7059
7188,7059,7187,7059
7189,71,7190,71
7189,71,7191,71
7190,6673,7188,6673
7190,6673,7189,6673
7191,195,7192,195
7191,195,7193,195
7192,71,7190,71
7192,71,7191,71
7193,7023,7194,7023
7194,195,7192,195
7194,195,7193,195
7195,3817,7196,3817
7196,1743,7061,1743
7197,4622,7198,4622
7198,1401,7199,1401
7200,4623,7201,4623
7202,10339,7203,10339
7203,1778,3914,1778
7203,1778,7204,1778
7204,4624,7205,4624
7205,1739,7206,1739
7205,1739,10018,1739
7206,9924,7207,9924
7207,9925,7208,9925
7208,1736,7209,1736
7209,9918,7210,9918
7210,4625,7211,4625
7211,1759,3635,1759
7211,1759,3643,1759
7212,9913,7213,9913
7214,4972,7215,4972
7215,1685,7216,1685
7216,1757,7217,1757
7217,1676,905,1676
7220,4526,7221,4526
7221,4498,7222,4498
7222,4526,7221,4526
7223,930,7224,930
7224,1278,7223,1278
7225,9060,7226,9060
7227,2326,7228,2326
7227,2326,7229,2326
7228,5674,7227,5674
7229,7661,7230,7661
7229,7661,7231,7661
7230,2326,7228,2326
7230,2326,7229,2326
7231,351,7232,351
7231,351,7233,351
7232,7661,7230,7661
7232,7661,7231,7661
7233,5551,7234,5551
7233,5551,7235,5551
7234,351,7232,351
7234,351,7233,351
7235,7662,7236,7662
7235,7662,7237,7662
7236,5551,7234,5551
7236,5551,7235,5551
7237,10111,7238,10111
7237,10111,7239,10111
7238,7662,7236,7662
7238,7662,7237,7662
7239,2277,449,2277
7239,2277,7240,2277
7239,2277,8283,2277
7240,10111,7238,10111
7240,10111,7239,10111
7242,4685,5502,4685
7243,4975,7244,4975
7244,130,7242,130
7244,130,7243,130
7246,10699,7245,10699
7248,10698,7247,10698
7249,9327,7248,9327
7250,877,7249,877
7251,2163,7553,2163
7252,153,7251,153
7253,6312,7252,6312
7256,9915,7257,9915
7257,1770,6064,1770
7257,1770,7258,1770
7258,9914,7259,9914
7260,2864,3627,2864
7262,1209,7464,1209
7264,10377,7483,10377
7265,10915,7266,10915
7265,10915,7267,10915
7266,10378,7264,10378
7266,10378,7265,10378
7267,10379,7268,10379
7267,10379,7269,10379
7268,10915,7266,10915
7268,10915,7267,10915
7269,10913,7270,10913
7269,10913,7271,10913
7270,10379,7268,10379
7270,10379,7269,10379
7271,10914,7272,10914
7271,10914,7273,10914
7272,10913,7270,10913
7272,10913,7271,10913
7273,10380,7274,10380
7273,10380,7275,10380
7274,10914,7272,10914
7274,10914,7273,10914
7275,10383,7276,10383
7275,10383,7396,10383
7275,10383,7397,10383
7276,10380,7274,10380
7276,10380,7275,10380
7277,4917,7278,4917
7279,9068,7280,9068
7280,1043,7281,1043
7281,1171,7282,1171
7282,6420,7283,6420
7283,1010,7284,1010
7285,5492,7286,5492
7286,9107,7287,9107
7289,968,7290,968
7289,968,7291,968
7290,7126,7288,7126
7290,7126,7289,7126
7291,11247,7292,11247
7291,11247,7293,11247
7292,968,7290,968
7292,968,7291,968
7293,1027,7294,1027
7293,1027,7295,1027
7294,11247,7292,11247
7294,11247,7293,11247
7295,9108,7296,9108
7295,9108,7297,9108
7296,1027,7294,1027
7296,1027,7295,1027
7297,9109,7298,9109
7297,9109,7299,9109
7298,9108,7296,9108
7298,9108,7297,9108
7299,5491,7300,5491
7299,5491,7301,5491
7300,9109,7298,9109
7300,9109,7299,9109
7301,5490,7302,5490
7301,5490,7303,5490
7302,5491,7300,5491
7302,5491,7301,5491
7303,7127,7304,7127
7303,7127,7305,7127
7304,5490,7302,5490
7304,5490,7303,5490
7305,9106,7306,9106
7305,9106,9543,9106
7306,7127,7304,7127
7306,7127,7305,7127
7307,4574,7308,4574
7308,9781,7309,9781
7309,9780,7310,9780
7311,7700,7312,7700
7313,9902,7314,9902
7317,7395,7318,7395
7321,7398,7322,7398
7324,9775,7277,9775
7324,9775,7307,9775
7325,7401,7324,7401
7326,9067,7325,9067
7331,6175,8384,6175
7332,6175,8384,6175
7333,11276,7332,11276
7334,5615,7333,5615
7336,6387,7335,6387
7337,6408,7336,6408
7338,9817,7337,9817
7342,9819,7341,9819
7344,9815,7343,9815
7345,9877,7346,9877
7346,9873,7344,9873
7346,9873,7345,9873
7347,10897,714,10897
7347,10897,1703,10897
7348,8063,7349,8063
7348,8063,7350,8063
7349,11260,7347,11260
7349,11260,7348,11260
7350,764,7351,764
7350,764,7352,764
7351,8063,7349,8063
7351,8063,7350,8063
7352,11259,7353,11259
7352,11259,7354,11259
7353,764,7351,764
7353,764,7352,764
7354,185,4355,185
7354,185,7355,185
7354,185,7356,185
7355,11259,7353,11259
7355,11259,7354,11259
7356,3547,7091,3547
7356,3547,7357,3547
7356,3547,7358,3547
7357,185,4355,185
7357,185,7355,185
7357,185,7356,185
7358,10662,7359,10662
7358,10662,7360,10662
7359,3547,7091,3547
7359,3547,7357,3547
7359,3547,7358,3547
7360,10665,7361,10665
7360,10665,7362,10665
7361,10662,7359,10662
7361,10662,7360,10662
7362,10469,558,10469
7362,10469,559,10469
7362,10469,7363,10469
7363,10665,7361,10665
7363,10665,7362,10665
7365,993,7366,993
7366,4878,7367,4878
7367,9043,7368,9043
7368,83,7369,83
7369,9044,7370,9044
7370,3773,7371,3773
7372,9364,7373,9364
7373,3473,7374,3473
7374,4667,7375,4667
7375,3475,7376,3475
7377,8219,7378,8219
7378,3477,7379,3477
7379,4666,7380,4666
7380,7228,7381,7228
7381,3471,7382,3471
7382,3484,7383,3484
7383,3482,7384,3482
7384,7230,7385,7230
7386,10389,7675,10389
7386,10389,7797,10389
7387,10387,7388,10387
7387,10387,7389,10387
7388,10388,7386,10388
7388,10388,7387,10388
7389,10386,7390,10386
7389,10386,7391,10386
7390,10387,7388,10387
7390,10387,7389,10387
7391,10385,7392,10385
7391,10385,7393,10385
7392,10386,7390,10386
7392,10386,7391,10386
7393,10384,7394,10384
7393,10384,7395,10384
7394,10385,7392,10385
7394,10385,7393,10385
7395,10383,7276,10383
7395,10383,7396,10383
7395,10383,7397,10383
7396,10384,7394,10384
7396,10384,7395,10384
7397,10382,7398,10382
7397,10382,7399,10382
7398,10383,7276,10383
7398,10383,7396,10383
7398,10383,7397,10383
7399,11300,7400,11300
7399,11300,7401,11300
7400,10382,7398,10382
7400,10382,7399,10382
7401,7379,7402,7379
7401,7379,7403,7379
7402,11300,7400,11300
7402,11300,7401,11300
7403,7378,7404,7378
7403,7378,7405,7378
7404,7379,7402,7379
7404,7379,7403,7379
7405,17,7406,17
7405,17,7407,17
7405,17,8219,17
7406,7378,7404,7378
7406,7378,7405,7378
7407,10391,7408,10391
7407,10391,7409,10391
7408,17,7406,17
7408,17,7407,17
7408,17,8219,17
7409,10392,7410,10392
7409,10392,7411,10392
7410,10391,7408,10391
7410,10391,7409,10391
7411,10390,7412,10390
7411,10390,7413,10390
7412,10392,7410,10392
7412,10392,7411,10392
7413,10393,7414,10393
7413,10393,8197,10393
7414,10390,7412,10390
7414,10390,7413,10390
7415,6635,7416,6635
7416,11053,7417,11053
7417,2676,7418,2676
7418,6633,7419,6633
7419,6630,7420,6630
7420,10389,7675,10389
7420,10389,7797,10389
7421,6176,7422,6176
7422,6177,7421,6177
7426,1144,7425,1144
7427,7649,7426,7649
7428,4577,7427,4577
7429,10173,7428,10173
7431,527,7430,527
7432,272,7431,272
7433,2098,7434,2098
7434,1875,7435,1875
7435,337,7436,337
7436,2170,7437,2170
7437,9720,7438,9720
7438,9719,7439,9719
7439,382,7440,382
7440,2097,7441,2097
7441,1101,7442,1101
7442,486,3068,486
7442,486,7443,486
7443,1873,7444,1873
7444,2096,7445,2096
7445,2192,9877,2192
7447,8190,6579,8190
7448,8190,6579,8190
7449,8210,7450,8210
7451,10910,7452,10910
7451,10910,7453,10910
7452,10909,788,10909
7452,10909,6302,10909
7452,10909,7451,10909
7453,8066,7454,8066
7453,8066,7455,8066
7454,10910,7452,10910
7454,10910,7453,10910
7455,10911,7456,10911
7455,10911,7457,10911
7456,8066,7454,8066
7456,8066,7455,8066
7457,10907,7458,10907
7457,10907,7459,10907
7458,10911,7456,10911
7458,10911,7457,10911
7459,10912,7460,10912
7459,10912,7461,10912
7460,10907,7458,10907
7460,10907,7459,10907
7461,4745,7462,4745
7461,4745,7463,4745
7462,10912,7460,10912
7462,10912,7461,10912
7463,1209,7464,1209
7464,4745,7462,4745
7464,4745,7463,4745
7466,6768,4417,6768
7466,6768,4418,6768
7467,10716,845,10716
7467,10716,846,10716
7468,2679,7469,2679
7468,2679,7470,2679
7469,10376,3430,10376
7469,10376,7262,10376
7469,10376,7468,10376
7469,10376,7482,10376
7470,4746,7471,4746
7470,4746,7472,4746
7471,2679,7469,2679
7471,2679,7470,2679
7472,11052,7473,11052
7472,11052,7474,11052
7473,4746,7471,4746
7473,4746,7472,4746
7474,2654,7475,2654
7474,2654,7476,2654
7475,11052,7473,11052
7475,11052,7474,11052
7476,11051,7477,11051
7476,11051,7478,11051
7477,2654,7475,2654
7477,2654,7476,2654
7478,11050,7479,11050
7478,11050,7480,11050
7479,11051,7477,11051
7479,11051,7478,11051
7480,2680,3374,2680
7480,2680,7481,2680
7481,11050,7479,11050
7481,11050,7480,11050
7482,10377,7483,10377
7483,10376,3430,10376
7483,10376,7262,10376
7483,10376,7468,10376
7483,10376,7482,10376
7488,1708,7489,1708
7491,10598,7490,10598
7492,10590,7493,10590
7493,6661,7491,6661
7493,6661,7492,6661
7494,1568,7495,1568
7495,6490,2147,6490
7495,6490,7496,6490
7496,2843,7497,2843
7498,9246,7499,9246
7501,1812,7502,1812
7503,9249,7504,9249
7505,1808,7506,1808
7508,1979,7509,1979
7510,400,8091,400
7511,4618,7512,4618
7511,4618,7513,4618
7512,10918,7510,10918
7512,10918,7511,10918
7512,10918,8097,10918
7513,10976,7514,10976
7513,10976,7515,10976
7514,4618,7512,4618
7514,4618,7513,4618
7515,10738,7516,10738
7515,10738,7517,10738
7516,10976,7514,10976
7516,10976,7515,10976
7517,10977,7518,10977
7517,10977,7519,10977
7518,10738,7516,10738
7518,10738,7517,10738
7519,1142,5392,1142
7519,1142,7520,1142
7519,1142,7521,1142
7519,1142,7933,1142
7520,10977,7518,10977
7520,10977,7519,10977
7521,10746,7522,10746
7521,10746,7523,10746
7522,1142,5392,1142
7522,1142,7520,1142
7522,1142,7521,1142
7522,1142,7933,1142
7523,10972,7524,10972
7523,10972,7525,10972
7524,10746,7522,10746
7524,10746,7523,10746
7525,10745,1504,10745
7525,10745,7526,10745
7530,7996,7531,7996
7533,11003,7534,11003
7538,10736,7539,10736
7539,5019,7540,5019
7540,10979,7541,10979
7542,10999,7543,10999
7542,10999,7544,10999
7543,11001,7542,11001
7549,11112,3398,11112
7551,1127,7550,1127
7552,2163,7553,2163
7553,5001,7551,5001
7553,5001,7552,5001
7560,5683,6817,5683
7561,5680,6816,5680
7562,5440,7563,5440
7564,4055,5496,4055
7566,5687,7567,5687
7567,5686,6814,5686
7568,6337,6643,6337
7569,5299,6685,5299
7569,5299,7570,5299
7570,6339,7571,6339
7572,4696,7573,4696
7573,11196,7574,11196
7573,11196,7575,11196
7574,4696,7573,4696
7575,31,7576,31
7576,4695,7577,4695
7576,4695,7578,4695
7577,31,7576,31
7578,4694,7579,4694
7578,4694,7580,4694
7579,4695,7577,4695
7579,4695,7578,4695
7580,4693,7581,4693
7581,4692,7582,4692
7581,4692,7583,4692
7582,4693,7581,4693
7583,4691,7584,4691
7583,4691,7585,4691
7584,4692,7582,4692
7584,4692,7583,4692
7587,11198,7588,11198
7588,4690,7586,4690
7588,4690,7587,4690
7589,11198,7588,11198
7590,5003,7589,5003
7591,8922,7590,8922
7592,11199,7591,11199
7593,4689,7592,4689
7594,10788,7595,10788
7595,8102,7596,8102
7596,8103,5271,8103
7596,8103,7597,8103
7597,8102,7596,8102
7604,10418,7605,10418
7605,10321,7606,10321
7607,10290,7608,10290
7608,6367,7609,6367
7609,7770,7610,7770
7610,6366,7611,6366
7614,6377,7615,6377
7615,6378,7616,6378
7620,2797,3540,2797
7621,6423,9621,6423
7623,319,7624,319
7624,2580,7625,2580
7625,904,7626,904
7626,4808,7627,4808
7627,2593,7628,2593
7628,2640,8372,2640
7628,2640,9857,2640
7630,4802,3259,4802
7631,2677,7632,2677
7631,2677,8603,2677
7632,6213,7631,6213
7632,6213,7677,6213
7633,6429,3799,6429
7635,6432,28,6432
7635,6432,5872,6432
7636,6596,7637,6596
7636,6596,7638,6596
7637,2699,7635,2699
7637,2699,7636,2699
7638,51,3331,51
7638,51,7639,51
7639,6596,7637,6596
7639,6596,7638,6596
7640,7984,7641,7984
7641,6458,7642,6458
7642,6460,7643,6460
7643,10902,7644,10902
7644,6438,7645,6438
7645,3953,8188,3953
7645,3953,8189,3953
7646,6825,7647,6825
7646,6825,8220,6825
7647,10655,7648,10655
7648,6827,7649,6827
7649,4779,7650,4779
7650,5175,7651,5175
7651,3951,7652,3951
7652,5174,7653,5174
7653,7110,7654,7110
7654,3954,7655,3954
7655,4777,7656,4777
7656,7373,7657,7373
7657,7353,152,7353
7657,7353,153,7353
7657,7353,7658,7353
7658,10905,7659,10905
7659,7086,7660,7086
7660,7096,7661,7096
7661,7083,7662,7083
7662,10889,7663,10889
7663,3946,7664,3946
7663,3946,8141,3946
7664,10395,7665,10395
7665,6380,7666,6380
7666,4778,7667,4778
7667,10890,7668,10890
7668,3947,7669,3947
7669,10879,7670,10879
7670,3952,9842,3952
7672,10874,7673,10874
7675,11047,7676,11047
7676,6213,7631,6213
7676,6213,7677,6213
7677,7380,7678,7380
7678,11046,7679,11046
7679,11045,7680,11045
7680,6632,7681,6632
7681,11048,7682,11048
7682,11245,7683,11245
7683,7985,7684,7985
7685,6482,9964,6482
7687,6481,7688,6481
7691,6534,7692,6534
7692,736,7693,736
7692,736,7738,736
7693,6538,7694,6538
7694,2588,7695,2588
7695,6535,7696,6535
7696,6530,7697,6530
7697,6536,7698,6536
7698,479,7699,479
7699,6537,7700,6537
7700,2646,7701,2646
7701,2630,7702,2630
7702,2611,7703,2611
7703,907,7704,907
7704,6559,7705,6559
7705,2585,7706,2585
7706,329,7707,329
7707,2684,7708,2684
7708,2597,7709,2597
7709,268,7710,268
7710,2632,7711,2632
7711,6542,7712,6542
7712,11072,7713,11072
7713,6556,7737,6556
7713,6556,9865,6556
7714,2570,7715,2570
7715,2662,7716,2662
7716,2587,7717,2587
7717,2641,7718,2641
7718,2653,7719,2653
7719,6434,7720,6434
7720,2584,7721,2584
7721,6533,7722,6533
7722,2659,7723,2659
7723,6558,7724,6558
7724,2614,7725,2614
7725,2661,7726,2661
7726,2623,7727,2623
7727,6531,7728,6531
7728,2642,7729,2642
7729,2628,7730,2628
7730,6539,7731,6539
7731,6532,7732,6532
7732,2643,7733,2643
7733,2678,7734,2678
7734,8071,7735,8071
7735,7914,7736,7914
7735,7914,8847,7914
7736,2621,3354,2621
7737,6543,7714,6543
7738,6546,7739,6546
7739,960,9864,960
7743,471,9905,471
7744,6822,7640,6822
7747,6883,7748,6883
7751,6441,7752,6441
7753,10595,7754,10595
7757,10587,7756,10587
7761,9393,7762,9393
7764,6905,7760,6905
7765,2087,7766,2087
7766,5000,7767,5000
7767,1872,7768,1872
7768,2086,7769,2086
7769,6553,7770,6553
7774,11154,3321,11154
7775,11095,7776,11095
7776,6615,3362,6615
7777,6619,7778,6619
7777,6619,7779,6619
7778,6618,7777,6618
7778,6618,7785,6618
7779,6613,7780,6613
7779,6613,7781,6613
7779,6613,7789,6613
7780,6619,7778,6619
7780,6619,7779,6619
7781,6614,7775,6614
7781,6614,7782,6614
7781,6614,7783,6614
7782,6613,7780,6613
7782,6613,7781,6613
7782,6613,7789,6613
7783,6612,7784,6612
7783,6612,9870,6612
7784,6614,7775,6614
7784,6614,7782,6614
7784,6614,7783,6614
7785,6617,7786,6617
7786,562,7787,562
7787,6610,7788,6610
7788,11155,3323,11155
7789,11058,7790,11058
7789,11058,7791,11058
7789,11058,7796,11058
7790,6613,7780,6613
7790,6613,7781,6613
7790,6613,7789,6613
7791,11057,7792,11057
7791,11057,7793,11057
7792,11058,7790,11058
7792,11058,7791,11058
7792,11058,7796,11058
7793,11153,7794,11153
7794,11057,7792,11057
7794,11057,7793,11057
7795,11058,7790,11058
7795,11058,7791,11058
7795,11058,7796,11058
7796,6617,7786,6617
7797,10381,7798,10381
7797,10381,7799,10381
7798,10389,7675,10389
7798,10389,7797,10389
7799,11,1711,11
7799,11,6392,11
7799,11,7800,11
7800,10381,7798,10381
7800,10381,7799,10381
7801,6205,7802,6205
7801,6205,7803,6205
7802,6645,566,6645
7802,6645,3794,6645
7802,6645,7801,6645
7803,6593,3330,6593
7803,6593,7804,6593
7804,6205,7802,6205
7804,6205,7803,6205
7805,10920,7806,10920
7805,10920,7807,10920
7806,10928,7805,10928
7806,10928,7819,10928
7807,10919,7808,10919
7807,10919,7809,10919
7808,10920,7806,10920
7808,10920,7807,10920
7809,11110,5878,11110
7809,11110,7810,11110
7809,11110,7811,11110
7810,10919,7808,10919
7810,10919,7809,10919
7811,11102,7812,11102
7811,11102,7813,11102
7812,11110,5878,11110
7812,11110,7810,11110
7812,11110,7811,11110
7813,11109,3292,11109
7813,11109,7814,11109
7813,11109,7815,11109
7814,11102,7812,11102
7814,11102,7813,11102
7815,11096,7816,11096
7815,11096,7817,11096
7816,11109,3292,11109
7816,11109,7814,11109
7816,11109,7815,11109
7817,11097,7818,11097
7818,11096,7816,11096
7818,11096,7817,11096
7819,10533,3458,10533
7819,10533,7820,10533
7820,6652,7821,6652
7820,6652,7827,6652
7821,11119,7822,11119
7821,11119,7828,11119
7822,10535,7170,10535
7822,10535,7823,10535
7823,10534,7824,10534
7824,6646,7825,6646
7824,6646,7826,6646
7825,10928,7805,10928
7825,10928,7819,10928
7826,10533,3458,10533
7826,10533,7820,10533
7827,10534,7824,10534
7828,10930,7829,10930
7828,10930,7830,10930
7829,11119,7822,11119
7829,11119,7828,11119
7830,6647,1385,6647
7830,6647,7831,6647
7830,6647,7832,6647
7831,10930,7829,10930
7831,10930,7830,10930
7832,6654,7833,6654
7832,6654,7834,6654
7833,6647,1385,6647
7833,6647,7831,6647
7833,6647,7832,6647
7834,6648,2643,6648
7834,6648,7835,6648
7835,6654,7833,6654
7835,6654,7834,6654
7836,6650,7837,6650
7837,10944,7838,10944
7838,10938,7839,10938
7839,6649,7840,6649
7840,10930,7829,10930
7840,10930,7830,10930
7841,2670,7842,2670
7842,2674,7843,2674
7843,676,3275,676
7843,676,3276,676
7843,676,7844,676
7844,808,7845,808
7845,4791,7846,4791
7846,3579,7847,3579
7847,8077,7848,8077
7848,8076,7849,8076
7849,1007,7850,1007
7850,514,7851,514
7851,11049,7852,11049
7852,6664,5858,6664
7852,6664,7795,6664
7854,6676,7855,6676
7855,6675,7856,6675
7856,793,7857,793
7856,793,7858,793
7857,6675,7856,6675
7858,8197,7859,8197
7859,6679,7860,6679
7860,4870,7861,4870
7861,9053,7862,9053
7862,3227,7863,3227
7863,1194,7864,1194
7863,1194,7865,1194
7864,3227,7863,3227
7866,2957,7867,2957
7867,9052,7868,9052
7867,9052,7869,9052
7868,2957,7867,2957
7869,8175,7870,8175
7870,8217,7871,8217
7872,645,7873,645
7873,2168,7874,2168
7874,8174,7875,8174
7875,184,7876,184
7876,4871,7877,4871
7877,2169,7878,2169
7878,9051,7879,9051
7879,3228,7880,3228
7880,411,7881,411
7881,8214,7882,8214
7882,393,7883,393
7883,3229,7884,3229
7884,9046,7885,9046
7885,9045,7886,9045
7886,9050,7887,9050
7887,1929,7888,1929
7888,1006,7889,1006
7889,2146,7890,2146
7889,2146,9876,2146
7890,1006,7889,1006
7893,1908,7894,1908
7893,1908,9872,1908
7894,3771,7895,3771
7895,7229,7896,7229
7896,1909,7897,1909
7898,1104,7899,1104
7900,11091,7901,11091
7900,11091,9913,11091
7902,6807,7903,6807
7903,6696,7904,6696
7904,10974,7905,10974
7905,6860,7906,6860
7906,4741,7907,4741
7907,3532,4427,3532
7907,3532,4428,3532
7910,6709,7909,6709
7913,2421,4404,2421
7916,6274,7915,6274
7919,10736,7539,10736
7922,2430,3156,2430
7924,10490,7925,10490
7924,10490,7926,10490
7925,6774,7924,6774
7925,6774,8160,6774
7926,6738,7927,6738
7926,6738,8174,6738
7927,10490,7925,10490
7927,10490,7926,10490
7928,10934,7929,10934
7929,10933,3798,10933
7929,10933,7930,10933
7930,10932,3327,10932
7931,6762,4322,6762
7931,6762,7932,6762
7932,6761,7130,6761
7932,6761,7931,6761
7933,10975,7934,10975
7933,10975,7935,10975
7934,1142,5392,1142
7934,1142,7520,1142
7934,1142,7521,1142
7934,1142,7933,1142
7935,10971,7936,10971
7935,10971,7937,10971
7936,10975,7934,10975
7936,10975,7935,10975
7937,10973,7938,10973
7937,10973,7939,10973
7938,10971,7936,10971
7938,10971,7937,10971
7940,7529,7941,7529
7940,7529,7942,7529
7941,946,6294,946
7941,946,7940,946
7941,946,7964,946
7941,946,8025,946
7942,4787,7943,4787
7942,4787,7944,4787
7943,7529,7941,7529
7943,7529,7942,7529
7944,7538,7945,7538
7944,7538,7946,7538
7945,4787,7943,4787
7945,4787,7944,4787
7946,7530,7947,7530
7946,7530,7948,7530
7947,7538,7945,7538
7947,7538,7946,7538
7948,7534,7949,7534
7948,7534,7950,7534
7949,7530,7947,7530
7949,7530,7948,7530
7950,7531,7951,7531
7950,7531,7952,7531
7951,7534,7949,7534
7951,7534,7950,7534
7952,7535,7953,7535
7952,7535,7954,7535
7953,7531,7951,7531
7953,7531,7952,7531
7954,80,7955,80
7954,80,7956,80
7955,7535,7953,7535
7955,7535,7954,7535
7956,7539,7957,7539
7956,7539,7958,7539
7957,80,7955,80
7957,80,7956,80
7958,7543,7959,7543
7958,7543,7960,7543
7959,7539,7957,7539
7959,7539,7958,7539
7960,7544,7961,7544
7960,7544,7962,7544
7961,7543,7959,7543
7961,7543,7960,7543
7962,474,7963,474
7962,474,8046,474
7962,474,8073,474
7963,7544,7961,7544
7963,7544,7962,7544
7964,7537,7965,7537
7964,7537,7966,7537
7965,946,6294,946
7965,946,7940,946
7965,946,7964,946
7965,946,8025,946
7966,7536,7967,7536
7966,7536,7968,7536
7967,7537,7965,7537
7967,7537,7966,7537
7968,7485,7969,7485
7968,7485,7970,7485
7969,7536,7967,7536
7969,7536,7968,7536
7970,7533,7971,7533
7970,7533,7972,7533
7971,7485,7969,7485
7971,7485,7970,7485
7972,7486,7973,7486
7972,7486,7974,7486
7973,7533,7971,7533
7973,7533,7972,7533
7974,7532,7975,7532
7974,7532,7976,7532
7975,7486,7973,7486
7975,7486,7974,7486
7976,276,889,276
7976,276,7977,276
7976,276,7978,276
7977,7532,7975,7532
7977,7532,7976,7532
7978,7489,7979,7489
7978,7489,7980,7489
7979,276,889,276
7979,276,7977,276
7979,276,7978,276
7980,371,7981,371
7980,371,7982,371
7981,7489,7979,7489
7981,7489,7980,7489
7982,1481,2204,1481
7982,1481,7983,1481
7983,371,7981,371
7983,371,7982,371
7984,10960,7985,10960
7984,10960,7986,10960
7985,6764,7466,6764
7985,6764,7984,6764
7986,4788,7987,4788
7986,4788,7988,4788
7987,10960,7985,10960
7987,10960,7986,10960
7988,10961,7989,10961
7988,10961,7990,10961
7989,4788,7987,4788
7989,4788,7988,4788
7990,10962,7991,10962
7990,10962,7992,10962
7991,10961,7989,10961
7991,10961,7990,10961
7992,10963,7993,10963
7992,10963,7994,10963
7993,10962,7991,10962
7993,10962,7992,10962
7994,10964,7995,10964
7994,10964,7996,10964
7995,10963,7993,10963
7995,10963,7994,10963
7996,10762,7997,10762
7996,10762,7998,10762
7997,10964,7995,10964
7997,10964,7996,10964
7998,1003,6322,1003
7998,1003,7999,1003
7998,1003,8000,1003
7999,10762,7997,10762
7999,10762,7998,10762
8000,10671,8001,10671
8000,10671,8002,10671
8000,10671,9002,10671
8001,1003,6322,1003
8001,1003,7999,1003
8001,1003,8000,1003
8002,10723,8003,10723
8002,10723,8004,10723
8003,10671,8001,10671
8003,10671,8002,10671
8003,10671,9002,10671
8004,10711,8005,10711
8004,10711,8006,10711
8005,10723,8003,10723
8005,10723,8004,10723
8006,10724,8007,10724
8006,10724,8008,10724
8007,10711,8005,10711
8007,10711,8006,10711
8008,10725,8009,10725
8008,10725,8010,10725
8009,10724,8007,10724
8009,10724,8008,10724
8010,10726,8011,10726
8010,10726,8012,10726
8011,10725,8009,10725
8011,10725,8010,10725
8012,10727,8013,10727
8012,10727,8014,10727
8013,10726,8011,10726
8013,10726,8012,10726
8014,10728,8015,10728
8014,10728,8016,10728
8015,10727,8013,10727
8015,10727,8014,10727
8016,10729,8017,10729
8016,10729,8018,10729
8017,10728,8015,10728
8017,10728,8016,10728
8018,10730,8019,10730
8018,10730,8020,10730
8019,10729,8017,10729
8019,10729,8018,10729
8020,10731,8021,10731
8020,10731,8022,10731
8021,10730,8019,10730
8021,10730,8020,10730
8022,7484,8023,7484
8022,7484,8024,7484
8023,10731,8021,10731
8023,10731,8022,10731
8024,946,6294,946
8024,946,7940,946
8024,946,7964,946
8024,946,8025,946
8025,7484,8023,7484
8025,7484,8024,7484
8026,6771,8027,6771
8026,6771,8368,6771
8027,3909,8026,3909
8027,3909,8083,3909
8027,3909,8838,3909
8028,9202,8029,9202
8028,9202,8030,9202
8029,4117,895,4117
8029,4117,8028,4117
8029,4117,8047,4117
8030,7579,8031,7579
8030,7579,8032,7579
8031,9202,8029,9202
8031,9202,8030,9202
8032,7578,8033,7578
8032,7578,8034,7578
8033,7579,8031,7579
8033,7579,8032,7579
8034,7573,8035,7573
8034,7573,8036,7573
8035,7578,8033,7578
8035,7578,8034,7578
8036,8012,8037,8012
8036,8012,8038,8012
8037,7573,8035,7573
8037,7573,8036,7573
8038,7575,8039,7575
8038,7575,8040,7575
8039,8012,8037,8012
8039,8012,8038,8012
8040,7574,8041,7574
8040,7574,8042,7574
8041,7575,8039,7575
8041,7575,8040,7575
8042,7577,8043,7577
8042,7577,8044,7577
8043,7574,8041,7574
8043,7574,8042,7574
8044,7576,8045,7576
8044,7576,8837,7576
8045,7577,8043,7577
8045,7577,8044,7577
8046,4117,895,4117
8046,4117,8028,4117
8046,4117,8047,4117
8047,474,7963,474
8047,474,8046,474
8047,474,8073,474
8048,4272,8049,4272
8049,6780,241,6780
8049,6780,8051,6780
8050,6772,9567,6772
8051,4325,5520,4325
8051,4325,8052,4325
8052,7556,8053,7556
8053,7555,8054,7555
8054,3458,8055,3458
8055,3919,8056,3919
8055,3919,9562,3919
8056,6719,8057,6719
8057,3460,8058,3460
8058,7554,8059,7554
8059,7553,8060,7553
8060,7552,8061,7552
8061,4731,8062,4731
8062,7551,8063,7551
8063,4120,8064,4120
8064,7550,8065,7550
8065,191,8066,191
8066,7549,8067,7549
8067,7548,8068,7548
8068,7427,8069,7427
8069,7545,8070,7545
8070,7547,8071,7547
8071,7546,8072,7546
8072,474,7963,474
8072,474,8046,474
8072,474,8073,474
8073,7541,8074,7541
8074,7542,8075,7542
8075,7540,8076,7540
8076,4733,8077,4733
8077,1482,2201,1482
8078,6786,8079,6786
8079,7904,8080,7904
8080,3912,8081,3912
8081,6779,8050,6779
8082,3909,8026,3909
8082,3909,8083,3909
8082,3909,8838,3909
8083,7572,8084,7572
8084,7571,8085,7571
8085,7570,8086,7570
8086,451,8087,451
8087,6873,8352,6873
8087,6873,8371,6873
8088,8078,8089,8078
8089,11101,8090,11101
8090,400,8091,400
8091,11098,8092,11098
8092,11111,8093,11111
8093,4318,5393,4318
8093,4318,8095,4318
8094,4318,5393,4318
8094,4318,8095,4318
8095,513,8094,513
8096,10918,7510,10918
8096,10918,7511,10918
8096,10918,8097,10918
8097,4316,8098,4316
8104,4800,8105,4800
8111,11080,8110,11080
8113,10752,7530,10752
8114,10752,7530,10752
8116,63,4398,63
8117,6809,8132,6809
8118,10923,8119,10923
8118,10923,8134,10923
8119,10927,8120,10927
8120,6695,7902,6695
8120,6695,8117,6695
8121,4127,8122,4127
8122,4126,8123,4126
8123,6697,8124,6697
8124,10966,8125,10966
8125,10965,8126,10965
8126,10968,8127,10968
8127,6806,8128,6806
8128,6790,8129,6790
8129,6808,8130,6808
8130,10925,240,10925
8130,10925,8131,10925
8131,10924,8118,10924
8132,6790,8129,6790
8133,10923,8119,10923
8133,10923,8134,10923
8134,6804,8088,6804
8135,6816,3284,6816
8135,6816,8474,6816
8136,3798,4668,3798
8139,10393,7414,10393
8139,10393,8197,10393
8140,3946,7664,3946
8140,3946,8141,3946
8141,10394,8139,10394
8141,10394,8140,10394
8142,10655,7648,10655
8143,7634,8144,7634
8144,10493,8145,10493
8145,4726,8146,4726
8146,10409,8147,10409
8147,10410,8148,10410
8148,6818,4810,6818
8148,6818,8149,6818
8149,6826,2306,6826
8149,6826,8150,6826
8150,6820,7646,6820
8151,3553,7102,3553
8151,3553,8152,3553
8152,7526,8153,7526
8153,7525,8154,7525
8154,3559,8155,3559
8155,7760,8156,7760
8156,7524,8157,7524
8157,7523,8158,7523
8158,4728,8159,4728
8159,6774,7924,6774
8159,6774,8160,6774
8160,7761,8161,7761
8161,4275,8162,4275
8162,1083,8163,1083
8163,583,8164,583
8164,1271,8165,1271
8165,859,8166,859
8166,7515,8167,7515
8167,4730,8168,4730
8168,133,8181,133
8169,3923,8170,3923
8170,4274,8171,4274
8171,7635,8172,7635
8172,4729,8173,4729
8173,6738,7927,6738
8173,6738,8174,6738
8174,3924,8175,3924
8175,10491,8176,10491
8176,10492,8177,10492
8177,7630,8178,7630
8178,7631,8179,7631
8179,3918,7103,3918
8179,3918,8180,3918
8180,6742,4346,6742
8180,6742,8143,6742
8181,10567,1009,10567
8181,10567,8182,10567
8182,1217,8843,1217
8183,10657,8184,10657
8183,10657,8221,10657
8184,10651,8185,10651
8185,4727,8186,4727
8186,3920,8187,3920
8187,6821,4347,6821
8187,6821,8151,6821
8188,3952,9842,3952
8189,11244,8190,11244
8190,10884,8191,10884
8190,10884,9839,10884
8191,10882,8192,10882
8192,1263,8193,1263
8193,7988,8194,7988
8194,7987,8195,7987
8195,916,8196,916
8196,10393,7414,10393
8196,10393,8197,10393
8197,7989,8198,7989
8198,3949,8199,3949
8199,7355,4809,7355
8199,7355,8200,7355
8200,3948,8201,3948
8201,7354,154,7354
8201,7354,8202,7354
8202,11255,8203,11255
8203,7349,8204,7349
8204,11254,8205,11254
8205,11261,8206,11261
8206,10659,8142,10659
8206,10659,8207,10659
8207,10649,8208,10649
8208,10658,8209,10658
8208,10658,9789,10658
8209,6819,8183,6819
8210,7983,8211,7983
8210,7983,8212,7983
8211,10880,8210,10880
8211,10880,9840,10880
8212,10883,8213,10883
8212,10883,8214,10883
8213,7983,8211,7983
8213,7983,8212,7983
8214,10886,8215,10886
8214,10886,8216,10886
8215,10883,8213,10883
8215,10883,8214,10883
8216,10885,8217,10885
8216,10885,8218,10885
8217,10886,8215,10886
8217,10886,8216,10886
8218,17,7406,17
8218,17,7407,17
8218,17,8219,17
8219,10885,8217,10885
8219,10885,8218,10885
8220,10658,8209,10658
8220,10658,9789,10658
8221,6826,2306,6826
8221,6826,8150,6826
8222,7075,8223,7075
8222,7075,8224,7075
8223,10399,484,10399
8223,10399,8222,10399
8224,7071,8225,7071
8224,7071,8226,7071
8225,7075,8223,7075
8225,7075,8224,7075
8226,7087,8227,7087
8226,7087,8228,7087
8227,7071,8225,7071
8227,7071,8226,7071
8228,7084,8229,7084
8228,7084,8230,7084
8229,7087,8227,7087
8229,7087,8228,7087
8230,367,128,367
8230,367,129,367
8230,367,8231,367
8230,367,8232,367
8231,7084,8229,7084
8231,7084,8230,7084
8232,7079,8233,7079
8232,7079,8234,7079
8233,367,128,367
8233,367,129,367
8233,367,8231,367
8233,367,8232,367
8234,7080,8235,7080
8234,7080,8236,7080
8235,7079,8233,7079
8235,7079,8234,7079
8236,7081,8237,7081
8236,7081,8238,7081
8237,7080,8235,7080
8237,7080,8236,7080
8238,7082,8239,7082
8238,7082,8240,7082
8239,7081,8237,7081
8239,7081,8238,7081
8240,1192,8241,1192
8240,1192,8242,1192
8241,7082,8239,7082
8241,7082,8240,7082
8242,10654,8243,10654
8242,10654,8244,10654
8243,1192,8241,1192
8243,1192,8242,1192
8244,10656,8245,10656
8245,10654,8243,10654
8245,10654,8244,10654
8246,6844,8247,6844
8247,3308,8248,3308
8248,2318,8249,2318
8249,6745,8250,6745
8250,4103,4316,4103
8250,4103,4317,4103
8251,10138,8252,10138
8252,10137,8253,10137
8253,5596,8254,5596
8254,3514,8255,3514
8255,7007,8256,7007
8256,7010,8257,7010
8257,4649,8258,4649
8258,3509,450,3509
8258,3509,8259,3509
8259,4651,8260,4651
8260,3517,8261,3517
8261,3523,8262,3523
8262,3515,8263,3515
8263,3521,8264,3521
8264,3512,8265,3512
8264,3512,8298,3512
8265,4653,8266,4653
8266,4542,8267,4542
8267,4265,8268,4265
8268,6356,8269,6356
8269,4655,8270,4655
8270,3510,8271,3510
8272,4654,8273,4654
8273,3513,8274,3513
8274,3287,8275,3287
8275,4544,11,4544
8275,4544,8276,4544
8276,4652,8277,4652
8277,3285,13,3285
8277,3285,8278,3285
8278,790,8279,790
8279,2270,8280,2270
8280,3461,8281,3461
8281,3284,8282,3284
8282,2277,449,2277
8282,2277,7240,2277
8282,2277,8283,2277
8283,10112,8284,10112
8284,10110,8285,10110
8285,4650,8286,4650
8286,7009,8287,7009
8287,7008,8288,7008
8288,6833,8289,6833
8289,10040,203,10040
8289,10040,8290,10040
8290,535,8291,535
8291,6834,8246,6834
8293,1315,8294,1315
8294,9151,8293,9151
8295,4542,8267,4542
8296,4266,8297,4266
8298,3285,13,3285
8298,3285,8278,3285
8299,3509,450,3509
8299,3509,8259,3509
8300,1008,8301,1008
8300,1008,8302,1008
8301,683,8299,683
8301,683,8300,683
8302,10164,8303,10164
8302,10164,8304,10164
8303,1008,8301,1008
8303,1008,8302,1008
8304,6858,8305,6858
8304,6858,8306,6858
8305,10164,8303,10164
8305,10164,8304,10164
8306,10165,8307,10165
8306,10165,8308,10165
8307,6858,8305,6858
8307,6858,8306,6858
8308,10054,8309,10054
8308,10054,8310,10054
8309,10165,8307,10165
8309,10165,8308,10165
8310,10049,8311,10049
8310,10049,8312,10049
8311,10054,8309,10054
8311,10054,8310,10054
8312,380,8313,380
8312,380,8314,380
8313,10049,8311,10049
8313,10049,8312,10049
8314,10048,8315,10048
8314,10048,8316,10048
8315,380,8313,380
8315,380,8314,380
8316,10047,8317,10047
8316,10047,8318,10047
8317,10048,8315,10048
8317,10048,8316,10048
8318,10046,8319,10046
8318,10046,8320,10046
8319,10047,8317,10047
8319,10047,8318,10047
8321,287,257,287
8322,4327,5396,4327
8322,4327,8323,4327
8323,6720,8321,6720
8323,6720,8322,6720
8325,6873,8352,6873
8325,6873,8371,6873
8326,7562,8327,7562
8326,7562,8328,7562
8327,4165,8325,4165
8327,4165,8326,4165
8328,7561,8329,7561
8328,7561,8330,7561
8329,7562,8327,7562
8329,7562,8328,7562
8330,7559,8331,7559
8330,7559,8332,7559
8331,7561,8329,7561
8331,7561,8330,7561
8332,7408,8333,7408
8332,7408,8334,7408
8333,7559,8331,7559
8333,7559,8332,7559
8334,4164,8335,4164
8334,4164,8336,4164
8335,7408,8333,7408
8335,7408,8334,7408
8336,7568,8337,7568
8336,7568,8338,7568
8337,4164,8335,4164
8337,4164,8336,4164
8338,4116,8339,4116
8338,4116,8340,4116
8339,7568,8337,7568
8339,7568,8338,7568
8340,7567,8341,7567
8340,7567,8342,7567
8341,4116,8339,4116
8341,4116,8340,4116
8342,7563,8343,7563
8342,7563,8344,7563
8343,7567,8341,7567
8343,7567,8342,7567
8344,7566,8345,7566
8344,7566,8346,7566
8345,7563,8343,7563
8345,7563,8344,7563
8346,7564,8347,7564
8346,7564,8348,7564
8347,7566,8345,7566
8347,7566,8346,7566
8348,1478,2195,1478
8348,1478,8349,1478
8349,7564,8347,7564
8349,7564,8348,7564
8350,3915,4753,3915
8350,3915,8351,3915
8351,6865,3472,6865
8351,6865,8350,6865
8351,6865,8354,6865
8352,1183,8353,1183
8353,6865,3472,6865
8353,6865,8350,6865
8353,6865,8354,6865
8354,1887,8355,1887
8355,5372,8356,5372
8356,5373,8357,5373
8357,5371,8358,5371
8358,1889,8359,1889
8359,3916,8360,3916
8360,7580,8361,7580
8361,7581,8362,7581
8362,7582,8363,7582
8363,7583,8364,7583
8364,7584,8365,7584
8366,4849,8367,4849
8367,6771,8027,6771
8367,6771,8368,6771
8368,5143,1373,5143
8368,5143,8369,5143
8369,6787,8078,6787
8369,6787,8840,6787
8370,6873,8352,6873
8370,6873,8371,6873
8371,6872,8370,6872
8372,11062,8373,11062
8373,6998,8374,6998
8374,6999,8375,6999
8374,6999,8439,6999
8374,6999,8440,6999
8375,2673,6253,2673
8379,6900,986,6900
8380,7669,8381,7669
8381,6886,8382,6886
8383,6175,8384,6175
8385,7680,8386,7680
8386,10299,8387,10299
8387,7681,8388,7681
8388,6890,8389,6890
8389,7682,8390,7682
8390,7683,8391,7683
8391,6891,8392,6891
8392,6892,8393,6892
8393,7689,204,7689
8394,10301,8395,10301
8395,7684,8396,7684
8397,7686,8398,7686
8398,7687,8399,7687
8399,6950,8400,6950
8400,7685,8401,7685
8401,7690,8402,7690
8402,7691,8403,7691
8403,7692,8404,7692
8405,5165,8406,5165
8406,6911,5943,6911
8406,6911,8405,6911
8411,6969,8412,6969
8412,6966,8413,6966
8426,6919,8427,6919
8428,8205,8429,8205
8430,6964,8431,6964
8439,2626,3281,2626
8439,2626,6330,2626
8440,6427,1503,6427
8440,6427,8441,6427
8441,6999,8375,6999
8441,6999,8439,6999
8441,6999,8440,6999
8443,3875,8444,3875
8444,3862,8445,3862
8445,4751,8446,4751
8446,3858,8447,3858
8447,3861,8448,3861
8448,3859,8449,3859
8455,966,8454,966
8456,1248,8455,1248
8458,1174,8457,1174
8459,7696,8458,7696
8461,7054,8462,7054
8462,1511,8460,1511
8462,1511,8461,1511
8465,1370,8466,1370
8465,1370,8467,1370
8466,7613,8465,7613
8467,7612,8468,7612
8468,4782,8498,4782
8469,7023,7194,7023
8471,2055,8472,2055
8471,2055,8473,2055
8472,6798,3024,6798
8472,6798,8471,6798
8473,6816,3284,6816
8473,6816,8474,6816
8474,2055,8472,2055
8474,2055,8473,2055
8479,7641,8480,7641
8488,7743,8489,7743
8489,170,8485,170
8491,7069,8482,7069
8492,13,8491,13
8493,1369,8492,1369
8494,7605,8493,7605
8495,732,8494,732
8496,1726,8495,1726
8497,7611,8496,7611
8498,1189,8497,1189
8500,4128,8501,4128
8501,5411,8502,5411
8506,7204,8507,7204
8507,7203,8508,7203
8508,7202,8509,7202
8509,7201,8510,7201
8510,8643,8511,8643
8511,7200,8512,7200
8513,8611,8514,8611
8515,3766,8516,3766
8518,7166,8519,7166
8519,7196,8520,7196
8521,7194,8522,7194
8521,7194,8523,7194
8522,7195,8521,7195
8523,8910,8524,8910
8524,7169,8525,7169
8525,7168,8526,7168
8529,7190,8530,7190
8529,7190,8531,7190
8530,7191,8529,7191
8531,7189,8532,7189
8531,7189,8533,7189
8532,7190,8530,7190
8532,7190,8531,7190
8533,7187,8534,7187
8534,7189,8532,7189
8534,7189,8533,7189
8536,8841,8537,8841
8537,7240,8538,7240
8538,7241,8539,7241
8539,7242,8540,7242
8540,7243,8541,7243
8541,7242,8540,7242
8542,7245,8543,7245
8542,7245,8544,7245
8543,7244,8542,7244
8544,7246,8545,7246
8545,8088,8546,8088
8546,7246,8545,7246
8554,7666,8555,7666
8555,7253,8556,7253
8556,7255,8557,7255
8557,7252,8558,7252
8558,7251,8559,7251
8564,7308,8563,7308
8566,7310,8565,7310
8568,7314,8569,7314
8570,7316,8571,7316
8576,7328,8575,7328
8586,11246,8587,11246
8587,4912,8588,4912
8588,5176,8589,5176
8589,7372,8590,7372
8590,7111,8591,7111
8591,106,8592,106
8592,7109,8593,7109
8593,839,8594,839
8594,10656,8245,10656
8596,8082,8597,8082
8597,8081,8598,8081
8598,6371,8599,6371
8599,8080,8600,8080
8600,6212,8601,6212
8601,11043,8602,11043
8602,2677,7632,2677
8602,2677,8603,2677
8603,11044,8604,11044
8604,11,1711,11
8604,11,6392,11
8604,11,7800,11
8606,6178,8607,6178
8608,6180,8609,6180
8609,6181,8610,6181
8612,6972,8613,6972
8615,7452,8616,7452
8616,7448,8617,7448
8617,7447,8618,7447
8618,7446,8619,7446
8619,10642,8620,10642
8620,7454,8621,7454
8620,7454,8633,7454
8621,7445,8622,7445
8622,7444,8623,7444
8623,7443,8624,7443
8624,7442,8625,7442
8625,7695,8626,7695
8626,7441,8627,7441
8627,7440,8628,7440
8628,7439,8629,7439
8628,7439,8643,7439
8628,7439,8644,7439
8629,7438,8630,7438
8630,7437,8631,7437
8633,7453,1126,7453
8638,7148,8639,7148
8638,7148,8640,7148
8639,7149,8637,7149
8639,7149,8638,7149
8640,4775,8641,4775
8640,4775,8642,4775
8641,7148,8639,7148
8641,7148,8640,7148
8642,7439,8629,7439
8642,7439,8643,7439
8642,7439,8644,7439
8643,4775,8641,4775
8643,4775,8642,4775
8644,620,1113,620
8644,620,8645,620
8644,620,8646,620
8645,7439,8629,7439
8645,7439,8643,7439
8645,7439,8644,7439
8646,7099,8647,7099
8646,7099,8648,7099
8647,620,1113,620
8647,620,8645,620
8647,620,8646,620
8648,7100,8649,7100
8648,7100,8650,7100
8649,7099,8647,7099
8649,7099,8648,7099
8650,7101,8651,7101
8650,7101,8652,7101
8651,7100,8649,7100
8651,7100,8650,7100
8652,7145,8653,7145
8652,7145,8654,7145
8653,7101,8651,7101
8653,7101,8652,7101
8654,7102,8655,7102
8654,7102,8656,7102
8655,7145,8653,7145
8655,7145,8654,7145
8656,7103,8657,7103
8656,7103,8658,7103
8657,7102,8655,7102
8657,7102,8656,7102
8658,6422,8659,6422
8658,6422,8660,6422
8659,7103,8657,7103
8659,7103,8658,7103
8660,10891,8661,10891
8660,10891,8662,10891
8661,6422,8659,6422
8661,6422,8660,6422
8662,47,8663,47
8662,47,8664,47
8663,10891,8661,10891
8663,10891,8662,10891
8664,9864,8665,9864
8664,9864,8666,9864
8665,47,8663,47
8665,47,8664,47
8666,4776,8667,4776
8666,4776,8668,4776
8667,9864,8665,9864
8667,9864,8666,9864
8668,11289,8669,11289
8668,11289,8670,11289
8669,4776,8667,4776
8669,4776,8668,4776
8670,7144,8671,7144
8670,7144,8672,7144
8671,11289,8669,11289
8671,11289,8670,11289
8672,10878,8673,10878
8672,10878,8674,10878
8673,7144,8671,7144
8673,7144,8672,7144
8674,7405,8675,7405
8674,7405,8676,7405
8675,10878,8673,10878
8675,10878,8674,10878
8676,7403,8677,7403
8676,7403,8678,7403
8677,7405,8675,7405
8677,7405,8676,7405
8678,838,8679,838
8678,838,8680,838
8679,7403,8677,7403
8679,7403,8678,7403
8680,10888,8681,10888
8680,10888,9843,10888
8681,838,8679,838
8681,838,8680,838
8684,9389,8683,9389
8685,221,8686,221
8685,221,8687,221
8686,569,8685,569
8689,8101,8690,8101
8690,8928,8691,8928
8691,8930,8692,8930
8692,8108,8693,8108
8694,7727,8695,7727
8695,8929,8696,8929
8696,7718,8697,7718
8697,7716,8698,7716
8708,7737,8709,7737
8709,7736,8708,7736
8711,8563,8712,8563
8713,7782,2411,7782
8715,7794,8716,7794
8716,7792,8717,7792
8716,7792,9082,7792
8718,9478,8719,9478
8719,9476,8720,9476
8720,9435,1938,9435
8721,1405,4054,1405
8721,1405,4055,1405
8727,2125,8728,2125
8729,7831,8730,7831
8730,7832,8731,7832
8731,7833,8732,7833
8732,7834,8733,7834
8733,2057,679,2057
8739,9062,1769,9062
8740,10348,8741,10348
8741,10331,8742,10331
8742,6365,7607,6365
8743,2739,3527,2739
8746,8023,8747,8023
8749,7861,8763,7861
8750,7865,8751,7865
8751,7866,8752,7866
8752,7867,8753,7867
8754,1844,8755,1844
8755,1845,8756,1845
8756,5732,8757,5732
8758,958,8759,958
8759,778,8760,778
8764,7870,8765,7870
8765,7871,8766,7871
8766,335,8762,335
8767,2958,8768,2958
8768,1105,8769,1105
8769,2944,8770,2944
8770,2946,8771,2946
8772,8173,8773,8173
8775,2130,8776,2130
8777,2938,8778,2938
8780,2950,8781,2950
8781,2945,8782,2945
8787,64,8788,64
8788,579,8789,579
8789,8344,8790,8344
8790,8343,8791,8343
8791,1210,8792,1210
8792,8349,8793,8349
8795,3115,8796,3115
8796,8546,8797,8546
8797,3088,8798,3088
8798,6099,8799,6099
8803,3075,8804,3075
8804,6102,8805,6102
8805,6101,8806,6101
8806,8547,8807,8547
8807,3093,8808,3093
8808,6098,8809,6098
8809,3087,8810,3087
8810,3073,8811,3073
8811,6097,8812,6097
8812,3094,8813,3094
8813,6096,8814,6096
8814,6095,8815,6095
8815,7837,8816,7837
8816,3112,6101,3112
8817,581,1941,581
8818,7903,8819,7903
8819,9165,8820,9165
8820,6788,8082,6788
8821,4538,5522,4538
8821,4538,8822,4538
8822,3921,8823,3921
8822,3921,9554,3921
8823,4537,8824,4537
8823,4537,9555,4537
8824,6785,8825,6785
8825,6783,8826,6783
8826,6778,8827,6778
8827,6789,8828,6789
8828,9150,8829,9150
8829,9149,8830,9149
8830,6777,8841,6777
8831,7887,8832,7887
8832,7888,8833,7888
8833,7889,8834,7889
8834,7890,8835,7890
8835,7891,8836,7891
8836,3919,8056,3919
8836,3919,9562,3919
8837,3909,8026,3909
8837,3909,8083,3909
8837,3909,8838,3909
8838,7576,8045,7576
8838,7576,8837,7576
8839,6788,8082,6788
8840,9162,5754,9162
8840,9162,8839,9162
8841,4273,8846,4273
8842,4273,8846,4273
8843,7907,8844,7907
8843,7907,8845,7907
8844,7906,5747,7906
8844,7906,8842,7906
8845,6776,8048,6776
8846,3922,1010,3922
8846,3922,8169,3922
8847,7913,8848,7913
8848,7912,8849,7912
8849,7911,8850,7911
8850,7910,8851,7910
8851,7909,7691,7909
8853,7918,8854,7918
8855,2704,5424,2704
8856,7925,8857,7925
8857,10870,8855,10870
8857,10870,8856,10870
8861,87,8862,87
8862,10633,8863,10633
8863,4879,8864,4879
8864,8380,8865,8380
8866,2159,5093,2159
8866,2159,8867,2159
8867,8379,8868,8379
8869,2075,8870,2075
8870,8391,8871,8391
8871,10638,8872,10638
8878,3872,8879,3872
8879,3865,8880,3865
8880,4747,8881,4747
8881,4017,8882,4017
8883,9547,8884,9547
8884,3869,8885,3869
8885,3868,8886,3868
8886,4749,8887,4749
8887,3877,1241,3877
8887,3877,8888,3877
8889,3867,8890,3867
8895,7950,8896,7950
8896,7946,6510,7946
8896,7946,8897,7946
8897,7949,6885,7949
8897,7949,8898,7949
8902,5695,8903,5695
8903,4056,9374,4056
8904,6335,7566,6335
8907,4021,8908,4021
8908,5864,6868,5864
8908,5864,8907,5864
8909,4047,4888,4047
8911,2549,8912,2549
8913,1200,359,1200
8915,4383,8916,4383
8920,4674,8921,4674
8922,5600,8923,5600
8925,4403,8926,4403
8926,4389,5449,4389
8927,8543,8928,8543
8929,7963,8930,7963
8931,4412,8932,4412
8934,8652,8935,8652
8935,8653,8936,8653
8937,1203,8938,1203
8938,8663,8939,8663
8940,4392,8941,4392
8942,4407,8943,4407
8943,7249,8944,7249
8944,8926,8945,8926
8945,4409,8946,4409
8947,377,2,377
8947,377,8948,377
8950,7838,8951,7838
8959,7976,8960,7976
8962,2431,8963,2431
8964,384,8965,384
8965,4987,8966,4987
8966,2432,8967,2432
8967,2433,8968,2433
8968,637,8969,637
8969,10018,8970,10018
8970,4988,8971,4988
8971,223,8972,223
8972,8272,8973,8272
8973,5447,8974,5447
8977,7457,8978,7457
8978,7458,8979,7458
8979,7459,8980,7459
8980,7461,8981,7461
8981,7460,8982,7460
8982,5008,8983,5008
8983,7462,8984,7462
8984,5179,8985,5179
8985,708,2207,708
8986,8006,8987,8006
8987,8005,8988,8005
8988,8007,8989,8007
8989,11120,8990,11120
8990,11121,8991,11121
8992,10952,8993,10952
8993,10951,8994,10951
8994,10677,8995,10677
8995,10676,8996,10676
8996,10757,8997,10757
8997,10675,8998,10675
8998,10674,8999,10674
8999,10673,9000,10673
9000,10672,9001,10672
9001,10671,8001,10671
9001,10671,8002,10671
9001,10671,9002,10671
9002,10769,9003,10769
9002,10769,9803,10769
9003,10791,9004,10791
9004,10755,9005,10755
9005,10754,9006,10754
9005,10754,9801,10754
9006,10756,9007,10756
9007,10770,9008,10770
9008,8008,9009,8008
9009,8009,9010,8009
9010,8010,9011,8010
9011,8011,9012,8011
9012,10711,8005,10711
9012,10711,8006,10711
9016,8025,9017,8025
9017,8026,9018,8026
9028,1270,9029,1270
9029,4335,9030,4335
9030,9340,9031,9340
9030,9340,9032,9340
9031,4335,9030,4335
9032,9339,9033,9339
9035,9345,9036,9345
9035,9345,9037,9345
9036,8177,9035,8177
9037,867,4371,867
9039,975,2018,975
9040,1690,5846,1690
9041,4991,9040,4991
9042,1389,9043,1389
9042,1389,9044,1389
9043,1628,9042,1628
9044,1865,2379,1865
9044,1865,9045,1865
9045,1389,9043,1389
9045,1389,9044,1389
9047,8799,9048,8799
9049,8802,9050,8802
9050,3739,9051,3739
9051,8803,9052,8803
9052,3741,9053,3741
9053,3742,9054,3742
9054,76,9055,76
9055,8796,9056,8796
9056,11139,9057,11139
9057,8797,9058,8797
9058,11140,9059,11140
9059,3394,9060,3394
9060,816,9061,816
9061,11138,9062,11138
9062,8798,9063,8798
9063,8111,9064,8111
9064,11137,9065,11137
9065,684,9066,684
9066,11136,9067,11136
9067,11135,9068,11135
9068,11134,9069,11134
9069,8963,9070,8963
9070,8113,9071,8113
9071,4938,9072,4938
9072,8112,9073,8112
9073,995,9074,995
9074,8957,9075,8957
9075,3393,4197,3393
9075,3393,9076,3393
9076,1046,9077,1046
9077,8958,9078,8958
9078,8938,9079,8938
9084,5920,9085,5920
9085,8446,9086,8446
9086,5921,9087,5921
9087,8442,9088,8442
9088,8152,9089,8152
9090,5923,9091,5923
9091,5844,5698,5844
9093,8148,4868,8148
9095,5477,6568,5477
9100,3803,9101,3803
9101,8221,9100,8221
9101,8221,9591,8221
9102,3803,9101,3803
9103,2401,9104,2401
9104,5554,9102,5554
9104,5554,9103,5554
9105,829,9106,829
9109,9891,9110,9891
9110,1677,4573,1677
9110,1677,4574,1677
9113,5628,4858,5628
9115,8276,9116,8276
9117,6295,9118,6295
9118,4198,9119,4198
9119,5636,9120,5636
9120,5635,9121,5635
9122,5632,9123,5632
9123,5631,9124,5631
9124,5630,9125,5630
9126,8363,9127,8363
9127,5663,9128,5663
9128,8274,9129,8274
9129,8151,9130,8151
9130,5664,9131,5664
9132,8487,9133,8487
9133,7222,9134,7222
9139,2821,9140,2821
9141,2819,9142,2819
9142,2797,3540,2797
9145,4177,9146,4177
9148,5147,9149,5147
9150,2796,9151,2796
9152,8301,6388,8301
9156,8324,9157,8324
9157,8323,9158,8323
9158,8322,9159,8322
9159,8321,9160,8321
9161,8318,9162,8318
9163,8315,9164,8315
9165,8312,9166,8312
9169,2717,9170,2717
9173,5883,9174,5883
9176,4024,9177,4024
9177,5429,9178,5429
9178,4026,9179,4026
9179,8395,9180,8395
9180,8394,9175,8394
9182,8392,9183,8392
9183,5907,9184,5907
9184,5908,9185,5908
9186,10619,9187,10619
9187,5033,9188,5033
9189,8419,9190,8419
9190,5911,9191,5911
9195,1253,1136,1253
9195,1253,5361,1253
9197,5933,9198,5933
9198,8557,9199,8557
9200,5036,9201,5036
9201,5935,9202,5935
9203,5937,9204,5937
9204,5865,6872,5865
9205,5867,9206,5867
9209,8489,9232,8489
9210,8450,9209,8450
9212,8835,9211,8835
9213,417,9212,417
9214,258,9213,258
9215,982,9216,982
9216,8836,9214,8836
9216,8836,9215,8836
9217,982,9216,982
9218,239,9217,239
9219,431,9218,431
9220,85,9219,85
9221,8829,9220,8829
9222,761,9221,761
9223,8831,9222,8831
9224,6131,9223,6131
9225,8834,9224,8834
9226,8830,9225,8830
9227,533,9226,533
9228,8832,9227,8832
9229,570,9228,570
9230,8833,9229,8833
9231,8453,9230,8453
9232,347,9231,347
9237,8894,9238,8894
9238,3882,9239,3882
9239,4365,9240,4365
9240,4367,9241,4367
9241,8891,9242,8891
9243,3240,9244,3240
9247,4345,9248,4345
9248,4359,5436,4359
9248,4359,9447,4359
9252,5986,9253,5986
9253,4598,9254,4598
9254,5040,9255,5040
9255,5042,9256,5042
9256,8792,9257,8792
9257,4701,9258,4701
9258,4027,9259,4027
9259,4036,9260,4036
9262,8564,9263,8564
9265,3635,9264,3635
9266,8587,9265,8587
9267,3636,9266,3636
9269,3653,9270,3653
9270,3663,9269,3663
9271,3653,9270,3653
9272,8594,9273,8594
9277,9028,9278,9028
9278,9007,9279,9007
9289,5805,9290,5805
9290,804,4505,804
9291,8613,9292,8613
9292,8614,9293,8614
9296,8630,9297,8630
9297,8631,9298,8631
9302,8640,9303,8640
9309,7772,9310,7772
9311,7775,9312,7775
9312,3074,9313,3074
9313,4760,9314,4760
9314,3425,9315,3425
9315,3423,3740,3423
9317,4632,9318,4632
9318,4432,9319,4432
9319,4431,9320,4431
9320,850,9321,850
9321,1178,9322,1178
9322,4633,9323,4633
9323,8857,9324,8857
9323,8857,9325,8857
9324,4633,9323,4633
9325,4433,1783,4433
9326,301,9327,301
9327,8843,9328,8843
9328,6018,9329,6018
9335,8672,9336,8672
9336,8668,9337,8668
9339,8700,9340,8700
9341,8697,9342,8697
9345,8690,9346,8690
9346,5238,9347,5238
9347,8689,9348,8689
9348,8688,9349,8688
9349,8687,9350,8687
9350,8686,9351,8686
9351,8685,9352,8685
9352,8684,9353,8684
9353,8683,9354,8683
9356,5237,9357,5237
9357,8706,9358,8706
9358,5514,6686,5514
9359,8705,9360,8705
9360,5146,9361,5146
9361,5236,9362,5236
9362,4595,9363,4595
9363,4593,9364,4593
9365,5948,9366,5948
9367,8719,9368,8719
9368,8718,6933,8718
9369,8724,9370,8724
9370,8716,9371,8716
9371,8715,9372,8715
9372,8726,9373,8726
9372,8726,9381,8726
9374,5940,9375,5940
9375,5941,9376,5941
9377,5943,9378,5943
9379,5946,9380,5946
9381,8712,4877,8712
9382,6004,9383,6004
9383,6005,9384,6005
9384,6006,9385,6006
9387,6010,9388,6010
9390,2759,9391,2759
9394,8790,9395,8790
9401,8859,9402,8859
9403,5240,6245,5240
9404,8740,9406,8740
9407,8760,9408,8760
9409,8758,9410,8758
9410,8757,9411,8757
9412,8763,9413,8763
9414,8766,9415,8766
9416,2477,6698,2477
9422,8774,9423,8774
9425,5963,9426,5963
9426,6013,9427,6013
9427,5964,9428,5964
9428,6014,9429,6014
9429,5965,9430,5965
9430,5966,9431,5966
9431,5967,9432,5967
9433,5985,6956,5985
9436,8808,9437,8808
9442,848,9441,848
9447,4348,9448,4348
9450,2261,9451,2261
9451,6979,9452,6979
9453,3245,3937,3245
9454,6981,9455,6981
9457,4436,9458,4436
9460,4493,5491,4493
9461,9609,9460,9609
9466,5598,9467,5598
9468,5349,9469,5349
9471,8995,9472,8995
9480,1109,9481,1109
9481,9636,9482,9636
9482,9056,9483,9056
9483,229,2343,229
9485,9058,9486,9058
9486,9229,9487,9229
9487,9057,9488,9057
9488,9235,9489,9235
9490,9460,9491,9460
9490,9460,9492,9460
9491,9232,9490,9232
9492,9233,9493,9233
9492,9233,9494,9233
9493,9460,9491,9460
9493,9460,9492,9460
9494,73,9495,73
9494,73,9496,73
9495,9233,9493,9233
9495,9233,9494,9233
9496,9452,9497,9452
9497,73,9495,73
9497,73,9496,73
9498,9452,9497,9452
9499,9473,9500,9473
9500,9461,9498,9461
9500,9461,9499,9461
9501,9473,9500,9473
9502,9459,9501,9459
9503,9474,9504,9474
9504,2035,9502,2035
9504,2035,9503,2035
9505,9474,9504,9474
9506,7429,9507,7429
9506,7429,9508,7429
9507,9458,9505,9458
9507,9458,9506,9458
9508,3180,9509,3180
9509,7429,9507,7429
9509,7429,9508,7429
9510,3180,9509,3180
9511,9457,9512,9457
9512,9723,9513,9723
9512,9723,9514,9723
9513,9457,9512,9457
9514,2034,9515,2034
9515,9723,9513,9723
9515,9723,9514,9723
9516,6201,9517,6201
9518,9453,9519,9453
9523,9091,9524,9091
9524,9090,9525,9090
9525,9089,9526,9089
9526,9088,9527,9088
9527,9087,9528,9087
9528,1965,2595,1965
9529,9093,9530,9093
9530,9094,9531,9094
9531,9095,9532,9095
9532,9096,9533,9096
9533,9097,9523,9097
9534,9092,9529,9092
9534,9092,9535,9092
9535,9112,9536,9112
9536,9113,9537,9113
9537,1961,2590,1961
9538,9098,9539,9098
9539,9099,9540,9099
9540,9100,9541,9100
9541,9101,9542,9101
9542,9102,2518,9102
9542,9102,9534,9102
9543,5489,9544,5489
9544,9116,2583,9116
9545,9104,9546,9104
9546,9105,9547,9105
9547,9106,7306,9106
9547,9106,9543,9106
9549,9131,9550,9131
9550,9132,9551,9132
9551,9133,5024,9133
9554,11165,5178,11165
9554,11165,5521,11165
9555,6780,241,6780
9555,6780,8051,6780
9556,7893,9557,7893
9557,7894,9558,7894
9558,7895,9559,7895
9559,7896,9560,7896
9560,7897,9561,7897
9561,6772,9567,6772
9562,7898,9563,7898
9563,7899,9564,7899
9564,7900,9565,7900
9565,7892,9566,7892
9566,6781,9556,6781
9567,7901,9568,7901
9568,7902,9569,7902
9569,6773,8821,6773
9569,6773,8831,6773
9570,10800,9810,10800
9573,3031,9574,3031
9579,7236,9575,7236
9581,6987,9582,6987
9582,706,9580,706
9582,706,9581,706
9584,8889,9583,8889
9586,9352,9899,9352
9591,9462,4579,9462
9593,9488,9594,9488
9594,9489,2055,9489
9596,1986,2449,1986
9597,9559,5626,9559
9597,9559,5627,9559
9598,9557,5630,9557
9598,9557,5631,9557
9598,9557,9599,9557
9599,9558,790,9558
9599,9558,791,9558
9599,9558,9597,9558
9599,9558,9598,9558
9600,9561,5043,9561
9600,9561,9601,9561
9601,9562,4925,9562
9601,9562,9600,9562
9602,8346,9603,8346
9602,8346,9604,8346
9603,8347,1798,8347
9603,8347,9602,8347
9604,9583,9605,9583
9605,8346,9603,8346
9605,8346,9604,8346
9606,9583,9605,9583
9608,9588,9609,9588
9609,9589,9610,9589
9610,11204,9611,11204
9611,9592,9612,9592
9613,9590,1894,9590
9618,9074,9617,9074
9619,9157,9620,9157
9623,1138,9624,1138
9628,9678,9629,9678
9632,9136,9633,9136
9640,6243,4914,6243
9643,9828,9644,9828
9644,9829,9645,9829
9646,9832,9647,9832
9647,9833,9648,9833
9648,9823,9649,9823
9649,11202,9650,11202
9650,11203,9651,11203
9653,4212,9654,4212
9673,4494,9672,4494
9674,9608,9673,9608
9680,2526,6968,2526
9683,10080,9684,10080
9684,10079,9685,10079
9685,10078,9686,10078
9686,10071,9687,10071
9687,10070,9688,10070
9688,10069,9689,10069
9692,10099,9693,10099
9694,10102,9695,10102
9697,10187,9698,10187
9699,10181,9700,10181
9700,10180,9701,10180
9705,10243,9706,10243
9709,10244,9710,10244
9710,10088,9711,10088
9711,10089,9712,10089
9712,10090,9713,10090
9713,10091,9714,10091
9714,10092,9715,10092
9715,10093,9716,10093
9716,10174,9717,10174
9719,10065,9720,10065
9722,10177,9691,10177
9725,10162,1596,10162
9725,10162,1597,10162
9725,10162,5108,10162
9732,10271,9733,10271
9733,10293,9732,10293
9734,10311,9735,10311
9735,10312,9736,10312
9736,10313,2549,10313
9736,10313,2550,10313
9737,9062,1769,9062
9744,9048,9745,9048
9745,7180,9746,7180
9746,9047,9747,9047
9747,9049,9748,9049
9750,7177,9751,7177
9752,7175,9753,7175
9753,7170,9754,7170
9754,7174,9755,7174
9760,10427,9761,10427
9764,10436,9765,10436
9765,10435,9766,10435
9766,10434,9767,10434
9767,10433,9768,10433
9769,10430,9770,10430
9770,10429,9771,10429
9771,10428,3524,10428
9776,10454,9777,10454
9777,10455,9778,10455
9781,2746,6406,2746
9784,10495,9783,10495
9791,3336,4086,3336
9792,10702,9793,10702
9793,10707,9794,10707
9794,10703,9795,10703
9795,10708,9796,10708
9796,10704,9797,10704
9797,10709,9798,10709
9798,10705,9799,10705
9799,10710,9800,10710
9800,6701,2654,6701
9801,10753,6319,10753
9801,10753,7467,10753
9801,10753,9802,10753
9802,10754,9006,10754
9802,10754,9801,10754
9803,10768,9804,10768
9804,10767,9805,10767
9805,10766,9806,10766
9806,10921,9807,10921
9807,10922,9808,10922
9808,10765,6320,10765
9814,10805,9815,10805
9823,10833,9824,10833
9830,11020,9831,11020
9835,10857,9836,10857
9836,10858,9837,10858
9839,10880,8210,10880
9839,10880,9840,10880
9840,10881,9841,10881
9841,10882,8192,10882
9842,10888,8681,10888
9842,10888,9843,10888
9843,10887,9844,10887
9844,6435,4812,6435
9849,11028,9848,11028
9850,178,9851,178
9851,11060,3437,11060
9851,11060,3457,11060
9852,7425,1920,7425
9854,8070,9855,8070
9854,8070,9856,8070
9855,11069,9853,11069
9855,11069,9854,11069
9856,2640,8372,2640
9856,2640,9857,2640
9857,8070,9855,8070
9857,8070,9856,8070
9858,2598,9859,2598
9859,6544,9860,6544
9860,2571,9861,2571
9861,2613,9862,2613
9862,2605,9863,2605
9863,2589,3268,2589
9864,2650,3365,2650
9865,6731,3235,6731
9865,6731,7900,6731
9866,11074,9867,11074
9867,11071,9868,11071
9868,6543,7714,6543
9869,6618,7777,6618
9869,6618,7785,6618
9870,11095,7776,11095
9872,1907,7892,1907
9872,1907,7893,1907
9872,1907,9873,1907
9873,2145,7891,2145
9873,2145,9874,2145
9874,11142,9875,11142
9876,1006,7889,1006
9877,893,9878,893
9878,1133,9879,1133
9880,8158,9881,8158
9882,2099,9883,2099
9883,9386,9884,9386
9884,1211,9885,1211
9886,5457,9887,5457
9887,2108,9888,2108
9888,8164,9889,8164
9889,1974,9890,1974
9890,3697,9891,3697
9894,497,9893,497
9895,9410,9896,9410
9896,4372,9894,4372
9896,4372,9895,4372
9897,9410,9896,9410
9898,9352,9899,9352
9899,9357,9897,9357
9899,9357,9898,9357
9902,1700,2033,1700
9903,1625,9904,1625
9906,2085,9907,2085
9907,2583,9908,2583
9908,1869,9909,1869
9909,2576,9910,2576
9910,6583,3243,6583
9910,6583,9911,6583
9911,6689,3364,6689
9911,6689,9912,6689
9912,11091,7901,11091
9912,11091,9913,11091
9913,2581,9914,2581
9914,4999,9915,4999
9916,11152,3322,11152
9916,11152,9917,11152
9917,11153,7794,11153
9920,9822,9921,9822
9925,4290,9926,4290
9926,4287,9927,4287
9928,4289,9929,4289
9929,11213,9925,11213
9937,7852,9938,7852
9938,444,9939,444
9939,516,9940,516
9940,7847,9941,7847
9942,5209,9943,5209
9943,1051,9944,1051
9944,2740,9945,2740
9945,2758,9946,2758
9946,5208,9947,5208
9947,847,9948,847
9948,1165,9949,1165
9951,4702,9952,4702
9953,10274,9954,10274
9954,273,9955,273
9955,10272,9956,10272
9960,6884,6060,6884
9960,6884,6061,6884
9960,6884,9961,6884
9961,9931,9962,9931
9964,2394,9965,2394
9968,9038,9969,9038
9969,4886,9970,4886
9970,2149,9971,2149
9971,4299,9972,4299
9972,2150,9973,2150
9973,2151,9974,2151
9974,6921,9975,6921
9975,2152,9976,2152
9976,2153,9977,2153
9977,8265,9978,8265
9978,8266,9979,8266
9979,4885,9980,4885
9980,3995,4863,3995
9981,9928,9982,9928
9982,4816,9983,4816
9983,1797,2173,1797
9983,1797,4051,1797
9983,1797,9984,1797
9986,1696,5734,1696
9986,1696,9987,1696
9988,9947,4061,9947
9989,1418,9990,1418
9990,1419,9991,1419
9991,7805,9992,7805
9995,1789,9994,1789
9996,10282,9995,10282
9997,1711,5735,1711
9997,1711,5736,1711
9997,1711,9996,1711
9998,10276,9997,10276
9999,1400,9998,1400
10000,9947,4061,9947
10001,3281,10002,3281
10002,1590,10000,1590
10002,1590,10001,1590
10003,1350,10004,1350
10006,1345,10007,1345
10007,1652,10008,1652
10008,1342,10009,1342
10010,1348,10011,1348
10011,1513,10012,1513
10012,1355,10013,1355
10013,1356,10014,1356
10015,10343,10016,10343
10016,4986,10017,4986
10017,1739,7206,1739
10017,1739,10018,1739
10018,10337,10019,10337
10019,1393,10020,1393
10020,10344,10021,10344
10024,1388,10025,1388
